quantile,variable,count,technology,heat_production,primary_energy,CO2_emissions,OpEx,Q,period,ssp
1,CDH,617.7500000000001,HeatPump,0.04422,0.0031681891456206345,0.00047522837184309517,0.9595227287325009,0.04422,2020s,past
2,CDH,517.875,HeatPump,0.08844,0.007454753446926366,0.001118213017038955,2.2577583094463765,0.08844,2020s,past
3,CDH,421.95833333333337,HeatPump,0.13266,0.012888214220656995,0.0019332321330985491,3.9033447528181817,0.13266,2020s,past
4,CDH,333.7916666666667,HeatPump,0.17688,0.01949807091677384,0.002924710637516076,5.905216308484533,0.17688,2020s,past
5,CDH,249.0,HeatPump,0.22110000000000002,0.027314843412193465,0.00409722651182902,8.272616274188572,0.22110000000000002,2020s,past
6,CDH,184.66666666666666,HeatPump,0.26532,0.036370116518163124,0.0054555174777244685,11.015110475353431,0.26532,2020s,past
7,CDH,133.08333333333331,HeatPump,0.30954000000000004,0.04669658683763908,0.007004488025645862,14.142601456381245,0.30954000000000004,2020s,past
8,CDH,93.25,HeatPump,0.35376,0.05832811211871395,0.008749216817807092,17.66534342790949,0.35376,2020s,past
9,CDH,59.041666666666664,HeatPump,0.39798,0.07129976326060529,0.010694964489090793,21.593958017426182,0.39798,2020s,past
10,CDH,38.0,HeatPump,0.44220000000000004,0.08564787914003488,0.012847181871005232,25.939450874072985,0.44220000000000004,2020s,past
11,CDH,23.458333333333332,HeatPump,0.48642,0.10141012443807416,0.015211518665711124,30.713229182174256,0.48642,2020s,past
12,CDH,13.958333333333332,HeatPump,0.53064,0.11862555066079297,0.017793832599118944,35.92712014204631,0.53064,2020s,past
13,CDH,7.241666666666667,HeatPump,0.57486,0.13733466056141752,0.020600199084212626,41.59339048099315,0.57486,2020s,past
14,CDH,6.0,HeatPump,0.6190800000000001,0.1575794761872865,0.023636921428092973,47.72476706211417,0.6190800000000001,2020s,past
15,CDH,4.583333333333333,HeatPump,0.6633,0.17940361079180475,0.02691054161877071,54.33445866367117,0.6633,2020s,past
16,CDH,3.25,HeatPump,0.70752,0.20285234486995704,0.030427851730493553,61.436179007323155,0.70752,2020s,past
17,CDH,5.5,HeatPump,0.7517400000000001,0.22797270659590604,0.034195905989385905,69.04417111958332,0.7517400000000001,2020s,past
18,CDH,3.0,HeatPump,0.79596,0.2548135569629063,0.03822203354443594,77.17323311742679,0.79596,2020s,past
1,CDH,617.7500000000001,Geothermal,0.0,0.0,0.0,0.0,0.04422,2020s,past
2,CDH,517.875,Geothermal,0.0,0.0,0.0,0.0,0.08844,2020s,past
3,CDH,421.95833333333337,Geothermal,0.0,0.0,0.0,0.0,0.13266,2020s,past
4,CDH,333.7916666666667,Geothermal,0.0,0.0,0.0,0.0,0.17688,2020s,past
5,CDH,249.0,Geothermal,0.0,0.0,0.0,0.0,0.22110000000000002,2020s,past
6,CDH,184.66666666666666,Geothermal,0.0,0.0,0.0,0.0,0.26532,2020s,past
7,CDH,133.08333333333331,Geothermal,0.0,0.0,0.0,0.0,0.30954000000000004,2020s,past
8,CDH,93.25,Geothermal,0.0,0.0,0.0,0.0,0.35376,2020s,past
9,CDH,59.041666666666664,Geothermal,0.0,0.0,0.0,0.0,0.39798,2020s,past
10,CDH,38.0,Geothermal,0.0,0.0,0.0,0.0,0.44220000000000004,2020s,past
11,CDH,23.458333333333332,Geothermal,0.0,0.0,0.0,0.0,0.48642,2020s,past
12,CDH,13.958333333333332,Geothermal,0.0,0.0,0.0,0.0,0.53064,2020s,past
13,CDH,7.241666666666667,Geothermal,0.0,0.0,0.0,0.0,0.57486,2020s,past
14,CDH,6.0,Geothermal,0.0,0.0,0.0,0.0,0.6190800000000001,2020s,past
15,CDH,4.583333333333333,Geothermal,0.0,0.0,0.0,0.0,0.6633,2020s,past
16,CDH,3.25,Geothermal,0.0,0.0,0.0,0.0,0.70752,2020s,past
17,CDH,5.5,Geothermal,0.0,0.0,0.0,0.0,0.7517400000000001,2020s,past
18,CDH,3.0,Geothermal,0.0,0.0,0.0,0.0,0.79596,2020s,past
1,CDH,617.7500000000001,BTES,0.0,0.0,0.0,0.0,0.04422,2020s,past
2,CDH,517.875,BTES,0.0,0.0,0.0,0.0,0.08844,2020s,past
3,CDH,421.95833333333337,BTES,0.0,0.0,0.0,0.0,0.13266,2020s,past
4,CDH,333.7916666666667,BTES,0.0,0.0,0.0,0.0,0.17688,2020s,past
5,CDH,249.0,BTES,0.0,0.0,0.0,0.0,0.22110000000000002,2020s,past
6,CDH,184.66666666666666,BTES,0.0,0.0,0.0,0.0,0.26532,2020s,past
7,CDH,133.08333333333331,BTES,0.0,0.0,0.0,0.0,0.30954000000000004,2020s,past
8,CDH,93.25,BTES,0.0,0.0,0.0,0.0,0.35376,2020s,past
9,CDH,59.041666666666664,BTES,0.0,0.0,0.0,0.0,0.39798,2020s,past
10,CDH,38.0,BTES,0.0,0.0,0.0,0.0,0.44220000000000004,2020s,past
11,CDH,23.458333333333332,BTES,0.0,0.0,0.0,0.0,0.48642,2020s,past
12,CDH,13.958333333333332,BTES,0.0,0.0,0.0,0.0,0.53064,2020s,past
13,CDH,7.241666666666667,BTES,0.0,0.0,0.0,0.0,0.57486,2020s,past
14,CDH,6.0,BTES,0.0,0.0,0.0,0.0,0.6190800000000001,2020s,past
15,CDH,4.583333333333333,BTES,0.0,0.0,0.0,0.0,0.6633,2020s,past
16,CDH,3.25,BTES,0.0,0.0,0.0,0.0,0.70752,2020s,past
17,CDH,5.5,BTES,0.0,0.0,0.0,0.0,0.7517400000000001,2020s,past
18,CDH,3.0,BTES,0.0,0.0,0.0,0.0,0.79596,2020s,past
1,CDH,617.7500000000001,unmet_demand,0.0,0.0,0.0,0.0,0.04422,2020s,past
2,CDH,517.875,unmet_demand,0.0,0.0,0.0,0.0,0.08844,2020s,past
3,CDH,421.95833333333337,unmet_demand,0.0,0.0,0.0,0.0,0.13266,2020s,past
4,CDH,333.7916666666667,unmet_demand,0.0,0.0,0.0,0.0,0.17688,2020s,past
5,CDH,249.0,unmet_demand,0.0,0.0,0.0,0.0,0.22110000000000002,2020s,past
6,CDH,184.66666666666666,unmet_demand,0.0,0.0,0.0,0.0,0.26532,2020s,past
7,CDH,133.08333333333331,unmet_demand,0.0,0.0,0.0,0.0,0.30954000000000004,2020s,past
8,CDH,93.25,unmet_demand,0.0,0.0,0.0,0.0,0.35376,2020s,past
9,CDH,59.041666666666664,unmet_demand,0.0,0.0,0.0,0.0,0.39798,2020s,past
10,CDH,38.0,unmet_demand,0.0,0.0,0.0,0.0,0.44220000000000004,2020s,past
11,CDH,23.458333333333332,unmet_demand,0.0,0.0,0.0,0.0,0.48642,2020s,past
12,CDH,13.958333333333332,unmet_demand,0.0,0.0,0.0,0.0,0.53064,2020s,past
13,CDH,7.241666666666667,unmet_demand,0.0,0.0,0.0,0.0,0.57486,2020s,past
14,CDH,6.0,unmet_demand,0.0,0.0,0.0,0.0,0.6190800000000001,2020s,past
15,CDH,4.583333333333333,unmet_demand,0.0,0.0,0.0,0.0,0.6633,2020s,past
16,CDH,3.25,unmet_demand,0.0,0.0,0.0,0.0,0.70752,2020s,past
17,CDH,5.5,unmet_demand,0.0,0.0,0.0,0.0,0.7517400000000001,2020s,past
18,CDH,3.0,unmet_demand,0.0,0.0,0.0,0.0,0.79596,2020s,past
1,CDH,659.3333333333334,HeatPump,0.0,0.0,0.0,0.0,0.04422,2030s,ssp126
2,CDH,535.3333333333334,HeatPump,0.0,0.0,0.0,0.0,0.08844,2030s,ssp126
3,CDH,455.0,HeatPump,0.044219999999999995,0.004296071406885664,0.0006444107110328497,1.3224870950344043,0.13266,2030s,ssp126
4,CDH,350.0,HeatPump,0.08844,0.00974903545838692,0.001462355318758038,3.0011078405458758,0.17688,2030s,ssp126
5,CDH,268.3333333333333,HeatPump,0.13266,0.01638890604731608,0.002458335907097412,5.0451016048215465,0.22110000000000002,2030s,ssp126
6,CDH,221.5,HeatPump,0.17687999999999998,0.024246744345442082,0.003637011651816312,7.464030146717477,0.26532,2030s,ssp126
7,CDH,151.5,HeatPump,0.22110000000000002,0.03335470488402791,0.005003205732604187,10.267791800924762,0.30954000000000004,2030s,ssp126
8,CDH,95.16666666666667,HeatPump,0.26532,0.04374608408903546,0.006561912613355318,13.46663641887156,0.35376,2030s,ssp126
9,CDH,60.833333333333336,HeatPump,0.30954,0.05545537142491522,0.008318305713737283,17.0711811126425,0.39798,2030s,ssp126
10,CDH,38.833333333333336,HeatPump,0.35376,0.0685183033120279,0.010277745496804186,21.09242685272284,0.44220000000000004,2030s,ssp126
11,CDH,27.333333333333332,HeatPump,0.39798,0.08297191999478794,0.01244578799921819,25.541775974082274,0.48642,2030s,ssp126
12,CDH,15.5,HeatPump,0.4422,0.0988546255506608,0.014828193832599118,30.431050649127755,0.53064,2030s,ssp126
13,CDH,11.0,HeatPump,0.48642,0.11620625124427636,0.017430937686641453,35.77251239040479,0.57486,2030s,ssp126
14,CDH,6.0,HeatPump,0.5306400000000001,0.13506812244624558,0.020260218366936835,41.5788826506441,0.6190800000000001,2030s,ssp126
15,CDH,2.0,HeatPump,0.57486,0.15548312935289746,0.023322469402934618,47.86336459286985,0.6633,2030s,ssp126
1,CDH,659.3333333333334,Geothermal,0.04422,0.002327368421052632,0.0003491052631578948,0.7164486831618948,0.04422,2030s,ssp126
2,CDH,535.3333333333334,Geothermal,0.08844,0.004654736842105264,0.0006982105263157896,1.4328973663237896,0.08844,2030s,ssp126
3,CDH,455.0,Geothermal,0.08844,0.004654736842105264,0.0006982105263157896,1.4328973663237896,0.13266,2030s,ssp126
4,CDH,350.0,Geothermal,0.08844,0.004654736842105264,0.0006982105263157896,1.4328973663237896,0.17688,2030s,ssp126
5,CDH,268.3333333333333,Geothermal,0.08844,0.004654736842105264,0.0006982105263157896,1.4328973663237896,0.22110000000000002,2030s,ssp126
6,CDH,221.5,Geothermal,0.08844,0.004654736842105264,0.0006982105263157896,1.4328973663237896,0.26532,2030s,ssp126
7,CDH,151.5,Geothermal,0.08844,0.004654736842105264,0.0006982105263157896,1.4328973663237896,0.30954000000000004,2030s,ssp126
8,CDH,95.16666666666667,Geothermal,0.08844,0.004654736842105264,0.0006982105263157896,1.4328973663237896,0.35376,2030s,ssp126
9,CDH,60.833333333333336,Geothermal,0.08844,0.004654736842105264,0.0006982105263157896,1.4328973663237896,0.39798,2030s,ssp126
10,CDH,38.833333333333336,Geothermal,0.08844,0.004654736842105264,0.0006982105263157896,1.4328973663237896,0.44220000000000004,2030s,ssp126
11,CDH,27.333333333333332,Geothermal,0.08844,0.004654736842105264,0.0006982105263157896,1.4328973663237896,0.48642,2030s,ssp126
12,CDH,15.5,Geothermal,0.08844,0.004654736842105264,0.0006982105263157896,1.4328973663237896,0.53064,2030s,ssp126
13,CDH,11.0,Geothermal,0.08844,0.004654736842105264,0.0006982105263157896,1.4328973663237896,0.57486,2030s,ssp126
14,CDH,6.0,Geothermal,0.08844,0.004654736842105264,0.0006982105263157896,1.4328973663237896,0.6190800000000001,2030s,ssp126
15,CDH,2.0,Geothermal,0.08844,0.004654736842105264,0.0006982105263157896,1.4328973663237896,0.6633,2030s,ssp126
1,CDH,659.3333333333334,BTES,0.04654736842105263,0.0,0.0,0.0,0.04422,2030s,ssp126
2,CDH,535.3333333333334,BTES,0.09309473684210526,0.0,0.0,0.0,0.08844,2030s,ssp126
3,CDH,455.0,BTES,0.09309473684210526,0.0,0.0,0.0,0.13266,2030s,ssp126
4,CDH,350.0,BTES,0.09309473684210526,0.0,0.0,0.0,0.17688,2030s,ssp126
5,CDH,268.3333333333333,BTES,0.09309473684210526,0.0,0.0,0.0,0.22110000000000002,2030s,ssp126
6,CDH,221.5,BTES,0.09309473684210526,0.0,0.0,0.0,0.26532,2030s,ssp126
7,CDH,151.5,BTES,0.09309473684210526,0.0,0.0,0.0,0.30954000000000004,2030s,ssp126
8,CDH,95.16666666666667,BTES,0.09309473684210526,0.0,0.0,0.0,0.35376,2030s,ssp126
9,CDH,60.833333333333336,BTES,0.09309473684210526,0.0,0.0,0.0,0.39798,2030s,ssp126
10,CDH,38.833333333333336,BTES,0.09309473684210526,0.0,0.0,0.0,0.44220000000000004,2030s,ssp126
11,CDH,27.333333333333332,BTES,0.09309473684210526,0.0,0.0,0.0,0.48642,2030s,ssp126
12,CDH,15.5,BTES,0.09309473684210526,0.0,0.0,0.0,0.53064,2030s,ssp126
13,CDH,11.0,BTES,0.09309473684210526,0.0,0.0,0.0,0.57486,2030s,ssp126
14,CDH,6.0,BTES,0.09309473684210526,0.0,0.0,0.0,0.6190800000000001,2030s,ssp126
15,CDH,2.0,BTES,0.09309473684210526,0.0,0.0,0.0,0.6633,2030s,ssp126
1,CDH,659.3333333333334,unmet_demand,0.0,0.0,0.0,0.0,0.04422,2030s,ssp126
2,CDH,535.3333333333334,unmet_demand,0.0,0.0,0.0,0.0,0.08844,2030s,ssp126
3,CDH,455.0,unmet_demand,0.0,0.0,0.0,0.0,0.13266,2030s,ssp126
4,CDH,350.0,unmet_demand,0.0,0.0,0.0,0.0,0.17688,2030s,ssp126
5,CDH,268.3333333333333,unmet_demand,0.0,0.0,0.0,0.0,0.22110000000000002,2030s,ssp126
6,CDH,221.5,unmet_demand,0.0,0.0,0.0,0.0,0.26532,2030s,ssp126
7,CDH,151.5,unmet_demand,0.0,0.0,0.0,0.0,0.30954000000000004,2030s,ssp126
8,CDH,95.16666666666667,unmet_demand,0.0,0.0,0.0,0.0,0.35376,2030s,ssp126
9,CDH,60.833333333333336,unmet_demand,0.0,0.0,0.0,0.0,0.39798,2030s,ssp126
10,CDH,38.833333333333336,unmet_demand,0.0,0.0,0.0,0.0,0.44220000000000004,2030s,ssp126
11,CDH,27.333333333333332,unmet_demand,0.0,0.0,0.0,0.0,0.48642,2030s,ssp126
12,CDH,15.5,unmet_demand,0.0,0.0,0.0,0.0,0.53064,2030s,ssp126
13,CDH,11.0,unmet_demand,0.0,0.0,0.0,0.0,0.57486,2030s,ssp126
14,CDH,6.0,unmet_demand,0.0,0.0,0.0,0.0,0.6190800000000001,2030s,ssp126
15,CDH,2.0,unmet_demand,0.0,0.0,0.0,0.0,0.6633,2030s,ssp126
1,CDH,628.3333333333334,HeatPump,0.0,0.0,0.0,0.0,0.04422,2030s,ssp245
2,CDH,522.6666666666666,HeatPump,0.0,0.0,0.0,0.0,0.08844,2030s,ssp245
3,CDH,427.0,HeatPump,0.044219999999999995,0.004296071406885664,0.0006444107110328497,1.2953364691291518,0.13266,2030s,ssp245
4,CDH,343.1666666666667,HeatPump,0.08844,0.00974903545838692,0.001462355318758038,2.939495174088922,0.17688,2030s,ssp245
5,CDH,262.6666666666667,HeatPump,0.13266,0.01638890604731608,0.002458335907097412,4.941525799174131,0.22110000000000002,2030s,ssp245
6,CDH,194.5,HeatPump,0.17687999999999998,0.024246744345442082,0.003637011651816312,7.310793800578478,0.26532,2030s,ssp245
7,CDH,137.33333333333334,HeatPump,0.22110000000000002,0.03335470488402791,0.005003205732604187,10.05699430043749,0.30954000000000004,2030s,ssp245
8,CDH,94.0,HeatPump,0.26532,0.04374608408903546,0.006561912613355318,13.190166720994231,0.35376,2030s,ssp245
9,CDH,69.0,HeatPump,0.30954,0.05545537142491522,0.008318305713737283,16.720710205296434,0.39798,2030s,ssp245
10,CDH,44.166666666666664,HeatPump,0.35376,0.0685183033120279,0.010277745496804186,20.65939987418943,0.44220000000000004,2030s,ssp245
11,CDH,20.833333333333332,HeatPump,0.39798,0.08297191999478794,0.01244578799921819,25.01740397300046,0.48642,2030s,ssp245
12,CDH,11.5,HeatPump,0.4422,0.0988546255506608,0.014828193832599118,29.80630196524229,0.53064,2030s,ssp245
13,CDH,6.0,HeatPump,0.48642,0.11620625124427636,0.017430937686641453,35.03810363492455,0.57486,2030s,ssp245
14,CDH,5.0,HeatPump,0.5306400000000001,0.13506812244624558,0.020260218366936835,40.725269263681966,0.6190800000000001,2030s,ssp245
15,CDH,2.3333333333333335,HeatPump,0.57486,0.15548312935289746,0.023322469402934618,46.88073095394281,0.6633,2030s,ssp245
1,CDH,628.3333333333334,Geothermal,0.04422,0.002327368421052632,0.0003491052631578948,0.7017400102002632,0.04422,2030s,ssp245
2,CDH,522.6666666666666,Geothermal,0.08844,0.004654736842105264,0.0006982105263157896,1.4034800204005264,0.08844,2030s,ssp245
3,CDH,427.0,Geothermal,0.08844,0.004654736842105264,0.0006982105263157896,1.4034800204005264,0.13266,2030s,ssp245
4,CDH,343.1666666666667,Geothermal,0.08844,0.004654736842105264,0.0006982105263157896,1.4034800204005264,0.17688,2030s,ssp245
5,CDH,262.6666666666667,Geothermal,0.08844,0.004654736842105264,0.0006982105263157896,1.4034800204005264,0.22110000000000002,2030s,ssp245
6,CDH,194.5,Geothermal,0.08844,0.004654736842105264,0.0006982105263157896,1.4034800204005264,0.26532,2030s,ssp245
7,CDH,137.33333333333334,Geothermal,0.08844,0.004654736842105264,0.0006982105263157896,1.4034800204005264,0.30954000000000004,2030s,ssp245
8,CDH,94.0,Geothermal,0.08844,0.004654736842105264,0.0006982105263157896,1.4034800204005264,0.35376,2030s,ssp245
9,CDH,69.0,Geothermal,0.08844,0.004654736842105264,0.0006982105263157896,1.4034800204005264,0.39798,2030s,ssp245
10,CDH,44.166666666666664,Geothermal,0.08844,0.004654736842105264,0.0006982105263157896,1.4034800204005264,0.44220000000000004,2030s,ssp245
11,CDH,20.833333333333332,Geothermal,0.08844,0.004654736842105264,0.0006982105263157896,1.4034800204005264,0.48642,2030s,ssp245
12,CDH,11.5,Geothermal,0.08844,0.004654736842105264,0.0006982105263157896,1.4034800204005264,0.53064,2030s,ssp245
13,CDH,6.0,Geothermal,0.08844,0.004654736842105264,0.0006982105263157896,1.4034800204005264,0.57486,2030s,ssp245
14,CDH,5.0,Geothermal,0.08844,0.004654736842105264,0.0006982105263157896,1.4034800204005264,0.6190800000000001,2030s,ssp245
15,CDH,2.3333333333333335,Geothermal,0.08844,0.004654736842105264,0.0006982105263157896,1.4034800204005264,0.6633,2030s,ssp245
1,CDH,628.3333333333334,BTES,0.04654736842105263,0.0,0.0,0.0,0.04422,2030s,ssp245
2,CDH,522.6666666666666,BTES,0.09309473684210526,0.0,0.0,0.0,0.08844,2030s,ssp245
3,CDH,427.0,BTES,0.09309473684210526,0.0,0.0,0.0,0.13266,2030s,ssp245
4,CDH,343.1666666666667,BTES,0.09309473684210526,0.0,0.0,0.0,0.17688,2030s,ssp245
5,CDH,262.6666666666667,BTES,0.09309473684210526,0.0,0.0,0.0,0.22110000000000002,2030s,ssp245
6,CDH,194.5,BTES,0.09309473684210526,0.0,0.0,0.0,0.26532,2030s,ssp245
7,CDH,137.33333333333334,BTES,0.09309473684210526,0.0,0.0,0.0,0.30954000000000004,2030s,ssp245
8,CDH,94.0,BTES,0.09309473684210526,0.0,0.0,0.0,0.35376,2030s,ssp245
9,CDH,69.0,BTES,0.09309473684210526,0.0,0.0,0.0,0.39798,2030s,ssp245
10,CDH,44.166666666666664,BTES,0.09309473684210526,0.0,0.0,0.0,0.44220000000000004,2030s,ssp245
11,CDH,20.833333333333332,BTES,0.09309473684210526,0.0,0.0,0.0,0.48642,2030s,ssp245
12,CDH,11.5,BTES,0.09309473684210526,0.0,0.0,0.0,0.53064,2030s,ssp245
13,CDH,6.0,BTES,0.09309473684210526,0.0,0.0,0.0,0.57486,2030s,ssp245
14,CDH,5.0,BTES,0.09309473684210526,0.0,0.0,0.0,0.6190800000000001,2030s,ssp245
15,CDH,2.3333333333333335,BTES,0.09309473684210526,0.0,0.0,0.0,0.6633,2030s,ssp245
1,CDH,628.3333333333334,unmet_demand,0.0,0.0,0.0,0.0,0.04422,2030s,ssp245
2,CDH,522.6666666666666,unmet_demand,0.0,0.0,0.0,0.0,0.08844,2030s,ssp245
3,CDH,427.0,unmet_demand,0.0,0.0,0.0,0.0,0.13266,2030s,ssp245
4,CDH,343.1666666666667,unmet_demand,0.0,0.0,0.0,0.0,0.17688,2030s,ssp245
5,CDH,262.6666666666667,unmet_demand,0.0,0.0,0.0,0.0,0.22110000000000002,2030s,ssp245
6,CDH,194.5,unmet_demand,0.0,0.0,0.0,0.0,0.26532,2030s,ssp245
7,CDH,137.33333333333334,unmet_demand,0.0,0.0,0.0,0.0,0.30954000000000004,2030s,ssp245
8,CDH,94.0,unmet_demand,0.0,0.0,0.0,0.0,0.35376,2030s,ssp245
9,CDH,69.0,unmet_demand,0.0,0.0,0.0,0.0,0.39798,2030s,ssp245
10,CDH,44.166666666666664,unmet_demand,0.0,0.0,0.0,0.0,0.44220000000000004,2030s,ssp245
11,CDH,20.833333333333332,unmet_demand,0.0,0.0,0.0,0.0,0.48642,2030s,ssp245
12,CDH,11.5,unmet_demand,0.0,0.0,0.0,0.0,0.53064,2030s,ssp245
13,CDH,6.0,unmet_demand,0.0,0.0,0.0,0.0,0.57486,2030s,ssp245
14,CDH,5.0,unmet_demand,0.0,0.0,0.0,0.0,0.6190800000000001,2030s,ssp245
15,CDH,2.3333333333333335,unmet_demand,0.0,0.0,0.0,0.0,0.6633,2030s,ssp245
1,CDH,614.3333333333334,HeatPump,0.0,0.0,0.0,0.0,0.04422,2030s,ssp370
2,CDH,540.1666666666666,HeatPump,0.0,0.0,0.0,0.0,0.08844,2030s,ssp370
3,CDH,433.0,HeatPump,0.0,0.0,0.0,0.0,0.13266,2030s,ssp370
4,CDH,346.5,HeatPump,0.04421999999999998,0.004874517729193458,0.0007311776593790187,1.4696321085008264,0.17688,2030s,ssp370
5,CDH,288.5,HeatPump,0.08843999999999999,0.010925937364877385,0.0016388906047316077,3.294091694595095,0.22110000000000002,2030s,ssp370
6,CDH,216.66666666666666,HeatPump,0.13265999999999997,0.01818505825908156,0.002727758738862234,5.482664541857435,0.26532,2030s,ssp370
7,CDH,160.5,HeatPump,0.17688,0.02668376390722233,0.0040025645860833495,8.044963295312089,0.30954000000000004,2030s,ssp370
8,CDH,111.83333333333333,HeatPump,0.2211,0.03645507007419622,0.005468260511129432,10.990941971104702,0.35376,2030s,ssp370
9,CDH,80.66666666666667,HeatPump,0.26532,0.04753317550707019,0.007129976326060528,14.330911246014459,0.39798,2030s,ssp370
10,CDH,44.666666666666664,HeatPump,0.30954000000000004,0.05995351539802442,0.008993027309703663,18.075554576147592,0.44220000000000004,2030s,ssp370
11,CDH,28.0,HeatPump,0.35375999999999996,0.07375281777314484,0.011062922665971725,22.2359451977536,0.48642,2030s,ssp370
12,CDH,16.0,HeatPump,0.39798,0.08896916299559472,0.013345374449339208,26.82356406700441,0.53064,2030s,ssp370
13,CDH,9.0,HeatPump,0.44220000000000004,0.10564204658570579,0.015846306987855868,31.850318799800927,0.57486,2030s,ssp370
14,CDH,7.2,HeatPump,0.4864200000000001,0.12381244557572511,0.018571866836358766,37.328563677253,0.6190800000000001,2030s,ssp370
15,CDH,5.0,HeatPump,0.53064,0.14352288863344378,0.021528433295016566,43.27112078745013,0.6633,2030s,ssp370
16,CDH,7.0,HeatPump,0.57486,0.1648175302068401,0.024722629531026014,49.69130237953922,0.70752,2030s,ssp370
17,CDH,2.0,HeatPump,0.6190800000000001,0.1877422289613344,0.02816133434420016,56.60293451199395,0.7517400000000001,2030s,ssp370
1,CDH,614.3333333333334,Geothermal,0.04422,0.002327368421052632,0.0003491052631578948,0.7016848742605264,0.04422,2030s,ssp370
2,CDH,540.1666666666666,Geothermal,0.08844,0.004654736842105264,0.0006982105263157896,1.4033697485210528,0.08844,2030s,ssp370
3,CDH,433.0,Geothermal,0.13266,0.0069821052631578945,0.0010473157894736842,2.1050546227815787,0.13266,2030s,ssp370
4,CDH,346.5,Geothermal,0.13266000000000003,0.006982105263157896,0.0010473157894736844,2.105054622781579,0.17688,2030s,ssp370
5,CDH,288.5,Geothermal,0.13266000000000003,0.006982105263157896,0.0010473157894736844,2.105054622781579,0.22110000000000002,2030s,ssp370
6,CDH,216.66666666666666,Geothermal,0.13266000000000003,0.006982105263157896,0.0010473157894736844,2.105054622781579,0.26532,2030s,ssp370
7,CDH,160.5,Geothermal,0.13266000000000003,0.006982105263157896,0.0010473157894736844,2.105054622781579,0.30954000000000004,2030s,ssp370
8,CDH,111.83333333333333,Geothermal,0.13266000000000003,0.006982105263157896,0.0010473157894736844,2.105054622781579,0.35376,2030s,ssp370
9,CDH,80.66666666666667,Geothermal,0.13266000000000003,0.006982105263157896,0.0010473157894736844,2.105054622781579,0.39798,2030s,ssp370
10,CDH,44.666666666666664,Geothermal,0.13266000000000003,0.006982105263157896,0.0010473157894736844,2.105054622781579,0.44220000000000004,2030s,ssp370
11,CDH,28.0,Geothermal,0.13266000000000003,0.006982105263157896,0.0010473157894736844,2.105054622781579,0.48642,2030s,ssp370
12,CDH,16.0,Geothermal,0.13266000000000003,0.006982105263157896,0.0010473157894736844,2.105054622781579,0.53064,2030s,ssp370
13,CDH,9.0,Geothermal,0.13266000000000003,0.006982105263157896,0.0010473157894736844,2.105054622781579,0.57486,2030s,ssp370
14,CDH,7.2,Geothermal,0.13266000000000003,0.006982105263157896,0.0010473157894736844,2.105054622781579,0.6190800000000001,2030s,ssp370
15,CDH,5.0,Geothermal,0.13266000000000003,0.006982105263157896,0.0010473157894736844,2.105054622781579,0.6633,2030s,ssp370
16,CDH,7.0,Geothermal,0.13266000000000003,0.006982105263157896,0.0010473157894736844,2.105054622781579,0.70752,2030s,ssp370
17,CDH,2.0,Geothermal,0.13266000000000003,0.006982105263157896,0.0010473157894736844,2.105054622781579,0.7517400000000001,2030s,ssp370
1,CDH,614.3333333333334,BTES,0.04654736842105263,0.0,0.0,0.0,0.04422,2030s,ssp370
2,CDH,540.1666666666666,BTES,0.09309473684210526,0.0,0.0,0.0,0.08844,2030s,ssp370
3,CDH,433.0,BTES,0.1396421052631579,0.0,0.0,0.0,0.13266,2030s,ssp370
4,CDH,346.5,BTES,0.1396421052631579,0.0,0.0,0.0,0.17688,2030s,ssp370
5,CDH,288.5,BTES,0.1396421052631579,0.0,0.0,0.0,0.22110000000000002,2030s,ssp370
6,CDH,216.66666666666666,BTES,0.1396421052631579,0.0,0.0,0.0,0.26532,2030s,ssp370
7,CDH,160.5,BTES,0.1396421052631579,0.0,0.0,0.0,0.30954000000000004,2030s,ssp370
8,CDH,111.83333333333333,BTES,0.1396421052631579,0.0,0.0,0.0,0.35376,2030s,ssp370
9,CDH,80.66666666666667,BTES,0.1396421052631579,0.0,0.0,0.0,0.39798,2030s,ssp370
10,CDH,44.666666666666664,BTES,0.1396421052631579,0.0,0.0,0.0,0.44220000000000004,2030s,ssp370
11,CDH,28.0,BTES,0.1396421052631579,0.0,0.0,0.0,0.48642,2030s,ssp370
12,CDH,16.0,BTES,0.1396421052631579,0.0,0.0,0.0,0.53064,2030s,ssp370
13,CDH,9.0,BTES,0.1396421052631579,0.0,0.0,0.0,0.57486,2030s,ssp370
14,CDH,7.2,BTES,0.1396421052631579,0.0,0.0,0.0,0.6190800000000001,2030s,ssp370
15,CDH,5.0,BTES,0.1396421052631579,0.0,0.0,0.0,0.6633,2030s,ssp370
16,CDH,7.0,BTES,0.1396421052631579,0.0,0.0,0.0,0.70752,2030s,ssp370
17,CDH,2.0,BTES,0.1396421052631579,0.0,0.0,0.0,0.7517400000000001,2030s,ssp370
1,CDH,614.3333333333334,unmet_demand,0.0,0.0,0.0,0.0,0.04422,2030s,ssp370
2,CDH,540.1666666666666,unmet_demand,0.0,0.0,0.0,0.0,0.08844,2030s,ssp370
3,CDH,433.0,unmet_demand,0.0,0.0,0.0,0.0,0.13266,2030s,ssp370
4,CDH,346.5,unmet_demand,0.0,0.0,0.0,0.0,0.17688,2030s,ssp370
5,CDH,288.5,unmet_demand,0.0,0.0,0.0,0.0,0.22110000000000002,2030s,ssp370
6,CDH,216.66666666666666,unmet_demand,0.0,0.0,0.0,0.0,0.26532,2030s,ssp370
7,CDH,160.5,unmet_demand,0.0,0.0,0.0,0.0,0.30954000000000004,2030s,ssp370
8,CDH,111.83333333333333,unmet_demand,0.0,0.0,0.0,0.0,0.35376,2030s,ssp370
9,CDH,80.66666666666667,unmet_demand,0.0,0.0,0.0,0.0,0.39798,2030s,ssp370
10,CDH,44.666666666666664,unmet_demand,0.0,0.0,0.0,0.0,0.44220000000000004,2030s,ssp370
11,CDH,28.0,unmet_demand,0.0,0.0,0.0,0.0,0.48642,2030s,ssp370
12,CDH,16.0,unmet_demand,0.0,0.0,0.0,0.0,0.53064,2030s,ssp370
13,CDH,9.0,unmet_demand,0.0,0.0,0.0,0.0,0.57486,2030s,ssp370
14,CDH,7.2,unmet_demand,0.0,0.0,0.0,0.0,0.6190800000000001,2030s,ssp370
15,CDH,5.0,unmet_demand,0.0,0.0,0.0,0.0,0.6633,2030s,ssp370
16,CDH,7.0,unmet_demand,0.0,0.0,0.0,0.0,0.70752,2030s,ssp370
17,CDH,2.0,unmet_demand,0.0,0.0,0.0,0.0,0.7517400000000001,2030s,ssp370
1,CDH,675.6666666666666,HeatPump,0.0,0.0,0.0,0.0,0.04422,2030s,ssp585
2,CDH,562.5,HeatPump,0.0,0.0,0.0,0.0,0.08844,2030s,ssp585
3,CDH,467.8333333333333,HeatPump,0.024016956708578605,0.002333300791409665,0.00034999511871144977,0.6999902374228996,0.13266,2030s,ssp585
4,CDH,365.3333333333333,HeatPump,0.06823695670857861,0.007521986776620829,0.0011282980164931244,2.2565960329862484,0.17688,2030s,ssp585
5,CDH,271.8333333333333,HeatPump,0.11245695670857862,0.013893008426533897,0.0020839512639800844,4.167902527960169,0.22110000000000002,2030s,ssp585
6,CDH,234.66666666666666,HeatPump,0.15667695670857862,0.021477307293842167,0.003221596094076325,6.44319218815265,0.26532,2030s,ssp585
7,CDH,180.33333333333334,HeatPump,0.20089695670857866,0.03030691408011747,0.00454603711201762,9.09207422403524,0.30954000000000004,2030s,ssp585
8,CDH,137.33333333333334,HeatPump,0.24511695670857864,0.04041499698410201,0.006062249547615302,12.124499095230602,0.35376,2030s,ssp585
9,CDH,91.33333333333333,HeatPump,0.2893369567085786,0.05183591264853926,0.007775386897280889,15.550773794561778,0.39798,2030s,ssp585
10,CDH,52.333333333333336,HeatPump,0.33355695670857866,0.0646052598699552,0.00969078898049328,19.38157796098656,0.44220000000000004,2030s,ssp585
11,CDH,39.5,HeatPump,0.37777695670857864,0.07875993624779802,0.011813990437169703,23.627980874339407,0.48642,2030s,ssp585
12,CDH,21.833333333333332,HeatPump,0.4219969567085786,0.09433819796233595,0.01415072969435039,28.301459388700785,0.53064,2030s,ssp585
13,CDH,15.4,HeatPump,0.46621695670857866,0.11137972288478888,0.01670695843271833,33.41391686543666,0.57486,2030s,ssp585
14,CDH,10.4,HeatPump,0.5104369567085787,0.12992567723843518,0.019488851585765275,38.97770317153055,0.6190800000000001,2030s,ssp585
15,CDH,7.25,HeatPump,0.5546569567085786,0.1500187860460014,0.022502817906900213,45.005635813800424,0.6633,2030s,ssp585
16,CDH,2.5,HeatPump,0.5988769567085787,0.17170340761663122,0.02575551114249468,51.511022284989366,0.70752,2030s,ssp585
17,CDH,3.0,HeatPump,0.6430969567085787,0.19502561234528545,0.029253841851792816,58.507683703585634,0.7517400000000001,2030s,ssp585
18,CDH,2.0,HeatPump,0.6873169567085786,0.22003326611869037,0.033004989917803554,66.00997983560711,0.79596,2030s,ssp585
19,CDH,1.0,HeatPump,0.7315369567085787,0.2467761186451035,0.037016417796765524,74.03283559353105,0.84018,2030s,ssp585
1,CDH,675.6666666666666,Geothermal,0.04422,0.002327368421052632,0.0003491052631578948,0.6982105263157895,0.04422,2030s,ssp585
2,CDH,562.5,Geothermal,0.08844,0.004654736842105264,0.0006982105263157896,1.396421052631579,0.08844,2030s,ssp585
3,CDH,467.8333333333333,Geothermal,0.1086430432914214,0.00571805491007481,0.0008577082365112215,1.715416473022443,0.13266,2030s,ssp585
4,CDH,365.3333333333333,Geothermal,0.1086430432914214,0.00571805491007481,0.0008577082365112215,1.715416473022443,0.17688,2030s,ssp585
5,CDH,271.8333333333333,Geothermal,0.1086430432914214,0.00571805491007481,0.0008577082365112215,1.715416473022443,0.22110000000000002,2030s,ssp585
6,CDH,234.66666666666666,Geothermal,0.1086430432914214,0.00571805491007481,0.0008577082365112215,1.715416473022443,0.26532,2030s,ssp585
7,CDH,180.33333333333334,Geothermal,0.1086430432914214,0.00571805491007481,0.0008577082365112215,1.715416473022443,0.30954000000000004,2030s,ssp585
8,CDH,137.33333333333334,Geothermal,0.1086430432914214,0.00571805491007481,0.0008577082365112215,1.715416473022443,0.35376,2030s,ssp585
9,CDH,91.33333333333333,Geothermal,0.1086430432914214,0.00571805491007481,0.0008577082365112215,1.715416473022443,0.39798,2030s,ssp585
10,CDH,52.333333333333336,Geothermal,0.1086430432914214,0.00571805491007481,0.0008577082365112215,1.715416473022443,0.44220000000000004,2030s,ssp585
11,CDH,39.5,Geothermal,0.1086430432914214,0.00571805491007481,0.0008577082365112215,1.715416473022443,0.48642,2030s,ssp585
12,CDH,21.833333333333332,Geothermal,0.1086430432914214,0.00571805491007481,0.0008577082365112215,1.715416473022443,0.53064,2030s,ssp585
13,CDH,15.4,Geothermal,0.1086430432914214,0.00571805491007481,0.0008577082365112215,1.715416473022443,0.57486,2030s,ssp585
14,CDH,10.4,Geothermal,0.1086430432914214,0.00571805491007481,0.0008577082365112215,1.715416473022443,0.6190800000000001,2030s,ssp585
15,CDH,7.25,Geothermal,0.1086430432914214,0.00571805491007481,0.0008577082365112215,1.715416473022443,0.6633,2030s,ssp585
16,CDH,2.5,Geothermal,0.1086430432914214,0.00571805491007481,0.0008577082365112215,1.715416473022443,0.70752,2030s,ssp585
17,CDH,3.0,Geothermal,0.1086430432914214,0.00571805491007481,0.0008577082365112215,1.715416473022443,0.7517400000000001,2030s,ssp585
18,CDH,2.0,Geothermal,0.1086430432914214,0.00571805491007481,0.0008577082365112215,1.715416473022443,0.79596,2030s,ssp585
19,CDH,1.0,Geothermal,0.1086430432914214,0.00571805491007481,0.0008577082365112215,1.715416473022443,0.84018,2030s,ssp585
1,CDH,675.6666666666666,BTES,0.04654736842105263,0.0,0.0,0.0,0.04422,2030s,ssp585
2,CDH,562.5,BTES,0.09309473684210526,0.0,0.0,0.0,0.08844,2030s,ssp585
3,CDH,467.8333333333333,BTES,0.1143610982014962,0.0,0.0,0.0,0.13266,2030s,ssp585
4,CDH,365.3333333333333,BTES,0.1143610982014962,0.0,0.0,0.0,0.17688,2030s,ssp585
5,CDH,271.8333333333333,BTES,0.1143610982014962,0.0,0.0,0.0,0.22110000000000002,2030s,ssp585
6,CDH,234.66666666666666,BTES,0.1143610982014962,0.0,0.0,0.0,0.26532,2030s,ssp585
7,CDH,180.33333333333334,BTES,0.1143610982014962,0.0,0.0,0.0,0.30954000000000004,2030s,ssp585
8,CDH,137.33333333333334,BTES,0.1143610982014962,0.0,0.0,0.0,0.35376,2030s,ssp585
9,CDH,91.33333333333333,BTES,0.1143610982014962,0.0,0.0,0.0,0.39798,2030s,ssp585
10,CDH,52.333333333333336,BTES,0.1143610982014962,0.0,0.0,0.0,0.44220000000000004,2030s,ssp585
11,CDH,39.5,BTES,0.1143610982014962,0.0,0.0,0.0,0.48642,2030s,ssp585
12,CDH,21.833333333333332,BTES,0.1143610982014962,0.0,0.0,0.0,0.53064,2030s,ssp585
13,CDH,15.4,BTES,0.1143610982014962,0.0,0.0,0.0,0.57486,2030s,ssp585
14,CDH,10.4,BTES,0.1143610982014962,0.0,0.0,0.0,0.6190800000000001,2030s,ssp585
15,CDH,7.25,BTES,0.1143610982014962,0.0,0.0,0.0,0.6633,2030s,ssp585
16,CDH,2.5,BTES,0.1143610982014962,0.0,0.0,0.0,0.70752,2030s,ssp585
17,CDH,3.0,BTES,0.1143610982014962,0.0,0.0,0.0,0.7517400000000001,2030s,ssp585
18,CDH,2.0,BTES,0.1143610982014962,0.0,0.0,0.0,0.79596,2030s,ssp585
19,CDH,1.0,BTES,0.1143610982014962,0.0,0.0,0.0,0.84018,2030s,ssp585
1,CDH,675.6666666666666,unmet_demand,0.0,0.0,0.0,0.0,0.04422,2030s,ssp585
2,CDH,562.5,unmet_demand,0.0,0.0,0.0,0.0,0.08844,2030s,ssp585
3,CDH,467.8333333333333,unmet_demand,0.0,0.0,0.0,0.0,0.13266,2030s,ssp585
4,CDH,365.3333333333333,unmet_demand,0.0,0.0,0.0,0.0,0.17688,2030s,ssp585
5,CDH,271.8333333333333,unmet_demand,0.0,0.0,0.0,0.0,0.22110000000000002,2030s,ssp585
6,CDH,234.66666666666666,unmet_demand,0.0,0.0,0.0,0.0,0.26532,2030s,ssp585
7,CDH,180.33333333333334,unmet_demand,0.0,0.0,0.0,0.0,0.30954000000000004,2030s,ssp585
8,CDH,137.33333333333334,unmet_demand,0.0,0.0,0.0,0.0,0.35376,2030s,ssp585
9,CDH,91.33333333333333,unmet_demand,0.0,0.0,0.0,0.0,0.39798,2030s,ssp585
10,CDH,52.333333333333336,unmet_demand,0.0,0.0,0.0,0.0,0.44220000000000004,2030s,ssp585
11,CDH,39.5,unmet_demand,0.0,0.0,0.0,0.0,0.48642,2030s,ssp585
12,CDH,21.833333333333332,unmet_demand,0.0,0.0,0.0,0.0,0.53064,2030s,ssp585
13,CDH,15.4,unmet_demand,0.0,0.0,0.0,0.0,0.57486,2030s,ssp585
14,CDH,10.4,unmet_demand,0.0,0.0,0.0,0.0,0.6190800000000001,2030s,ssp585
15,CDH,7.25,unmet_demand,0.0,0.0,0.0,0.0,0.6633,2030s,ssp585
16,CDH,2.5,unmet_demand,0.0,0.0,0.0,0.0,0.70752,2030s,ssp585
17,CDH,3.0,unmet_demand,0.0,0.0,0.0,0.0,0.7517400000000001,2030s,ssp585
18,CDH,2.0,unmet_demand,0.0,0.0,0.0,0.0,0.79596,2030s,ssp585
19,CDH,1.0,unmet_demand,0.0,0.0,0.0,0.0,0.84018,2030s,ssp585
1,CDH,700.3333333333334,HeatPump,0.0,0.0,0.0,0.0,0.04422,2040s,ssp126
2,CDH,590.6666666666666,HeatPump,0.0,0.0,0.0,0.0,0.08844,2040s,ssp126
3,CDH,504.6666666666667,HeatPump,0.0,0.0,0.0,0.0,0.13266,2040s,ssp126
4,CDH,391.0,HeatPump,0.04421999999999998,0.004874517729193458,0.0007311776593790187,1.5251381407369096,0.17688,2040s,ssp126
5,CDH,335.8333333333333,HeatPump,0.08843999999999999,0.010925937364877385,0.0016388906047316077,3.418505116655754,0.22110000000000002,2040s,ssp126
6,CDH,266.0,HeatPump,0.13265999999999997,0.01818505825908156,0.002727758738862234,5.689737422913638,0.26532,2040s,ssp126
7,CDH,200.16666666666666,HeatPump,0.17688,0.02668376390722233,0.0040025645860833495,8.348810761235528,0.30954000000000004,2040s,ssp126
8,CDH,140.0,HeatPump,0.2211,0.03645507007419622,0.005468260511129432,11.406055097596871,0.35376,2040s,ssp126
9,CDH,98.16666666666667,HeatPump,0.26532,0.04753317550707019,0.007129976326060528,14.872170529200076,0.39798,2040s,ssp126
10,CDH,60.666666666666664,HeatPump,0.30954000000000004,0.05995351539802442,0.008993027309703663,18.758244011949454,0.44220000000000004,2040s,ssp126
11,CDH,37.666666666666664,HeatPump,0.35375999999999996,0.07375281777314484,0.011062922665971725,23.075767003365435,0.48642,2040s,ssp126
12,CDH,22.833333333333332,HeatPump,0.39798,0.08896916299559472,0.013345374449339208,27.836654079925115,0.53064,2040s,ssp126
13,CDH,18.4,HeatPump,0.44220000000000004,0.10564204658570579,0.015846306987855868,33.05326259219989,0.57486,2040s,ssp126
14,CDH,7.4,HeatPump,0.4864200000000001,0.12381244557572511,0.018571866836358766,38.73841342591554,0.6190800000000001,2040s,ssp126
15,CDH,4.0,HeatPump,0.53064,0.14352288863344378,0.021528433295016566,44.90541294221922,0.6633,2040s,ssp126
16,CDH,5.0,HeatPump,0.57486,0.1648175302068401,0.024722629531026014,51.56807617604077,0.70752,2040s,ssp126
17,CDH,4.0,HeatPump,0.6190800000000001,0.1877422289613344,0.02816133434420016,58.74075137752542,0.7517400000000001,2040s,ssp126
1,CDH,700.3333333333334,Geothermal,0.04422,0.002327368421052632,0.0003491052631578948,0.728186570178158,0.04422,2040s,ssp126
2,CDH,590.6666666666666,Geothermal,0.08844,0.004654736842105264,0.0006982105263157896,1.456373140356316,0.08844,2040s,ssp126
3,CDH,504.6666666666667,Geothermal,0.13266,0.0069821052631578945,0.0010473157894736842,2.1845597105344736,0.13266,2040s,ssp126
4,CDH,391.0,Geothermal,0.13266000000000003,0.006982105263157896,0.0010473157894736844,2.184559710534474,0.17688,2040s,ssp126
5,CDH,335.8333333333333,Geothermal,0.13266000000000003,0.006982105263157896,0.0010473157894736844,2.184559710534474,0.22110000000000002,2040s,ssp126
6,CDH,266.0,Geothermal,0.13266000000000003,0.006982105263157896,0.0010473157894736844,2.184559710534474,0.26532,2040s,ssp126
7,CDH,200.16666666666666,Geothermal,0.13266000000000003,0.006982105263157896,0.0010473157894736844,2.184559710534474,0.30954000000000004,2040s,ssp126
8,CDH,140.0,Geothermal,0.13266000000000003,0.006982105263157896,0.0010473157894736844,2.184559710534474,0.35376,2040s,ssp126
9,CDH,98.16666666666667,Geothermal,0.13266000000000003,0.006982105263157896,0.0010473157894736844,2.184559710534474,0.39798,2040s,ssp126
10,CDH,60.666666666666664,Geothermal,0.13266000000000003,0.006982105263157896,0.0010473157894736844,2.184559710534474,0.44220000000000004,2040s,ssp126
11,CDH,37.666666666666664,Geothermal,0.13266000000000003,0.006982105263157896,0.0010473157894736844,2.184559710534474,0.48642,2040s,ssp126
12,CDH,22.833333333333332,Geothermal,0.13266000000000003,0.006982105263157896,0.0010473157894736844,2.184559710534474,0.53064,2040s,ssp126
13,CDH,18.4,Geothermal,0.13266000000000003,0.006982105263157896,0.0010473157894736844,2.184559710534474,0.57486,2040s,ssp126
14,CDH,7.4,Geothermal,0.13266000000000003,0.006982105263157896,0.0010473157894736844,2.184559710534474,0.6190800000000001,2040s,ssp126
15,CDH,4.0,Geothermal,0.13266000000000003,0.006982105263157896,0.0010473157894736844,2.184559710534474,0.6633,2040s,ssp126
16,CDH,5.0,Geothermal,0.13266000000000003,0.006982105263157896,0.0010473157894736844,2.184559710534474,0.70752,2040s,ssp126
17,CDH,4.0,Geothermal,0.13266000000000003,0.006982105263157896,0.0010473157894736844,2.184559710534474,0.7517400000000001,2040s,ssp126
1,CDH,700.3333333333334,BTES,0.04654736842105263,0.0,0.0,0.0,0.04422,2040s,ssp126
2,CDH,590.6666666666666,BTES,0.09309473684210526,0.0,0.0,0.0,0.08844,2040s,ssp126
3,CDH,504.6666666666667,BTES,0.1396421052631579,0.0,0.0,0.0,0.13266,2040s,ssp126
4,CDH,391.0,BTES,0.1396421052631579,0.0,0.0,0.0,0.17688,2040s,ssp126
5,CDH,335.8333333333333,BTES,0.1396421052631579,0.0,0.0,0.0,0.22110000000000002,2040s,ssp126
6,CDH,266.0,BTES,0.1396421052631579,0.0,0.0,0.0,0.26532,2040s,ssp126
7,CDH,200.16666666666666,BTES,0.1396421052631579,0.0,0.0,0.0,0.30954000000000004,2040s,ssp126
8,CDH,140.0,BTES,0.1396421052631579,0.0,0.0,0.0,0.35376,2040s,ssp126
9,CDH,98.16666666666667,BTES,0.1396421052631579,0.0,0.0,0.0,0.39798,2040s,ssp126
10,CDH,60.666666666666664,BTES,0.1396421052631579,0.0,0.0,0.0,0.44220000000000004,2040s,ssp126
11,CDH,37.666666666666664,BTES,0.1396421052631579,0.0,0.0,0.0,0.48642,2040s,ssp126
12,CDH,22.833333333333332,BTES,0.1396421052631579,0.0,0.0,0.0,0.53064,2040s,ssp126
13,CDH,18.4,BTES,0.1396421052631579,0.0,0.0,0.0,0.57486,2040s,ssp126
14,CDH,7.4,BTES,0.1396421052631579,0.0,0.0,0.0,0.6190800000000001,2040s,ssp126
15,CDH,4.0,BTES,0.1396421052631579,0.0,0.0,0.0,0.6633,2040s,ssp126
16,CDH,5.0,BTES,0.1396421052631579,0.0,0.0,0.0,0.70752,2040s,ssp126
17,CDH,4.0,BTES,0.1396421052631579,0.0,0.0,0.0,0.7517400000000001,2040s,ssp126
1,CDH,700.3333333333334,unmet_demand,0.0,0.0,0.0,0.0,0.04422,2040s,ssp126
2,CDH,590.6666666666666,unmet_demand,0.0,0.0,0.0,0.0,0.08844,2040s,ssp126
3,CDH,504.6666666666667,unmet_demand,0.0,0.0,0.0,0.0,0.13266,2040s,ssp126
4,CDH,391.0,unmet_demand,0.0,0.0,0.0,0.0,0.17688,2040s,ssp126
5,CDH,335.8333333333333,unmet_demand,0.0,0.0,0.0,0.0,0.22110000000000002,2040s,ssp126
6,CDH,266.0,unmet_demand,0.0,0.0,0.0,0.0,0.26532,2040s,ssp126
7,CDH,200.16666666666666,unmet_demand,0.0,0.0,0.0,0.0,0.30954000000000004,2040s,ssp126
8,CDH,140.0,unmet_demand,0.0,0.0,0.0,0.0,0.35376,2040s,ssp126
9,CDH,98.16666666666667,unmet_demand,0.0,0.0,0.0,0.0,0.39798,2040s,ssp126
10,CDH,60.666666666666664,unmet_demand,0.0,0.0,0.0,0.0,0.44220000000000004,2040s,ssp126
11,CDH,37.666666666666664,unmet_demand,0.0,0.0,0.0,0.0,0.48642,2040s,ssp126
12,CDH,22.833333333333332,unmet_demand,0.0,0.0,0.0,0.0,0.53064,2040s,ssp126
13,CDH,18.4,unmet_demand,0.0,0.0,0.0,0.0,0.57486,2040s,ssp126
14,CDH,7.4,unmet_demand,0.0,0.0,0.0,0.0,0.6190800000000001,2040s,ssp126
15,CDH,4.0,unmet_demand,0.0,0.0,0.0,0.0,0.6633,2040s,ssp126
16,CDH,5.0,unmet_demand,0.0,0.0,0.0,0.0,0.70752,2040s,ssp126
17,CDH,4.0,unmet_demand,0.0,0.0,0.0,0.0,0.7517400000000001,2040s,ssp126
1,CDH,667.5,HeatPump,0.0,0.0,0.0,0.0,0.04422,2040s,ssp245
2,CDH,563.0,HeatPump,0.0,0.0,0.0,0.0,0.08844,2040s,ssp245
3,CDH,492.6666666666667,HeatPump,0.044219999999999995,0.004296071406885664,0.0006444107110328497,1.2952302863542415,0.13266,2040s,ssp245
4,CDH,385.3333333333333,HeatPump,0.08844,0.00974903545838692,0.001462355318758038,2.9392542144912737,0.17688,2040s,ssp245
5,CDH,302.6666666666667,HeatPump,0.13266,0.01638890604731608,0.002458335907097412,4.941120726875039,0.22110000000000002,2040s,ssp245
6,CDH,223.66666666666666,HeatPump,0.17687999999999998,0.024246744345442082,0.003637011651816312,7.310194511983551,0.26532,2040s,ssp245
7,CDH,178.33333333333334,HeatPump,0.22110000000000002,0.03335470488402791,0.005003205732604187,10.0561698972129,0.30954000000000004,2040s,ssp245
8,CDH,135.66666666666666,HeatPump,0.26532,0.04374608408903546,0.006561912613355318,13.189085481843367,0.35376,2040s,ssp245
9,CDH,90.83333333333333,HeatPump,0.30954,0.05545537142491522,0.008318305713737283,16.719339556472455,0.39798,2040s,ssp245
10,CDH,63.5,HeatPump,0.35376,0.0685183033120279,0.010277745496804186,20.657706358675195,0.44220000000000004,2040s,ssp245
11,CDH,38.5,HeatPump,0.39798,0.08297191999478794,0.01244578799921819,25.015353218282886,0.48642,2040s,ssp245
12,CDH,18.0,HeatPump,0.4422,0.0988546255506608,0.014828193832599118,29.803858649603526,0.53064,2040s,ssp245
13,CDH,10.5,HeatPump,0.48642,0.11620625124427636,0.017430937686641453,35.035231452167245,0.57486,2040s,ssp245
14,CDH,8.166666666666666,HeatPump,0.5306400000000001,0.13506812244624558,0.020260218366936835,40.72193088620056,0.6190800000000001,2040s,ssp245
15,CDH,5.0,HeatPump,0.57486,0.15548312935289746,0.023322469402934618,46.87688799404694,0.6633,2040s,ssp245
16,CDH,7.0,HeatPump,0.6190800000000001,0.17749580176121244,0.026624370264181865,53.5135281441958,0.70752,2040s,ssp245
17,CDH,4.0,HeatPump,0.6633000000000001,0.2011523881728583,0.030172858225928745,60.645794880500404,0.7517400000000001,2040s,ssp245
18,CDH,4.0,HeatPump,0.70752,0.22650093952258338,0.03397514092838751,68.28817516560152,0.79596,2040s,ssp245
19,CDH,1.0,HeatPump,0.7517400000000001,0.2535913978494624,0.038038709677419354,76.45572611458066,0.84018,2040s,ssp245
1,CDH,667.5,Geothermal,0.04422,0.002327368421052632,0.0003491052631578948,0.7016824863805264,0.04422,2040s,ssp245
2,CDH,563.0,Geothermal,0.08844,0.004654736842105264,0.0006982105263157896,1.4033649727610529,0.08844,2040s,ssp245
3,CDH,492.6666666666667,Geothermal,0.08844,0.004654736842105264,0.0006982105263157896,1.4033649727610529,0.13266,2040s,ssp245
4,CDH,385.3333333333333,Geothermal,0.08844,0.004654736842105264,0.0006982105263157896,1.4033649727610529,0.17688,2040s,ssp245
5,CDH,302.6666666666667,Geothermal,0.08844,0.004654736842105264,0.0006982105263157896,1.4033649727610529,0.22110000000000002,2040s,ssp245
6,CDH,223.66666666666666,Geothermal,0.08844,0.004654736842105264,0.0006982105263157896,1.4033649727610529,0.26532,2040s,ssp245
7,CDH,178.33333333333334,Geothermal,0.08844,0.004654736842105264,0.0006982105263157896,1.4033649727610529,0.30954000000000004,2040s,ssp245
8,CDH,135.66666666666666,Geothermal,0.08844,0.004654736842105264,0.0006982105263157896,1.4033649727610529,0.35376,2040s,ssp245
9,CDH,90.83333333333333,Geothermal,0.08844,0.004654736842105264,0.0006982105263157896,1.4033649727610529,0.39798,2040s,ssp245
10,CDH,63.5,Geothermal,0.08844,0.004654736842105264,0.0006982105263157896,1.4033649727610529,0.44220000000000004,2040s,ssp245
11,CDH,38.5,Geothermal,0.08844,0.004654736842105264,0.0006982105263157896,1.4033649727610529,0.48642,2040s,ssp245
12,CDH,18.0,Geothermal,0.08844,0.004654736842105264,0.0006982105263157896,1.4033649727610529,0.53064,2040s,ssp245
13,CDH,10.5,Geothermal,0.08844,0.004654736842105264,0.0006982105263157896,1.4033649727610529,0.57486,2040s,ssp245
14,CDH,8.166666666666666,Geothermal,0.08844,0.004654736842105264,0.0006982105263157896,1.4033649727610529,0.6190800000000001,2040s,ssp245
15,CDH,5.0,Geothermal,0.08844,0.004654736842105264,0.0006982105263157896,1.4033649727610529,0.6633,2040s,ssp245
16,CDH,7.0,Geothermal,0.08844,0.004654736842105264,0.0006982105263157896,1.4033649727610529,0.70752,2040s,ssp245
17,CDH,4.0,Geothermal,0.08844,0.004654736842105264,0.0006982105263157896,1.4033649727610529,0.7517400000000001,2040s,ssp245
18,CDH,4.0,Geothermal,0.08844,0.004654736842105264,0.0006982105263157896,1.4033649727610529,0.79596,2040s,ssp245
19,CDH,1.0,Geothermal,0.08844,0.004654736842105264,0.0006982105263157896,1.4033649727610529,0.84018,2040s,ssp245
1,CDH,667.5,BTES,0.04654736842105263,0.0,0.0,0.0,0.04422,2040s,ssp245
2,CDH,563.0,BTES,0.09309473684210526,0.0,0.0,0.0,0.08844,2040s,ssp245
3,CDH,492.6666666666667,BTES,0.09309473684210526,0.0,0.0,0.0,0.13266,2040s,ssp245
4,CDH,385.3333333333333,BTES,0.09309473684210526,0.0,0.0,0.0,0.17688,2040s,ssp245
5,CDH,302.6666666666667,BTES,0.09309473684210526,0.0,0.0,0.0,0.22110000000000002,2040s,ssp245
6,CDH,223.66666666666666,BTES,0.09309473684210526,0.0,0.0,0.0,0.26532,2040s,ssp245
7,CDH,178.33333333333334,BTES,0.09309473684210526,0.0,0.0,0.0,0.30954000000000004,2040s,ssp245
8,CDH,135.66666666666666,BTES,0.09309473684210526,0.0,0.0,0.0,0.35376,2040s,ssp245
9,CDH,90.83333333333333,BTES,0.09309473684210526,0.0,0.0,0.0,0.39798,2040s,ssp245
10,CDH,63.5,BTES,0.09309473684210526,0.0,0.0,0.0,0.44220000000000004,2040s,ssp245
11,CDH,38.5,BTES,0.09309473684210526,0.0,0.0,0.0,0.48642,2040s,ssp245
12,CDH,18.0,BTES,0.09309473684210526,0.0,0.0,0.0,0.53064,2040s,ssp245
13,CDH,10.5,BTES,0.09309473684210526,0.0,0.0,0.0,0.57486,2040s,ssp245
14,CDH,8.166666666666666,BTES,0.09309473684210526,0.0,0.0,0.0,0.6190800000000001,2040s,ssp245
15,CDH,5.0,BTES,0.09309473684210526,0.0,0.0,0.0,0.6633,2040s,ssp245
16,CDH,7.0,BTES,0.09309473684210526,0.0,0.0,0.0,0.70752,2040s,ssp245
17,CDH,4.0,BTES,0.09309473684210526,0.0,0.0,0.0,0.7517400000000001,2040s,ssp245
18,CDH,4.0,BTES,0.09309473684210526,0.0,0.0,0.0,0.79596,2040s,ssp245
19,CDH,1.0,BTES,0.09309473684210526,0.0,0.0,0.0,0.84018,2040s,ssp245
1,CDH,667.5,unmet_demand,0.0,0.0,0.0,0.0,0.04422,2040s,ssp245
2,CDH,563.0,unmet_demand,0.0,0.0,0.0,0.0,0.08844,2040s,ssp245
3,CDH,492.6666666666667,unmet_demand,0.0,0.0,0.0,0.0,0.13266,2040s,ssp245
4,CDH,385.3333333333333,unmet_demand,0.0,0.0,0.0,0.0,0.17688,2040s,ssp245
5,CDH,302.6666666666667,unmet_demand,0.0,0.0,0.0,0.0,0.22110000000000002,2040s,ssp245
6,CDH,223.66666666666666,unmet_demand,0.0,0.0,0.0,0.0,0.26532,2040s,ssp245
7,CDH,178.33333333333334,unmet_demand,0.0,0.0,0.0,0.0,0.30954000000000004,2040s,ssp245
8,CDH,135.66666666666666,unmet_demand,0.0,0.0,0.0,0.0,0.35376,2040s,ssp245
9,CDH,90.83333333333333,unmet_demand,0.0,0.0,0.0,0.0,0.39798,2040s,ssp245
10,CDH,63.5,unmet_demand,0.0,0.0,0.0,0.0,0.44220000000000004,2040s,ssp245
11,CDH,38.5,unmet_demand,0.0,0.0,0.0,0.0,0.48642,2040s,ssp245
12,CDH,18.0,unmet_demand,0.0,0.0,0.0,0.0,0.53064,2040s,ssp245
13,CDH,10.5,unmet_demand,0.0,0.0,0.0,0.0,0.57486,2040s,ssp245
14,CDH,8.166666666666666,unmet_demand,0.0,0.0,0.0,0.0,0.6190800000000001,2040s,ssp245
15,CDH,5.0,unmet_demand,0.0,0.0,0.0,0.0,0.6633,2040s,ssp245
16,CDH,7.0,unmet_demand,0.0,0.0,0.0,0.0,0.70752,2040s,ssp245
17,CDH,4.0,unmet_demand,0.0,0.0,0.0,0.0,0.7517400000000001,2040s,ssp245
18,CDH,4.0,unmet_demand,0.0,0.0,0.0,0.0,0.79596,2040s,ssp245
19,CDH,1.0,unmet_demand,0.0,0.0,0.0,0.0,0.84018,2040s,ssp245
1,CDH,668.5,HeatPump,0.0,0.0,0.0,0.0,0.04422,2040s,ssp370
2,CDH,571.1666666666666,HeatPump,0.0,0.0,0.0,0.0,0.08844,2040s,ssp370
3,CDH,466.6666666666667,HeatPump,0.044219999999999995,0.004296071406885664,0.0006444107110328497,1.2966411688311374,0.13266,2040s,ssp370
4,CDH,378.8333333333333,HeatPump,0.08844,0.00974903545838692,0.001462355318758038,2.9424559171614924,0.17688,2040s,ssp370
5,CDH,306.8333333333333,HeatPump,0.13266,0.01638890604731608,0.002458335907097412,4.946503044385077,0.22110000000000002,2040s,ssp370
6,CDH,231.5,HeatPump,0.17687999999999998,0.024246744345442082,0.003637011651816312,7.3181574398492115,0.26532,2040s,ssp370
7,CDH,169.83333333333334,HeatPump,0.22110000000000002,0.03335470488402791,0.005003205732604187,10.067123990891949,0.30954000000000004,2040s,ssp370
8,CDH,113.5,HeatPump,0.26532,0.04374608408903546,0.006561912613355318,13.203452231747736,0.35376,2040s,ssp370
9,CDH,85.0,HeatPump,0.30954,0.05545537142491522,0.008318305713737283,16.737551779776695,0.39798,2040s,ssp370
10,CDH,50.5,HeatPump,0.35376,0.0685183033120279,0.010277745496804186,20.68020860883208,0.44220000000000004,2040s,ssp370
11,CDH,33.5,HeatPump,0.39798,0.08297191999478794,0.01244578799921819,25.042602213215194,0.48642,2040s,ssp370
12,CDH,18.5,HeatPump,0.4422,0.0988546255506608,0.014828193832599118,29.836323719603527,0.53064,2040s,ssp370
13,CDH,10.166666666666666,HeatPump,0.48642,0.11620625124427636,0.017430937686641453,35.07339500860244,0.57486,2040s,ssp370
14,CDH,5.666666666666667,HeatPump,0.5306400000000001,0.13506812244624558,0.020260218366936835,40.7662889121964,0.6190800000000001,2040s,ssp370
15,CDH,2.0,HeatPump,0.57486,0.15548312935289746,0.023322469402934618,46.92795055839476,0.6633,2040s,ssp370
16,CDH,1.0,HeatPump,0.6190800000000001,0.17749580176121244,0.026624370264181865,53.57181993981776,0.70752,2040s,ssp370
1,CDH,668.5,Geothermal,0.04422,0.002327368421052632,0.0003491052631578948,0.7024468226802633,0.04422,2040s,ssp370
2,CDH,571.1666666666666,Geothermal,0.08844,0.004654736842105264,0.0006982105263157896,1.4048936453605265,0.08844,2040s,ssp370
3,CDH,466.6666666666667,Geothermal,0.08844,0.004654736842105264,0.0006982105263157896,1.4048936453605265,0.13266,2040s,ssp370
4,CDH,378.8333333333333,Geothermal,0.08844,0.004654736842105264,0.0006982105263157896,1.4048936453605265,0.17688,2040s,ssp370
5,CDH,306.8333333333333,Geothermal,0.08844,0.004654736842105264,0.0006982105263157896,1.4048936453605265,0.22110000000000002,2040s,ssp370
6,CDH,231.5,Geothermal,0.08844,0.004654736842105264,0.0006982105263157896,1.4048936453605265,0.26532,2040s,ssp370
7,CDH,169.83333333333334,Geothermal,0.08844,0.004654736842105264,0.0006982105263157896,1.4048936453605265,0.30954000000000004,2040s,ssp370
8,CDH,113.5,Geothermal,0.08844,0.004654736842105264,0.0006982105263157896,1.4048936453605265,0.35376,2040s,ssp370
9,CDH,85.0,Geothermal,0.08844,0.004654736842105264,0.0006982105263157896,1.4048936453605265,0.39798,2040s,ssp370
10,CDH,50.5,Geothermal,0.08844,0.004654736842105264,0.0006982105263157896,1.4048936453605265,0.44220000000000004,2040s,ssp370
11,CDH,33.5,Geothermal,0.08844,0.004654736842105264,0.0006982105263157896,1.4048936453605265,0.48642,2040s,ssp370
12,CDH,18.5,Geothermal,0.08844,0.004654736842105264,0.0006982105263157896,1.4048936453605265,0.53064,2040s,ssp370
13,CDH,10.166666666666666,Geothermal,0.08844,0.004654736842105264,0.0006982105263157896,1.4048936453605265,0.57486,2040s,ssp370
14,CDH,5.666666666666667,Geothermal,0.08844,0.004654736842105264,0.0006982105263157896,1.4048936453605265,0.6190800000000001,2040s,ssp370
15,CDH,2.0,Geothermal,0.08844,0.004654736842105264,0.0006982105263157896,1.4048936453605265,0.6633,2040s,ssp370
16,CDH,1.0,Geothermal,0.08844,0.004654736842105264,0.0006982105263157896,1.4048936453605265,0.70752,2040s,ssp370
1,CDH,668.5,BTES,0.04654736842105263,0.0,0.0,0.0,0.04422,2040s,ssp370
2,CDH,571.1666666666666,BTES,0.09309473684210526,0.0,0.0,0.0,0.08844,2040s,ssp370
3,CDH,466.6666666666667,BTES,0.09309473684210526,0.0,0.0,0.0,0.13266,2040s,ssp370
4,CDH,378.8333333333333,BTES,0.09309473684210526,0.0,0.0,0.0,0.17688,2040s,ssp370
5,CDH,306.8333333333333,BTES,0.09309473684210526,0.0,0.0,0.0,0.22110000000000002,2040s,ssp370
6,CDH,231.5,BTES,0.09309473684210526,0.0,0.0,0.0,0.26532,2040s,ssp370
7,CDH,169.83333333333334,BTES,0.09309473684210526,0.0,0.0,0.0,0.30954000000000004,2040s,ssp370
8,CDH,113.5,BTES,0.09309473684210526,0.0,0.0,0.0,0.35376,2040s,ssp370
9,CDH,85.0,BTES,0.09309473684210526,0.0,0.0,0.0,0.39798,2040s,ssp370
10,CDH,50.5,BTES,0.09309473684210526,0.0,0.0,0.0,0.44220000000000004,2040s,ssp370
11,CDH,33.5,BTES,0.09309473684210526,0.0,0.0,0.0,0.48642,2040s,ssp370
12,CDH,18.5,BTES,0.09309473684210526,0.0,0.0,0.0,0.53064,2040s,ssp370
13,CDH,10.166666666666666,BTES,0.09309473684210526,0.0,0.0,0.0,0.57486,2040s,ssp370
14,CDH,5.666666666666667,BTES,0.09309473684210526,0.0,0.0,0.0,0.6190800000000001,2040s,ssp370
15,CDH,2.0,BTES,0.09309473684210526,0.0,0.0,0.0,0.6633,2040s,ssp370
16,CDH,1.0,BTES,0.09309473684210526,0.0,0.0,0.0,0.70752,2040s,ssp370
1,CDH,668.5,unmet_demand,0.0,0.0,0.0,0.0,0.04422,2040s,ssp370
2,CDH,571.1666666666666,unmet_demand,0.0,0.0,0.0,0.0,0.08844,2040s,ssp370
3,CDH,466.6666666666667,unmet_demand,0.0,0.0,0.0,0.0,0.13266,2040s,ssp370
4,CDH,378.8333333333333,unmet_demand,0.0,0.0,0.0,0.0,0.17688,2040s,ssp370
5,CDH,306.8333333333333,unmet_demand,0.0,0.0,0.0,0.0,0.22110000000000002,2040s,ssp370
6,CDH,231.5,unmet_demand,0.0,0.0,0.0,0.0,0.26532,2040s,ssp370
7,CDH,169.83333333333334,unmet_demand,0.0,0.0,0.0,0.0,0.30954000000000004,2040s,ssp370
8,CDH,113.5,unmet_demand,0.0,0.0,0.0,0.0,0.35376,2040s,ssp370
9,CDH,85.0,unmet_demand,0.0,0.0,0.0,0.0,0.39798,2040s,ssp370
10,CDH,50.5,unmet_demand,0.0,0.0,0.0,0.0,0.44220000000000004,2040s,ssp370
11,CDH,33.5,unmet_demand,0.0,0.0,0.0,0.0,0.48642,2040s,ssp370
12,CDH,18.5,unmet_demand,0.0,0.0,0.0,0.0,0.53064,2040s,ssp370
13,CDH,10.166666666666666,unmet_demand,0.0,0.0,0.0,0.0,0.57486,2040s,ssp370
14,CDH,5.666666666666667,unmet_demand,0.0,0.0,0.0,0.0,0.6190800000000001,2040s,ssp370
15,CDH,2.0,unmet_demand,0.0,0.0,0.0,0.0,0.6633,2040s,ssp370
16,CDH,1.0,unmet_demand,0.0,0.0,0.0,0.0,0.70752,2040s,ssp370
1,CDH,780.5,HeatPump,0.0,0.0,0.0,0.0,0.04422,2040s,ssp585
2,CDH,654.0,HeatPump,0.0,0.0,0.0,0.0,0.08844,2040s,ssp585
3,CDH,556.6666666666666,HeatPump,0.044219999999999995,0.004296071406885664,0.0006444107110328497,1.2888214220656993,0.13266,2040s,ssp585
4,CDH,479.0,HeatPump,0.08844,0.00974903545838692,0.001462355318758038,2.924710637516076,0.17688,2040s,ssp585
5,CDH,361.5,HeatPump,0.13266,0.01638890604731608,0.002458335907097412,4.916671814194824,0.22110000000000002,2040s,ssp585
6,CDH,291.8333333333333,HeatPump,0.17687999999999998,0.024246744345442082,0.003637011651816312,7.2740233036326245,0.26532,2040s,ssp585
7,CDH,222.5,HeatPump,0.22110000000000002,0.03335470488402791,0.005003205732604187,10.006411465208373,0.30954000000000004,2040s,ssp585
8,CDH,172.66666666666666,HeatPump,0.26532,0.04374608408903546,0.006561912613355318,13.123825226710638,0.35376,2040s,ssp585
9,CDH,119.83333333333333,HeatPump,0.30954,0.05545537142491522,0.008318305713737283,16.636611427474566,0.39798,2040s,ssp585
10,CDH,90.66666666666667,HeatPump,0.35376,0.0685183033120279,0.010277745496804186,20.555490993608373,0.44220000000000004,2040s,ssp585
11,CDH,52.833333333333336,HeatPump,0.39798,0.08297191999478794,0.01244578799921819,24.89157599843638,0.48642,2040s,ssp585
12,CDH,35.0,HeatPump,0.4422,0.0988546255506608,0.014828193832599118,29.65638766519824,0.53064,2040s,ssp585
13,CDH,17.166666666666668,HeatPump,0.48642,0.11620625124427636,0.017430937686641453,34.861875373282906,0.57486,2040s,ssp585
14,CDH,11.333333333333334,HeatPump,0.5306400000000001,0.13506812244624558,0.020260218366936835,40.52043673387367,0.6190800000000001,2040s,ssp585
15,CDH,4.0,HeatPump,0.57486,0.15548312935289746,0.023322469402934618,46.64493880586924,0.6633,2040s,ssp585
16,CDH,3.0,HeatPump,0.6190800000000001,0.17749580176121244,0.026624370264181865,53.24874052836373,0.70752,2040s,ssp585
17,CDH,3.0,HeatPump,0.6633000000000001,0.2011523881728583,0.030172858225928745,60.34571645185749,0.7517400000000001,2040s,ssp585
1,CDH,780.5,Geothermal,0.04422,0.002327368421052632,0.0003491052631578948,0.6982105263157895,0.04422,2040s,ssp585
2,CDH,654.0,Geothermal,0.08844,0.004654736842105264,0.0006982105263157896,1.396421052631579,0.08844,2040s,ssp585
3,CDH,556.6666666666666,Geothermal,0.08844,0.004654736842105264,0.0006982105263157896,1.396421052631579,0.13266,2040s,ssp585
4,CDH,479.0,Geothermal,0.08844,0.004654736842105264,0.0006982105263157896,1.396421052631579,0.17688,2040s,ssp585
5,CDH,361.5,Geothermal,0.08844,0.004654736842105264,0.0006982105263157896,1.396421052631579,0.22110000000000002,2040s,ssp585
6,CDH,291.8333333333333,Geothermal,0.08844,0.004654736842105264,0.0006982105263157896,1.396421052631579,0.26532,2040s,ssp585
7,CDH,222.5,Geothermal,0.08844,0.004654736842105264,0.0006982105263157896,1.396421052631579,0.30954000000000004,2040s,ssp585
8,CDH,172.66666666666666,Geothermal,0.08844,0.004654736842105264,0.0006982105263157896,1.396421052631579,0.35376,2040s,ssp585
9,CDH,119.83333333333333,Geothermal,0.08844,0.004654736842105264,0.0006982105263157896,1.396421052631579,0.39798,2040s,ssp585
10,CDH,90.66666666666667,Geothermal,0.08844,0.004654736842105264,0.0006982105263157896,1.396421052631579,0.44220000000000004,2040s,ssp585
11,CDH,52.833333333333336,Geothermal,0.08844,0.004654736842105264,0.0006982105263157896,1.396421052631579,0.48642,2040s,ssp585
12,CDH,35.0,Geothermal,0.08844,0.004654736842105264,0.0006982105263157896,1.396421052631579,0.53064,2040s,ssp585
13,CDH,17.166666666666668,Geothermal,0.08844,0.004654736842105264,0.0006982105263157896,1.396421052631579,0.57486,2040s,ssp585
14,CDH,11.333333333333334,Geothermal,0.08844,0.004654736842105264,0.0006982105263157896,1.396421052631579,0.6190800000000001,2040s,ssp585
15,CDH,4.0,Geothermal,0.08844,0.004654736842105264,0.0006982105263157896,1.396421052631579,0.6633,2040s,ssp585
16,CDH,3.0,Geothermal,0.08844,0.004654736842105264,0.0006982105263157896,1.396421052631579,0.70752,2040s,ssp585
17,CDH,3.0,Geothermal,0.08844,0.004654736842105264,0.0006982105263157896,1.396421052631579,0.7517400000000001,2040s,ssp585
1,CDH,780.5,BTES,0.04654736842105263,0.0,0.0,0.0,0.04422,2040s,ssp585
2,CDH,654.0,BTES,0.09309473684210526,0.0,0.0,0.0,0.08844,2040s,ssp585
3,CDH,556.6666666666666,BTES,0.09309473684210526,0.0,0.0,0.0,0.13266,2040s,ssp585
4,CDH,479.0,BTES,0.09309473684210526,0.0,0.0,0.0,0.17688,2040s,ssp585
5,CDH,361.5,BTES,0.09309473684210526,0.0,0.0,0.0,0.22110000000000002,2040s,ssp585
6,CDH,291.8333333333333,BTES,0.09309473684210526,0.0,0.0,0.0,0.26532,2040s,ssp585
7,CDH,222.5,BTES,0.09309473684210526,0.0,0.0,0.0,0.30954000000000004,2040s,ssp585
8,CDH,172.66666666666666,BTES,0.09309473684210526,0.0,0.0,0.0,0.35376,2040s,ssp585
9,CDH,119.83333333333333,BTES,0.09309473684210526,0.0,0.0,0.0,0.39798,2040s,ssp585
10,CDH,90.66666666666667,BTES,0.09309473684210526,0.0,0.0,0.0,0.44220000000000004,2040s,ssp585
11,CDH,52.833333333333336,BTES,0.09309473684210526,0.0,0.0,0.0,0.48642,2040s,ssp585
12,CDH,35.0,BTES,0.09309473684210526,0.0,0.0,0.0,0.53064,2040s,ssp585
13,CDH,17.166666666666668,BTES,0.09309473684210526,0.0,0.0,0.0,0.57486,2040s,ssp585
14,CDH,11.333333333333334,BTES,0.09309473684210526,0.0,0.0,0.0,0.6190800000000001,2040s,ssp585
15,CDH,4.0,BTES,0.09309473684210526,0.0,0.0,0.0,0.6633,2040s,ssp585
16,CDH,3.0,BTES,0.09309473684210526,0.0,0.0,0.0,0.70752,2040s,ssp585
17,CDH,3.0,BTES,0.09309473684210526,0.0,0.0,0.0,0.7517400000000001,2040s,ssp585
1,CDH,780.5,unmet_demand,0.0,0.0,0.0,0.0,0.04422,2040s,ssp585
2,CDH,654.0,unmet_demand,0.0,0.0,0.0,0.0,0.08844,2040s,ssp585
3,CDH,556.6666666666666,unmet_demand,0.0,0.0,0.0,0.0,0.13266,2040s,ssp585
4,CDH,479.0,unmet_demand,0.0,0.0,0.0,0.0,0.17688,2040s,ssp585
5,CDH,361.5,unmet_demand,0.0,0.0,0.0,0.0,0.22110000000000002,2040s,ssp585
6,CDH,291.8333333333333,unmet_demand,0.0,0.0,0.0,0.0,0.26532,2040s,ssp585
7,CDH,222.5,unmet_demand,0.0,0.0,0.0,0.0,0.30954000000000004,2040s,ssp585
8,CDH,172.66666666666666,unmet_demand,0.0,0.0,0.0,0.0,0.35376,2040s,ssp585
9,CDH,119.83333333333333,unmet_demand,0.0,0.0,0.0,0.0,0.39798,2040s,ssp585
10,CDH,90.66666666666667,unmet_demand,0.0,0.0,0.0,0.0,0.44220000000000004,2040s,ssp585
11,CDH,52.833333333333336,unmet_demand,0.0,0.0,0.0,0.0,0.48642,2040s,ssp585
12,CDH,35.0,unmet_demand,0.0,0.0,0.0,0.0,0.53064,2040s,ssp585
13,CDH,17.166666666666668,unmet_demand,0.0,0.0,0.0,0.0,0.57486,2040s,ssp585
14,CDH,11.333333333333334,unmet_demand,0.0,0.0,0.0,0.0,0.6190800000000001,2040s,ssp585
15,CDH,4.0,unmet_demand,0.0,0.0,0.0,0.0,0.6633,2040s,ssp585
16,CDH,3.0,unmet_demand,0.0,0.0,0.0,0.0,0.70752,2040s,ssp585
17,CDH,3.0,unmet_demand,0.0,0.0,0.0,0.0,0.7517400000000001,2040s,ssp585
1,CDH,704.6666666666666,HeatPump,0.0,0.0,0.0,0.0,0.04422,2050s,ssp126
2,CDH,588.3333333333334,HeatPump,0.0,0.0,0.0,0.0,0.08844,2050s,ssp126
3,CDH,496.5,HeatPump,0.0,0.0,0.0,0.0,0.13266,2050s,ssp126
4,CDH,416.0,HeatPump,0.04421999999999998,0.004874517729193458,0.0007311776593790187,1.5391081234618773,0.17688,2050s,ssp126
5,CDH,325.5,HeatPump,0.08843999999999999,0.010925937364877385,0.0016388906047316077,3.449817989994441,0.22110000000000002,2050s,ssp126
6,CDH,233.5,HeatPump,0.13265999999999997,0.01818505825908156,0.002727758738862234,5.741854363264564,0.26532,2050s,ssp126
7,CDH,179.0,HeatPump,0.17688,0.02668376390722233,0.0040025645860833495,8.42528432057628,0.30954000000000004,2050s,ssp126
8,CDH,133.33333333333334,HeatPump,0.2211,0.03645507007419622,0.005468260511129432,11.510532448478981,0.35376,2050s,ssp126
9,CDH,96.33333333333333,HeatPump,0.26532,0.04753317550707019,0.007129976326060528,15.008396855082475,0.39798,2050s,ssp126
10,CDH,59.5,HeatPump,0.30954000000000004,0.05995351539802442,0.008993027309703663,18.930066050752476,0.44220000000000004,2050s,ssp126
11,CDH,40.5,HeatPump,0.35375999999999996,0.07375281777314484,0.011062922665971725,23.287136752630666,0.48642,2050s,ssp126
12,CDH,20.833333333333332,HeatPump,0.39798,0.08896916299559472,0.013345374449339208,28.091632672506613,0.53064,2050s,ssp126
13,CDH,9.4,HeatPump,0.44220000000000004,0.10564204658570579,0.015846306987855868,33.35602435199285,0.57486,2050s,ssp126
14,CDH,3.3333333333333335,HeatPump,0.4864200000000001,0.12381244557572511,0.018571866836358766,39.09325011375237,0.6190800000000001,2050s,ssp126
15,CDH,2.0,HeatPump,0.53064,0.14352288863344378,0.021528433295016566,45.31673820273447,0.6633,2050s,ssp126
1,CDH,704.6666666666666,Geothermal,0.04422,0.002327368421052632,0.0003491052631578948,0.7348566242107896,0.04422,2050s,ssp126
2,CDH,588.3333333333334,Geothermal,0.08844,0.004654736842105264,0.0006982105263157896,1.4697132484215791,0.08844,2050s,ssp126
3,CDH,496.5,Geothermal,0.13266,0.0069821052631578945,0.0010473157894736842,2.2045698726323684,0.13266,2050s,ssp126
4,CDH,416.0,Geothermal,0.13266000000000003,0.006982105263157896,0.0010473157894736844,2.2045698726323693,0.17688,2050s,ssp126
5,CDH,325.5,Geothermal,0.13266000000000003,0.006982105263157896,0.0010473157894736844,2.2045698726323693,0.22110000000000002,2050s,ssp126
6,CDH,233.5,Geothermal,0.13266000000000003,0.006982105263157896,0.0010473157894736844,2.2045698726323693,0.26532,2050s,ssp126
7,CDH,179.0,Geothermal,0.13266000000000003,0.006982105263157896,0.0010473157894736844,2.2045698726323693,0.30954000000000004,2050s,ssp126
8,CDH,133.33333333333334,Geothermal,0.13266000000000003,0.006982105263157896,0.0010473157894736844,2.2045698726323693,0.35376,2050s,ssp126
9,CDH,96.33333333333333,Geothermal,0.13266000000000003,0.006982105263157896,0.0010473157894736844,2.2045698726323693,0.39798,2050s,ssp126
10,CDH,59.5,Geothermal,0.13266000000000003,0.006982105263157896,0.0010473157894736844,2.2045698726323693,0.44220000000000004,2050s,ssp126
11,CDH,40.5,Geothermal,0.13266000000000003,0.006982105263157896,0.0010473157894736844,2.2045698726323693,0.48642,2050s,ssp126
12,CDH,20.833333333333332,Geothermal,0.13266000000000003,0.006982105263157896,0.0010473157894736844,2.2045698726323693,0.53064,2050s,ssp126
13,CDH,9.4,Geothermal,0.13266000000000003,0.006982105263157896,0.0010473157894736844,2.2045698726323693,0.57486,2050s,ssp126
14,CDH,3.3333333333333335,Geothermal,0.13266000000000003,0.006982105263157896,0.0010473157894736844,2.2045698726323693,0.6190800000000001,2050s,ssp126
15,CDH,2.0,Geothermal,0.13266000000000003,0.006982105263157896,0.0010473157894736844,2.2045698726323693,0.6633,2050s,ssp126
1,CDH,704.6666666666666,BTES,0.04654736842105263,0.0,0.0,0.0,0.04422,2050s,ssp126
2,CDH,588.3333333333334,BTES,0.09309473684210526,0.0,0.0,0.0,0.08844,2050s,ssp126
3,CDH,496.5,BTES,0.1396421052631579,0.0,0.0,0.0,0.13266,2050s,ssp126
4,CDH,416.0,BTES,0.1396421052631579,0.0,0.0,0.0,0.17688,2050s,ssp126
5,CDH,325.5,BTES,0.1396421052631579,0.0,0.0,0.0,0.22110000000000002,2050s,ssp126
6,CDH,233.5,BTES,0.1396421052631579,0.0,0.0,0.0,0.26532,2050s,ssp126
7,CDH,179.0,BTES,0.1396421052631579,0.0,0.0,0.0,0.30954000000000004,2050s,ssp126
8,CDH,133.33333333333334,BTES,0.1396421052631579,0.0,0.0,0.0,0.35376,2050s,ssp126
9,CDH,96.33333333333333,BTES,0.1396421052631579,0.0,0.0,0.0,0.39798,2050s,ssp126
10,CDH,59.5,BTES,0.1396421052631579,0.0,0.0,0.0,0.44220000000000004,2050s,ssp126
11,CDH,40.5,BTES,0.1396421052631579,0.0,0.0,0.0,0.48642,2050s,ssp126
12,CDH,20.833333333333332,BTES,0.1396421052631579,0.0,0.0,0.0,0.53064,2050s,ssp126
13,CDH,9.4,BTES,0.1396421052631579,0.0,0.0,0.0,0.57486,2050s,ssp126
14,CDH,3.3333333333333335,BTES,0.1396421052631579,0.0,0.0,0.0,0.6190800000000001,2050s,ssp126
15,CDH,2.0,BTES,0.1396421052631579,0.0,0.0,0.0,0.6633,2050s,ssp126
1,CDH,704.6666666666666,unmet_demand,0.0,0.0,0.0,0.0,0.04422,2050s,ssp126
2,CDH,588.3333333333334,unmet_demand,0.0,0.0,0.0,0.0,0.08844,2050s,ssp126
3,CDH,496.5,unmet_demand,0.0,0.0,0.0,0.0,0.13266,2050s,ssp126
4,CDH,416.0,unmet_demand,0.0,0.0,0.0,0.0,0.17688,2050s,ssp126
5,CDH,325.5,unmet_demand,0.0,0.0,0.0,0.0,0.22110000000000002,2050s,ssp126
6,CDH,233.5,unmet_demand,0.0,0.0,0.0,0.0,0.26532,2050s,ssp126
7,CDH,179.0,unmet_demand,0.0,0.0,0.0,0.0,0.30954000000000004,2050s,ssp126
8,CDH,133.33333333333334,unmet_demand,0.0,0.0,0.0,0.0,0.35376,2050s,ssp126
9,CDH,96.33333333333333,unmet_demand,0.0,0.0,0.0,0.0,0.39798,2050s,ssp126
10,CDH,59.5,unmet_demand,0.0,0.0,0.0,0.0,0.44220000000000004,2050s,ssp126
11,CDH,40.5,unmet_demand,0.0,0.0,0.0,0.0,0.48642,2050s,ssp126
12,CDH,20.833333333333332,unmet_demand,0.0,0.0,0.0,0.0,0.53064,2050s,ssp126
13,CDH,9.4,unmet_demand,0.0,0.0,0.0,0.0,0.57486,2050s,ssp126
14,CDH,3.3333333333333335,unmet_demand,0.0,0.0,0.0,0.0,0.6190800000000001,2050s,ssp126
15,CDH,2.0,unmet_demand,0.0,0.0,0.0,0.0,0.6633,2050s,ssp126
1,CDH,763.8333333333334,HeatPump,0.0,0.0,0.0,0.0,0.04422,2050s,ssp245
2,CDH,656.1666666666666,HeatPump,0.0,0.0,0.0,0.0,0.08844,2050s,ssp245
3,CDH,543.8333333333334,HeatPump,0.0,0.0,0.0,0.0,0.13266,2050s,ssp245
4,CDH,455.3333333333333,HeatPump,0.0,0.0,0.0,0.0,0.17688,2050s,ssp245
5,CDH,357.3333333333333,HeatPump,0.04422000000000001,0.0054629686824386944,0.0008194453023658042,1.6521655080048183,0.22110000000000002,2050s,ssp245
6,CDH,297.8333333333333,HeatPump,0.08843999999999999,0.012123372172721041,0.001818505825908156,3.6664712006977376,0.26532,2050s,ssp245
7,CDH,211.16666666666666,HeatPump,0.13266000000000003,0.02001282293041675,0.0030019234395625123,6.052477633586273,0.30954000000000004,2050s,ssp245
8,CDH,157.83333333333334,HeatPump,0.17688,0.029164056059356975,0.004374608408903546,8.820084883459193,0.35376,2050s,ssp245
9,CDH,113.33333333333333,HeatPump,0.2211,0.03961097958922516,0.0059416469383837735,11.979547755047028,0.39798,2050s,ssp245
10,CDH,77.83333333333333,HeatPump,0.26532,0.05138872748402092,0.007708309122603138,15.541491812370715,0.44220000000000004,2050s,ssp245
11,CDH,45.166666666666664,HeatPump,0.30954000000000004,0.06453371555150174,0.009680057332725261,19.516930287432928,0.48642,2050s,ssp245
12,CDH,28.5,HeatPump,0.35375999999999996,0.07908370044052863,0.011862555066079295,23.917281922784138,0.53064,2050s,ssp245
13,CDH,18.0,HeatPump,0.39798,0.0950778419271352,0.014261676289070279,28.754389808697198,0.57486,2050s,ssp245
14,CDH,7.166666666666667,HeatPump,0.44220000000000004,0.11255676870520463,0.016883515305780694,34.04054128024047,0.6190800000000001,2050s,ssp245
15,CDH,4.2,HeatPump,0.48641999999999996,0.13156264791399014,0.01973439718709852,39.78848894448441,0.6633,2050s,ssp245
16,CDH,2.6666666666666665,HeatPump,0.53064,0.15213925865246777,0.022820888797870167,46.011472913445836,0.70752,2050s,ssp245
17,CDH,2.3333333333333335,HeatPump,0.57486,0.1743320697498105,0.026149810462471574,52.723244324210775,0.7517400000000001,2050s,ssp245
18,CDH,1.0,HeatPump,0.61908,0.19818832208226042,0.029728248312339063,59.93809023402449,0.79596,2050s,ssp245
19,CDH,2.0,HeatPump,0.6633,0.22375711574952561,0.03356356736242884,67.67085998504743,0.84018,2050s,ssp245
20,CDH,2.0,HeatPump,0.70752,0.2510895024487189,0.03766342536730784,75.93699314100363,0.8844000000000001,2050s,ssp245
1,CDH,763.8333333333334,Geothermal,0.04422,0.002327368421052632,0.0003491052631578948,0.7038659844497368,0.04422,2050s,ssp245
2,CDH,656.1666666666666,Geothermal,0.08844,0.004654736842105264,0.0006982105263157896,1.4077319688994736,0.08844,2050s,ssp245
3,CDH,543.8333333333334,Geothermal,0.13266,0.0069821052631578945,0.0010473157894736842,2.1115979533492104,0.13266,2050s,ssp245
4,CDH,455.3333333333333,Geothermal,0.17688,0.009309473684210527,0.0013964210526315791,2.815463937798947,0.17688,2050s,ssp245
5,CDH,357.3333333333333,Geothermal,0.17688,0.009309473684210527,0.0013964210526315791,2.815463937798947,0.22110000000000002,2050s,ssp245
6,CDH,297.8333333333333,Geothermal,0.17688,0.009309473684210527,0.0013964210526315791,2.815463937798947,0.26532,2050s,ssp245
7,CDH,211.16666666666666,Geothermal,0.17688,0.009309473684210527,0.0013964210526315791,2.815463937798947,0.30954000000000004,2050s,ssp245
8,CDH,157.83333333333334,Geothermal,0.17688,0.009309473684210527,0.0013964210526315791,2.815463937798947,0.35376,2050s,ssp245
9,CDH,113.33333333333333,Geothermal,0.17688,0.009309473684210527,0.0013964210526315791,2.815463937798947,0.39798,2050s,ssp245
10,CDH,77.83333333333333,Geothermal,0.17688,0.009309473684210527,0.0013964210526315791,2.815463937798947,0.44220000000000004,2050s,ssp245
11,CDH,45.166666666666664,Geothermal,0.17688,0.009309473684210527,0.0013964210526315791,2.815463937798947,0.48642,2050s,ssp245
12,CDH,28.5,Geothermal,0.17688,0.009309473684210527,0.0013964210526315791,2.815463937798947,0.53064,2050s,ssp245
13,CDH,18.0,Geothermal,0.17688,0.009309473684210527,0.0013964210526315791,2.815463937798947,0.57486,2050s,ssp245
14,CDH,7.166666666666667,Geothermal,0.17688,0.009309473684210527,0.0013964210526315791,2.815463937798947,0.6190800000000001,2050s,ssp245
15,CDH,4.2,Geothermal,0.17688,0.009309473684210527,0.0013964210526315791,2.815463937798947,0.6633,2050s,ssp245
16,CDH,2.6666666666666665,Geothermal,0.17688,0.009309473684210527,0.0013964210526315791,2.815463937798947,0.70752,2050s,ssp245
17,CDH,2.3333333333333335,Geothermal,0.17688,0.009309473684210527,0.0013964210526315791,2.815463937798947,0.7517400000000001,2050s,ssp245
18,CDH,1.0,Geothermal,0.17688,0.009309473684210527,0.0013964210526315791,2.815463937798947,0.79596,2050s,ssp245
19,CDH,2.0,Geothermal,0.17688,0.009309473684210527,0.0013964210526315791,2.815463937798947,0.84018,2050s,ssp245
20,CDH,2.0,Geothermal,0.17688,0.009309473684210527,0.0013964210526315791,2.815463937798947,0.8844000000000001,2050s,ssp245
1,CDH,763.8333333333334,BTES,0.04654736842105263,0.0,0.0,0.0,0.04422,2050s,ssp245
2,CDH,656.1666666666666,BTES,0.09309473684210526,0.0,0.0,0.0,0.08844,2050s,ssp245
3,CDH,543.8333333333334,BTES,0.1396421052631579,0.0,0.0,0.0,0.13266,2050s,ssp245
4,CDH,455.3333333333333,BTES,0.18618947368421052,0.0,0.0,0.0,0.17688,2050s,ssp245
5,CDH,357.3333333333333,BTES,0.18618947368421052,0.0,0.0,0.0,0.22110000000000002,2050s,ssp245
6,CDH,297.8333333333333,BTES,0.18618947368421052,0.0,0.0,0.0,0.26532,2050s,ssp245
7,CDH,211.16666666666666,BTES,0.18618947368421052,0.0,0.0,0.0,0.30954000000000004,2050s,ssp245
8,CDH,157.83333333333334,BTES,0.18618947368421052,0.0,0.0,0.0,0.35376,2050s,ssp245
9,CDH,113.33333333333333,BTES,0.18618947368421052,0.0,0.0,0.0,0.39798,2050s,ssp245
10,CDH,77.83333333333333,BTES,0.18618947368421052,0.0,0.0,0.0,0.44220000000000004,2050s,ssp245
11,CDH,45.166666666666664,BTES,0.18618947368421052,0.0,0.0,0.0,0.48642,2050s,ssp245
12,CDH,28.5,BTES,0.18618947368421052,0.0,0.0,0.0,0.53064,2050s,ssp245
13,CDH,18.0,BTES,0.18618947368421052,0.0,0.0,0.0,0.57486,2050s,ssp245
14,CDH,7.166666666666667,BTES,0.18618947368421052,0.0,0.0,0.0,0.6190800000000001,2050s,ssp245
15,CDH,4.2,BTES,0.18618947368421052,0.0,0.0,0.0,0.6633,2050s,ssp245
16,CDH,2.6666666666666665,BTES,0.18618947368421052,0.0,0.0,0.0,0.70752,2050s,ssp245
17,CDH,2.3333333333333335,BTES,0.18618947368421052,0.0,0.0,0.0,0.7517400000000001,2050s,ssp245
18,CDH,1.0,BTES,0.18618947368421052,0.0,0.0,0.0,0.79596,2050s,ssp245
19,CDH,2.0,BTES,0.18618947368421052,0.0,0.0,0.0,0.84018,2050s,ssp245
20,CDH,2.0,BTES,0.18618947368421052,0.0,0.0,0.0,0.8844000000000001,2050s,ssp245
1,CDH,763.8333333333334,unmet_demand,0.0,0.0,0.0,0.0,0.04422,2050s,ssp245
2,CDH,656.1666666666666,unmet_demand,0.0,0.0,0.0,0.0,0.08844,2050s,ssp245
3,CDH,543.8333333333334,unmet_demand,0.0,0.0,0.0,0.0,0.13266,2050s,ssp245
4,CDH,455.3333333333333,unmet_demand,0.0,0.0,0.0,0.0,0.17688,2050s,ssp245
5,CDH,357.3333333333333,unmet_demand,0.0,0.0,0.0,0.0,0.22110000000000002,2050s,ssp245
6,CDH,297.8333333333333,unmet_demand,0.0,0.0,0.0,0.0,0.26532,2050s,ssp245
7,CDH,211.16666666666666,unmet_demand,0.0,0.0,0.0,0.0,0.30954000000000004,2050s,ssp245
8,CDH,157.83333333333334,unmet_demand,0.0,0.0,0.0,0.0,0.35376,2050s,ssp245
9,CDH,113.33333333333333,unmet_demand,0.0,0.0,0.0,0.0,0.39798,2050s,ssp245
10,CDH,77.83333333333333,unmet_demand,0.0,0.0,0.0,0.0,0.44220000000000004,2050s,ssp245
11,CDH,45.166666666666664,unmet_demand,0.0,0.0,0.0,0.0,0.48642,2050s,ssp245
12,CDH,28.5,unmet_demand,0.0,0.0,0.0,0.0,0.53064,2050s,ssp245
13,CDH,18.0,unmet_demand,0.0,0.0,0.0,0.0,0.57486,2050s,ssp245
14,CDH,7.166666666666667,unmet_demand,0.0,0.0,0.0,0.0,0.6190800000000001,2050s,ssp245
15,CDH,4.2,unmet_demand,0.0,0.0,0.0,0.0,0.6633,2050s,ssp245
16,CDH,2.6666666666666665,unmet_demand,0.0,0.0,0.0,0.0,0.70752,2050s,ssp245
17,CDH,2.3333333333333335,unmet_demand,0.0,0.0,0.0,0.0,0.7517400000000001,2050s,ssp245
18,CDH,1.0,unmet_demand,0.0,0.0,0.0,0.0,0.79596,2050s,ssp245
19,CDH,2.0,unmet_demand,0.0,0.0,0.0,0.0,0.84018,2050s,ssp245
20,CDH,2.0,unmet_demand,0.0,0.0,0.0,0.0,0.8844000000000001,2050s,ssp245
1,CDH,759.6666666666666,HeatPump,0.0,0.0,0.0,0.0,0.04422,2050s,ssp370
2,CDH,641.8333333333334,HeatPump,0.0,0.0,0.0,0.0,0.08844,2050s,ssp370
3,CDH,559.0,HeatPump,0.0,0.0,0.0,0.0,0.13266,2050s,ssp370
4,CDH,461.5,HeatPump,0.0,0.0,0.0,0.0,0.17688,2050s,ssp370
5,CDH,368.6666666666667,HeatPump,0.04422000000000001,0.0054629686824386944,0.0008194453023658042,1.650603755883625,0.22110000000000002,2050s,ssp370
6,CDH,293.6666666666667,HeatPump,0.08843999999999999,0.012123372172721041,0.001818505825908156,3.6630053740918433,0.26532,2050s,ssp370
7,CDH,222.33333333333334,HeatPump,0.13266000000000003,0.02001282293041675,0.0030019234395625123,6.0467563727701314,0.30954000000000004,2050s,ssp370
8,CDH,171.0,HeatPump,0.17688,0.029164056059356975,0.004374608408903546,8.81174747040396,0.35376,2050s,ssp370
9,CDH,120.0,HeatPump,0.2211,0.03961097958922516,0.0059416469383837735,11.968223778104806,0.39798,2050s,ssp370
10,CDH,79.16666666666667,HeatPump,0.26532,0.05138872748402092,0.007708309122603138,15.526800815804766,0.44220000000000004,2050s,ssp370
11,CDH,49.0,HeatPump,0.30954000000000004,0.06453371555150174,0.009680057332725261,19.498481404964494,0.48642,2050s,ssp370
12,CDH,28.666666666666668,HeatPump,0.35375999999999996,0.07908370044052863,0.011862555066079295,23.894673494273125,0.53064,2050s,ssp370
13,CDH,19.166666666666668,HeatPump,0.39798,0.0950778419271352,0.014261676289070279,28.727208979016527,0.57486,2050s,ssp370
14,CDH,13.6,HeatPump,0.44220000000000004,0.11255676870520463,0.016883515305780694,34.008363579342216,0.6190800000000001,2050s,ssp370
15,CDH,4.25,HeatPump,0.48641999999999996,0.13156264791399014,0.01973439718709852,39.75087784758942,0.6633,2050s,ssp370
16,CDH,2.6666666666666665,HeatPump,0.53064,0.15213925865246777,0.022820888797870167,45.96797938021709,0.70752,2050s,ssp370
17,CDH,7.0,HeatPump,0.57486,0.1743320697498105,0.026149810462471574,52.67340631569371,0.7517400000000001,2050s,ssp370
1,CDH,759.6666666666666,Geothermal,0.04422,0.002327368421052632,0.0003491052631578948,0.7032006369473685,0.04422,2050s,ssp370
2,CDH,641.8333333333334,Geothermal,0.08844,0.004654736842105264,0.0006982105263157896,1.406401273894737,0.08844,2050s,ssp370
3,CDH,559.0,Geothermal,0.13266,0.0069821052631578945,0.0010473157894736842,2.109601910842105,0.13266,2050s,ssp370
4,CDH,461.5,Geothermal,0.17688,0.009309473684210527,0.0013964210526315791,2.812802547789474,0.17688,2050s,ssp370
5,CDH,368.6666666666667,Geothermal,0.17688,0.009309473684210527,0.0013964210526315791,2.812802547789474,0.22110000000000002,2050s,ssp370
6,CDH,293.6666666666667,Geothermal,0.17688,0.009309473684210527,0.0013964210526315791,2.812802547789474,0.26532,2050s,ssp370
7,CDH,222.33333333333334,Geothermal,0.17688,0.009309473684210527,0.0013964210526315791,2.812802547789474,0.30954000000000004,2050s,ssp370
8,CDH,171.0,Geothermal,0.17688,0.009309473684210527,0.0013964210526315791,2.812802547789474,0.35376,2050s,ssp370
9,CDH,120.0,Geothermal,0.17688,0.009309473684210527,0.0013964210526315791,2.812802547789474,0.39798,2050s,ssp370
10,CDH,79.16666666666667,Geothermal,0.17688,0.009309473684210527,0.0013964210526315791,2.812802547789474,0.44220000000000004,2050s,ssp370
11,CDH,49.0,Geothermal,0.17688,0.009309473684210527,0.0013964210526315791,2.812802547789474,0.48642,2050s,ssp370
12,CDH,28.666666666666668,Geothermal,0.17688,0.009309473684210527,0.0013964210526315791,2.812802547789474,0.53064,2050s,ssp370
13,CDH,19.166666666666668,Geothermal,0.17688,0.009309473684210527,0.0013964210526315791,2.812802547789474,0.57486,2050s,ssp370
14,CDH,13.6,Geothermal,0.17688,0.009309473684210527,0.0013964210526315791,2.812802547789474,0.6190800000000001,2050s,ssp370
15,CDH,4.25,Geothermal,0.17688,0.009309473684210527,0.0013964210526315791,2.812802547789474,0.6633,2050s,ssp370
16,CDH,2.6666666666666665,Geothermal,0.17688,0.009309473684210527,0.0013964210526315791,2.812802547789474,0.70752,2050s,ssp370
17,CDH,7.0,Geothermal,0.17688,0.009309473684210527,0.0013964210526315791,2.812802547789474,0.7517400000000001,2050s,ssp370
1,CDH,759.6666666666666,BTES,0.04654736842105263,0.0,0.0,0.0,0.04422,2050s,ssp370
2,CDH,641.8333333333334,BTES,0.09309473684210526,0.0,0.0,0.0,0.08844,2050s,ssp370
3,CDH,559.0,BTES,0.1396421052631579,0.0,0.0,0.0,0.13266,2050s,ssp370
4,CDH,461.5,BTES,0.18618947368421052,0.0,0.0,0.0,0.17688,2050s,ssp370
5,CDH,368.6666666666667,BTES,0.18618947368421052,0.0,0.0,0.0,0.22110000000000002,2050s,ssp370
6,CDH,293.6666666666667,BTES,0.18618947368421052,0.0,0.0,0.0,0.26532,2050s,ssp370
7,CDH,222.33333333333334,BTES,0.18618947368421052,0.0,0.0,0.0,0.30954000000000004,2050s,ssp370
8,CDH,171.0,BTES,0.18618947368421052,0.0,0.0,0.0,0.35376,2050s,ssp370
9,CDH,120.0,BTES,0.18618947368421052,0.0,0.0,0.0,0.39798,2050s,ssp370
10,CDH,79.16666666666667,BTES,0.18618947368421052,0.0,0.0,0.0,0.44220000000000004,2050s,ssp370
11,CDH,49.0,BTES,0.18618947368421052,0.0,0.0,0.0,0.48642,2050s,ssp370
12,CDH,28.666666666666668,BTES,0.18618947368421052,0.0,0.0,0.0,0.53064,2050s,ssp370
13,CDH,19.166666666666668,BTES,0.18618947368421052,0.0,0.0,0.0,0.57486,2050s,ssp370
14,CDH,13.6,BTES,0.18618947368421052,0.0,0.0,0.0,0.6190800000000001,2050s,ssp370
15,CDH,4.25,BTES,0.18618947368421052,0.0,0.0,0.0,0.6633,2050s,ssp370
16,CDH,2.6666666666666665,BTES,0.18618947368421052,0.0,0.0,0.0,0.70752,2050s,ssp370
17,CDH,7.0,BTES,0.18618947368421052,0.0,0.0,0.0,0.7517400000000001,2050s,ssp370
1,CDH,759.6666666666666,unmet_demand,0.0,0.0,0.0,0.0,0.04422,2050s,ssp370
2,CDH,641.8333333333334,unmet_demand,0.0,0.0,0.0,0.0,0.08844,2050s,ssp370
3,CDH,559.0,unmet_demand,0.0,0.0,0.0,0.0,0.13266,2050s,ssp370
4,CDH,461.5,unmet_demand,0.0,0.0,0.0,0.0,0.17688,2050s,ssp370
5,CDH,368.6666666666667,unmet_demand,0.0,0.0,0.0,0.0,0.22110000000000002,2050s,ssp370
6,CDH,293.6666666666667,unmet_demand,0.0,0.0,0.0,0.0,0.26532,2050s,ssp370
7,CDH,222.33333333333334,unmet_demand,0.0,0.0,0.0,0.0,0.30954000000000004,2050s,ssp370
8,CDH,171.0,unmet_demand,0.0,0.0,0.0,0.0,0.35376,2050s,ssp370
9,CDH,120.0,unmet_demand,0.0,0.0,0.0,0.0,0.39798,2050s,ssp370
10,CDH,79.16666666666667,unmet_demand,0.0,0.0,0.0,0.0,0.44220000000000004,2050s,ssp370
11,CDH,49.0,unmet_demand,0.0,0.0,0.0,0.0,0.48642,2050s,ssp370
12,CDH,28.666666666666668,unmet_demand,0.0,0.0,0.0,0.0,0.53064,2050s,ssp370
13,CDH,19.166666666666668,unmet_demand,0.0,0.0,0.0,0.0,0.57486,2050s,ssp370
14,CDH,13.6,unmet_demand,0.0,0.0,0.0,0.0,0.6190800000000001,2050s,ssp370
15,CDH,4.25,unmet_demand,0.0,0.0,0.0,0.0,0.6633,2050s,ssp370
16,CDH,2.6666666666666665,unmet_demand,0.0,0.0,0.0,0.0,0.70752,2050s,ssp370
17,CDH,7.0,unmet_demand,0.0,0.0,0.0,0.0,0.7517400000000001,2050s,ssp370
1,CDH,817.3333333333334,HeatPump,0.0,0.0,0.0,0.0,0.04422,2050s,ssp585
2,CDH,725.8333333333334,HeatPump,0.0,0.0,0.0,0.0,0.08844,2050s,ssp585
3,CDH,606.6666666666666,HeatPump,0.0,0.0,0.0,0.0,0.13266,2050s,ssp585
4,CDH,526.5,HeatPump,0.0,0.0,0.0,0.0,0.17688,2050s,ssp585
5,CDH,411.3333333333333,HeatPump,0.0,0.0,0.0,0.0,0.22110000000000002,2050s,ssp585
6,CDH,336.1666666666667,HeatPump,0.04421999999999998,0.006061686086360519,0.0009092529129540777,1.8185058259081557,0.26532,2050s,ssp585
7,CDH,280.5,HeatPump,0.08844000000000002,0.013341881953611167,0.002001282293041675,4.00256458608335,0.30954000000000004,2050s,ssp585
8,CDH,188.5,HeatPump,0.13266,0.02187304204451773,0.003280956306677659,6.561912613355319,0.35376,2050s,ssp585
9,CDH,137.0,HeatPump,0.17687999999999998,0.03168878367138012,0.004753317550707018,9.506635101414037,0.39798,2050s,ssp585
10,CDH,94.83333333333333,HeatPump,0.22110000000000002,0.04282393957001744,0.006423590935502616,12.847181871005233,0.44220000000000004,2050s,ssp585
11,CDH,63.5,HeatPump,0.26532,0.05531461332985863,0.008297191999478794,16.59438399895759,0.48642,2050s,ssp585
12,CDH,42.666666666666664,HeatPump,0.30954,0.06919823788546256,0.010379735682819384,20.759471365638767,0.53064,2050s,ssp585
13,CDH,24.666666666666668,HeatPump,0.35376,0.08451363726856463,0.012677045590284694,25.35409118056939,0.57486,2050s,ssp585
14,CDH,15.166666666666666,HeatPump,0.39798000000000006,0.10130109183468418,0.015195163775202625,30.390327550405253,0.6190800000000001,2050s,ssp585
15,CDH,9.0,HeatPump,0.4422,0.11960240719453649,0.017940361079180473,35.880722158360946,0.6633,2050s,ssp585
16,CDH,6.0,HeatPump,0.48642,0.13946098709809546,0.02091914806471432,41.838296129428635,0.70752,2050s,ssp585
17,CDH,5.0,HeatPump,0.53064,0.1609219105382866,0.02413828658074299,48.276573161485985,0.7517400000000001,2050s,ssp585
18,CDH,2.3333333333333335,HeatPump,0.5748599999999999,0.18403201336209896,0.02760480200431484,55.20960400862969,0.79596,2050s,ssp585
19,CDH,3.0,HeatPump,0.6190800000000001,0.20883997469955726,0.031325996204933586,62.65199240986718,0.84018,2050s,ssp585
1,CDH,817.3333333333334,Geothermal,0.04422,0.002327368421052632,0.0003491052631578948,0.6982105263157895,0.04422,2050s,ssp585
2,CDH,725.8333333333334,Geothermal,0.08844,0.004654736842105264,0.0006982105263157896,1.396421052631579,0.08844,2050s,ssp585
3,CDH,606.6666666666666,Geothermal,0.13266,0.0069821052631578945,0.0010473157894736842,2.0946315789473684,0.13266,2050s,ssp585
4,CDH,526.5,Geothermal,0.17688,0.009309473684210527,0.0013964210526315791,2.792842105263158,0.17688,2050s,ssp585
5,CDH,411.3333333333333,Geothermal,0.22110000000000002,0.011636842105263159,0.0017455263157894738,3.4910526315789476,0.22110000000000002,2050s,ssp585
6,CDH,336.1666666666667,Geothermal,0.22110000000000002,0.011636842105263159,0.0017455263157894738,3.4910526315789476,0.26532,2050s,ssp585
7,CDH,280.5,Geothermal,0.22110000000000002,0.011636842105263159,0.0017455263157894738,3.4910526315789476,0.30954000000000004,2050s,ssp585
8,CDH,188.5,Geothermal,0.22110000000000002,0.011636842105263159,0.0017455263157894738,3.4910526315789476,0.35376,2050s,ssp585
9,CDH,137.0,Geothermal,0.22110000000000002,0.011636842105263159,0.0017455263157894738,3.4910526315789476,0.39798,2050s,ssp585
10,CDH,94.83333333333333,Geothermal,0.22110000000000002,0.011636842105263159,0.0017455263157894738,3.4910526315789476,0.44220000000000004,2050s,ssp585
11,CDH,63.5,Geothermal,0.22110000000000002,0.011636842105263159,0.0017455263157894738,3.4910526315789476,0.48642,2050s,ssp585
12,CDH,42.666666666666664,Geothermal,0.22110000000000002,0.011636842105263159,0.0017455263157894738,3.4910526315789476,0.53064,2050s,ssp585
13,CDH,24.666666666666668,Geothermal,0.22110000000000002,0.011636842105263159,0.0017455263157894738,3.4910526315789476,0.57486,2050s,ssp585
14,CDH,15.166666666666666,Geothermal,0.22110000000000002,0.011636842105263159,0.0017455263157894738,3.4910526315789476,0.6190800000000001,2050s,ssp585
15,CDH,9.0,Geothermal,0.22110000000000002,0.011636842105263159,0.0017455263157894738,3.4910526315789476,0.6633,2050s,ssp585
16,CDH,6.0,Geothermal,0.22110000000000002,0.011636842105263159,0.0017455263157894738,3.4910526315789476,0.70752,2050s,ssp585
17,CDH,5.0,Geothermal,0.22110000000000002,0.011636842105263159,0.0017455263157894738,3.4910526315789476,0.7517400000000001,2050s,ssp585
18,CDH,2.3333333333333335,Geothermal,0.22110000000000002,0.011636842105263159,0.0017455263157894738,3.4910526315789476,0.79596,2050s,ssp585
19,CDH,3.0,Geothermal,0.22110000000000002,0.011636842105263159,0.0017455263157894738,3.4910526315789476,0.84018,2050s,ssp585
1,CDH,817.3333333333334,BTES,0.04654736842105263,0.0,0.0,0.0,0.04422,2050s,ssp585
2,CDH,725.8333333333334,BTES,0.09309473684210526,0.0,0.0,0.0,0.08844,2050s,ssp585
3,CDH,606.6666666666666,BTES,0.1396421052631579,0.0,0.0,0.0,0.13266,2050s,ssp585
4,CDH,526.5,BTES,0.18618947368421052,0.0,0.0,0.0,0.17688,2050s,ssp585
5,CDH,411.3333333333333,BTES,0.23273684210526316,0.0,0.0,0.0,0.22110000000000002,2050s,ssp585
6,CDH,336.1666666666667,BTES,0.23273684210526316,0.0,0.0,0.0,0.26532,2050s,ssp585
7,CDH,280.5,BTES,0.23273684210526316,0.0,0.0,0.0,0.30954000000000004,2050s,ssp585
8,CDH,188.5,BTES,0.23273684210526316,0.0,0.0,0.0,0.35376,2050s,ssp585
9,CDH,137.0,BTES,0.23273684210526316,0.0,0.0,0.0,0.39798,2050s,ssp585
10,CDH,94.83333333333333,BTES,0.23273684210526316,0.0,0.0,0.0,0.44220000000000004,2050s,ssp585
11,CDH,63.5,BTES,0.23273684210526316,0.0,0.0,0.0,0.48642,2050s,ssp585
12,CDH,42.666666666666664,BTES,0.23273684210526316,0.0,0.0,0.0,0.53064,2050s,ssp585
13,CDH,24.666666666666668,BTES,0.23273684210526316,0.0,0.0,0.0,0.57486,2050s,ssp585
14,CDH,15.166666666666666,BTES,0.23273684210526316,0.0,0.0,0.0,0.6190800000000001,2050s,ssp585
15,CDH,9.0,BTES,0.23273684210526316,0.0,0.0,0.0,0.6633,2050s,ssp585
16,CDH,6.0,BTES,0.23273684210526316,0.0,0.0,0.0,0.70752,2050s,ssp585
17,CDH,5.0,BTES,0.23273684210526316,0.0,0.0,0.0,0.7517400000000001,2050s,ssp585
18,CDH,2.3333333333333335,BTES,0.23273684210526316,0.0,0.0,0.0,0.79596,2050s,ssp585
19,CDH,3.0,BTES,0.23273684210526316,0.0,0.0,0.0,0.84018,2050s,ssp585
1,CDH,817.3333333333334,unmet_demand,0.0,0.0,0.0,0.0,0.04422,2050s,ssp585
2,CDH,725.8333333333334,unmet_demand,0.0,0.0,0.0,0.0,0.08844,2050s,ssp585
3,CDH,606.6666666666666,unmet_demand,0.0,0.0,0.0,0.0,0.13266,2050s,ssp585
4,CDH,526.5,unmet_demand,0.0,0.0,0.0,0.0,0.17688,2050s,ssp585
5,CDH,411.3333333333333,unmet_demand,0.0,0.0,0.0,0.0,0.22110000000000002,2050s,ssp585
6,CDH,336.1666666666667,unmet_demand,0.0,0.0,0.0,0.0,0.26532,2050s,ssp585
7,CDH,280.5,unmet_demand,0.0,0.0,0.0,0.0,0.30954000000000004,2050s,ssp585
8,CDH,188.5,unmet_demand,0.0,0.0,0.0,0.0,0.35376,2050s,ssp585
9,CDH,137.0,unmet_demand,0.0,0.0,0.0,0.0,0.39798,2050s,ssp585
10,CDH,94.83333333333333,unmet_demand,0.0,0.0,0.0,0.0,0.44220000000000004,2050s,ssp585
11,CDH,63.5,unmet_demand,0.0,0.0,0.0,0.0,0.48642,2050s,ssp585
12,CDH,42.666666666666664,unmet_demand,0.0,0.0,0.0,0.0,0.53064,2050s,ssp585
13,CDH,24.666666666666668,unmet_demand,0.0,0.0,0.0,0.0,0.57486,2050s,ssp585
14,CDH,15.166666666666666,unmet_demand,0.0,0.0,0.0,0.0,0.6190800000000001,2050s,ssp585
15,CDH,9.0,unmet_demand,0.0,0.0,0.0,0.0,0.6633,2050s,ssp585
16,CDH,6.0,unmet_demand,0.0,0.0,0.0,0.0,0.70752,2050s,ssp585
17,CDH,5.0,unmet_demand,0.0,0.0,0.0,0.0,0.7517400000000001,2050s,ssp585
18,CDH,2.3333333333333335,unmet_demand,0.0,0.0,0.0,0.0,0.79596,2050s,ssp585
19,CDH,3.0,unmet_demand,0.0,0.0,0.0,0.0,0.84018,2050s,ssp585
1,CDH,698.0,HeatPump,0.0,0.0,0.0,0.0,0.04422,2060s,ssp126
2,CDH,609.8333333333334,HeatPump,0.0,0.0,0.0,0.0,0.08844,2060s,ssp126
3,CDH,517.5,HeatPump,0.0,0.0,0.0,0.0,0.13266,2060s,ssp126
4,CDH,415.0,HeatPump,0.04421999999999998,0.004874517729193458,0.0007311776593790187,1.5567395185309567,0.17688,2060s,ssp126
5,CDH,332.8333333333333,HeatPump,0.08843999999999999,0.010925937364877385,0.0016388906047316077,3.489337698175304,0.22110000000000002,2060s,ssp126
6,CDH,256.5,HeatPump,0.13265999999999997,0.01818505825908156,0.002727758738862234,5.807630705527072,0.26532,2060s,ssp126
7,CDH,178.83333333333334,HeatPump,0.17688,0.02668376390722233,0.0040025645860833495,8.521800942222894,0.30954000000000004,2060s,ssp126
8,CDH,130.83333333333334,HeatPump,0.2211,0.03645507007419622,0.005468260511129432,11.6423924146249,0.35376,2060s,ssp126
9,CDH,105.66666666666667,HeatPump,0.26532,0.04753317550707019,0.007129976326060528,15.180326929566318,0.39798,2060s,ssp126
10,CDH,65.33333333333333,HeatPump,0.30954000000000004,0.05995351539802442,0.008993027309703663,19.146921168425337,0.44220000000000004,2060s,ssp126
11,CDH,44.333333333333336,HeatPump,0.35375999999999996,0.07375281777314484,0.011062922665971725,23.55390469560649,0.48642,2060s,ssp126
12,CDH,30.666666666666668,HeatPump,0.39798,0.08896916299559472,0.013345374449339208,28.413438961638768,0.53064,2060s,ssp126
13,CDH,19.833333333333332,HeatPump,0.44220000000000004,0.10564204658570579,0.015846306987855868,33.73813736557437,0.57486,2060s,ssp126
14,CDH,8.333333333333334,HeatPump,0.4864200000000001,0.12381244557572511,0.018571866836358766,39.54108644622494,0.6190800000000001,2060s,ssp126
15,CDH,4.333333333333333,HeatPump,0.53064,0.14352288863344378,0.021528433295016566,45.835868277038344,0.6633,2060s,ssp126
16,CDH,4.0,HeatPump,0.57486,0.1648175302068401,0.024722629531026014,52.63658414513783,0.70752,2060s,ssp126
1,CDH,698.0,Geothermal,0.04422,0.002327368421052632,0.0003491052631578948,0.7432748420494737,0.04422,2060s,ssp126
2,CDH,609.8333333333334,Geothermal,0.08844,0.004654736842105264,0.0006982105263157896,1.4865496840989474,0.08844,2060s,ssp126
3,CDH,517.5,Geothermal,0.13266,0.0069821052631578945,0.0010473157894736842,2.229824526148421,0.13266,2060s,ssp126
4,CDH,415.0,Geothermal,0.13266000000000003,0.006982105263157896,0.0010473157894736844,2.2298245261484215,0.17688,2060s,ssp126
5,CDH,332.8333333333333,Geothermal,0.13266000000000003,0.006982105263157896,0.0010473157894736844,2.2298245261484215,0.22110000000000002,2060s,ssp126
6,CDH,256.5,Geothermal,0.13266000000000003,0.006982105263157896,0.0010473157894736844,2.2298245261484215,0.26532,2060s,ssp126
7,CDH,178.83333333333334,Geothermal,0.13266000000000003,0.006982105263157896,0.0010473157894736844,2.2298245261484215,0.30954000000000004,2060s,ssp126
8,CDH,130.83333333333334,Geothermal,0.13266000000000003,0.006982105263157896,0.0010473157894736844,2.2298245261484215,0.35376,2060s,ssp126
9,CDH,105.66666666666667,Geothermal,0.13266000000000003,0.006982105263157896,0.0010473157894736844,2.2298245261484215,0.39798,2060s,ssp126
10,CDH,65.33333333333333,Geothermal,0.13266000000000003,0.006982105263157896,0.0010473157894736844,2.2298245261484215,0.44220000000000004,2060s,ssp126
11,CDH,44.333333333333336,Geothermal,0.13266000000000003,0.006982105263157896,0.0010473157894736844,2.2298245261484215,0.48642,2060s,ssp126
12,CDH,30.666666666666668,Geothermal,0.13266000000000003,0.006982105263157896,0.0010473157894736844,2.2298245261484215,0.53064,2060s,ssp126
13,CDH,19.833333333333332,Geothermal,0.13266000000000003,0.006982105263157896,0.0010473157894736844,2.2298245261484215,0.57486,2060s,ssp126
14,CDH,8.333333333333334,Geothermal,0.13266000000000003,0.006982105263157896,0.0010473157894736844,2.2298245261484215,0.6190800000000001,2060s,ssp126
15,CDH,4.333333333333333,Geothermal,0.13266000000000003,0.006982105263157896,0.0010473157894736844,2.2298245261484215,0.6633,2060s,ssp126
16,CDH,4.0,Geothermal,0.13266000000000003,0.006982105263157896,0.0010473157894736844,2.2298245261484215,0.70752,2060s,ssp126
1,CDH,698.0,BTES,0.04654736842105263,0.0,0.0,0.0,0.04422,2060s,ssp126
2,CDH,609.8333333333334,BTES,0.09309473684210526,0.0,0.0,0.0,0.08844,2060s,ssp126
3,CDH,517.5,BTES,0.1396421052631579,0.0,0.0,0.0,0.13266,2060s,ssp126
4,CDH,415.0,BTES,0.1396421052631579,0.0,0.0,0.0,0.17688,2060s,ssp126
5,CDH,332.8333333333333,BTES,0.1396421052631579,0.0,0.0,0.0,0.22110000000000002,2060s,ssp126
6,CDH,256.5,BTES,0.1396421052631579,0.0,0.0,0.0,0.26532,2060s,ssp126
7,CDH,178.83333333333334,BTES,0.1396421052631579,0.0,0.0,0.0,0.30954000000000004,2060s,ssp126
8,CDH,130.83333333333334,BTES,0.1396421052631579,0.0,0.0,0.0,0.35376,2060s,ssp126
9,CDH,105.66666666666667,BTES,0.1396421052631579,0.0,0.0,0.0,0.39798,2060s,ssp126
10,CDH,65.33333333333333,BTES,0.1396421052631579,0.0,0.0,0.0,0.44220000000000004,2060s,ssp126
11,CDH,44.333333333333336,BTES,0.1396421052631579,0.0,0.0,0.0,0.48642,2060s,ssp126
12,CDH,30.666666666666668,BTES,0.1396421052631579,0.0,0.0,0.0,0.53064,2060s,ssp126
13,CDH,19.833333333333332,BTES,0.1396421052631579,0.0,0.0,0.0,0.57486,2060s,ssp126
14,CDH,8.333333333333334,BTES,0.1396421052631579,0.0,0.0,0.0,0.6190800000000001,2060s,ssp126
15,CDH,4.333333333333333,BTES,0.1396421052631579,0.0,0.0,0.0,0.6633,2060s,ssp126
16,CDH,4.0,BTES,0.1396421052631579,0.0,0.0,0.0,0.70752,2060s,ssp126
1,CDH,698.0,unmet_demand,0.0,0.0,0.0,0.0,0.04422,2060s,ssp126
2,CDH,609.8333333333334,unmet_demand,0.0,0.0,0.0,0.0,0.08844,2060s,ssp126
3,CDH,517.5,unmet_demand,0.0,0.0,0.0,0.0,0.13266,2060s,ssp126
4,CDH,415.0,unmet_demand,0.0,0.0,0.0,0.0,0.17688,2060s,ssp126
5,CDH,332.8333333333333,unmet_demand,0.0,0.0,0.0,0.0,0.22110000000000002,2060s,ssp126
6,CDH,256.5,unmet_demand,0.0,0.0,0.0,0.0,0.26532,2060s,ssp126
7,CDH,178.83333333333334,unmet_demand,0.0,0.0,0.0,0.0,0.30954000000000004,2060s,ssp126
8,CDH,130.83333333333334,unmet_demand,0.0,0.0,0.0,0.0,0.35376,2060s,ssp126
9,CDH,105.66666666666667,unmet_demand,0.0,0.0,0.0,0.0,0.39798,2060s,ssp126
10,CDH,65.33333333333333,unmet_demand,0.0,0.0,0.0,0.0,0.44220000000000004,2060s,ssp126
11,CDH,44.333333333333336,unmet_demand,0.0,0.0,0.0,0.0,0.48642,2060s,ssp126
12,CDH,30.666666666666668,unmet_demand,0.0,0.0,0.0,0.0,0.53064,2060s,ssp126
13,CDH,19.833333333333332,unmet_demand,0.0,0.0,0.0,0.0,0.57486,2060s,ssp126
14,CDH,8.333333333333334,unmet_demand,0.0,0.0,0.0,0.0,0.6190800000000001,2060s,ssp126
15,CDH,4.333333333333333,unmet_demand,0.0,0.0,0.0,0.0,0.6633,2060s,ssp126
16,CDH,4.0,unmet_demand,0.0,0.0,0.0,0.0,0.70752,2060s,ssp126
1,CDH,830.1666666666666,HeatPump,0.0,0.0,0.0,0.0,0.04422,2060s,ssp245
2,CDH,721.6666666666666,HeatPump,0.0,0.0,0.0,0.0,0.08844,2060s,ssp245
3,CDH,606.3333333333334,HeatPump,0.0,0.0,0.0,0.0,0.13266,2060s,ssp245
4,CDH,504.1666666666667,HeatPump,0.0,0.0,0.0,0.0,0.17688,2060s,ssp245
5,CDH,426.3333333333333,HeatPump,0.04422000000000001,0.0054629686824386944,0.0008194453023658042,1.660514020842548,0.22110000000000002,2060s,ssp245
6,CDH,328.1666666666667,HeatPump,0.08843999999999999,0.012123372172721041,0.001818505825908156,3.68499814714462,0.26532,2060s,ssp245
7,CDH,268.1666666666667,HeatPump,0.13266000000000003,0.02001282293041675,0.0030019234395625123,6.083061244598154,0.30954000000000004,2060s,ssp245
8,CDH,203.83333333333334,HeatPump,0.17688,0.029164056059356975,0.004374608408903546,8.864653415802147,0.35376,2060s,ssp245
9,CDH,150.66666666666666,HeatPump,0.2211,0.03961097958922516,0.0059416469383837735,12.040081283763518,0.39798,2060s,ssp245
10,CDH,94.66666666666667,HeatPump,0.26532,0.05138872748402092,0.007708309122603138,15.620024104253345,0.44220000000000004,2060s,ssp245
11,CDH,72.5,HeatPump,0.30954000000000004,0.06453371555150174,0.009680057332725261,19.615550759939023,0.48642,2060s,ssp245
12,CDH,45.833333333333336,HeatPump,0.35375999999999996,0.07908370044052863,0.011862555066079295,24.038137693110134,0.53064,2060s,ssp245
13,CDH,28.166666666666668,HeatPump,0.39798,0.0950778419271352,0.014261676289070279,28.89968783803863,0.57486,2060s,ssp245
14,CDH,19.166666666666668,HeatPump,0.44220000000000004,0.11255676870520463,0.016883515305780694,34.21255061859334,0.6190800000000001,2060s,ssp245
15,CDH,11.833333333333334,HeatPump,0.48641999999999996,0.13156264791399014,0.01973439718709852,39.989543081698564,0.6633,2060s,ssp245
16,CDH,9.4,HeatPump,0.53064,0.15213925865246777,0.022820888797870167,46.24397224262299,0.70752,2060s,ssp245
17,CDH,12.5,HeatPump,0.57486,0.1743320697498105,0.026149810462471574,52.98965872395149,0.7517400000000001,2060s,ssp245
18,CDH,4.0,HeatPump,0.61908,0.19818832208226042,0.029728248312339063,60.240961776471856,0.79596,2060s,ssp245
19,CDH,1.0,HeatPump,0.6633,0.22375711574952561,0.03356356736242884,68.0128057771537,0.84018,2060s,ssp245
1,CDH,830.1666666666666,Geothermal,0.04422,0.002327368421052632,0.0003491052631578948,0.7074226706163159,0.04422,2060s,ssp245
2,CDH,721.6666666666666,Geothermal,0.08844,0.004654736842105264,0.0006982105263157896,1.4148453412326318,0.08844,2060s,ssp245
3,CDH,606.3333333333334,Geothermal,0.13266,0.0069821052631578945,0.0010473157894736842,2.1222680118489476,0.13266,2060s,ssp245
4,CDH,504.1666666666667,Geothermal,0.17688,0.009309473684210527,0.0013964210526315791,2.8296906824652637,0.17688,2060s,ssp245
5,CDH,426.3333333333333,Geothermal,0.17688,0.009309473684210527,0.0013964210526315791,2.8296906824652637,0.22110000000000002,2060s,ssp245
6,CDH,328.1666666666667,Geothermal,0.17688,0.009309473684210527,0.0013964210526315791,2.8296906824652637,0.26532,2060s,ssp245
7,CDH,268.1666666666667,Geothermal,0.17688,0.009309473684210527,0.0013964210526315791,2.8296906824652637,0.30954000000000004,2060s,ssp245
8,CDH,203.83333333333334,Geothermal,0.17688,0.009309473684210527,0.0013964210526315791,2.8296906824652637,0.35376,2060s,ssp245
9,CDH,150.66666666666666,Geothermal,0.17688,0.009309473684210527,0.0013964210526315791,2.8296906824652637,0.39798,2060s,ssp245
10,CDH,94.66666666666667,Geothermal,0.17688,0.009309473684210527,0.0013964210526315791,2.8296906824652637,0.44220000000000004,2060s,ssp245
11,CDH,72.5,Geothermal,0.17688,0.009309473684210527,0.0013964210526315791,2.8296906824652637,0.48642,2060s,ssp245
12,CDH,45.833333333333336,Geothermal,0.17688,0.009309473684210527,0.0013964210526315791,2.8296906824652637,0.53064,2060s,ssp245
13,CDH,28.166666666666668,Geothermal,0.17688,0.009309473684210527,0.0013964210526315791,2.8296906824652637,0.57486,2060s,ssp245
14,CDH,19.166666666666668,Geothermal,0.17688,0.009309473684210527,0.0013964210526315791,2.8296906824652637,0.6190800000000001,2060s,ssp245
15,CDH,11.833333333333334,Geothermal,0.17688,0.009309473684210527,0.0013964210526315791,2.8296906824652637,0.6633,2060s,ssp245
16,CDH,9.4,Geothermal,0.17688,0.009309473684210527,0.0013964210526315791,2.8296906824652637,0.70752,2060s,ssp245
17,CDH,12.5,Geothermal,0.17688,0.009309473684210527,0.0013964210526315791,2.8296906824652637,0.7517400000000001,2060s,ssp245
18,CDH,4.0,Geothermal,0.17688,0.009309473684210527,0.0013964210526315791,2.8296906824652637,0.79596,2060s,ssp245
19,CDH,1.0,Geothermal,0.17688,0.009309473684210527,0.0013964210526315791,2.8296906824652637,0.84018,2060s,ssp245
1,CDH,830.1666666666666,BTES,0.04654736842105263,0.0,0.0,0.0,0.04422,2060s,ssp245
2,CDH,721.6666666666666,BTES,0.09309473684210526,0.0,0.0,0.0,0.08844,2060s,ssp245
3,CDH,606.3333333333334,BTES,0.1396421052631579,0.0,0.0,0.0,0.13266,2060s,ssp245
4,CDH,504.1666666666667,BTES,0.18618947368421052,0.0,0.0,0.0,0.17688,2060s,ssp245
5,CDH,426.3333333333333,BTES,0.18618947368421052,0.0,0.0,0.0,0.22110000000000002,2060s,ssp245
6,CDH,328.1666666666667,BTES,0.18618947368421052,0.0,0.0,0.0,0.26532,2060s,ssp245
7,CDH,268.1666666666667,BTES,0.18618947368421052,0.0,0.0,0.0,0.30954000000000004,2060s,ssp245
8,CDH,203.83333333333334,BTES,0.18618947368421052,0.0,0.0,0.0,0.35376,2060s,ssp245
9,CDH,150.66666666666666,BTES,0.18618947368421052,0.0,0.0,0.0,0.39798,2060s,ssp245
10,CDH,94.66666666666667,BTES,0.18618947368421052,0.0,0.0,0.0,0.44220000000000004,2060s,ssp245
11,CDH,72.5,BTES,0.18618947368421052,0.0,0.0,0.0,0.48642,2060s,ssp245
12,CDH,45.833333333333336,BTES,0.18618947368421052,0.0,0.0,0.0,0.53064,2060s,ssp245
13,CDH,28.166666666666668,BTES,0.18618947368421052,0.0,0.0,0.0,0.57486,2060s,ssp245
14,CDH,19.166666666666668,BTES,0.18618947368421052,0.0,0.0,0.0,0.6190800000000001,2060s,ssp245
15,CDH,11.833333333333334,BTES,0.18618947368421052,0.0,0.0,0.0,0.6633,2060s,ssp245
16,CDH,9.4,BTES,0.18618947368421052,0.0,0.0,0.0,0.70752,2060s,ssp245
17,CDH,12.5,BTES,0.18618947368421052,0.0,0.0,0.0,0.7517400000000001,2060s,ssp245
18,CDH,4.0,BTES,0.18618947368421052,0.0,0.0,0.0,0.79596,2060s,ssp245
19,CDH,1.0,BTES,0.18618947368421052,0.0,0.0,0.0,0.84018,2060s,ssp245
1,CDH,830.1666666666666,unmet_demand,0.0,0.0,0.0,0.0,0.04422,2060s,ssp245
2,CDH,721.6666666666666,unmet_demand,0.0,0.0,0.0,0.0,0.08844,2060s,ssp245
3,CDH,606.3333333333334,unmet_demand,0.0,0.0,0.0,0.0,0.13266,2060s,ssp245
4,CDH,504.1666666666667,unmet_demand,0.0,0.0,0.0,0.0,0.17688,2060s,ssp245
5,CDH,426.3333333333333,unmet_demand,0.0,0.0,0.0,0.0,0.22110000000000002,2060s,ssp245
6,CDH,328.1666666666667,unmet_demand,0.0,0.0,0.0,0.0,0.26532,2060s,ssp245
7,CDH,268.1666666666667,unmet_demand,0.0,0.0,0.0,0.0,0.30954000000000004,2060s,ssp245
8,CDH,203.83333333333334,unmet_demand,0.0,0.0,0.0,0.0,0.35376,2060s,ssp245
9,CDH,150.66666666666666,unmet_demand,0.0,0.0,0.0,0.0,0.39798,2060s,ssp245
10,CDH,94.66666666666667,unmet_demand,0.0,0.0,0.0,0.0,0.44220000000000004,2060s,ssp245
11,CDH,72.5,unmet_demand,0.0,0.0,0.0,0.0,0.48642,2060s,ssp245
12,CDH,45.833333333333336,unmet_demand,0.0,0.0,0.0,0.0,0.53064,2060s,ssp245
13,CDH,28.166666666666668,unmet_demand,0.0,0.0,0.0,0.0,0.57486,2060s,ssp245
14,CDH,19.166666666666668,unmet_demand,0.0,0.0,0.0,0.0,0.6190800000000001,2060s,ssp245
15,CDH,11.833333333333334,unmet_demand,0.0,0.0,0.0,0.0,0.6633,2060s,ssp245
16,CDH,9.4,unmet_demand,0.0,0.0,0.0,0.0,0.70752,2060s,ssp245
17,CDH,12.5,unmet_demand,0.0,0.0,0.0,0.0,0.7517400000000001,2060s,ssp245
18,CDH,4.0,unmet_demand,0.0,0.0,0.0,0.0,0.79596,2060s,ssp245
19,CDH,1.0,unmet_demand,0.0,0.0,0.0,0.0,0.84018,2060s,ssp245
1,CDH,856.6666666666666,HeatPump,0.0,0.0,0.0,0.0,0.04422,2060s,ssp370
2,CDH,732.0,HeatPump,0.0,0.0,0.0,0.0,0.08844,2060s,ssp370
3,CDH,632.1666666666666,HeatPump,0.0,0.0,0.0,0.0,0.13266,2060s,ssp370
4,CDH,528.0,HeatPump,0.0,0.0,0.0,0.0,0.17688,2060s,ssp370
5,CDH,416.0,HeatPump,0.04422000000000001,0.0054629686824386944,0.0008194453023658042,1.653157147445797,0.22110000000000002,2060s,ssp370
6,CDH,336.1666666666667,HeatPump,0.08843999999999999,0.012123372172721041,0.001818505825908156,3.668671838245373,0.26532,2060s,ssp370
7,CDH,264.0,HeatPump,0.13266000000000003,0.02001282293041675,0.0030019234395625123,6.0561103662078075,0.30954000000000004,2060s,ssp370
8,CDH,190.5,HeatPump,0.17688,0.029164056059356975,0.004374608408903546,8.825378750206102,0.35376,2060s,ssp370
9,CDH,144.5,HeatPump,0.2211,0.03961097958922516,0.0059416469383837735,11.986737949964809,0.39798,2060s,ssp370
10,CDH,95.5,HeatPump,0.26532,0.05138872748402092,0.007708309122603138,15.550819907030796,0.44220000000000004,2060s,ssp370
11,CDH,64.33333333333333,HeatPump,0.30954000000000004,0.06453371555150174,0.009680057332725261,19.52864446361327,0.48642,2060s,ssp370
12,CDH,43.666666666666664,HeatPump,0.35375999999999996,0.07908370044052863,0.011862555066079295,23.93163721585903,0.53064,2060s,ssp370
13,CDH,32.333333333333336,HeatPump,0.39798,0.0950778419271352,0.014261676289070279,28.77164836233327,0.57486,2060s,ssp370
14,CDH,18.333333333333332,HeatPump,0.44220000000000004,0.11255676870520463,0.016883515305780694,34.06097261303503,0.6190800000000001,2060s,ssp370
15,CDH,9.8,HeatPump,0.48641999999999996,0.13156264791399014,0.01973439718709852,39.81237022922442,0.6633,2060s,ssp370
16,CDH,7.333333333333333,HeatPump,0.53064,0.15213925865246777,0.022820888797870167,46.03908926971125,0.70752,2060s,ssp370
17,CDH,3.5,HeatPump,0.57486,0.1743320697498105,0.026149810462471574,52.75488912509478,0.7517400000000001,2060s,ssp370
18,CDH,4.0,HeatPump,0.61908,0.19818832208226042,0.029728248312339063,59.97406542779594,0.79596,2060s,ssp370
1,CDH,856.6666666666666,Geothermal,0.04422,0.002327368421052632,0.0003491052631578948,0.7042884489473684,0.04422,2060s,ssp370
2,CDH,732.0,Geothermal,0.08844,0.004654736842105264,0.0006982105263157896,1.4085768978947368,0.08844,2060s,ssp370
3,CDH,632.1666666666666,Geothermal,0.13266,0.0069821052631578945,0.0010473157894736842,2.112865346842105,0.13266,2060s,ssp370
4,CDH,528.0,Geothermal,0.17688,0.009309473684210527,0.0013964210526315791,2.8171537957894737,0.17688,2060s,ssp370
5,CDH,416.0,Geothermal,0.17688,0.009309473684210527,0.0013964210526315791,2.8171537957894737,0.22110000000000002,2060s,ssp370
6,CDH,336.1666666666667,Geothermal,0.17688,0.009309473684210527,0.0013964210526315791,2.8171537957894737,0.26532,2060s,ssp370
7,CDH,264.0,Geothermal,0.17688,0.009309473684210527,0.0013964210526315791,2.8171537957894737,0.30954000000000004,2060s,ssp370
8,CDH,190.5,Geothermal,0.17688,0.009309473684210527,0.0013964210526315791,2.8171537957894737,0.35376,2060s,ssp370
9,CDH,144.5,Geothermal,0.17688,0.009309473684210527,0.0013964210526315791,2.8171537957894737,0.39798,2060s,ssp370
10,CDH,95.5,Geothermal,0.17688,0.009309473684210527,0.0013964210526315791,2.8171537957894737,0.44220000000000004,2060s,ssp370
11,CDH,64.33333333333333,Geothermal,0.17688,0.009309473684210527,0.0013964210526315791,2.8171537957894737,0.48642,2060s,ssp370
12,CDH,43.666666666666664,Geothermal,0.17688,0.009309473684210527,0.0013964210526315791,2.8171537957894737,0.53064,2060s,ssp370
13,CDH,32.333333333333336,Geothermal,0.17688,0.009309473684210527,0.0013964210526315791,2.8171537957894737,0.57486,2060s,ssp370
14,CDH,18.333333333333332,Geothermal,0.17688,0.009309473684210527,0.0013964210526315791,2.8171537957894737,0.6190800000000001,2060s,ssp370
15,CDH,9.8,Geothermal,0.17688,0.009309473684210527,0.0013964210526315791,2.8171537957894737,0.6633,2060s,ssp370
16,CDH,7.333333333333333,Geothermal,0.17688,0.009309473684210527,0.0013964210526315791,2.8171537957894737,0.70752,2060s,ssp370
17,CDH,3.5,Geothermal,0.17688,0.009309473684210527,0.0013964210526315791,2.8171537957894737,0.7517400000000001,2060s,ssp370
18,CDH,4.0,Geothermal,0.17688,0.009309473684210527,0.0013964210526315791,2.8171537957894737,0.79596,2060s,ssp370
1,CDH,856.6666666666666,BTES,0.04654736842105263,0.0,0.0,0.0,0.04422,2060s,ssp370
2,CDH,732.0,BTES,0.09309473684210526,0.0,0.0,0.0,0.08844,2060s,ssp370
3,CDH,632.1666666666666,BTES,0.1396421052631579,0.0,0.0,0.0,0.13266,2060s,ssp370
4,CDH,528.0,BTES,0.18618947368421052,0.0,0.0,0.0,0.17688,2060s,ssp370
5,CDH,416.0,BTES,0.18618947368421052,0.0,0.0,0.0,0.22110000000000002,2060s,ssp370
6,CDH,336.1666666666667,BTES,0.18618947368421052,0.0,0.0,0.0,0.26532,2060s,ssp370
7,CDH,264.0,BTES,0.18618947368421052,0.0,0.0,0.0,0.30954000000000004,2060s,ssp370
8,CDH,190.5,BTES,0.18618947368421052,0.0,0.0,0.0,0.35376,2060s,ssp370
9,CDH,144.5,BTES,0.18618947368421052,0.0,0.0,0.0,0.39798,2060s,ssp370
10,CDH,95.5,BTES,0.18618947368421052,0.0,0.0,0.0,0.44220000000000004,2060s,ssp370
11,CDH,64.33333333333333,BTES,0.18618947368421052,0.0,0.0,0.0,0.48642,2060s,ssp370
12,CDH,43.666666666666664,BTES,0.18618947368421052,0.0,0.0,0.0,0.53064,2060s,ssp370
13,CDH,32.333333333333336,BTES,0.18618947368421052,0.0,0.0,0.0,0.57486,2060s,ssp370
14,CDH,18.333333333333332,BTES,0.18618947368421052,0.0,0.0,0.0,0.6190800000000001,2060s,ssp370
15,CDH,9.8,BTES,0.18618947368421052,0.0,0.0,0.0,0.6633,2060s,ssp370
16,CDH,7.333333333333333,BTES,0.18618947368421052,0.0,0.0,0.0,0.70752,2060s,ssp370
17,CDH,3.5,BTES,0.18618947368421052,0.0,0.0,0.0,0.7517400000000001,2060s,ssp370
18,CDH,4.0,BTES,0.18618947368421052,0.0,0.0,0.0,0.79596,2060s,ssp370
1,CDH,856.6666666666666,unmet_demand,0.0,0.0,0.0,0.0,0.04422,2060s,ssp370
2,CDH,732.0,unmet_demand,0.0,0.0,0.0,0.0,0.08844,2060s,ssp370
3,CDH,632.1666666666666,unmet_demand,0.0,0.0,0.0,0.0,0.13266,2060s,ssp370
4,CDH,528.0,unmet_demand,0.0,0.0,0.0,0.0,0.17688,2060s,ssp370
5,CDH,416.0,unmet_demand,0.0,0.0,0.0,0.0,0.22110000000000002,2060s,ssp370
6,CDH,336.1666666666667,unmet_demand,0.0,0.0,0.0,0.0,0.26532,2060s,ssp370
7,CDH,264.0,unmet_demand,0.0,0.0,0.0,0.0,0.30954000000000004,2060s,ssp370
8,CDH,190.5,unmet_demand,0.0,0.0,0.0,0.0,0.35376,2060s,ssp370
9,CDH,144.5,unmet_demand,0.0,0.0,0.0,0.0,0.39798,2060s,ssp370
10,CDH,95.5,unmet_demand,0.0,0.0,0.0,0.0,0.44220000000000004,2060s,ssp370
11,CDH,64.33333333333333,unmet_demand,0.0,0.0,0.0,0.0,0.48642,2060s,ssp370
12,CDH,43.666666666666664,unmet_demand,0.0,0.0,0.0,0.0,0.53064,2060s,ssp370
13,CDH,32.333333333333336,unmet_demand,0.0,0.0,0.0,0.0,0.57486,2060s,ssp370
14,CDH,18.333333333333332,unmet_demand,0.0,0.0,0.0,0.0,0.6190800000000001,2060s,ssp370
15,CDH,9.8,unmet_demand,0.0,0.0,0.0,0.0,0.6633,2060s,ssp370
16,CDH,7.333333333333333,unmet_demand,0.0,0.0,0.0,0.0,0.70752,2060s,ssp370
17,CDH,3.5,unmet_demand,0.0,0.0,0.0,0.0,0.7517400000000001,2060s,ssp370
18,CDH,4.0,unmet_demand,0.0,0.0,0.0,0.0,0.79596,2060s,ssp370
1,CDH,952.1666666666666,HeatPump,0.0,0.0,0.0,0.0,0.04422,2060s,ssp585
2,CDH,841.3333333333334,HeatPump,0.0,0.0,0.0,0.0,0.08844,2060s,ssp585
3,CDH,743.0,HeatPump,0.0,0.0,0.0,0.0,0.13266,2060s,ssp585
4,CDH,635.8333333333334,HeatPump,0.0,0.0,0.0,0.0,0.17688,2060s,ssp585
5,CDH,530.1666666666666,HeatPump,0.03836073178669397,0.004739110727863855,0.0007108666091795782,1.4217332183591564,0.22110000000000002,2060s,ssp585
6,CDH,440.0,HeatPump,0.08258073178669395,0.011320182561575593,0.0016980273842363389,3.396054768472678,0.26532,2060s,ssp585
7,CDH,362.6666666666667,HeatPump,0.126800731786694,0.01912890541756651,0.0028693358126349764,5.738671625269953,0.30954000000000004,2060s,ssp585
8,CDH,273.8333333333333,HeatPump,0.17102073178669397,0.0281979772113263,0.004229696581698945,8.45939316339789,0.35376,2060s,ssp585
9,CDH,221.0,HeatPump,0.21524073178669395,0.03856126745170792,0.005784190117756187,11.568380235512375,0.39798,2060s,ssp585
10,CDH,161.16666666666666,HeatPump,0.259460731786694,0.0502538701891718,0.00753808052837577,15.076161056751541,0.44220000000000004,2060s,ssp585
11,CDH,108.16666666666667,HeatPump,0.30368073178669397,0.06331215986171222,0.009496823979256833,18.993647958513666,0.48642,2060s,ssp585
12,CDH,74.33333333333333,HeatPump,0.34790073178669395,0.0777738502251798,0.01166607753377697,23.332155067553938,0.53064,2060s,ssp585
13,CDH,41.666666666666664,HeatPump,0.392120731786694,0.09367805656859106,0.014051708485288658,28.103416970577317,0.57486,2060s,ssp585
14,CDH,25.0,HeatPump,0.436340731786694,0.11106536143006479,0.01665980421450972,33.31960842901944,0.6190800000000001,2060s,ssp585
15,CDH,12.4,HeatPump,0.48056073178669395,0.12997788404535643,0.019496682606803463,38.99336521360693,0.6633,2060s,ssp585
16,CDH,7.6,HeatPump,0.5247807317866939,0.15045935377869582,0.022568903066804372,45.13780613360875,0.70752,2060s,ssp585
17,CDH,4.5,HeatPump,0.5690007317866941,0.17255518780491105,0.025883278170736657,51.76655634147332,0.7517400000000001,2060s,ssp585
18,CDH,5.0,HeatPump,0.613220731786694,0.19631257333278535,0.0294468859999178,58.8937719998356,0.79596,2060s,ssp585
19,CDH,3.0,HeatPump,0.6574407317866939,0.22178055468241836,0.033267083202362754,66.53416640472551,0.84018,2060s,ssp585
1,CDH,952.1666666666666,Geothermal,0.04422,0.002327368421052632,0.0003491052631578948,0.6982105263157895,0.04422,2060s,ssp585
2,CDH,841.3333333333334,Geothermal,0.08844,0.004654736842105264,0.0006982105263157896,1.396421052631579,0.08844,2060s,ssp585
3,CDH,743.0,Geothermal,0.13266,0.0069821052631578945,0.0010473157894736842,2.0946315789473684,0.13266,2060s,ssp585
4,CDH,635.8333333333334,Geothermal,0.17688,0.009309473684210527,0.0013964210526315791,2.792842105263158,0.17688,2060s,ssp585
5,CDH,530.1666666666666,Geothermal,0.18273926821330605,0.00961785622175295,0.0014426784332629424,2.885356866525885,0.22110000000000002,2060s,ssp585
6,CDH,440.0,Geothermal,0.18273926821330605,0.00961785622175295,0.0014426784332629424,2.885356866525885,0.26532,2060s,ssp585
7,CDH,362.6666666666667,Geothermal,0.18273926821330605,0.00961785622175295,0.0014426784332629424,2.885356866525885,0.30954000000000004,2060s,ssp585
8,CDH,273.8333333333333,Geothermal,0.18273926821330605,0.00961785622175295,0.0014426784332629424,2.885356866525885,0.35376,2060s,ssp585
9,CDH,221.0,Geothermal,0.18273926821330605,0.00961785622175295,0.0014426784332629424,2.885356866525885,0.39798,2060s,ssp585
10,CDH,161.16666666666666,Geothermal,0.18273926821330605,0.00961785622175295,0.0014426784332629424,2.885356866525885,0.44220000000000004,2060s,ssp585
11,CDH,108.16666666666667,Geothermal,0.18273926821330605,0.00961785622175295,0.0014426784332629424,2.885356866525885,0.48642,2060s,ssp585
12,CDH,74.33333333333333,Geothermal,0.18273926821330605,0.00961785622175295,0.0014426784332629424,2.885356866525885,0.53064,2060s,ssp585
13,CDH,41.666666666666664,Geothermal,0.18273926821330605,0.00961785622175295,0.0014426784332629424,2.885356866525885,0.57486,2060s,ssp585
14,CDH,25.0,Geothermal,0.18273926821330605,0.00961785622175295,0.0014426784332629424,2.885356866525885,0.6190800000000001,2060s,ssp585
15,CDH,12.4,Geothermal,0.18273926821330605,0.00961785622175295,0.0014426784332629424,2.885356866525885,0.6633,2060s,ssp585
16,CDH,7.6,Geothermal,0.18273926821330605,0.00961785622175295,0.0014426784332629424,2.885356866525885,0.70752,2060s,ssp585
17,CDH,4.5,Geothermal,0.18273926821330605,0.00961785622175295,0.0014426784332629424,2.885356866525885,0.7517400000000001,2060s,ssp585
18,CDH,5.0,Geothermal,0.18273926821330605,0.00961785622175295,0.0014426784332629424,2.885356866525885,0.79596,2060s,ssp585
19,CDH,3.0,Geothermal,0.18273926821330605,0.00961785622175295,0.0014426784332629424,2.885356866525885,0.84018,2060s,ssp585
1,CDH,952.1666666666666,BTES,0.04654736842105263,0.0,0.0,0.0,0.04422,2060s,ssp585
2,CDH,841.3333333333334,BTES,0.09309473684210526,0.0,0.0,0.0,0.08844,2060s,ssp585
3,CDH,743.0,BTES,0.1396421052631579,0.0,0.0,0.0,0.13266,2060s,ssp585
4,CDH,635.8333333333334,BTES,0.18618947368421052,0.0,0.0,0.0,0.17688,2060s,ssp585
5,CDH,530.1666666666666,BTES,0.19235712443505898,0.0,0.0,0.0,0.22110000000000002,2060s,ssp585
6,CDH,440.0,BTES,0.19235712443505898,0.0,0.0,0.0,0.26532,2060s,ssp585
7,CDH,362.6666666666667,BTES,0.19235712443505898,0.0,0.0,0.0,0.30954000000000004,2060s,ssp585
8,CDH,273.8333333333333,BTES,0.19235712443505898,0.0,0.0,0.0,0.35376,2060s,ssp585
9,CDH,221.0,BTES,0.19235712443505898,0.0,0.0,0.0,0.39798,2060s,ssp585
10,CDH,161.16666666666666,BTES,0.19235712443505898,0.0,0.0,0.0,0.44220000000000004,2060s,ssp585
11,CDH,108.16666666666667,BTES,0.19235712443505898,0.0,0.0,0.0,0.48642,2060s,ssp585
12,CDH,74.33333333333333,BTES,0.19235712443505898,0.0,0.0,0.0,0.53064,2060s,ssp585
13,CDH,41.666666666666664,BTES,0.19235712443505898,0.0,0.0,0.0,0.57486,2060s,ssp585
14,CDH,25.0,BTES,0.19235712443505898,0.0,0.0,0.0,0.6190800000000001,2060s,ssp585
15,CDH,12.4,BTES,0.19235712443505898,0.0,0.0,0.0,0.6633,2060s,ssp585
16,CDH,7.6,BTES,0.19235712443505898,0.0,0.0,0.0,0.70752,2060s,ssp585
17,CDH,4.5,BTES,0.19235712443505898,0.0,0.0,0.0,0.7517400000000001,2060s,ssp585
18,CDH,5.0,BTES,0.19235712443505898,0.0,0.0,0.0,0.79596,2060s,ssp585
19,CDH,3.0,BTES,0.19235712443505898,0.0,0.0,0.0,0.84018,2060s,ssp585
1,CDH,952.1666666666666,unmet_demand,0.0,0.0,0.0,0.0,0.04422,2060s,ssp585
2,CDH,841.3333333333334,unmet_demand,0.0,0.0,0.0,0.0,0.08844,2060s,ssp585
3,CDH,743.0,unmet_demand,0.0,0.0,0.0,0.0,0.13266,2060s,ssp585
4,CDH,635.8333333333334,unmet_demand,0.0,0.0,0.0,0.0,0.17688,2060s,ssp585
5,CDH,530.1666666666666,unmet_demand,0.0,0.0,0.0,0.0,0.22110000000000002,2060s,ssp585
6,CDH,440.0,unmet_demand,0.0,0.0,0.0,0.0,0.26532,2060s,ssp585
7,CDH,362.6666666666667,unmet_demand,0.0,0.0,0.0,0.0,0.30954000000000004,2060s,ssp585
8,CDH,273.8333333333333,unmet_demand,0.0,0.0,0.0,0.0,0.35376,2060s,ssp585
9,CDH,221.0,unmet_demand,0.0,0.0,0.0,0.0,0.39798,2060s,ssp585
10,CDH,161.16666666666666,unmet_demand,0.0,0.0,0.0,0.0,0.44220000000000004,2060s,ssp585
11,CDH,108.16666666666667,unmet_demand,0.0,0.0,0.0,0.0,0.48642,2060s,ssp585
12,CDH,74.33333333333333,unmet_demand,0.0,0.0,0.0,0.0,0.53064,2060s,ssp585
13,CDH,41.666666666666664,unmet_demand,0.0,0.0,0.0,0.0,0.57486,2060s,ssp585
14,CDH,25.0,unmet_demand,0.0,0.0,0.0,0.0,0.6190800000000001,2060s,ssp585
15,CDH,12.4,unmet_demand,0.0,0.0,0.0,0.0,0.6633,2060s,ssp585
16,CDH,7.6,unmet_demand,0.0,0.0,0.0,0.0,0.70752,2060s,ssp585
17,CDH,4.5,unmet_demand,0.0,0.0,0.0,0.0,0.7517400000000001,2060s,ssp585
18,CDH,5.0,unmet_demand,0.0,0.0,0.0,0.0,0.79596,2060s,ssp585
19,CDH,3.0,unmet_demand,0.0,0.0,0.0,0.0,0.84018,2060s,ssp585
1,CDH,706.6666666666666,HeatPump,0.0,0.0,0.0,0.0,0.04422,2070s,ssp126
2,CDH,594.1666666666666,HeatPump,0.0,0.0,0.0,0.0,0.08844,2070s,ssp126
3,CDH,478.8333333333333,HeatPump,0.0,0.0,0.0,0.0,0.13266,2070s,ssp126
4,CDH,402.8333333333333,HeatPump,0.04421999999999998,0.004874517729193458,0.0007311776593790187,1.6052196609821785,0.17688,2070s,ssp126
5,CDH,310.0,HeatPump,0.08843999999999999,0.010925937364877385,0.0016388906047316077,3.5980030122206434,0.22110000000000002,2070s,ssp126
6,CDH,230.83333333333334,HeatPump,0.13265999999999997,0.01818505825908156,0.002727758738862234,5.9884925392227535,0.26532,2070s,ssp126
7,CDH,171.33333333333334,HeatPump,0.17688,0.02668376390722233,0.0040025645860833495,8.787187745025836,0.30954000000000004,2070s,ssp126
8,CDH,122.5,HeatPump,0.2211,0.03645507007419622,0.005468260511129432,12.004960998524323,0.35376,2070s,ssp126
9,CDH,80.33333333333333,HeatPump,0.26532,0.04753317550707019,0.007129976326060528,15.653074234584937,0.39798,2070s,ssp126
10,CDH,59.166666666666664,HeatPump,0.30954000000000004,0.05995351539802442,0.008993027309703663,19.743196559843117,0.44220000000000004,2070s,ssp126
11,CDH,30.833333333333332,HeatPump,0.35375999999999996,0.07375281777314484,0.011062922665971725,24.287422822006388,0.48642,2070s,ssp126
12,CDH,19.2,HeatPump,0.39798,0.08896916299559472,0.013345374449339208,29.2982932047489,0.53064,2070s,ssp126
13,CDH,12.25,HeatPump,0.44220000000000004,0.10564204658570579,0.015846306987855868,34.78881391489549,0.57486,2070s,ssp126
14,CDH,7.25,HeatPump,0.4864200000000001,0.12381244557572511,0.018571866836358766,40.77247903359756,0.6190800000000001,2070s,ssp126
15,CDH,3.5,HeatPump,0.53064,0.14352288863344378,0.021528433295016566,47.26329360863345,0.6633,2070s,ssp126
16,CDH,3.0,HeatPump,0.57486,0.1648175302068401,0.024722629531026014,54.27579807086259,0.70752,2070s,ssp126
1,CDH,706.6666666666666,Geothermal,0.04422,0.002327368421052632,0.0003491052631578948,0.7664219837478948,0.04422,2070s,ssp126
2,CDH,594.1666666666666,Geothermal,0.08844,0.004654736842105264,0.0006982105263157896,1.5328439674957897,0.08844,2070s,ssp126
3,CDH,478.8333333333333,Geothermal,0.13266,0.0069821052631578945,0.0010473157894736842,2.299265951243684,0.13266,2070s,ssp126
4,CDH,402.8333333333333,Geothermal,0.13266000000000003,0.006982105263157896,0.0010473157894736844,2.299265951243685,0.17688,2070s,ssp126
5,CDH,310.0,Geothermal,0.13266000000000003,0.006982105263157896,0.0010473157894736844,2.299265951243685,0.22110000000000002,2070s,ssp126
6,CDH,230.83333333333334,Geothermal,0.13266000000000003,0.006982105263157896,0.0010473157894736844,2.299265951243685,0.26532,2070s,ssp126
7,CDH,171.33333333333334,Geothermal,0.13266000000000003,0.006982105263157896,0.0010473157894736844,2.299265951243685,0.30954000000000004,2070s,ssp126
8,CDH,122.5,Geothermal,0.13266000000000003,0.006982105263157896,0.0010473157894736844,2.299265951243685,0.35376,2070s,ssp126
9,CDH,80.33333333333333,Geothermal,0.13266000000000003,0.006982105263157896,0.0010473157894736844,2.299265951243685,0.39798,2070s,ssp126
10,CDH,59.166666666666664,Geothermal,0.13266000000000003,0.006982105263157896,0.0010473157894736844,2.299265951243685,0.44220000000000004,2070s,ssp126
11,CDH,30.833333333333332,Geothermal,0.13266000000000003,0.006982105263157896,0.0010473157894736844,2.299265951243685,0.48642,2070s,ssp126
12,CDH,19.2,Geothermal,0.13266000000000003,0.006982105263157896,0.0010473157894736844,2.299265951243685,0.53064,2070s,ssp126
13,CDH,12.25,Geothermal,0.13266000000000003,0.006982105263157896,0.0010473157894736844,2.299265951243685,0.57486,2070s,ssp126
14,CDH,7.25,Geothermal,0.13266000000000003,0.006982105263157896,0.0010473157894736844,2.299265951243685,0.6190800000000001,2070s,ssp126
15,CDH,3.5,Geothermal,0.13266000000000003,0.006982105263157896,0.0010473157894736844,2.299265951243685,0.6633,2070s,ssp126
16,CDH,3.0,Geothermal,0.13266000000000003,0.006982105263157896,0.0010473157894736844,2.299265951243685,0.70752,2070s,ssp126
1,CDH,706.6666666666666,BTES,0.04654736842105263,0.0,0.0,0.0,0.04422,2070s,ssp126
2,CDH,594.1666666666666,BTES,0.09309473684210526,0.0,0.0,0.0,0.08844,2070s,ssp126
3,CDH,478.8333333333333,BTES,0.1396421052631579,0.0,0.0,0.0,0.13266,2070s,ssp126
4,CDH,402.8333333333333,BTES,0.1396421052631579,0.0,0.0,0.0,0.17688,2070s,ssp126
5,CDH,310.0,BTES,0.1396421052631579,0.0,0.0,0.0,0.22110000000000002,2070s,ssp126
6,CDH,230.83333333333334,BTES,0.1396421052631579,0.0,0.0,0.0,0.26532,2070s,ssp126
7,CDH,171.33333333333334,BTES,0.1396421052631579,0.0,0.0,0.0,0.30954000000000004,2070s,ssp126
8,CDH,122.5,BTES,0.1396421052631579,0.0,0.0,0.0,0.35376,2070s,ssp126
9,CDH,80.33333333333333,BTES,0.1396421052631579,0.0,0.0,0.0,0.39798,2070s,ssp126
10,CDH,59.166666666666664,BTES,0.1396421052631579,0.0,0.0,0.0,0.44220000000000004,2070s,ssp126
11,CDH,30.833333333333332,BTES,0.1396421052631579,0.0,0.0,0.0,0.48642,2070s,ssp126
12,CDH,19.2,BTES,0.1396421052631579,0.0,0.0,0.0,0.53064,2070s,ssp126
13,CDH,12.25,BTES,0.1396421052631579,0.0,0.0,0.0,0.57486,2070s,ssp126
14,CDH,7.25,BTES,0.1396421052631579,0.0,0.0,0.0,0.6190800000000001,2070s,ssp126
15,CDH,3.5,BTES,0.1396421052631579,0.0,0.0,0.0,0.6633,2070s,ssp126
16,CDH,3.0,BTES,0.1396421052631579,0.0,0.0,0.0,0.70752,2070s,ssp126
1,CDH,706.6666666666666,unmet_demand,0.0,0.0,0.0,0.0,0.04422,2070s,ssp126
2,CDH,594.1666666666666,unmet_demand,0.0,0.0,0.0,0.0,0.08844,2070s,ssp126
3,CDH,478.8333333333333,unmet_demand,0.0,0.0,0.0,0.0,0.13266,2070s,ssp126
4,CDH,402.8333333333333,unmet_demand,0.0,0.0,0.0,0.0,0.17688,2070s,ssp126
5,CDH,310.0,unmet_demand,0.0,0.0,0.0,0.0,0.22110000000000002,2070s,ssp126
6,CDH,230.83333333333334,unmet_demand,0.0,0.0,0.0,0.0,0.26532,2070s,ssp126
7,CDH,171.33333333333334,unmet_demand,0.0,0.0,0.0,0.0,0.30954000000000004,2070s,ssp126
8,CDH,122.5,unmet_demand,0.0,0.0,0.0,0.0,0.35376,2070s,ssp126
9,CDH,80.33333333333333,unmet_demand,0.0,0.0,0.0,0.0,0.39798,2070s,ssp126
10,CDH,59.166666666666664,unmet_demand,0.0,0.0,0.0,0.0,0.44220000000000004,2070s,ssp126
11,CDH,30.833333333333332,unmet_demand,0.0,0.0,0.0,0.0,0.48642,2070s,ssp126
12,CDH,19.2,unmet_demand,0.0,0.0,0.0,0.0,0.53064,2070s,ssp126
13,CDH,12.25,unmet_demand,0.0,0.0,0.0,0.0,0.57486,2070s,ssp126
14,CDH,7.25,unmet_demand,0.0,0.0,0.0,0.0,0.6190800000000001,2070s,ssp126
15,CDH,3.5,unmet_demand,0.0,0.0,0.0,0.0,0.6633,2070s,ssp126
16,CDH,3.0,unmet_demand,0.0,0.0,0.0,0.0,0.70752,2070s,ssp126
1,CDH,817.8333333333334,HeatPump,0.0,0.0,0.0,0.0,0.04422,2070s,ssp245
2,CDH,693.6666666666666,HeatPump,0.0,0.0,0.0,0.0,0.08844,2070s,ssp245
3,CDH,574.3333333333334,HeatPump,0.0,0.0,0.0,0.0,0.13266,2070s,ssp245
4,CDH,479.5,HeatPump,0.0,0.0,0.0,0.0,0.17688,2070s,ssp245
5,CDH,381.6666666666667,HeatPump,0.04422000000000001,0.0054629686824386944,0.0008194453023658042,1.6741128672326895,0.22110000000000002,2070s,ssp245
6,CDH,296.6666666666667,HeatPump,0.08843999999999999,0.012123372172721041,0.001818505825908156,3.715176587749143,0.26532,2070s,ssp245
7,CDH,238.5,HeatPump,0.13266000000000003,0.02001282293041675,0.0030019234395625123,6.13287871943353,0.30954000000000004,2070s,ssp245
8,CDH,187.83333333333334,HeatPump,0.17688,0.029164056059356975,0.004374608408903546,8.937250851650456,0.35376,2070s,ssp245
9,CDH,123.16666666666667,HeatPump,0.2211,0.03961097958922516,0.0059416469383837735,12.13868401391068,0.39798,2070s,ssp245
10,CDH,91.33333333333333,HeatPump,0.26532,0.05138872748402092,0.007708309122603138,15.74794492018013,0.44220000000000004,2070s,ssp245
11,CDH,59.833333333333336,HeatPump,0.30954000000000004,0.06453371555150174,0.009680057332725261,19.776193102186205,0.48642,2070s,ssp245
12,CDH,36.0,HeatPump,0.35375999999999996,0.07908370044052863,0.011862555066079295,24.234998989004406,0.53064,2070s,ssp245
13,CDH,29.166666666666668,HeatPump,0.39798,0.0950778419271352,0.014261676289070279,29.136362994465863,0.57486,2070s,ssp245
14,CDH,15.833333333333334,HeatPump,0.44220000000000004,0.11255676870520463,0.016883515305780694,34.492735678543106,0.6190800000000001,2070s,ssp245
15,CDH,5.666666666666667,HeatPump,0.48641999999999996,0.13156264791399014,0.01973439718709852,40.31703905388194,0.6633,2070s,ssp245
16,CDH,4.4,HeatPump,0.53064,0.15213925865246777,0.022820888797870167,46.62268911408807,0.70752,2070s,ssp245
17,CDH,5.0,HeatPump,0.57486,0.1743320697498105,0.026149810462471574,53.423619666291145,0.7517400000000001,2070s,ssp245
18,CDH,2.0,HeatPump,0.61908,0.19818832208226042,0.029728248312339063,60.734307556941054,0.79596,2070s,ssp245
1,CDH,817.8333333333334,Geothermal,0.04422,0.002327368421052632,0.0003491052631578948,0.7132161370428949,0.04422,2070s,ssp245
2,CDH,693.6666666666666,Geothermal,0.08844,0.004654736842105264,0.0006982105263157896,1.4264322740857898,0.08844,2070s,ssp245
3,CDH,574.3333333333334,Geothermal,0.13266,0.0069821052631578945,0.0010473157894736842,2.139648411128684,0.13266,2070s,ssp245
4,CDH,479.5,Geothermal,0.17688,0.009309473684210527,0.0013964210526315791,2.8528645481715795,0.17688,2070s,ssp245
5,CDH,381.6666666666667,Geothermal,0.17688,0.009309473684210527,0.0013964210526315791,2.8528645481715795,0.22110000000000002,2070s,ssp245
6,CDH,296.6666666666667,Geothermal,0.17688,0.009309473684210527,0.0013964210526315791,2.8528645481715795,0.26532,2070s,ssp245
7,CDH,238.5,Geothermal,0.17688,0.009309473684210527,0.0013964210526315791,2.8528645481715795,0.30954000000000004,2070s,ssp245
8,CDH,187.83333333333334,Geothermal,0.17688,0.009309473684210527,0.0013964210526315791,2.8528645481715795,0.35376,2070s,ssp245
9,CDH,123.16666666666667,Geothermal,0.17688,0.009309473684210527,0.0013964210526315791,2.8528645481715795,0.39798,2070s,ssp245
10,CDH,91.33333333333333,Geothermal,0.17688,0.009309473684210527,0.0013964210526315791,2.8528645481715795,0.44220000000000004,2070s,ssp245
11,CDH,59.833333333333336,Geothermal,0.17688,0.009309473684210527,0.0013964210526315791,2.8528645481715795,0.48642,2070s,ssp245
12,CDH,36.0,Geothermal,0.17688,0.009309473684210527,0.0013964210526315791,2.8528645481715795,0.53064,2070s,ssp245
13,CDH,29.166666666666668,Geothermal,0.17688,0.009309473684210527,0.0013964210526315791,2.8528645481715795,0.57486,2070s,ssp245
14,CDH,15.833333333333334,Geothermal,0.17688,0.009309473684210527,0.0013964210526315791,2.8528645481715795,0.6190800000000001,2070s,ssp245
15,CDH,5.666666666666667,Geothermal,0.17688,0.009309473684210527,0.0013964210526315791,2.8528645481715795,0.6633,2070s,ssp245
16,CDH,4.4,Geothermal,0.17688,0.009309473684210527,0.0013964210526315791,2.8528645481715795,0.70752,2070s,ssp245
17,CDH,5.0,Geothermal,0.17688,0.009309473684210527,0.0013964210526315791,2.8528645481715795,0.7517400000000001,2070s,ssp245
18,CDH,2.0,Geothermal,0.17688,0.009309473684210527,0.0013964210526315791,2.8528645481715795,0.79596,2070s,ssp245
1,CDH,817.8333333333334,BTES,0.04654736842105263,0.0,0.0,0.0,0.04422,2070s,ssp245
2,CDH,693.6666666666666,BTES,0.09309473684210526,0.0,0.0,0.0,0.08844,2070s,ssp245
3,CDH,574.3333333333334,BTES,0.1396421052631579,0.0,0.0,0.0,0.13266,2070s,ssp245
4,CDH,479.5,BTES,0.18618947368421052,0.0,0.0,0.0,0.17688,2070s,ssp245
5,CDH,381.6666666666667,BTES,0.18618947368421052,0.0,0.0,0.0,0.22110000000000002,2070s,ssp245
6,CDH,296.6666666666667,BTES,0.18618947368421052,0.0,0.0,0.0,0.26532,2070s,ssp245
7,CDH,238.5,BTES,0.18618947368421052,0.0,0.0,0.0,0.30954000000000004,2070s,ssp245
8,CDH,187.83333333333334,BTES,0.18618947368421052,0.0,0.0,0.0,0.35376,2070s,ssp245
9,CDH,123.16666666666667,BTES,0.18618947368421052,0.0,0.0,0.0,0.39798,2070s,ssp245
10,CDH,91.33333333333333,BTES,0.18618947368421052,0.0,0.0,0.0,0.44220000000000004,2070s,ssp245
11,CDH,59.833333333333336,BTES,0.18618947368421052,0.0,0.0,0.0,0.48642,2070s,ssp245
12,CDH,36.0,BTES,0.18618947368421052,0.0,0.0,0.0,0.53064,2070s,ssp245
13,CDH,29.166666666666668,BTES,0.18618947368421052,0.0,0.0,0.0,0.57486,2070s,ssp245
14,CDH,15.833333333333334,BTES,0.18618947368421052,0.0,0.0,0.0,0.6190800000000001,2070s,ssp245
15,CDH,5.666666666666667,BTES,0.18618947368421052,0.0,0.0,0.0,0.6633,2070s,ssp245
16,CDH,4.4,BTES,0.18618947368421052,0.0,0.0,0.0,0.70752,2070s,ssp245
17,CDH,5.0,BTES,0.18618947368421052,0.0,0.0,0.0,0.7517400000000001,2070s,ssp245
18,CDH,2.0,BTES,0.18618947368421052,0.0,0.0,0.0,0.79596,2070s,ssp245
1,CDH,817.8333333333334,unmet_demand,0.0,0.0,0.0,0.0,0.04422,2070s,ssp245
2,CDH,693.6666666666666,unmet_demand,0.0,0.0,0.0,0.0,0.08844,2070s,ssp245
3,CDH,574.3333333333334,unmet_demand,0.0,0.0,0.0,0.0,0.13266,2070s,ssp245
4,CDH,479.5,unmet_demand,0.0,0.0,0.0,0.0,0.17688,2070s,ssp245
5,CDH,381.6666666666667,unmet_demand,0.0,0.0,0.0,0.0,0.22110000000000002,2070s,ssp245
6,CDH,296.6666666666667,unmet_demand,0.0,0.0,0.0,0.0,0.26532,2070s,ssp245
7,CDH,238.5,unmet_demand,0.0,0.0,0.0,0.0,0.30954000000000004,2070s,ssp245
8,CDH,187.83333333333334,unmet_demand,0.0,0.0,0.0,0.0,0.35376,2070s,ssp245
9,CDH,123.16666666666667,unmet_demand,0.0,0.0,0.0,0.0,0.39798,2070s,ssp245
10,CDH,91.33333333333333,unmet_demand,0.0,0.0,0.0,0.0,0.44220000000000004,2070s,ssp245
11,CDH,59.833333333333336,unmet_demand,0.0,0.0,0.0,0.0,0.48642,2070s,ssp245
12,CDH,36.0,unmet_demand,0.0,0.0,0.0,0.0,0.53064,2070s,ssp245
13,CDH,29.166666666666668,unmet_demand,0.0,0.0,0.0,0.0,0.57486,2070s,ssp245
14,CDH,15.833333333333334,unmet_demand,0.0,0.0,0.0,0.0,0.6190800000000001,2070s,ssp245
15,CDH,5.666666666666667,unmet_demand,0.0,0.0,0.0,0.0,0.6633,2070s,ssp245
16,CDH,4.4,unmet_demand,0.0,0.0,0.0,0.0,0.70752,2070s,ssp245
17,CDH,5.0,unmet_demand,0.0,0.0,0.0,0.0,0.7517400000000001,2070s,ssp245
18,CDH,2.0,unmet_demand,0.0,0.0,0.0,0.0,0.79596,2070s,ssp245
1,CDH,897.8333333333334,HeatPump,0.0,0.0,0.0,0.0,0.04422,2070s,ssp370
2,CDH,809.1666666666666,HeatPump,0.0,0.0,0.0,0.0,0.08844,2070s,ssp370
3,CDH,674.1666666666666,HeatPump,0.0,0.0,0.0,0.0,0.13266,2070s,ssp370
4,CDH,593.1666666666666,HeatPump,0.0,0.0,0.0,0.0,0.17688,2070s,ssp370
5,CDH,495.1666666666667,HeatPump,0.0,0.0,0.0,0.0,0.22110000000000002,2070s,ssp370
6,CDH,399.8333333333333,HeatPump,0.0,0.0,0.0,0.0,0.26532,2070s,ssp370
7,CDH,316.5,HeatPump,0.04421999999999998,0.006670940976805579,0.001000641146520837,2.0259328625419566,0.30954000000000004,2070s,ssp370
8,CDH,239.16666666666666,HeatPump,0.08843999999999996,0.01458202802967848,0.002187304204451772,4.428492155836768,0.35376,2070s,ssp370
9,CDH,191.0,HeatPump,0.13265999999999994,0.023766587753535087,0.0035649881630302627,7.21779900733444,0.39798,2070s,ssp370
10,CDH,132.5,HeatPump,0.17687999999999998,0.034259151656013946,0.005138872748402092,10.4043404707147,0.44220000000000004,2070s,ssp370
11,CDH,100.5,HeatPump,0.22109999999999996,0.04609551110821552,0.006914326666232327,13.99898621416379,0.48642,2070s,ssp370
12,CDH,67.5,HeatPump,0.26531999999999994,0.05931277533039647,0.00889691629955947,18.01300613035242,0.53064,2070s,ssp370
13,CDH,45.166666666666664,HeatPump,0.30954,0.07394943260999404,0.011092414891499106,22.45808892805694,0.57486,2070s,ssp370
14,CDH,25.666666666666668,HeatPump,0.35376,0.09004541496416371,0.013506812244624557,27.346361769862682,0.6190800000000001,2070s,ssp370
15,CDH,14.333333333333334,HeatPump,0.39797999999999994,0.10764216647508283,0.016146324971262425,32.69041102526878,0.6633,2070s,ssp370
16,CDH,12.0,HeatPump,0.4422,0.12678271554372314,0.01901740733155847,38.50330421381323,0.70752,2070s,ssp370
17,CDH,19.0,HeatPump,0.48642,0.14751175132676272,0.022126762699014407,44.79861321859743,0.7517400000000001,2070s,ssp370
18,CDH,20.0,HeatPump,0.53064,0.16987570464193752,0.025481355696290627,51.59043885685434,0.79596,2070s,ssp370
19,CDH,8.0,HeatPump,0.5748599999999999,0.19392283364958884,0.029088425047438325,58.89343690102466,0.84018,2070s,ssp370
20,CDH,5.0,HeatPump,0.6190800000000001,0.21970331464262904,0.03295549719639435,66.72284565123502,0.8844000000000001,2070s,ssp370
1,CDH,897.8333333333334,Geothermal,0.04422,0.002327368421052632,0.0003491052631578948,0.706810655925,0.04422,2070s,ssp370
2,CDH,809.1666666666666,Geothermal,0.08844,0.004654736842105264,0.0006982105263157896,1.41362131185,0.08844,2070s,ssp370
3,CDH,674.1666666666666,Geothermal,0.13266,0.0069821052631578945,0.0010473157894736842,2.1204319677749996,0.13266,2070s,ssp370
4,CDH,593.1666666666666,Geothermal,0.17688,0.009309473684210527,0.0013964210526315791,2.8272426237,0.17688,2070s,ssp370
5,CDH,495.1666666666667,Geothermal,0.22110000000000002,0.011636842105263159,0.0017455263157894738,3.534053279625,0.22110000000000002,2070s,ssp370
6,CDH,399.8333333333333,Geothermal,0.26532,0.013964210526315789,0.0020946315789473684,4.240863935549999,0.26532,2070s,ssp370
7,CDH,316.5,Geothermal,0.26532000000000006,0.013964210526315793,0.002094631578947369,4.240863935550001,0.30954000000000004,2070s,ssp370
8,CDH,239.16666666666666,Geothermal,0.26532000000000006,0.013964210526315793,0.002094631578947369,4.240863935550001,0.35376,2070s,ssp370
9,CDH,191.0,Geothermal,0.26532000000000006,0.013964210526315793,0.002094631578947369,4.240863935550001,0.39798,2070s,ssp370
10,CDH,132.5,Geothermal,0.26532000000000006,0.013964210526315793,0.002094631578947369,4.240863935550001,0.44220000000000004,2070s,ssp370
11,CDH,100.5,Geothermal,0.26532000000000006,0.013964210526315793,0.002094631578947369,4.240863935550001,0.48642,2070s,ssp370
12,CDH,67.5,Geothermal,0.26532000000000006,0.013964210526315793,0.002094631578947369,4.240863935550001,0.53064,2070s,ssp370
13,CDH,45.166666666666664,Geothermal,0.26532000000000006,0.013964210526315793,0.002094631578947369,4.240863935550001,0.57486,2070s,ssp370
14,CDH,25.666666666666668,Geothermal,0.26532000000000006,0.013964210526315793,0.002094631578947369,4.240863935550001,0.6190800000000001,2070s,ssp370
15,CDH,14.333333333333334,Geothermal,0.26532000000000006,0.013964210526315793,0.002094631578947369,4.240863935550001,0.6633,2070s,ssp370
16,CDH,12.0,Geothermal,0.26532000000000006,0.013964210526315793,0.002094631578947369,4.240863935550001,0.70752,2070s,ssp370
17,CDH,19.0,Geothermal,0.26532000000000006,0.013964210526315793,0.002094631578947369,4.240863935550001,0.7517400000000001,2070s,ssp370
18,CDH,20.0,Geothermal,0.26532000000000006,0.013964210526315793,0.002094631578947369,4.240863935550001,0.79596,2070s,ssp370
19,CDH,8.0,Geothermal,0.26532000000000006,0.013964210526315793,0.002094631578947369,4.240863935550001,0.84018,2070s,ssp370
20,CDH,5.0,Geothermal,0.26532000000000006,0.013964210526315793,0.002094631578947369,4.240863935550001,0.8844000000000001,2070s,ssp370
1,CDH,897.8333333333334,BTES,0.04654736842105263,0.0,0.0,0.0,0.04422,2070s,ssp370
2,CDH,809.1666666666666,BTES,0.09309473684210526,0.0,0.0,0.0,0.08844,2070s,ssp370
3,CDH,674.1666666666666,BTES,0.1396421052631579,0.0,0.0,0.0,0.13266,2070s,ssp370
4,CDH,593.1666666666666,BTES,0.18618947368421052,0.0,0.0,0.0,0.17688,2070s,ssp370
5,CDH,495.1666666666667,BTES,0.23273684210526316,0.0,0.0,0.0,0.22110000000000002,2070s,ssp370
6,CDH,399.8333333333333,BTES,0.2792842105263158,0.0,0.0,0.0,0.26532,2070s,ssp370
7,CDH,316.5,BTES,0.2792842105263158,0.0,0.0,0.0,0.30954000000000004,2070s,ssp370
8,CDH,239.16666666666666,BTES,0.2792842105263158,0.0,0.0,0.0,0.35376,2070s,ssp370
9,CDH,191.0,BTES,0.2792842105263158,0.0,0.0,0.0,0.39798,2070s,ssp370
10,CDH,132.5,BTES,0.2792842105263158,0.0,0.0,0.0,0.44220000000000004,2070s,ssp370
11,CDH,100.5,BTES,0.2792842105263158,0.0,0.0,0.0,0.48642,2070s,ssp370
12,CDH,67.5,BTES,0.2792842105263158,0.0,0.0,0.0,0.53064,2070s,ssp370
13,CDH,45.166666666666664,BTES,0.2792842105263158,0.0,0.0,0.0,0.57486,2070s,ssp370
14,CDH,25.666666666666668,BTES,0.2792842105263158,0.0,0.0,0.0,0.6190800000000001,2070s,ssp370
15,CDH,14.333333333333334,BTES,0.2792842105263158,0.0,0.0,0.0,0.6633,2070s,ssp370
16,CDH,12.0,BTES,0.2792842105263158,0.0,0.0,0.0,0.70752,2070s,ssp370
17,CDH,19.0,BTES,0.2792842105263158,0.0,0.0,0.0,0.7517400000000001,2070s,ssp370
18,CDH,20.0,BTES,0.2792842105263158,0.0,0.0,0.0,0.79596,2070s,ssp370
19,CDH,8.0,BTES,0.2792842105263158,0.0,0.0,0.0,0.84018,2070s,ssp370
20,CDH,5.0,BTES,0.2792842105263158,0.0,0.0,0.0,0.8844000000000001,2070s,ssp370
1,CDH,897.8333333333334,unmet_demand,0.0,0.0,0.0,0.0,0.04422,2070s,ssp370
2,CDH,809.1666666666666,unmet_demand,0.0,0.0,0.0,0.0,0.08844,2070s,ssp370
3,CDH,674.1666666666666,unmet_demand,0.0,0.0,0.0,0.0,0.13266,2070s,ssp370
4,CDH,593.1666666666666,unmet_demand,0.0,0.0,0.0,0.0,0.17688,2070s,ssp370
5,CDH,495.1666666666667,unmet_demand,0.0,0.0,0.0,0.0,0.22110000000000002,2070s,ssp370
6,CDH,399.8333333333333,unmet_demand,0.0,0.0,0.0,0.0,0.26532,2070s,ssp370
7,CDH,316.5,unmet_demand,0.0,0.0,0.0,0.0,0.30954000000000004,2070s,ssp370
8,CDH,239.16666666666666,unmet_demand,0.0,0.0,0.0,0.0,0.35376,2070s,ssp370
9,CDH,191.0,unmet_demand,0.0,0.0,0.0,0.0,0.39798,2070s,ssp370
10,CDH,132.5,unmet_demand,0.0,0.0,0.0,0.0,0.44220000000000004,2070s,ssp370
11,CDH,100.5,unmet_demand,0.0,0.0,0.0,0.0,0.48642,2070s,ssp370
12,CDH,67.5,unmet_demand,0.0,0.0,0.0,0.0,0.53064,2070s,ssp370
13,CDH,45.166666666666664,unmet_demand,0.0,0.0,0.0,0.0,0.57486,2070s,ssp370
14,CDH,25.666666666666668,unmet_demand,0.0,0.0,0.0,0.0,0.6190800000000001,2070s,ssp370
15,CDH,14.333333333333334,unmet_demand,0.0,0.0,0.0,0.0,0.6633,2070s,ssp370
16,CDH,12.0,unmet_demand,0.0,0.0,0.0,0.0,0.70752,2070s,ssp370
17,CDH,19.0,unmet_demand,0.0,0.0,0.0,0.0,0.7517400000000001,2070s,ssp370
18,CDH,20.0,unmet_demand,0.0,0.0,0.0,0.0,0.79596,2070s,ssp370
19,CDH,8.0,unmet_demand,0.0,0.0,0.0,0.0,0.84018,2070s,ssp370
20,CDH,5.0,unmet_demand,0.0,0.0,0.0,0.0,0.8844000000000001,2070s,ssp370
1,CDH,1040.8333333333333,HeatPump,0.0,0.0,0.0,0.0,0.04422,2070s,ssp585
2,CDH,876.3333333333334,HeatPump,0.0,0.0,0.0,0.0,0.08844,2070s,ssp585
3,CDH,772.0,HeatPump,0.0,0.0,0.0,0.0,0.13266,2070s,ssp585
4,CDH,654.3333333333334,HeatPump,0.0,0.0,0.0,0.0,0.17688,2070s,ssp585
5,CDH,582.0,HeatPump,0.0,0.0,0.0,0.0,0.22110000000000002,2070s,ssp585
6,CDH,477.5,HeatPump,0.0,0.0,0.0,0.0,0.26532,2070s,ssp585
7,CDH,387.8333333333333,HeatPump,0.0,0.0,0.0,0.0,0.30954000000000004,2070s,ssp585
8,CDH,287.0,HeatPump,0.0,0.0,0.0,0.0,0.35376,2070s,ssp585
9,CDH,236.66666666666666,HeatPump,0.0,0.0,0.0,0.0,0.39798,2070s,ssp585
10,CDH,172.83333333333334,HeatPump,0.04422000000000004,0.008564787914003495,0.0012847181871005243,2.5694363742010484,0.44220000000000004,2070s,ssp585
11,CDH,121.5,HeatPump,0.08844000000000002,0.018438204443286213,0.0027657306664929317,5.531461332985864,0.48642,2070s,ssp585
12,CDH,89.0,HeatPump,0.13266,0.029656387665198243,0.004448458149779736,8.896916299559473,0.53064,2070s,ssp585
13,CDH,52.666666666666664,HeatPump,0.17688000000000004,0.04225681863428232,0.006338522795142348,12.677045590284697,0.57486,2070s,ssp585
14,CDH,34.166666666666664,HeatPump,0.22110000000000007,0.05627838435260234,0.00844175765289035,16.8835153057807,0.6190800000000001,2070s,ssp585
15,CDH,23.666666666666668,HeatPump,0.26532,0.07176144431672189,0.010764216647508283,21.52843329501657,0.6633,2070s,ssp585
16,CDH,10.333333333333334,HeatPump,0.30954000000000004,0.08874790088060622,0.013312185132090933,26.624370264181866,0.70752,2070s,ssp585
17,CDH,7.666666666666667,HeatPump,0.3537600000000001,0.10728127369219109,0.016092191053828662,32.18438210765733,0.7517400000000001,2070s,ssp585
18,CDH,5.333333333333333,HeatPump,0.39798,0.12740677848145315,0.01911101677221797,38.222033544435945,0.79596,2070s,ssp585
19,CDH,5.0,HeatPump,0.44220000000000004,0.14917141049968377,0.022375711574952564,44.75142314990513,0.84018,2070s,ssp585
20,CDH,5.0,HeatPump,0.4864200000000001,0.17262403293349426,0.02589360494002414,51.78720988004828,0.8844000000000001,2070s,ssp585
21,CDH,2.0,HeatPump,0.53064,0.19781547064305688,0.02967232059645853,59.34464119291707,0.92862,2070s,ssp585
22,CDH,2.0,HeatPump,0.57486,0.22479860960243325,0.033719791440364986,67.43958288072997,0.97284,2070s,ssp585
23,CDH,3.0,HeatPump,0.6190800000000001,0.25362850245080115,0.03804427536762017,76.08855073524035,1.01706,2070s,ssp585
24,CDH,2.0,HeatPump,0.6633,0.2843624805972356,0.04265437208958534,85.30874417917069,1.06128,2070s,ssp585
25,CDH,3.0,HeatPump,0.7075200000000001,0.31706027335872744,0.047559041003809116,95.11808200761823,1.1055000000000001,2070s,ssp585
1,CDH,1040.8333333333333,Geothermal,0.04422,0.002327368421052632,0.0003491052631578948,0.6982105263157895,0.04422,2070s,ssp585
2,CDH,876.3333333333334,Geothermal,0.08844,0.004654736842105264,0.0006982105263157896,1.396421052631579,0.08844,2070s,ssp585
3,CDH,772.0,Geothermal,0.13266,0.0069821052631578945,0.0010473157894736842,2.0946315789473684,0.13266,2070s,ssp585
4,CDH,654.3333333333334,Geothermal,0.17688,0.009309473684210527,0.0013964210526315791,2.792842105263158,0.17688,2070s,ssp585
5,CDH,582.0,Geothermal,0.22110000000000002,0.011636842105263159,0.0017455263157894738,3.4910526315789476,0.22110000000000002,2070s,ssp585
6,CDH,477.5,Geothermal,0.26532,0.013964210526315789,0.0020946315789473684,4.189263157894737,0.26532,2070s,ssp585
7,CDH,387.8333333333333,Geothermal,0.30954000000000004,0.016291578947368424,0.0024437368421052637,4.887473684210527,0.30954000000000004,2070s,ssp585
8,CDH,287.0,Geothermal,0.35376,0.018618947368421054,0.0027928421052631582,5.585684210526316,0.35376,2070s,ssp585
9,CDH,236.66666666666666,Geothermal,0.39798,0.020946315789473684,0.0031419473684210527,6.283894736842106,0.39798,2070s,ssp585
10,CDH,172.83333333333334,Geothermal,0.39798,0.020946315789473684,0.0031419473684210527,6.283894736842106,0.44220000000000004,2070s,ssp585
11,CDH,121.5,Geothermal,0.39798,0.020946315789473684,0.0031419473684210527,6.283894736842106,0.48642,2070s,ssp585
12,CDH,89.0,Geothermal,0.39798,0.020946315789473684,0.0031419473684210527,6.283894736842106,0.53064,2070s,ssp585
13,CDH,52.666666666666664,Geothermal,0.39798,0.020946315789473684,0.0031419473684210527,6.283894736842106,0.57486,2070s,ssp585
14,CDH,34.166666666666664,Geothermal,0.39798,0.020946315789473684,0.0031419473684210527,6.283894736842106,0.6190800000000001,2070s,ssp585
15,CDH,23.666666666666668,Geothermal,0.39798,0.020946315789473684,0.0031419473684210527,6.283894736842106,0.6633,2070s,ssp585
16,CDH,10.333333333333334,Geothermal,0.39798,0.020946315789473684,0.0031419473684210527,6.283894736842106,0.70752,2070s,ssp585
17,CDH,7.666666666666667,Geothermal,0.39798,0.020946315789473684,0.0031419473684210527,6.283894736842106,0.7517400000000001,2070s,ssp585
18,CDH,5.333333333333333,Geothermal,0.39798,0.020946315789473684,0.0031419473684210527,6.283894736842106,0.79596,2070s,ssp585
19,CDH,5.0,Geothermal,0.39798,0.020946315789473684,0.0031419473684210527,6.283894736842106,0.84018,2070s,ssp585
20,CDH,5.0,Geothermal,0.39798,0.020946315789473684,0.0031419473684210527,6.283894736842106,0.8844000000000001,2070s,ssp585
21,CDH,2.0,Geothermal,0.39798,0.020946315789473684,0.0031419473684210527,6.283894736842106,0.92862,2070s,ssp585
22,CDH,2.0,Geothermal,0.39798,0.020946315789473684,0.0031419473684210527,6.283894736842106,0.97284,2070s,ssp585
23,CDH,3.0,Geothermal,0.39798,0.020946315789473684,0.0031419473684210527,6.283894736842106,1.01706,2070s,ssp585
24,CDH,2.0,Geothermal,0.39798,0.020946315789473684,0.0031419473684210527,6.283894736842106,1.06128,2070s,ssp585
25,CDH,3.0,Geothermal,0.39798,0.020946315789473684,0.0031419473684210527,6.283894736842106,1.1055000000000001,2070s,ssp585
1,CDH,1040.8333333333333,BTES,0.04654736842105263,0.0,0.0,0.0,0.04422,2070s,ssp585
2,CDH,876.3333333333334,BTES,0.09309473684210526,0.0,0.0,0.0,0.08844,2070s,ssp585
3,CDH,772.0,BTES,0.1396421052631579,0.0,0.0,0.0,0.13266,2070s,ssp585
4,CDH,654.3333333333334,BTES,0.18618947368421052,0.0,0.0,0.0,0.17688,2070s,ssp585
5,CDH,582.0,BTES,0.23273684210526316,0.0,0.0,0.0,0.22110000000000002,2070s,ssp585
6,CDH,477.5,BTES,0.2792842105263158,0.0,0.0,0.0,0.26532,2070s,ssp585
7,CDH,387.8333333333333,BTES,0.3258315789473684,0.0,0.0,0.0,0.30954000000000004,2070s,ssp585
8,CDH,287.0,BTES,0.37237894736842103,0.0,0.0,0.0,0.35376,2070s,ssp585
9,CDH,236.66666666666666,BTES,0.41892631578947365,0.0,0.0,0.0,0.39798,2070s,ssp585
10,CDH,172.83333333333334,BTES,0.41892631578947365,0.0,0.0,0.0,0.44220000000000004,2070s,ssp585
11,CDH,121.5,BTES,0.41892631578947365,0.0,0.0,0.0,0.48642,2070s,ssp585
12,CDH,89.0,BTES,0.41892631578947365,0.0,0.0,0.0,0.53064,2070s,ssp585
13,CDH,52.666666666666664,BTES,0.41892631578947365,0.0,0.0,0.0,0.57486,2070s,ssp585
14,CDH,34.166666666666664,BTES,0.41892631578947365,0.0,0.0,0.0,0.6190800000000001,2070s,ssp585
15,CDH,23.666666666666668,BTES,0.41892631578947365,0.0,0.0,0.0,0.6633,2070s,ssp585
16,CDH,10.333333333333334,BTES,0.41892631578947365,0.0,0.0,0.0,0.70752,2070s,ssp585
17,CDH,7.666666666666667,BTES,0.41892631578947365,0.0,0.0,0.0,0.7517400000000001,2070s,ssp585
18,CDH,5.333333333333333,BTES,0.41892631578947365,0.0,0.0,0.0,0.79596,2070s,ssp585
19,CDH,5.0,BTES,0.41892631578947365,0.0,0.0,0.0,0.84018,2070s,ssp585
20,CDH,5.0,BTES,0.41892631578947365,0.0,0.0,0.0,0.8844000000000001,2070s,ssp585
21,CDH,2.0,BTES,0.41892631578947365,0.0,0.0,0.0,0.92862,2070s,ssp585
22,CDH,2.0,BTES,0.41892631578947365,0.0,0.0,0.0,0.97284,2070s,ssp585
23,CDH,3.0,BTES,0.41892631578947365,0.0,0.0,0.0,1.01706,2070s,ssp585
24,CDH,2.0,BTES,0.41892631578947365,0.0,0.0,0.0,1.06128,2070s,ssp585
25,CDH,3.0,BTES,0.41892631578947365,0.0,0.0,0.0,1.1055000000000001,2070s,ssp585
1,CDH,1040.8333333333333,unmet_demand,0.0,0.0,0.0,0.0,0.04422,2070s,ssp585
2,CDH,876.3333333333334,unmet_demand,0.0,0.0,0.0,0.0,0.08844,2070s,ssp585
3,CDH,772.0,unmet_demand,0.0,0.0,0.0,0.0,0.13266,2070s,ssp585
4,CDH,654.3333333333334,unmet_demand,0.0,0.0,0.0,0.0,0.17688,2070s,ssp585
5,CDH,582.0,unmet_demand,0.0,0.0,0.0,0.0,0.22110000000000002,2070s,ssp585
6,CDH,477.5,unmet_demand,0.0,0.0,0.0,0.0,0.26532,2070s,ssp585
7,CDH,387.8333333333333,unmet_demand,0.0,0.0,0.0,0.0,0.30954000000000004,2070s,ssp585
8,CDH,287.0,unmet_demand,0.0,0.0,0.0,0.0,0.35376,2070s,ssp585
9,CDH,236.66666666666666,unmet_demand,0.0,0.0,0.0,0.0,0.39798,2070s,ssp585
10,CDH,172.83333333333334,unmet_demand,0.0,0.0,0.0,0.0,0.44220000000000004,2070s,ssp585
11,CDH,121.5,unmet_demand,0.0,0.0,0.0,0.0,0.48642,2070s,ssp585
12,CDH,89.0,unmet_demand,0.0,0.0,0.0,0.0,0.53064,2070s,ssp585
13,CDH,52.666666666666664,unmet_demand,0.0,0.0,0.0,0.0,0.57486,2070s,ssp585
14,CDH,34.166666666666664,unmet_demand,0.0,0.0,0.0,0.0,0.6190800000000001,2070s,ssp585
15,CDH,23.666666666666668,unmet_demand,0.0,0.0,0.0,0.0,0.6633,2070s,ssp585
16,CDH,10.333333333333334,unmet_demand,0.0,0.0,0.0,0.0,0.70752,2070s,ssp585
17,CDH,7.666666666666667,unmet_demand,0.0,0.0,0.0,0.0,0.7517400000000001,2070s,ssp585
18,CDH,5.333333333333333,unmet_demand,0.0,0.0,0.0,0.0,0.79596,2070s,ssp585
19,CDH,5.0,unmet_demand,0.0,0.0,0.0,0.0,0.84018,2070s,ssp585
20,CDH,5.0,unmet_demand,0.0,0.0,0.0,0.0,0.8844000000000001,2070s,ssp585
21,CDH,2.0,unmet_demand,0.0,0.0,0.0,0.0,0.92862,2070s,ssp585
22,CDH,2.0,unmet_demand,0.0,0.0,0.0,0.0,0.97284,2070s,ssp585
23,CDH,3.0,unmet_demand,0.0,0.0,0.0,0.0,1.01706,2070s,ssp585
24,CDH,2.0,unmet_demand,0.0,0.0,0.0,0.0,1.06128,2070s,ssp585
25,CDH,3.0,unmet_demand,0.0,0.0,0.0,0.0,1.1055000000000001,2070s,ssp585
1,CDH,704.3333333333334,HeatPump,0.0,0.0,0.0,0.0,0.04422,2080s,ssp126
2,CDH,582.1666666666666,HeatPump,0.0,0.0,0.0,0.0,0.08844,2080s,ssp126
3,CDH,512.5,HeatPump,0.0,0.0,0.0,0.0,0.13266,2080s,ssp126
4,CDH,423.5,HeatPump,0.0,0.0,0.0,0.0,0.17688,2080s,ssp126
5,CDH,347.0,HeatPump,0.04422000000000001,0.0054629686824386944,0.0008194453023658042,1.814475222866144,0.22110000000000002,2080s,ssp126
6,CDH,273.3333333333333,HeatPump,0.08843999999999999,0.012123372172721041,0.001818505825908156,4.026667495953392,0.26532,2080s,ssp126
7,CDH,223.0,HeatPump,0.13266000000000003,0.02001282293041675,0.0030019234395625123,6.647076609386386,0.30954000000000004,2080s,ssp126
8,CDH,155.5,HeatPump,0.17688,0.029164056059356975,0.004374608408903546,9.686575229342129,0.35376,2080s,ssp126
9,CDH,113.0,HeatPump,0.2211,0.03961097958922516,0.0059416469383837735,13.156425598621793,0.39798,2080s,ssp126
10,CDH,76.83333333333333,HeatPump,0.26532,0.05138872748402092,0.007708309122603138,17.06829714292853,0.44220000000000004,2080s,ssp126
11,CDH,44.333333333333336,HeatPump,0.30954000000000004,0.06453371555150174,0.009680057332725261,21.434285040678613,0.48642,2080s,ssp126
12,CDH,20.666666666666668,HeatPump,0.35375999999999996,0.07908370044052863,0.011862555066079295,26.266929818431716,0.53064,2080s,ssp126
13,CDH,12.333333333333334,HeatPump,0.39798,0.0950778419271352,0.014261676289070279,31.579238038640657,0.57486,2080s,ssp126
14,CDH,7.6,HeatPump,0.44220000000000004,0.11255676870520463,0.016883515305780694,37.38470415142474,0.6190800000000001,2080s,ssp126
15,CDH,8.0,HeatPump,0.48641999999999996,0.13156264791399014,0.01973439718709852,43.697333587501525,0.6633,2080s,ssp126
16,CDH,6.0,HeatPump,0.53064,0.15213925865246777,0.022820888797870167,50.53166717530863,0.70752,2080s,ssp126
17,CDH,6.5,HeatPump,0.57486,0.1743320697498105,0.026149810462471574,57.9028069717574,0.7517400000000001,2080s,ssp126
18,CDH,2.0,HeatPump,0.61908,0.19818832208226042,0.029728248312339063,65.82644360303125,0.79596,2080s,ssp126
1,CDH,704.3333333333334,Geothermal,0.04422,0.002327368421052632,0.0003491052631578948,0.7730141942889474,0.04422,2080s,ssp126
2,CDH,582.1666666666666,Geothermal,0.08844,0.004654736842105264,0.0006982105263157896,1.5460283885778947,0.08844,2080s,ssp126
3,CDH,512.5,Geothermal,0.13266,0.0069821052631578945,0.0010473157894736842,2.319042582866842,0.13266,2080s,ssp126
4,CDH,423.5,Geothermal,0.17688,0.009309473684210527,0.0013964210526315791,3.0920567771557894,0.17688,2080s,ssp126
5,CDH,347.0,Geothermal,0.17688,0.009309473684210527,0.0013964210526315791,3.0920567771557894,0.22110000000000002,2080s,ssp126
6,CDH,273.3333333333333,Geothermal,0.17688,0.009309473684210527,0.0013964210526315791,3.0920567771557894,0.26532,2080s,ssp126
7,CDH,223.0,Geothermal,0.17688,0.009309473684210527,0.0013964210526315791,3.0920567771557894,0.30954000000000004,2080s,ssp126
8,CDH,155.5,Geothermal,0.17688,0.009309473684210527,0.0013964210526315791,3.0920567771557894,0.35376,2080s,ssp126
9,CDH,113.0,Geothermal,0.17688,0.009309473684210527,0.0013964210526315791,3.0920567771557894,0.39798,2080s,ssp126
10,CDH,76.83333333333333,Geothermal,0.17688,0.009309473684210527,0.0013964210526315791,3.0920567771557894,0.44220000000000004,2080s,ssp126
11,CDH,44.333333333333336,Geothermal,0.17688,0.009309473684210527,0.0013964210526315791,3.0920567771557894,0.48642,2080s,ssp126
12,CDH,20.666666666666668,Geothermal,0.17688,0.009309473684210527,0.0013964210526315791,3.0920567771557894,0.53064,2080s,ssp126
13,CDH,12.333333333333334,Geothermal,0.17688,0.009309473684210527,0.0013964210526315791,3.0920567771557894,0.57486,2080s,ssp126
14,CDH,7.6,Geothermal,0.17688,0.009309473684210527,0.0013964210526315791,3.0920567771557894,0.6190800000000001,2080s,ssp126
15,CDH,8.0,Geothermal,0.17688,0.009309473684210527,0.0013964210526315791,3.0920567771557894,0.6633,2080s,ssp126
16,CDH,6.0,Geothermal,0.17688,0.009309473684210527,0.0013964210526315791,3.0920567771557894,0.70752,2080s,ssp126
17,CDH,6.5,Geothermal,0.17688,0.009309473684210527,0.0013964210526315791,3.0920567771557894,0.7517400000000001,2080s,ssp126
18,CDH,2.0,Geothermal,0.17688,0.009309473684210527,0.0013964210526315791,3.0920567771557894,0.79596,2080s,ssp126
1,CDH,704.3333333333334,BTES,0.04654736842105263,0.0,0.0,0.0,0.04422,2080s,ssp126
2,CDH,582.1666666666666,BTES,0.09309473684210526,0.0,0.0,0.0,0.08844,2080s,ssp126
3,CDH,512.5,BTES,0.1396421052631579,0.0,0.0,0.0,0.13266,2080s,ssp126
4,CDH,423.5,BTES,0.18618947368421052,0.0,0.0,0.0,0.17688,2080s,ssp126
5,CDH,347.0,BTES,0.18618947368421052,0.0,0.0,0.0,0.22110000000000002,2080s,ssp126
6,CDH,273.3333333333333,BTES,0.18618947368421052,0.0,0.0,0.0,0.26532,2080s,ssp126
7,CDH,223.0,BTES,0.18618947368421052,0.0,0.0,0.0,0.30954000000000004,2080s,ssp126
8,CDH,155.5,BTES,0.18618947368421052,0.0,0.0,0.0,0.35376,2080s,ssp126
9,CDH,113.0,BTES,0.18618947368421052,0.0,0.0,0.0,0.39798,2080s,ssp126
10,CDH,76.83333333333333,BTES,0.18618947368421052,0.0,0.0,0.0,0.44220000000000004,2080s,ssp126
11,CDH,44.333333333333336,BTES,0.18618947368421052,0.0,0.0,0.0,0.48642,2080s,ssp126
12,CDH,20.666666666666668,BTES,0.18618947368421052,0.0,0.0,0.0,0.53064,2080s,ssp126
13,CDH,12.333333333333334,BTES,0.18618947368421052,0.0,0.0,0.0,0.57486,2080s,ssp126
14,CDH,7.6,BTES,0.18618947368421052,0.0,0.0,0.0,0.6190800000000001,2080s,ssp126
15,CDH,8.0,BTES,0.18618947368421052,0.0,0.0,0.0,0.6633,2080s,ssp126
16,CDH,6.0,BTES,0.18618947368421052,0.0,0.0,0.0,0.70752,2080s,ssp126
17,CDH,6.5,BTES,0.18618947368421052,0.0,0.0,0.0,0.7517400000000001,2080s,ssp126
18,CDH,2.0,BTES,0.18618947368421052,0.0,0.0,0.0,0.79596,2080s,ssp126
1,CDH,704.3333333333334,unmet_demand,0.0,0.0,0.0,0.0,0.04422,2080s,ssp126
2,CDH,582.1666666666666,unmet_demand,0.0,0.0,0.0,0.0,0.08844,2080s,ssp126
3,CDH,512.5,unmet_demand,0.0,0.0,0.0,0.0,0.13266,2080s,ssp126
4,CDH,423.5,unmet_demand,0.0,0.0,0.0,0.0,0.17688,2080s,ssp126
5,CDH,347.0,unmet_demand,0.0,0.0,0.0,0.0,0.22110000000000002,2080s,ssp126
6,CDH,273.3333333333333,unmet_demand,0.0,0.0,0.0,0.0,0.26532,2080s,ssp126
7,CDH,223.0,unmet_demand,0.0,0.0,0.0,0.0,0.30954000000000004,2080s,ssp126
8,CDH,155.5,unmet_demand,0.0,0.0,0.0,0.0,0.35376,2080s,ssp126
9,CDH,113.0,unmet_demand,0.0,0.0,0.0,0.0,0.39798,2080s,ssp126
10,CDH,76.83333333333333,unmet_demand,0.0,0.0,0.0,0.0,0.44220000000000004,2080s,ssp126
11,CDH,44.333333333333336,unmet_demand,0.0,0.0,0.0,0.0,0.48642,2080s,ssp126
12,CDH,20.666666666666668,unmet_demand,0.0,0.0,0.0,0.0,0.53064,2080s,ssp126
13,CDH,12.333333333333334,unmet_demand,0.0,0.0,0.0,0.0,0.57486,2080s,ssp126
14,CDH,7.6,unmet_demand,0.0,0.0,0.0,0.0,0.6190800000000001,2080s,ssp126
15,CDH,8.0,unmet_demand,0.0,0.0,0.0,0.0,0.6633,2080s,ssp126
16,CDH,6.0,unmet_demand,0.0,0.0,0.0,0.0,0.70752,2080s,ssp126
17,CDH,6.5,unmet_demand,0.0,0.0,0.0,0.0,0.7517400000000001,2080s,ssp126
18,CDH,2.0,unmet_demand,0.0,0.0,0.0,0.0,0.79596,2080s,ssp126
1,CDH,855.3333333333334,HeatPump,0.0,0.0,0.0,0.0,0.04422,2080s,ssp245
2,CDH,750.1666666666666,HeatPump,0.0,0.0,0.0,0.0,0.08844,2080s,ssp245
3,CDH,657.6666666666666,HeatPump,0.0,0.0,0.0,0.0,0.13266,2080s,ssp245
4,CDH,551.0,HeatPump,0.0,0.0,0.0,0.0,0.17688,2080s,ssp245
5,CDH,444.1666666666667,HeatPump,0.0,0.0,0.0,0.0,0.22110000000000002,2080s,ssp245
6,CDH,360.0,HeatPump,0.04421999999999998,0.006061686086360519,0.0009092529129540777,1.8821670458594923,0.26532,2080s,ssp245
7,CDH,294.6666666666667,HeatPump,0.08844000000000002,0.013341881953611167,0.002001282293041675,4.142684095657554,0.30954000000000004,2080s,ssp245
8,CDH,220.0,HeatPump,0.13266,0.02187304204451773,0.003280956306677659,6.791628326238254,0.35376,2080s,ssp245
9,CDH,160.0,HeatPump,0.17687999999999998,0.03168878367138012,0.004753317550707018,9.839437988028921,0.39798,2080s,ssp245
10,CDH,113.16666666666667,HeatPump,0.22110000000000002,0.04282393957001744,0.006423590935502616,13.296928723169673,0.44220000000000004,2080s,ssp245
11,CDH,81.5,HeatPump,0.26532,0.05531461332985863,0.008297191999478794,17.175310776680178,0.48642,2080s,ssp245
12,CDH,61.833333333333336,HeatPump,0.30954,0.06919823788546256,0.010379735682819384,21.48620715820705,0.53064,2080s,ssp245
13,CDH,40.5,HeatPump,0.35376,0.08451363726856463,0.012677045590284694,26.24167281617202,0.57486,2080s,ssp245
14,CDH,22.6,HeatPump,0.39798000000000006,0.10130109183468418,0.015195163775202625,31.45421489077896,0.6190800000000001,2080s,ssp245
15,CDH,11.4,HeatPump,0.4422,0.11960240719453649,0.017940361079180473,37.136814117371024,0.6633,2080s,ssp245
16,CDH,10.666666666666666,HeatPump,0.48642,0.13946098709809546,0.02091914806471432,43.302947457094625,0.70752,2080s,ssp245
17,CDH,6.0,HeatPump,0.53064,0.1609219105382866,0.02413828658074299,49.96661203776802,0.7517400000000001,2080s,ssp245
18,CDH,11.0,HeatPump,0.5748599999999999,0.18403201336209896,0.02760480200431484,57.142350494313526,0.79596,2080s,ssp245
19,CDH,5.0,HeatPump,0.6190800000000001,0.20883997469955726,0.031325996204933586,64.84527780514613,0.84018,2080s,ssp245
1,CDH,855.3333333333334,Geothermal,0.04422,0.002327368421052632,0.0003491052631578948,0.722653084186579,0.04422,2080s,ssp245
2,CDH,750.1666666666666,Geothermal,0.08844,0.004654736842105264,0.0006982105263157896,1.445306168373158,0.08844,2080s,ssp245
3,CDH,657.6666666666666,Geothermal,0.13266,0.0069821052631578945,0.0010473157894736842,2.167959252559737,0.13266,2080s,ssp245
4,CDH,551.0,Geothermal,0.17688,0.009309473684210527,0.0013964210526315791,2.890612336746316,0.17688,2080s,ssp245
5,CDH,444.1666666666667,Geothermal,0.22110000000000002,0.011636842105263159,0.0017455263157894738,3.6132654209328954,0.22110000000000002,2080s,ssp245
6,CDH,360.0,Geothermal,0.22110000000000002,0.011636842105263159,0.0017455263157894738,3.6132654209328954,0.26532,2080s,ssp245
7,CDH,294.6666666666667,Geothermal,0.22110000000000002,0.011636842105263159,0.0017455263157894738,3.6132654209328954,0.30954000000000004,2080s,ssp245
8,CDH,220.0,Geothermal,0.22110000000000002,0.011636842105263159,0.0017455263157894738,3.6132654209328954,0.35376,2080s,ssp245
9,CDH,160.0,Geothermal,0.22110000000000002,0.011636842105263159,0.0017455263157894738,3.6132654209328954,0.39798,2080s,ssp245
10,CDH,113.16666666666667,Geothermal,0.22110000000000002,0.011636842105263159,0.0017455263157894738,3.6132654209328954,0.44220000000000004,2080s,ssp245
11,CDH,81.5,Geothermal,0.22110000000000002,0.011636842105263159,0.0017455263157894738,3.6132654209328954,0.48642,2080s,ssp245
12,CDH,61.833333333333336,Geothermal,0.22110000000000002,0.011636842105263159,0.0017455263157894738,3.6132654209328954,0.53064,2080s,ssp245
13,CDH,40.5,Geothermal,0.22110000000000002,0.011636842105263159,0.0017455263157894738,3.6132654209328954,0.57486,2080s,ssp245
14,CDH,22.6,Geothermal,0.22110000000000002,0.011636842105263159,0.0017455263157894738,3.6132654209328954,0.6190800000000001,2080s,ssp245
15,CDH,11.4,Geothermal,0.22110000000000002,0.011636842105263159,0.0017455263157894738,3.6132654209328954,0.6633,2080s,ssp245
16,CDH,10.666666666666666,Geothermal,0.22110000000000002,0.011636842105263159,0.0017455263157894738,3.6132654209328954,0.70752,2080s,ssp245
17,CDH,6.0,Geothermal,0.22110000000000002,0.011636842105263159,0.0017455263157894738,3.6132654209328954,0.7517400000000001,2080s,ssp245
18,CDH,11.0,Geothermal,0.22110000000000002,0.011636842105263159,0.0017455263157894738,3.6132654209328954,0.79596,2080s,ssp245
19,CDH,5.0,Geothermal,0.22110000000000002,0.011636842105263159,0.0017455263157894738,3.6132654209328954,0.84018,2080s,ssp245
1,CDH,855.3333333333334,BTES,0.04654736842105263,0.0,0.0,0.0,0.04422,2080s,ssp245
2,CDH,750.1666666666666,BTES,0.09309473684210526,0.0,0.0,0.0,0.08844,2080s,ssp245
3,CDH,657.6666666666666,BTES,0.1396421052631579,0.0,0.0,0.0,0.13266,2080s,ssp245
4,CDH,551.0,BTES,0.18618947368421052,0.0,0.0,0.0,0.17688,2080s,ssp245
5,CDH,444.1666666666667,BTES,0.23273684210526316,0.0,0.0,0.0,0.22110000000000002,2080s,ssp245
6,CDH,360.0,BTES,0.23273684210526316,0.0,0.0,0.0,0.26532,2080s,ssp245
7,CDH,294.6666666666667,BTES,0.23273684210526316,0.0,0.0,0.0,0.30954000000000004,2080s,ssp245
8,CDH,220.0,BTES,0.23273684210526316,0.0,0.0,0.0,0.35376,2080s,ssp245
9,CDH,160.0,BTES,0.23273684210526316,0.0,0.0,0.0,0.39798,2080s,ssp245
10,CDH,113.16666666666667,BTES,0.23273684210526316,0.0,0.0,0.0,0.44220000000000004,2080s,ssp245
11,CDH,81.5,BTES,0.23273684210526316,0.0,0.0,0.0,0.48642,2080s,ssp245
12,CDH,61.833333333333336,BTES,0.23273684210526316,0.0,0.0,0.0,0.53064,2080s,ssp245
13,CDH,40.5,BTES,0.23273684210526316,0.0,0.0,0.0,0.57486,2080s,ssp245
14,CDH,22.6,BTES,0.23273684210526316,0.0,0.0,0.0,0.6190800000000001,2080s,ssp245
15,CDH,11.4,BTES,0.23273684210526316,0.0,0.0,0.0,0.6633,2080s,ssp245
16,CDH,10.666666666666666,BTES,0.23273684210526316,0.0,0.0,0.0,0.70752,2080s,ssp245
17,CDH,6.0,BTES,0.23273684210526316,0.0,0.0,0.0,0.7517400000000001,2080s,ssp245
18,CDH,11.0,BTES,0.23273684210526316,0.0,0.0,0.0,0.79596,2080s,ssp245
19,CDH,5.0,BTES,0.23273684210526316,0.0,0.0,0.0,0.84018,2080s,ssp245
1,CDH,855.3333333333334,unmet_demand,0.0,0.0,0.0,0.0,0.04422,2080s,ssp245
2,CDH,750.1666666666666,unmet_demand,0.0,0.0,0.0,0.0,0.08844,2080s,ssp245
3,CDH,657.6666666666666,unmet_demand,0.0,0.0,0.0,0.0,0.13266,2080s,ssp245
4,CDH,551.0,unmet_demand,0.0,0.0,0.0,0.0,0.17688,2080s,ssp245
5,CDH,444.1666666666667,unmet_demand,0.0,0.0,0.0,0.0,0.22110000000000002,2080s,ssp245
6,CDH,360.0,unmet_demand,0.0,0.0,0.0,0.0,0.26532,2080s,ssp245
7,CDH,294.6666666666667,unmet_demand,0.0,0.0,0.0,0.0,0.30954000000000004,2080s,ssp245
8,CDH,220.0,unmet_demand,0.0,0.0,0.0,0.0,0.35376,2080s,ssp245
9,CDH,160.0,unmet_demand,0.0,0.0,0.0,0.0,0.39798,2080s,ssp245
10,CDH,113.16666666666667,unmet_demand,0.0,0.0,0.0,0.0,0.44220000000000004,2080s,ssp245
11,CDH,81.5,unmet_demand,0.0,0.0,0.0,0.0,0.48642,2080s,ssp245
12,CDH,61.833333333333336,unmet_demand,0.0,0.0,0.0,0.0,0.53064,2080s,ssp245
13,CDH,40.5,unmet_demand,0.0,0.0,0.0,0.0,0.57486,2080s,ssp245
14,CDH,22.6,unmet_demand,0.0,0.0,0.0,0.0,0.6190800000000001,2080s,ssp245
15,CDH,11.4,unmet_demand,0.0,0.0,0.0,0.0,0.6633,2080s,ssp245
16,CDH,10.666666666666666,unmet_demand,0.0,0.0,0.0,0.0,0.70752,2080s,ssp245
17,CDH,6.0,unmet_demand,0.0,0.0,0.0,0.0,0.7517400000000001,2080s,ssp245
18,CDH,11.0,unmet_demand,0.0,0.0,0.0,0.0,0.79596,2080s,ssp245
19,CDH,5.0,unmet_demand,0.0,0.0,0.0,0.0,0.84018,2080s,ssp245
1,CDH,986.3333333333334,HeatPump,0.0,0.0,0.0,0.0,0.04422,2080s,ssp370
2,CDH,866.1666666666666,HeatPump,0.0,0.0,0.0,0.0,0.08844,2080s,ssp370
3,CDH,737.0,HeatPump,0.0,0.0,0.0,0.0,0.13266,2080s,ssp370
4,CDH,642.6666666666666,HeatPump,0.0,0.0,0.0,0.0,0.17688,2080s,ssp370
5,CDH,534.0,HeatPump,0.0,0.0,0.0,0.0,0.22110000000000002,2080s,ssp370
6,CDH,453.1666666666667,HeatPump,0.022815790495362753,0.003127592939734442,0.00046913894096016625,0.9530816902155393,0.26532,2080s,ssp370
7,CDH,359.6666666666667,HeatPump,0.06703579049536279,0.010112885611218224,0.0015169328416827336,3.081732916341297,0.30954000000000004,2080s,ssp370
8,CDH,278.5,HeatPump,0.11125579049536277,0.0183439060998125,0.0027515859149718747,5.589998880176814,0.35376,2080s,ssp370
9,CDH,209.16666666666666,HeatPump,0.15547579049536275,0.0278541309992332,0.00417811964988498,8.488081014304983,0.39798,2080s,ssp370
10,CDH,135.5,HeatPump,0.1996957904953628,0.0386782472390786,0.00580173708586179,11.786549580945648,0.44220000000000004,2080s,ssp370
11,CDH,103.33333333333333,HeatPump,0.24391579049536277,0.05085220728289536,0.007627831092434304,15.496360492643923,0.48642,2080s,ssp370
12,CDH,69.5,HeatPump,0.28813579049536275,0.0644132873748592,0.009661993106228879,19.628873061972914,0.53064,2080s,ssp370
13,CDH,49.333333333333336,HeatPump,0.3323557904953628,0.07940014903333376,0.011910022355000063,24.1958687406683,0.57486,2080s,ssp370
14,CDH,37.166666666666664,HeatPump,0.3765757904953628,0.0958529040044463,0.014377935600666943,29.20957091314522,0.6190800000000001,2080s,ssp370
15,CDH,25.833333333333332,HeatPump,0.42079579049536275,0.11381318290495986,0.017071977435743978,34.68266581426665,0.6633,2080s,ssp370
16,CDH,17.333333333333332,HeatPump,0.4650157904953628,0.13332420780125087,0.01999863117018763,40.6283246465741,0.70752,2080s,ssp370
17,CDH,11.25,HeatPump,0.5092357904953628,0.1544308689902541,0.023164630348538114,47.060226977997694,0.7517400000000001,2080s,ssp370
18,CDH,6.5,HeatPump,0.5534557904953628,0.1771798062689588,0.02657697094034382,53.99258550737719,0.79596,2080s,ssp370
19,CDH,3.0,HeatPump,0.5976757904953628,0.20161949500159823,0.030242924250239733,61.44017229199995,0.84018,2080s,ssp370
1,CDH,986.3333333333334,Geothermal,0.04422,0.002327368421052632,0.0003491052631578948,0.7092266388986842,0.04422,2080s,ssp370
2,CDH,866.1666666666666,Geothermal,0.08844,0.004654736842105264,0.0006982105263157896,1.4184532777973684,0.08844,2080s,ssp370
3,CDH,737.0,Geothermal,0.13266,0.0069821052631578945,0.0010473157894736842,2.1276799166960525,0.13266,2080s,ssp370
4,CDH,642.6666666666666,Geothermal,0.17688,0.009309473684210527,0.0013964210526315791,2.836906555594737,0.17688,2080s,ssp370
5,CDH,534.0,Geothermal,0.22110000000000002,0.011636842105263159,0.0017455263157894738,3.546133194493421,0.22110000000000002,2080s,ssp370
6,CDH,453.1666666666667,Geothermal,0.24250420950463725,0.012763379447612487,0.001914506917141873,3.88942662654356,0.26532,2080s,ssp370
7,CDH,359.6666666666667,Geothermal,0.24250420950463725,0.012763379447612487,0.001914506917141873,3.88942662654356,0.30954000000000004,2080s,ssp370
8,CDH,278.5,Geothermal,0.24250420950463725,0.012763379447612487,0.001914506917141873,3.88942662654356,0.35376,2080s,ssp370
9,CDH,209.16666666666666,Geothermal,0.24250420950463725,0.012763379447612487,0.001914506917141873,3.88942662654356,0.39798,2080s,ssp370
10,CDH,135.5,Geothermal,0.24250420950463725,0.012763379447612487,0.001914506917141873,3.88942662654356,0.44220000000000004,2080s,ssp370
11,CDH,103.33333333333333,Geothermal,0.24250420950463725,0.012763379447612487,0.001914506917141873,3.88942662654356,0.48642,2080s,ssp370
12,CDH,69.5,Geothermal,0.24250420950463725,0.012763379447612487,0.001914506917141873,3.88942662654356,0.53064,2080s,ssp370
13,CDH,49.333333333333336,Geothermal,0.24250420950463725,0.012763379447612487,0.001914506917141873,3.88942662654356,0.57486,2080s,ssp370
14,CDH,37.166666666666664,Geothermal,0.24250420950463725,0.012763379447612487,0.001914506917141873,3.88942662654356,0.6190800000000001,2080s,ssp370
15,CDH,25.833333333333332,Geothermal,0.24250420950463725,0.012763379447612487,0.001914506917141873,3.88942662654356,0.6633,2080s,ssp370
16,CDH,17.333333333333332,Geothermal,0.24250420950463725,0.012763379447612487,0.001914506917141873,3.88942662654356,0.70752,2080s,ssp370
17,CDH,11.25,Geothermal,0.24250420950463725,0.012763379447612487,0.001914506917141873,3.88942662654356,0.7517400000000001,2080s,ssp370
18,CDH,6.5,Geothermal,0.24250420950463725,0.012763379447612487,0.001914506917141873,3.88942662654356,0.79596,2080s,ssp370
19,CDH,3.0,Geothermal,0.24250420950463725,0.012763379447612487,0.001914506917141873,3.88942662654356,0.84018,2080s,ssp370
1,CDH,986.3333333333334,BTES,0.04654736842105263,0.0,0.0,0.0,0.04422,2080s,ssp370
2,CDH,866.1666666666666,BTES,0.09309473684210526,0.0,0.0,0.0,0.08844,2080s,ssp370
3,CDH,737.0,BTES,0.1396421052631579,0.0,0.0,0.0,0.13266,2080s,ssp370
4,CDH,642.6666666666666,BTES,0.18618947368421052,0.0,0.0,0.0,0.17688,2080s,ssp370
5,CDH,534.0,BTES,0.23273684210526316,0.0,0.0,0.0,0.22110000000000002,2080s,ssp370
6,CDH,453.1666666666667,BTES,0.2552675889522497,0.0,0.0,0.0,0.26532,2080s,ssp370
7,CDH,359.6666666666667,BTES,0.2552675889522497,0.0,0.0,0.0,0.30954000000000004,2080s,ssp370
8,CDH,278.5,BTES,0.2552675889522497,0.0,0.0,0.0,0.35376,2080s,ssp370
9,CDH,209.16666666666666,BTES,0.2552675889522497,0.0,0.0,0.0,0.39798,2080s,ssp370
10,CDH,135.5,BTES,0.2552675889522497,0.0,0.0,0.0,0.44220000000000004,2080s,ssp370
11,CDH,103.33333333333333,BTES,0.2552675889522497,0.0,0.0,0.0,0.48642,2080s,ssp370
12,CDH,69.5,BTES,0.2552675889522497,0.0,0.0,0.0,0.53064,2080s,ssp370
13,CDH,49.333333333333336,BTES,0.2552675889522497,0.0,0.0,0.0,0.57486,2080s,ssp370
14,CDH,37.166666666666664,BTES,0.2552675889522497,0.0,0.0,0.0,0.6190800000000001,2080s,ssp370
15,CDH,25.833333333333332,BTES,0.2552675889522497,0.0,0.0,0.0,0.6633,2080s,ssp370
16,CDH,17.333333333333332,BTES,0.2552675889522497,0.0,0.0,0.0,0.70752,2080s,ssp370
17,CDH,11.25,BTES,0.2552675889522497,0.0,0.0,0.0,0.7517400000000001,2080s,ssp370
18,CDH,6.5,BTES,0.2552675889522497,0.0,0.0,0.0,0.79596,2080s,ssp370
19,CDH,3.0,BTES,0.2552675889522497,0.0,0.0,0.0,0.84018,2080s,ssp370
1,CDH,986.3333333333334,unmet_demand,0.0,0.0,0.0,0.0,0.04422,2080s,ssp370
2,CDH,866.1666666666666,unmet_demand,0.0,0.0,0.0,0.0,0.08844,2080s,ssp370
3,CDH,737.0,unmet_demand,0.0,0.0,0.0,0.0,0.13266,2080s,ssp370
4,CDH,642.6666666666666,unmet_demand,0.0,0.0,0.0,0.0,0.17688,2080s,ssp370
5,CDH,534.0,unmet_demand,0.0,0.0,0.0,0.0,0.22110000000000002,2080s,ssp370
6,CDH,453.1666666666667,unmet_demand,0.0,0.0,0.0,0.0,0.26532,2080s,ssp370
7,CDH,359.6666666666667,unmet_demand,0.0,0.0,0.0,0.0,0.30954000000000004,2080s,ssp370
8,CDH,278.5,unmet_demand,0.0,0.0,0.0,0.0,0.35376,2080s,ssp370
9,CDH,209.16666666666666,unmet_demand,0.0,0.0,0.0,0.0,0.39798,2080s,ssp370
10,CDH,135.5,unmet_demand,0.0,0.0,0.0,0.0,0.44220000000000004,2080s,ssp370
11,CDH,103.33333333333333,unmet_demand,0.0,0.0,0.0,0.0,0.48642,2080s,ssp370
12,CDH,69.5,unmet_demand,0.0,0.0,0.0,0.0,0.53064,2080s,ssp370
13,CDH,49.333333333333336,unmet_demand,0.0,0.0,0.0,0.0,0.57486,2080s,ssp370
14,CDH,37.166666666666664,unmet_demand,0.0,0.0,0.0,0.0,0.6190800000000001,2080s,ssp370
15,CDH,25.833333333333332,unmet_demand,0.0,0.0,0.0,0.0,0.6633,2080s,ssp370
16,CDH,17.333333333333332,unmet_demand,0.0,0.0,0.0,0.0,0.70752,2080s,ssp370
17,CDH,11.25,unmet_demand,0.0,0.0,0.0,0.0,0.7517400000000001,2080s,ssp370
18,CDH,6.5,unmet_demand,0.0,0.0,0.0,0.0,0.79596,2080s,ssp370
19,CDH,3.0,unmet_demand,0.0,0.0,0.0,0.0,0.84018,2080s,ssp370
1,CDH,1114.6666666666667,HeatPump,0.0,0.0,0.0,0.0,0.04422,2080s,ssp585
2,CDH,1018.3333333333334,HeatPump,0.0,0.0,0.0,0.0,0.08844,2080s,ssp585
3,CDH,886.6666666666666,HeatPump,0.0,0.0,0.0,0.0,0.13266,2080s,ssp585
4,CDH,791.3333333333334,HeatPump,0.0,0.0,0.0,0.0,0.17688,2080s,ssp585
5,CDH,674.5,HeatPump,0.0,0.0,0.0,0.0,0.22110000000000002,2080s,ssp585
6,CDH,569.6666666666666,HeatPump,0.0,0.0,0.0,0.0,0.26532,2080s,ssp585
7,CDH,483.1666666666667,HeatPump,0.0,0.0,0.0,0.0,0.30954000000000004,2080s,ssp585
8,CDH,378.1666666666667,HeatPump,0.04421999999999998,0.00729101401483924,0.001093652102225886,2.187304204451772,0.35376,2080s,ssp585
9,CDH,309.8333333333333,HeatPump,0.08843999999999996,0.015844391835690058,0.0023766587753535086,4.753317550707018,0.39798,2080s,ssp585
10,CDH,248.66666666666666,HeatPump,0.13266,0.02569436374201046,0.003854154561301569,7.708309122603138,0.44220000000000004,2080s,ssp585
11,CDH,177.0,HeatPump,0.17687999999999998,0.03687640888657242,0.0055314613329858625,11.062922665971726,0.48642,2080s,ssp585
12,CDH,123.83333333333333,HeatPump,0.22109999999999996,0.04942731277533039,0.007414096916299558,14.828193832599117,0.53064,2080s,ssp585
13,CDH,93.5,HeatPump,0.26532,0.06338522795142347,0.00950778419271352,19.01556838542704,0.57486,2080s,ssp585
14,CDH,67.83333333333333,HeatPump,0.30954000000000004,0.07878973809364324,0.011818460714046486,23.636921428092972,0.6190800000000001,2080s,ssp585
15,CDH,41.5,HeatPump,0.35375999999999996,0.09568192575562919,0.014352288863344376,28.704577726688754,0.6633,2080s,ssp585
16,CDH,27.333333333333332,HeatPump,0.39798,0.11410444398935084,0.017115666598402624,34.23133319680525,0.70752,2080s,ssp585
17,CDH,12.5,HeatPump,0.44220000000000004,0.13410159211523884,0.020115238817285826,40.23047763457165,0.7517400000000001,2080s,ssp585
18,CDH,9.0,HeatPump,0.48641999999999996,0.15571939592177605,0.023357909388266408,46.715818776532814,0.79596,2080s,ssp585
19,CDH,7.0,HeatPump,0.53064,0.1790056925996205,0.02685085388994307,53.70170777988615,0.84018,2080s,ssp585
20,CDH,3.6666666666666665,HeatPump,0.57486,0.2040102207395841,0.030601533110937613,61.20306622187523,0.8844000000000001,2080s,ssp585
21,CDH,1.0,HeatPump,0.61908,0.23078471575023302,0.03461770736253495,69.2354147250699,0.92862,2080s,ssp585
1,CDH,1114.6666666666667,Geothermal,0.04422,0.002327368421052632,0.0003491052631578948,0.6982105263157895,0.04422,2080s,ssp585
2,CDH,1018.3333333333334,Geothermal,0.08844,0.004654736842105264,0.0006982105263157896,1.396421052631579,0.08844,2080s,ssp585
3,CDH,886.6666666666666,Geothermal,0.13266,0.0069821052631578945,0.0010473157894736842,2.0946315789473684,0.13266,2080s,ssp585
4,CDH,791.3333333333334,Geothermal,0.17688,0.009309473684210527,0.0013964210526315791,2.792842105263158,0.17688,2080s,ssp585
5,CDH,674.5,Geothermal,0.22110000000000002,0.011636842105263159,0.0017455263157894738,3.4910526315789476,0.22110000000000002,2080s,ssp585
6,CDH,569.6666666666666,Geothermal,0.26532,0.013964210526315789,0.0020946315789473684,4.189263157894737,0.26532,2080s,ssp585
7,CDH,483.1666666666667,Geothermal,0.30954000000000004,0.016291578947368424,0.0024437368421052637,4.887473684210527,0.30954000000000004,2080s,ssp585
8,CDH,378.1666666666667,Geothermal,0.30954000000000004,0.016291578947368424,0.0024437368421052637,4.887473684210527,0.35376,2080s,ssp585
9,CDH,309.8333333333333,Geothermal,0.30954000000000004,0.016291578947368424,0.0024437368421052637,4.887473684210527,0.39798,2080s,ssp585
10,CDH,248.66666666666666,Geothermal,0.30954000000000004,0.016291578947368424,0.0024437368421052637,4.887473684210527,0.44220000000000004,2080s,ssp585
11,CDH,177.0,Geothermal,0.30954000000000004,0.016291578947368424,0.0024437368421052637,4.887473684210527,0.48642,2080s,ssp585
12,CDH,123.83333333333333,Geothermal,0.30954000000000004,0.016291578947368424,0.0024437368421052637,4.887473684210527,0.53064,2080s,ssp585
13,CDH,93.5,Geothermal,0.30954000000000004,0.016291578947368424,0.0024437368421052637,4.887473684210527,0.57486,2080s,ssp585
14,CDH,67.83333333333333,Geothermal,0.30954000000000004,0.016291578947368424,0.0024437368421052637,4.887473684210527,0.6190800000000001,2080s,ssp585
15,CDH,41.5,Geothermal,0.30954000000000004,0.016291578947368424,0.0024437368421052637,4.887473684210527,0.6633,2080s,ssp585
16,CDH,27.333333333333332,Geothermal,0.30954000000000004,0.016291578947368424,0.0024437368421052637,4.887473684210527,0.70752,2080s,ssp585
17,CDH,12.5,Geothermal,0.30954000000000004,0.016291578947368424,0.0024437368421052637,4.887473684210527,0.7517400000000001,2080s,ssp585
18,CDH,9.0,Geothermal,0.30954000000000004,0.016291578947368424,0.0024437368421052637,4.887473684210527,0.79596,2080s,ssp585
19,CDH,7.0,Geothermal,0.30954000000000004,0.016291578947368424,0.0024437368421052637,4.887473684210527,0.84018,2080s,ssp585
20,CDH,3.6666666666666665,Geothermal,0.30954000000000004,0.016291578947368424,0.0024437368421052637,4.887473684210527,0.8844000000000001,2080s,ssp585
21,CDH,1.0,Geothermal,0.30954000000000004,0.016291578947368424,0.0024437368421052637,4.887473684210527,0.92862,2080s,ssp585
1,CDH,1114.6666666666667,BTES,0.04654736842105263,0.0,0.0,0.0,0.04422,2080s,ssp585
2,CDH,1018.3333333333334,BTES,0.09309473684210526,0.0,0.0,0.0,0.08844,2080s,ssp585
3,CDH,886.6666666666666,BTES,0.1396421052631579,0.0,0.0,0.0,0.13266,2080s,ssp585
4,CDH,791.3333333333334,BTES,0.18618947368421052,0.0,0.0,0.0,0.17688,2080s,ssp585
5,CDH,674.5,BTES,0.23273684210526316,0.0,0.0,0.0,0.22110000000000002,2080s,ssp585
6,CDH,569.6666666666666,BTES,0.2792842105263158,0.0,0.0,0.0,0.26532,2080s,ssp585
7,CDH,483.1666666666667,BTES,0.3258315789473684,0.0,0.0,0.0,0.30954000000000004,2080s,ssp585
8,CDH,378.1666666666667,BTES,0.3258315789473684,0.0,0.0,0.0,0.35376,2080s,ssp585
9,CDH,309.8333333333333,BTES,0.3258315789473684,0.0,0.0,0.0,0.39798,2080s,ssp585
10,CDH,248.66666666666666,BTES,0.3258315789473684,0.0,0.0,0.0,0.44220000000000004,2080s,ssp585
11,CDH,177.0,BTES,0.3258315789473684,0.0,0.0,0.0,0.48642,2080s,ssp585
12,CDH,123.83333333333333,BTES,0.3258315789473684,0.0,0.0,0.0,0.53064,2080s,ssp585
13,CDH,93.5,BTES,0.3258315789473684,0.0,0.0,0.0,0.57486,2080s,ssp585
14,CDH,67.83333333333333,BTES,0.3258315789473684,0.0,0.0,0.0,0.6190800000000001,2080s,ssp585
15,CDH,41.5,BTES,0.3258315789473684,0.0,0.0,0.0,0.6633,2080s,ssp585
16,CDH,27.333333333333332,BTES,0.3258315789473684,0.0,0.0,0.0,0.70752,2080s,ssp585
17,CDH,12.5,BTES,0.3258315789473684,0.0,0.0,0.0,0.7517400000000001,2080s,ssp585
18,CDH,9.0,BTES,0.3258315789473684,0.0,0.0,0.0,0.79596,2080s,ssp585
19,CDH,7.0,BTES,0.3258315789473684,0.0,0.0,0.0,0.84018,2080s,ssp585
20,CDH,3.6666666666666665,BTES,0.3258315789473684,0.0,0.0,0.0,0.8844000000000001,2080s,ssp585
21,CDH,1.0,BTES,0.3258315789473684,0.0,0.0,0.0,0.92862,2080s,ssp585
1,CDH,1114.6666666666667,unmet_demand,0.0,0.0,0.0,0.0,0.04422,2080s,ssp585
2,CDH,1018.3333333333334,unmet_demand,0.0,0.0,0.0,0.0,0.08844,2080s,ssp585
3,CDH,886.6666666666666,unmet_demand,0.0,0.0,0.0,0.0,0.13266,2080s,ssp585
4,CDH,791.3333333333334,unmet_demand,0.0,0.0,0.0,0.0,0.17688,2080s,ssp585
5,CDH,674.5,unmet_demand,0.0,0.0,0.0,0.0,0.22110000000000002,2080s,ssp585
6,CDH,569.6666666666666,unmet_demand,0.0,0.0,0.0,0.0,0.26532,2080s,ssp585
7,CDH,483.1666666666667,unmet_demand,0.0,0.0,0.0,0.0,0.30954000000000004,2080s,ssp585
8,CDH,378.1666666666667,unmet_demand,0.0,0.0,0.0,0.0,0.35376,2080s,ssp585
9,CDH,309.8333333333333,unmet_demand,0.0,0.0,0.0,0.0,0.39798,2080s,ssp585
10,CDH,248.66666666666666,unmet_demand,0.0,0.0,0.0,0.0,0.44220000000000004,2080s,ssp585
11,CDH,177.0,unmet_demand,0.0,0.0,0.0,0.0,0.48642,2080s,ssp585
12,CDH,123.83333333333333,unmet_demand,0.0,0.0,0.0,0.0,0.53064,2080s,ssp585
13,CDH,93.5,unmet_demand,0.0,0.0,0.0,0.0,0.57486,2080s,ssp585
14,CDH,67.83333333333333,unmet_demand,0.0,0.0,0.0,0.0,0.6190800000000001,2080s,ssp585
15,CDH,41.5,unmet_demand,0.0,0.0,0.0,0.0,0.6633,2080s,ssp585
16,CDH,27.333333333333332,unmet_demand,0.0,0.0,0.0,0.0,0.70752,2080s,ssp585
17,CDH,12.5,unmet_demand,0.0,0.0,0.0,0.0,0.7517400000000001,2080s,ssp585
18,CDH,9.0,unmet_demand,0.0,0.0,0.0,0.0,0.79596,2080s,ssp585
19,CDH,7.0,unmet_demand,0.0,0.0,0.0,0.0,0.84018,2080s,ssp585
20,CDH,3.6666666666666665,unmet_demand,0.0,0.0,0.0,0.0,0.8844000000000001,2080s,ssp585
21,CDH,1.0,unmet_demand,0.0,0.0,0.0,0.0,0.92862,2080s,ssp585
1,CDH,726.5,HeatPump,0.0,0.0,0.0,0.0,0.04422,2090s,ssp126
2,CDH,626.8333333333334,HeatPump,0.0,0.0,0.0,0.0,0.08844,2090s,ssp126
3,CDH,532.0,HeatPump,0.0,0.0,0.0,0.0,0.13266,2090s,ssp126
4,CDH,428.5,HeatPump,0.0,0.0,0.0,0.0,0.17688,2090s,ssp126
5,CDH,340.1666666666667,HeatPump,0.04422000000000001,0.0054629686824386944,0.0008194453023658042,1.7723383702785849,0.22110000000000002,2090s,ssp126
6,CDH,247.66666666666666,HeatPump,0.08843999999999999,0.012123372172721041,0.001818505825908156,3.9331577623632623,0.26532,2090s,ssp126
7,CDH,190.33333333333334,HeatPump,0.13266000000000003,0.02001282293041675,0.0030019234395625123,6.4927141338351895,0.30954000000000004,2090s,ssp126
8,CDH,136.33333333333334,HeatPump,0.17688,0.029164056059356975,0.004374608408903546,9.461627659172303,0.35376,2090s,ssp126
9,CDH,94.0,HeatPump,0.2211,0.03961097958922516,0.0059416469383837735,12.850899042490243,0.39798,2090s,ssp126
10,CDH,63.666666666666664,HeatPump,0.26532,0.05138872748402092,0.007708309122603138,16.671926714956424,0.44220000000000004,2090s,ssp126
11,CDH,37.833333333333336,HeatPump,0.30954000000000004,0.06453371555150174,0.009680057332725261,20.936524973361657,0.48642,2090s,ssp126
12,CDH,22.166666666666668,HeatPump,0.35375999999999996,0.07908370044052863,0.011862555066079295,25.65694312049339,0.53064,2090s,ssp126
13,CDH,13.333333333333334,HeatPump,0.39798,0.0950778419271352,0.014261676289070279,30.845885672461883,0.57486,2090s,ssp126
14,CDH,9.4,HeatPump,0.44220000000000004,0.11255676870520463,0.016883515305780694,36.51653370301829,0.6190800000000001,2090s,ssp126
15,CDH,6.0,HeatPump,0.48641999999999996,0.13156264791399014,0.01973439718709852,42.68256740020827,0.6633,2090s,ssp126
16,CDH,3.5,HeatPump,0.53064,0.15213925865246777,0.022820888797870167,49.35818991646448,0.70752,2090s,ssp126
1,CDH,726.5,Geothermal,0.04422,0.002327368421052632,0.0003491052631578948,0.7550627862221053,0.04422,2090s,ssp126
2,CDH,626.8333333333334,Geothermal,0.08844,0.004654736842105264,0.0006982105263157896,1.5101255724442106,0.08844,2090s,ssp126
3,CDH,532.0,Geothermal,0.13266,0.0069821052631578945,0.0010473157894736842,2.265188358666316,0.13266,2090s,ssp126
4,CDH,428.5,Geothermal,0.17688,0.009309473684210527,0.0013964210526315791,3.0202511448884213,0.17688,2090s,ssp126
5,CDH,340.1666666666667,Geothermal,0.17688,0.009309473684210527,0.0013964210526315791,3.0202511448884213,0.22110000000000002,2090s,ssp126
6,CDH,247.66666666666666,Geothermal,0.17688,0.009309473684210527,0.0013964210526315791,3.0202511448884213,0.26532,2090s,ssp126
7,CDH,190.33333333333334,Geothermal,0.17688,0.009309473684210527,0.0013964210526315791,3.0202511448884213,0.30954000000000004,2090s,ssp126
8,CDH,136.33333333333334,Geothermal,0.17688,0.009309473684210527,0.0013964210526315791,3.0202511448884213,0.35376,2090s,ssp126
9,CDH,94.0,Geothermal,0.17688,0.009309473684210527,0.0013964210526315791,3.0202511448884213,0.39798,2090s,ssp126
10,CDH,63.666666666666664,Geothermal,0.17688,0.009309473684210527,0.0013964210526315791,3.0202511448884213,0.44220000000000004,2090s,ssp126
11,CDH,37.833333333333336,Geothermal,0.17688,0.009309473684210527,0.0013964210526315791,3.0202511448884213,0.48642,2090s,ssp126
12,CDH,22.166666666666668,Geothermal,0.17688,0.009309473684210527,0.0013964210526315791,3.0202511448884213,0.53064,2090s,ssp126
13,CDH,13.333333333333334,Geothermal,0.17688,0.009309473684210527,0.0013964210526315791,3.0202511448884213,0.57486,2090s,ssp126
14,CDH,9.4,Geothermal,0.17688,0.009309473684210527,0.0013964210526315791,3.0202511448884213,0.6190800000000001,2090s,ssp126
15,CDH,6.0,Geothermal,0.17688,0.009309473684210527,0.0013964210526315791,3.0202511448884213,0.6633,2090s,ssp126
16,CDH,3.5,Geothermal,0.17688,0.009309473684210527,0.0013964210526315791,3.0202511448884213,0.70752,2090s,ssp126
1,CDH,726.5,BTES,0.04654736842105263,0.0,0.0,0.0,0.04422,2090s,ssp126
2,CDH,626.8333333333334,BTES,0.09309473684210526,0.0,0.0,0.0,0.08844,2090s,ssp126
3,CDH,532.0,BTES,0.1396421052631579,0.0,0.0,0.0,0.13266,2090s,ssp126
4,CDH,428.5,BTES,0.18618947368421052,0.0,0.0,0.0,0.17688,2090s,ssp126
5,CDH,340.1666666666667,BTES,0.18618947368421052,0.0,0.0,0.0,0.22110000000000002,2090s,ssp126
6,CDH,247.66666666666666,BTES,0.18618947368421052,0.0,0.0,0.0,0.26532,2090s,ssp126
7,CDH,190.33333333333334,BTES,0.18618947368421052,0.0,0.0,0.0,0.30954000000000004,2090s,ssp126
8,CDH,136.33333333333334,BTES,0.18618947368421052,0.0,0.0,0.0,0.35376,2090s,ssp126
9,CDH,94.0,BTES,0.18618947368421052,0.0,0.0,0.0,0.39798,2090s,ssp126
10,CDH,63.666666666666664,BTES,0.18618947368421052,0.0,0.0,0.0,0.44220000000000004,2090s,ssp126
11,CDH,37.833333333333336,BTES,0.18618947368421052,0.0,0.0,0.0,0.48642,2090s,ssp126
12,CDH,22.166666666666668,BTES,0.18618947368421052,0.0,0.0,0.0,0.53064,2090s,ssp126
13,CDH,13.333333333333334,BTES,0.18618947368421052,0.0,0.0,0.0,0.57486,2090s,ssp126
14,CDH,9.4,BTES,0.18618947368421052,0.0,0.0,0.0,0.6190800000000001,2090s,ssp126
15,CDH,6.0,BTES,0.18618947368421052,0.0,0.0,0.0,0.6633,2090s,ssp126
16,CDH,3.5,BTES,0.18618947368421052,0.0,0.0,0.0,0.70752,2090s,ssp126
1,CDH,726.5,unmet_demand,0.0,0.0,0.0,0.0,0.04422,2090s,ssp126
2,CDH,626.8333333333334,unmet_demand,0.0,0.0,0.0,0.0,0.08844,2090s,ssp126
3,CDH,532.0,unmet_demand,0.0,0.0,0.0,0.0,0.13266,2090s,ssp126
4,CDH,428.5,unmet_demand,0.0,0.0,0.0,0.0,0.17688,2090s,ssp126
5,CDH,340.1666666666667,unmet_demand,0.0,0.0,0.0,0.0,0.22110000000000002,2090s,ssp126
6,CDH,247.66666666666666,unmet_demand,0.0,0.0,0.0,0.0,0.26532,2090s,ssp126
7,CDH,190.33333333333334,unmet_demand,0.0,0.0,0.0,0.0,0.30954000000000004,2090s,ssp126
8,CDH,136.33333333333334,unmet_demand,0.0,0.0,0.0,0.0,0.35376,2090s,ssp126
9,CDH,94.0,unmet_demand,0.0,0.0,0.0,0.0,0.39798,2090s,ssp126
10,CDH,63.666666666666664,unmet_demand,0.0,0.0,0.0,0.0,0.44220000000000004,2090s,ssp126
11,CDH,37.833333333333336,unmet_demand,0.0,0.0,0.0,0.0,0.48642,2090s,ssp126
12,CDH,22.166666666666668,unmet_demand,0.0,0.0,0.0,0.0,0.53064,2090s,ssp126
13,CDH,13.333333333333334,unmet_demand,0.0,0.0,0.0,0.0,0.57486,2090s,ssp126
14,CDH,9.4,unmet_demand,0.0,0.0,0.0,0.0,0.6190800000000001,2090s,ssp126
15,CDH,6.0,unmet_demand,0.0,0.0,0.0,0.0,0.6633,2090s,ssp126
16,CDH,3.5,unmet_demand,0.0,0.0,0.0,0.0,0.70752,2090s,ssp126
1,CDH,880.3333333333334,HeatPump,0.0,0.0,0.0,0.0,0.04422,2090s,ssp245
2,CDH,744.5,HeatPump,0.0,0.0,0.0,0.0,0.08844,2090s,ssp245
3,CDH,636.1666666666666,HeatPump,0.0,0.0,0.0,0.0,0.13266,2090s,ssp245
4,CDH,517.3333333333334,HeatPump,0.0,0.0,0.0,0.0,0.17688,2090s,ssp245
5,CDH,446.0,HeatPump,0.0,0.0,0.0,0.0,0.22110000000000002,2090s,ssp245
6,CDH,351.6666666666667,HeatPump,0.04421999999999998,0.006061686086360519,0.0009092529129540777,1.9222032428450986,0.26532,2090s,ssp245
7,CDH,253.0,HeatPump,0.08844000000000002,0.013341881953611167,0.002001282293041675,4.230804497546296,0.30954000000000004,2090s,ssp245
8,CDH,211.16666666666666,HeatPump,0.13266,0.02187304204451773,0.003280956306677659,6.9360952959051945,0.35376,2090s,ssp245
9,CDH,151.33333333333334,HeatPump,0.17687999999999998,0.03168878367138012,0.004753317550707018,10.048735923822123,0.39798,2090s,ssp245
10,CDH,98.66666666666667,HeatPump,0.22110000000000002,0.04282393957001744,0.006423590935502616,13.579772086533994,0.44220000000000004,2090s,ssp245
11,CDH,62.5,HeatPump,0.26532,0.05531461332985863,0.008297191999478794,17.540652485885467,0.48642,2090s,ssp245
12,CDH,41.666666666666664,HeatPump,0.30954,0.06919823788546256,0.010379735682819384,21.943247368400883,0.53064,2090s,ssp245
13,CDH,27.333333333333332,HeatPump,0.35376,0.08451363726856463,0.012677045590284694,26.799868107292063,0.57486,2090s,ssp245
14,CDH,14.333333333333334,HeatPump,0.39798000000000006,0.10130109183468418,0.015195163775202625,32.123287886273765,0.6190800000000001,2090s,ssp245
15,CDH,11.75,HeatPump,0.4422,0.11960240719453649,0.017940361079180473,37.926763558198665,0.6633,2090s,ssp245
16,CDH,11.333333333333334,HeatPump,0.48642,0.13946098709809546,0.02091914806471432,44.22405875710568,0.70752,2090s,ssp245
17,CDH,6.0,HeatPump,0.53064,0.1609219105382866,0.02413828658074299,51.02946834834269,0.7517400000000001,2090s,ssp245
18,CDH,6.0,HeatPump,0.5748599999999999,0.18403201336209896,0.02760480200431484,58.35784430802345,0.79596,2090s,ssp245
19,CDH,5.0,HeatPump,0.6190800000000001,0.20883997469955726,0.031325996204933586,66.22462313026186,0.84018,2090s,ssp245
1,CDH,880.3333333333334,Geothermal,0.04422,0.002327368421052632,0.0003491052631578948,0.7380248766607895,0.04422,2090s,ssp245
2,CDH,744.5,Geothermal,0.08844,0.004654736842105264,0.0006982105263157896,1.476049753321579,0.08844,2090s,ssp245
3,CDH,636.1666666666666,Geothermal,0.13266,0.0069821052631578945,0.0010473157894736842,2.214074629982368,0.13266,2090s,ssp245
4,CDH,517.3333333333334,Geothermal,0.17688,0.009309473684210527,0.0013964210526315791,2.952099506643158,0.17688,2090s,ssp245
5,CDH,446.0,Geothermal,0.22110000000000002,0.011636842105263159,0.0017455263157894738,3.6901243833039477,0.22110000000000002,2090s,ssp245
6,CDH,351.6666666666667,Geothermal,0.22110000000000002,0.011636842105263159,0.0017455263157894738,3.6901243833039477,0.26532,2090s,ssp245
7,CDH,253.0,Geothermal,0.22110000000000002,0.011636842105263159,0.0017455263157894738,3.6901243833039477,0.30954000000000004,2090s,ssp245
8,CDH,211.16666666666666,Geothermal,0.22110000000000002,0.011636842105263159,0.0017455263157894738,3.6901243833039477,0.35376,2090s,ssp245
9,CDH,151.33333333333334,Geothermal,0.22110000000000002,0.011636842105263159,0.0017455263157894738,3.6901243833039477,0.39798,2090s,ssp245
10,CDH,98.66666666666667,Geothermal,0.22110000000000002,0.011636842105263159,0.0017455263157894738,3.6901243833039477,0.44220000000000004,2090s,ssp245
11,CDH,62.5,Geothermal,0.22110000000000002,0.011636842105263159,0.0017455263157894738,3.6901243833039477,0.48642,2090s,ssp245
12,CDH,41.666666666666664,Geothermal,0.22110000000000002,0.011636842105263159,0.0017455263157894738,3.6901243833039477,0.53064,2090s,ssp245
13,CDH,27.333333333333332,Geothermal,0.22110000000000002,0.011636842105263159,0.0017455263157894738,3.6901243833039477,0.57486,2090s,ssp245
14,CDH,14.333333333333334,Geothermal,0.22110000000000002,0.011636842105263159,0.0017455263157894738,3.6901243833039477,0.6190800000000001,2090s,ssp245
15,CDH,11.75,Geothermal,0.22110000000000002,0.011636842105263159,0.0017455263157894738,3.6901243833039477,0.6633,2090s,ssp245
16,CDH,11.333333333333334,Geothermal,0.22110000000000002,0.011636842105263159,0.0017455263157894738,3.6901243833039477,0.70752,2090s,ssp245
17,CDH,6.0,Geothermal,0.22110000000000002,0.011636842105263159,0.0017455263157894738,3.6901243833039477,0.7517400000000001,2090s,ssp245
18,CDH,6.0,Geothermal,0.22110000000000002,0.011636842105263159,0.0017455263157894738,3.6901243833039477,0.79596,2090s,ssp245
19,CDH,5.0,Geothermal,0.22110000000000002,0.011636842105263159,0.0017455263157894738,3.6901243833039477,0.84018,2090s,ssp245
1,CDH,880.3333333333334,BTES,0.04654736842105263,0.0,0.0,0.0,0.04422,2090s,ssp245
2,CDH,744.5,BTES,0.09309473684210526,0.0,0.0,0.0,0.08844,2090s,ssp245
3,CDH,636.1666666666666,BTES,0.1396421052631579,0.0,0.0,0.0,0.13266,2090s,ssp245
4,CDH,517.3333333333334,BTES,0.18618947368421052,0.0,0.0,0.0,0.17688,2090s,ssp245
5,CDH,446.0,BTES,0.23273684210526316,0.0,0.0,0.0,0.22110000000000002,2090s,ssp245
6,CDH,351.6666666666667,BTES,0.23273684210526316,0.0,0.0,0.0,0.26532,2090s,ssp245
7,CDH,253.0,BTES,0.23273684210526316,0.0,0.0,0.0,0.30954000000000004,2090s,ssp245
8,CDH,211.16666666666666,BTES,0.23273684210526316,0.0,0.0,0.0,0.35376,2090s,ssp245
9,CDH,151.33333333333334,BTES,0.23273684210526316,0.0,0.0,0.0,0.39798,2090s,ssp245
10,CDH,98.66666666666667,BTES,0.23273684210526316,0.0,0.0,0.0,0.44220000000000004,2090s,ssp245
11,CDH,62.5,BTES,0.23273684210526316,0.0,0.0,0.0,0.48642,2090s,ssp245
12,CDH,41.666666666666664,BTES,0.23273684210526316,0.0,0.0,0.0,0.53064,2090s,ssp245
13,CDH,27.333333333333332,BTES,0.23273684210526316,0.0,0.0,0.0,0.57486,2090s,ssp245
14,CDH,14.333333333333334,BTES,0.23273684210526316,0.0,0.0,0.0,0.6190800000000001,2090s,ssp245
15,CDH,11.75,BTES,0.23273684210526316,0.0,0.0,0.0,0.6633,2090s,ssp245
16,CDH,11.333333333333334,BTES,0.23273684210526316,0.0,0.0,0.0,0.70752,2090s,ssp245
17,CDH,6.0,BTES,0.23273684210526316,0.0,0.0,0.0,0.7517400000000001,2090s,ssp245
18,CDH,6.0,BTES,0.23273684210526316,0.0,0.0,0.0,0.79596,2090s,ssp245
19,CDH,5.0,BTES,0.23273684210526316,0.0,0.0,0.0,0.84018,2090s,ssp245
1,CDH,880.3333333333334,unmet_demand,0.0,0.0,0.0,0.0,0.04422,2090s,ssp245
2,CDH,744.5,unmet_demand,0.0,0.0,0.0,0.0,0.08844,2090s,ssp245
3,CDH,636.1666666666666,unmet_demand,0.0,0.0,0.0,0.0,0.13266,2090s,ssp245
4,CDH,517.3333333333334,unmet_demand,0.0,0.0,0.0,0.0,0.17688,2090s,ssp245
5,CDH,446.0,unmet_demand,0.0,0.0,0.0,0.0,0.22110000000000002,2090s,ssp245
6,CDH,351.6666666666667,unmet_demand,0.0,0.0,0.0,0.0,0.26532,2090s,ssp245
7,CDH,253.0,unmet_demand,0.0,0.0,0.0,0.0,0.30954000000000004,2090s,ssp245
8,CDH,211.16666666666666,unmet_demand,0.0,0.0,0.0,0.0,0.35376,2090s,ssp245
9,CDH,151.33333333333334,unmet_demand,0.0,0.0,0.0,0.0,0.39798,2090s,ssp245
10,CDH,98.66666666666667,unmet_demand,0.0,0.0,0.0,0.0,0.44220000000000004,2090s,ssp245
11,CDH,62.5,unmet_demand,0.0,0.0,0.0,0.0,0.48642,2090s,ssp245
12,CDH,41.666666666666664,unmet_demand,0.0,0.0,0.0,0.0,0.53064,2090s,ssp245
13,CDH,27.333333333333332,unmet_demand,0.0,0.0,0.0,0.0,0.57486,2090s,ssp245
14,CDH,14.333333333333334,unmet_demand,0.0,0.0,0.0,0.0,0.6190800000000001,2090s,ssp245
15,CDH,11.75,unmet_demand,0.0,0.0,0.0,0.0,0.6633,2090s,ssp245
16,CDH,11.333333333333334,unmet_demand,0.0,0.0,0.0,0.0,0.70752,2090s,ssp245
17,CDH,6.0,unmet_demand,0.0,0.0,0.0,0.0,0.7517400000000001,2090s,ssp245
18,CDH,6.0,unmet_demand,0.0,0.0,0.0,0.0,0.79596,2090s,ssp245
19,CDH,5.0,unmet_demand,0.0,0.0,0.0,0.0,0.84018,2090s,ssp245
1,CDH,1056.8333333333333,HeatPump,0.0,0.0,0.0,0.0,0.04422,2090s,ssp370
2,CDH,960.3333333333334,HeatPump,0.0,0.0,0.0,0.0,0.08844,2090s,ssp370
3,CDH,846.0,HeatPump,0.0,0.0,0.0,0.0,0.13266,2090s,ssp370
4,CDH,727.0,HeatPump,0.0,0.0,0.0,0.0,0.17688,2090s,ssp370
5,CDH,612.6666666666666,HeatPump,0.0,0.0,0.0,0.0,0.22110000000000002,2090s,ssp370
6,CDH,515.0,HeatPump,0.0,0.0,0.0,0.0,0.26532,2090s,ssp370
7,CDH,416.5,HeatPump,0.027150241170586342,0.004095831215626829,0.0006143746823440244,1.2520106499579204,0.30954000000000004,2090s,ssp370
8,CDH,323.6666666666667,HeatPump,0.07137024117058632,0.011767558313369553,0.0017651337470054329,3.597098502528205,0.35376,2090s,ssp370
9,CDH,268.0,HeatPump,0.1155902411705863,0.0207084698494876,0.0031062704774231396,6.330149713438093,0.39798,2090s,ssp370
10,CDH,182.16666666666666,HeatPump,0.15981024117058634,0.03095298105182769,0.004642947157774153,9.461684304025482,0.44220000000000004,2090s,ssp370
11,CDH,133.0,HeatPump,0.20403024117058632,0.04253676276929287,0.0063805144153939305,13.002606112942042,0.48642,2090s,ssp370
12,CDH,94.66666666666667,HeatPump,0.2482502411705863,0.05549679926227849,0.008324519889341773,16.964220461490836,0.53064,2090s,ssp370
13,CDH,56.833333333333336,HeatPump,0.29247024117058634,0.0698714492145538,0.010480717382183069,21.358252803693073,0.57486,2090s,ssp370
14,CDH,42.166666666666664,HeatPump,0.3366902411705864,0.08570051017805802,0.012855076526708703,26.196868425725604,0.6190800000000001,2090s,ssp370
15,CDH,23.833333333333332,HeatPump,0.3809102411705863,0.1030252866780949,0.015453793001714233,31.492693264266293,0.6633,2090s,ssp370
16,CDH,12.0,HeatPump,0.42513024117058634,0.12188866222380115,0.01828329933357017,37.25883591860066,0.70752,2090s,ssp370
17,CDH,5.0,HeatPump,0.4693502411705864,0.14233517548766839,0.021350276323150258,43.50891093712164,0.7517400000000001,2090s,ssp370
18,CDH,5.0,HeatPump,0.5135702411705863,0.16441110093845757,0.024661665140768636,50.25706346513913,0.79596,2090s,ssp370
19,CDH,3.5,HeatPump,0.5577902411705864,0.1881645342342269,0.028224680135134034,57.51799534775748,0.84018,2090s,ssp370
1,CDH,1056.8333333333333,Geothermal,0.04422,0.002327368421052632,0.0003491052631578948,0.7114282537855263,0.04422,2090s,ssp370
2,CDH,960.3333333333334,Geothermal,0.08844,0.004654736842105264,0.0006982105263157896,1.4228565075710526,0.08844,2090s,ssp370
3,CDH,846.0,Geothermal,0.13266,0.0069821052631578945,0.0010473157894736842,2.1342847613565787,0.13266,2090s,ssp370
4,CDH,727.0,Geothermal,0.17688,0.009309473684210527,0.0013964210526315791,2.8457130151421053,0.17688,2090s,ssp370
5,CDH,612.6666666666666,Geothermal,0.22110000000000002,0.011636842105263159,0.0017455263157894738,3.557141268927632,0.22110000000000002,2090s,ssp370
6,CDH,515.0,Geothermal,0.26532,0.013964210526315789,0.0020946315789473684,4.2685695227131575,0.26532,2090s,ssp370
7,CDH,416.5,Geothermal,0.2823897588294137,0.014862618885758615,0.002229392832863792,4.543194324082444,0.30954000000000004,2090s,ssp370
8,CDH,323.6666666666667,Geothermal,0.2823897588294137,0.014862618885758615,0.002229392832863792,4.543194324082444,0.35376,2090s,ssp370
9,CDH,268.0,Geothermal,0.2823897588294137,0.014862618885758615,0.002229392832863792,4.543194324082444,0.39798,2090s,ssp370
10,CDH,182.16666666666666,Geothermal,0.2823897588294137,0.014862618885758615,0.002229392832863792,4.543194324082444,0.44220000000000004,2090s,ssp370
11,CDH,133.0,Geothermal,0.2823897588294137,0.014862618885758615,0.002229392832863792,4.543194324082444,0.48642,2090s,ssp370
12,CDH,94.66666666666667,Geothermal,0.2823897588294137,0.014862618885758615,0.002229392832863792,4.543194324082444,0.53064,2090s,ssp370
13,CDH,56.833333333333336,Geothermal,0.2823897588294137,0.014862618885758615,0.002229392832863792,4.543194324082444,0.57486,2090s,ssp370
14,CDH,42.166666666666664,Geothermal,0.2823897588294137,0.014862618885758615,0.002229392832863792,4.543194324082444,0.6190800000000001,2090s,ssp370
15,CDH,23.833333333333332,Geothermal,0.2823897588294137,0.014862618885758615,0.002229392832863792,4.543194324082444,0.6633,2090s,ssp370
16,CDH,12.0,Geothermal,0.2823897588294137,0.014862618885758615,0.002229392832863792,4.543194324082444,0.70752,2090s,ssp370
17,CDH,5.0,Geothermal,0.2823897588294137,0.014862618885758615,0.002229392832863792,4.543194324082444,0.7517400000000001,2090s,ssp370
18,CDH,5.0,Geothermal,0.2823897588294137,0.014862618885758615,0.002229392832863792,4.543194324082444,0.79596,2090s,ssp370
19,CDH,3.5,Geothermal,0.2823897588294137,0.014862618885758615,0.002229392832863792,4.543194324082444,0.84018,2090s,ssp370
1,CDH,1056.8333333333333,BTES,0.04654736842105263,0.0,0.0,0.0,0.04422,2090s,ssp370
2,CDH,960.3333333333334,BTES,0.09309473684210526,0.0,0.0,0.0,0.08844,2090s,ssp370
3,CDH,846.0,BTES,0.1396421052631579,0.0,0.0,0.0,0.13266,2090s,ssp370
4,CDH,727.0,BTES,0.18618947368421052,0.0,0.0,0.0,0.17688,2090s,ssp370
5,CDH,612.6666666666666,BTES,0.23273684210526316,0.0,0.0,0.0,0.22110000000000002,2090s,ssp370
6,CDH,515.0,BTES,0.2792842105263158,0.0,0.0,0.0,0.26532,2090s,ssp370
7,CDH,416.5,BTES,0.29725237771517227,0.0,0.0,0.0,0.30954000000000004,2090s,ssp370
8,CDH,323.6666666666667,BTES,0.29725237771517227,0.0,0.0,0.0,0.35376,2090s,ssp370
9,CDH,268.0,BTES,0.29725237771517227,0.0,0.0,0.0,0.39798,2090s,ssp370
10,CDH,182.16666666666666,BTES,0.29725237771517227,0.0,0.0,0.0,0.44220000000000004,2090s,ssp370
11,CDH,133.0,BTES,0.29725237771517227,0.0,0.0,0.0,0.48642,2090s,ssp370
12,CDH,94.66666666666667,BTES,0.29725237771517227,0.0,0.0,0.0,0.53064,2090s,ssp370
13,CDH,56.833333333333336,BTES,0.29725237771517227,0.0,0.0,0.0,0.57486,2090s,ssp370
14,CDH,42.166666666666664,BTES,0.29725237771517227,0.0,0.0,0.0,0.6190800000000001,2090s,ssp370
15,CDH,23.833333333333332,BTES,0.29725237771517227,0.0,0.0,0.0,0.6633,2090s,ssp370
16,CDH,12.0,BTES,0.29725237771517227,0.0,0.0,0.0,0.70752,2090s,ssp370
17,CDH,5.0,BTES,0.29725237771517227,0.0,0.0,0.0,0.7517400000000001,2090s,ssp370
18,CDH,5.0,BTES,0.29725237771517227,0.0,0.0,0.0,0.79596,2090s,ssp370
19,CDH,3.5,BTES,0.29725237771517227,0.0,0.0,0.0,0.84018,2090s,ssp370
1,CDH,1056.8333333333333,unmet_demand,0.0,0.0,0.0,0.0,0.04422,2090s,ssp370
2,CDH,960.3333333333334,unmet_demand,0.0,0.0,0.0,0.0,0.08844,2090s,ssp370
3,CDH,846.0,unmet_demand,0.0,0.0,0.0,0.0,0.13266,2090s,ssp370
4,CDH,727.0,unmet_demand,0.0,0.0,0.0,0.0,0.17688,2090s,ssp370
5,CDH,612.6666666666666,unmet_demand,0.0,0.0,0.0,0.0,0.22110000000000002,2090s,ssp370
6,CDH,515.0,unmet_demand,0.0,0.0,0.0,0.0,0.26532,2090s,ssp370
7,CDH,416.5,unmet_demand,0.0,0.0,0.0,0.0,0.30954000000000004,2090s,ssp370
8,CDH,323.6666666666667,unmet_demand,0.0,0.0,0.0,0.0,0.35376,2090s,ssp370
9,CDH,268.0,unmet_demand,0.0,0.0,0.0,0.0,0.39798,2090s,ssp370
10,CDH,182.16666666666666,unmet_demand,0.0,0.0,0.0,0.0,0.44220000000000004,2090s,ssp370
11,CDH,133.0,unmet_demand,0.0,0.0,0.0,0.0,0.48642,2090s,ssp370
12,CDH,94.66666666666667,unmet_demand,0.0,0.0,0.0,0.0,0.53064,2090s,ssp370
13,CDH,56.833333333333336,unmet_demand,0.0,0.0,0.0,0.0,0.57486,2090s,ssp370
14,CDH,42.166666666666664,unmet_demand,0.0,0.0,0.0,0.0,0.6190800000000001,2090s,ssp370
15,CDH,23.833333333333332,unmet_demand,0.0,0.0,0.0,0.0,0.6633,2090s,ssp370
16,CDH,12.0,unmet_demand,0.0,0.0,0.0,0.0,0.70752,2090s,ssp370
17,CDH,5.0,unmet_demand,0.0,0.0,0.0,0.0,0.7517400000000001,2090s,ssp370
18,CDH,5.0,unmet_demand,0.0,0.0,0.0,0.0,0.79596,2090s,ssp370
19,CDH,3.5,unmet_demand,0.0,0.0,0.0,0.0,0.84018,2090s,ssp370
1,CDH,1223.3333333333333,HeatPump,0.0,0.0,0.0,0.0,0.04422,2090s,ssp585
2,CDH,1107.6666666666667,HeatPump,0.0,0.0,0.0,0.0,0.08844,2090s,ssp585
3,CDH,975.5,HeatPump,0.0,0.0,0.0,0.0,0.13266,2090s,ssp585
4,CDH,883.8333333333334,HeatPump,0.0,0.0,0.0,0.0,0.17688,2090s,ssp585
5,CDH,771.5,HeatPump,0.0,0.0,0.0,0.0,0.22110000000000002,2090s,ssp585
6,CDH,678.6666666666666,HeatPump,0.0,0.0,0.0,0.0,0.26532,2090s,ssp585
7,CDH,557.6666666666666,HeatPump,0.0,0.0,0.0,0.0,0.30954000000000004,2090s,ssp585
8,CDH,455.1666666666667,HeatPump,0.0,0.0,0.0,0.0,0.35376,2090s,ssp585
9,CDH,371.8333333333333,HeatPump,0.0,0.0,0.0,0.0,0.39798,2090s,ssp585
10,CDH,294.8333333333333,HeatPump,0.0,0.0,0.0,0.0,0.44220000000000004,2090s,ssp585
11,CDH,227.5,HeatPump,0.0,0.0,0.0,0.0,0.48642,2090s,ssp585
12,CDH,180.16666666666666,HeatPump,0.04421999999999998,0.009885462555066076,0.0014828193832599112,2.965638766519823,0.53064,2090s,ssp585
13,CDH,119.0,HeatPump,0.08844000000000002,0.02112840931714116,0.003169261397571174,6.338522795142349,0.57486,2090s,ssp585
14,CDH,97.16666666666667,HeatPump,0.13266000000000006,0.0337670306115614,0.0050650545917342105,10.13010918346842,0.6190800000000001,2090s,ssp585
15,CDH,62.166666666666664,HeatPump,0.17687999999999998,0.04784096287781459,0.007176144431672188,14.352288863344377,0.6633,2090s,ssp585
16,CDH,37.0,HeatPump,0.22110000000000002,0.06339135777186158,0.009508703665779238,19.017407331558474,0.70752,2090s,ssp585
17,CDH,27.0,HeatPump,0.26532000000000006,0.08046095526914332,0.012069143290371497,24.138286580742996,0.7517400000000001,2090s,ssp585
18,CDH,15.4,HeatPump,0.30954,0.09909416104113021,0.014864124156169532,29.728248312339062,0.79596,2090s,ssp585
19,CDH,9.8,HeatPump,0.35376,0.119337128399747,0.01790056925996205,35.8011385199241,0.84018,2090s,ssp585
20,CDH,6.75,HeatPump,0.39798000000000006,0.1412378451274044,0.021185676769110658,42.37135353822132,0.8844000000000001,2090s,ssp585
21,CDH,5.0,HeatPump,0.4422,0.1648462255358807,0.024726933830382106,49.45386766076422,0.92862,2090s,ssp585
22,CDH,2.0,HeatPump,0.48642,0.19021420812513581,0.028532131218770372,57.06426243754074,0.97284,2090s,ssp585
23,CDH,3.0,HeatPump,0.53064,0.21739585924354385,0.03260937888653158,65.21875777306316,1.01706,2090s,ssp585
24,CDH,2.0,HeatPump,0.5748599999999999,0.24644748318427082,0.03696712247764062,73.93424495528124,1.06128,2090s,ssp585
25,CDH,4.0,HeatPump,0.6190800000000001,0.27742773918888647,0.041614160878332966,83.22832175666593,1.1055000000000001,2090s,ssp585
26,CDH,2.0,HeatPump,0.6633,0.3103977658691222,0.04655966488036833,93.11932976073666,1.14972,2090s,ssp585
27,CDH,4.0,HeatPump,0.7075199999999999,0.3454213136013426,0.05181319704020139,103.62639408040278,1.19394,2090s,ssp585
1,CDH,1223.3333333333333,Geothermal,0.04422,0.002327368421052632,0.0003491052631578948,0.6982105263157895,0.04422,2090s,ssp585
2,CDH,1107.6666666666667,Geothermal,0.08844,0.004654736842105264,0.0006982105263157896,1.396421052631579,0.08844,2090s,ssp585
3,CDH,975.5,Geothermal,0.13266,0.0069821052631578945,0.0010473157894736842,2.0946315789473684,0.13266,2090s,ssp585
4,CDH,883.8333333333334,Geothermal,0.17688,0.009309473684210527,0.0013964210526315791,2.792842105263158,0.17688,2090s,ssp585
5,CDH,771.5,Geothermal,0.22110000000000002,0.011636842105263159,0.0017455263157894738,3.4910526315789476,0.22110000000000002,2090s,ssp585
6,CDH,678.6666666666666,Geothermal,0.26532,0.013964210526315789,0.0020946315789473684,4.189263157894737,0.26532,2090s,ssp585
7,CDH,557.6666666666666,Geothermal,0.30954000000000004,0.016291578947368424,0.0024437368421052637,4.887473684210527,0.30954000000000004,2090s,ssp585
8,CDH,455.1666666666667,Geothermal,0.35376,0.018618947368421054,0.0027928421052631582,5.585684210526316,0.35376,2090s,ssp585
9,CDH,371.8333333333333,Geothermal,0.39798,0.020946315789473684,0.0031419473684210527,6.283894736842106,0.39798,2090s,ssp585
10,CDH,294.8333333333333,Geothermal,0.44220000000000004,0.023273684210526318,0.0034910526315789477,6.982105263157895,0.44220000000000004,2090s,ssp585
11,CDH,227.5,Geothermal,0.48642,0.025601052631578948,0.003840157894736842,7.680315789473684,0.48642,2090s,ssp585
12,CDH,180.16666666666666,Geothermal,0.48642,0.025601052631578948,0.003840157894736842,7.680315789473684,0.53064,2090s,ssp585
13,CDH,119.0,Geothermal,0.48642,0.025601052631578948,0.003840157894736842,7.680315789473684,0.57486,2090s,ssp585
14,CDH,97.16666666666667,Geothermal,0.48642,0.025601052631578948,0.003840157894736842,7.680315789473684,0.6190800000000001,2090s,ssp585
15,CDH,62.166666666666664,Geothermal,0.48642,0.025601052631578948,0.003840157894736842,7.680315789473684,0.6633,2090s,ssp585
16,CDH,37.0,Geothermal,0.48642,0.025601052631578948,0.003840157894736842,7.680315789473684,0.70752,2090s,ssp585
17,CDH,27.0,Geothermal,0.48642,0.025601052631578948,0.003840157894736842,7.680315789473684,0.7517400000000001,2090s,ssp585
18,CDH,15.4,Geothermal,0.48642,0.025601052631578948,0.003840157894736842,7.680315789473684,0.79596,2090s,ssp585
19,CDH,9.8,Geothermal,0.48642,0.025601052631578948,0.003840157894736842,7.680315789473684,0.84018,2090s,ssp585
20,CDH,6.75,Geothermal,0.48642,0.025601052631578948,0.003840157894736842,7.680315789473684,0.8844000000000001,2090s,ssp585
21,CDH,5.0,Geothermal,0.48642,0.025601052631578948,0.003840157894736842,7.680315789473684,0.92862,2090s,ssp585
22,CDH,2.0,Geothermal,0.48642,0.025601052631578948,0.003840157894736842,7.680315789473684,0.97284,2090s,ssp585
23,CDH,3.0,Geothermal,0.48642,0.025601052631578948,0.003840157894736842,7.680315789473684,1.01706,2090s,ssp585
24,CDH,2.0,Geothermal,0.48642,0.025601052631578948,0.003840157894736842,7.680315789473684,1.06128,2090s,ssp585
25,CDH,4.0,Geothermal,0.48642,0.025601052631578948,0.003840157894736842,7.680315789473684,1.1055000000000001,2090s,ssp585
26,CDH,2.0,Geothermal,0.48642,0.025601052631578948,0.003840157894736842,7.680315789473684,1.14972,2090s,ssp585
27,CDH,4.0,Geothermal,0.48642,0.025601052631578948,0.003840157894736842,7.680315789473684,1.19394,2090s,ssp585
1,CDH,1223.3333333333333,BTES,0.04654736842105263,0.0,0.0,0.0,0.04422,2090s,ssp585
2,CDH,1107.6666666666667,BTES,0.09309473684210526,0.0,0.0,0.0,0.08844,2090s,ssp585
3,CDH,975.5,BTES,0.1396421052631579,0.0,0.0,0.0,0.13266,2090s,ssp585
4,CDH,883.8333333333334,BTES,0.18618947368421052,0.0,0.0,0.0,0.17688,2090s,ssp585
5,CDH,771.5,BTES,0.23273684210526316,0.0,0.0,0.0,0.22110000000000002,2090s,ssp585
6,CDH,678.6666666666666,BTES,0.2792842105263158,0.0,0.0,0.0,0.26532,2090s,ssp585
7,CDH,557.6666666666666,BTES,0.3258315789473684,0.0,0.0,0.0,0.30954000000000004,2090s,ssp585
8,CDH,455.1666666666667,BTES,0.37237894736842103,0.0,0.0,0.0,0.35376,2090s,ssp585
9,CDH,371.8333333333333,BTES,0.41892631578947365,0.0,0.0,0.0,0.39798,2090s,ssp585
10,CDH,294.8333333333333,BTES,0.4654736842105263,0.0,0.0,0.0,0.44220000000000004,2090s,ssp585
11,CDH,227.5,BTES,0.5120210526315789,0.0,0.0,0.0,0.48642,2090s,ssp585
12,CDH,180.16666666666666,BTES,0.5120210526315789,0.0,0.0,0.0,0.53064,2090s,ssp585
13,CDH,119.0,BTES,0.5120210526315789,0.0,0.0,0.0,0.57486,2090s,ssp585
14,CDH,97.16666666666667,BTES,0.5120210526315789,0.0,0.0,0.0,0.6190800000000001,2090s,ssp585
15,CDH,62.166666666666664,BTES,0.5120210526315789,0.0,0.0,0.0,0.6633,2090s,ssp585
16,CDH,37.0,BTES,0.5120210526315789,0.0,0.0,0.0,0.70752,2090s,ssp585
17,CDH,27.0,BTES,0.5120210526315789,0.0,0.0,0.0,0.7517400000000001,2090s,ssp585
18,CDH,15.4,BTES,0.5120210526315789,0.0,0.0,0.0,0.79596,2090s,ssp585
19,CDH,9.8,BTES,0.5120210526315789,0.0,0.0,0.0,0.84018,2090s,ssp585
20,CDH,6.75,BTES,0.5120210526315789,0.0,0.0,0.0,0.8844000000000001,2090s,ssp585
21,CDH,5.0,BTES,0.5120210526315789,0.0,0.0,0.0,0.92862,2090s,ssp585
22,CDH,2.0,BTES,0.5120210526315789,0.0,0.0,0.0,0.97284,2090s,ssp585
23,CDH,3.0,BTES,0.5120210526315789,0.0,0.0,0.0,1.01706,2090s,ssp585
24,CDH,2.0,BTES,0.5120210526315789,0.0,0.0,0.0,1.06128,2090s,ssp585
25,CDH,4.0,BTES,0.5120210526315789,0.0,0.0,0.0,1.1055000000000001,2090s,ssp585
26,CDH,2.0,BTES,0.5120210526315789,0.0,0.0,0.0,1.14972,2090s,ssp585
27,CDH,4.0,BTES,0.5120210526315789,0.0,0.0,0.0,1.19394,2090s,ssp585
1,CDH,1223.3333333333333,unmet_demand,0.0,0.0,0.0,0.0,0.04422,2090s,ssp585
2,CDH,1107.6666666666667,unmet_demand,0.0,0.0,0.0,0.0,0.08844,2090s,ssp585
3,CDH,975.5,unmet_demand,0.0,0.0,0.0,0.0,0.13266,2090s,ssp585
4,CDH,883.8333333333334,unmet_demand,0.0,0.0,0.0,0.0,0.17688,2090s,ssp585
5,CDH,771.5,unmet_demand,0.0,0.0,0.0,0.0,0.22110000000000002,2090s,ssp585
6,CDH,678.6666666666666,unmet_demand,0.0,0.0,0.0,0.0,0.26532,2090s,ssp585
7,CDH,557.6666666666666,unmet_demand,0.0,0.0,0.0,0.0,0.30954000000000004,2090s,ssp585
8,CDH,455.1666666666667,unmet_demand,0.0,0.0,0.0,0.0,0.35376,2090s,ssp585
9,CDH,371.8333333333333,unmet_demand,0.0,0.0,0.0,0.0,0.39798,2090s,ssp585
10,CDH,294.8333333333333,unmet_demand,0.0,0.0,0.0,0.0,0.44220000000000004,2090s,ssp585
11,CDH,227.5,unmet_demand,0.0,0.0,0.0,0.0,0.48642,2090s,ssp585
12,CDH,180.16666666666666,unmet_demand,0.0,0.0,0.0,0.0,0.53064,2090s,ssp585
13,CDH,119.0,unmet_demand,0.0,0.0,0.0,0.0,0.57486,2090s,ssp585
14,CDH,97.16666666666667,unmet_demand,0.0,0.0,0.0,0.0,0.6190800000000001,2090s,ssp585
15,CDH,62.166666666666664,unmet_demand,0.0,0.0,0.0,0.0,0.6633,2090s,ssp585
16,CDH,37.0,unmet_demand,0.0,0.0,0.0,0.0,0.70752,2090s,ssp585
17,CDH,27.0,unmet_demand,0.0,0.0,0.0,0.0,0.7517400000000001,2090s,ssp585
18,CDH,15.4,unmet_demand,0.0,0.0,0.0,0.0,0.79596,2090s,ssp585
19,CDH,9.8,unmet_demand,0.0,0.0,0.0,0.0,0.84018,2090s,ssp585
20,CDH,6.75,unmet_demand,0.0,0.0,0.0,0.0,0.8844000000000001,2090s,ssp585
21,CDH,5.0,unmet_demand,0.0,0.0,0.0,0.0,0.92862,2090s,ssp585
22,CDH,2.0,unmet_demand,0.0,0.0,0.0,0.0,0.97284,2090s,ssp585
23,CDH,3.0,unmet_demand,0.0,0.0,0.0,0.0,1.01706,2090s,ssp585
24,CDH,2.0,unmet_demand,0.0,0.0,0.0,0.0,1.06128,2090s,ssp585
25,CDH,4.0,unmet_demand,0.0,0.0,0.0,0.0,1.1055000000000001,2090s,ssp585
26,CDH,2.0,unmet_demand,0.0,0.0,0.0,0.0,1.14972,2090s,ssp585
27,CDH,4.0,unmet_demand,0.0,0.0,0.0,0.0,1.19394,2090s,ssp585
31,HDH,1.1666666666666667,Geothermal,0.0,0.0,0.0,0.0,1.3708200000000001,2020s,past
30,HDH,1.5,Geothermal,0.0,0.0,0.0,0.0,1.3266,2020s,past
28,HDH,4.055555555555556,Geothermal,0.0,0.0,0.0,0.0,1.2381600000000001,2020s,past
27,HDH,4.479166666666667,Geothermal,0.0,0.0,0.0,0.0,1.19394,2020s,past
26,HDH,6.608333333333333,Geothermal,0.0,0.0,0.0,0.0,1.14972,2020s,past
25,HDH,12.316666666666666,Geothermal,0.0,0.0,0.0,0.0,1.1055000000000001,2020s,past
24,HDH,16.125,Geothermal,0.0,0.0,0.0,0.0,1.06128,2020s,past
23,HDH,25.041666666666668,Geothermal,0.0,0.0,0.0,0.0,1.01706,2020s,past
22,HDH,42.33333333333333,Geothermal,0.0,0.0,0.0,0.0,0.97284,2020s,past
21,HDH,61.16666666666667,Geothermal,0.0,0.0,0.0,0.0,0.92862,2020s,past
20,HDH,89.95833333333333,Geothermal,0.0,0.0,0.0,0.0,0.8844000000000001,2020s,past
19,HDH,134.70833333333334,Geothermal,0.0,0.0,0.0,0.0,0.84018,2020s,past
18,HDH,199.66666666666669,Geothermal,0.0,0.0,0.0,0.0,0.79596,2020s,past
17,HDH,277.91666666666663,Geothermal,0.0,0.0,0.0,0.0,0.7517400000000001,2020s,past
16,HDH,396.4166666666667,Geothermal,0.0,0.0,0.0,0.0,0.70752,2020s,past
15,HDH,582.625,Geothermal,0.0,0.0,0.0,0.0,0.6633,2020s,past
14,HDH,785.375,Geothermal,0.0,0.0,0.0,0.0,0.6190800000000001,2020s,past
13,HDH,1093.625,Geothermal,0.0,0.0,0.0,0.0,0.57486,2020s,past
12,HDH,1436.2083333333333,Geothermal,0.0,0.0,0.0,0.0,0.53064,2020s,past
11,HDH,1907.9166666666665,Geothermal,0.0,0.0,0.0,0.0,0.48642,2020s,past
10,HDH,2411.9166666666665,Geothermal,0.0,0.0,0.0,0.0,0.44220000000000004,2020s,past
9,HDH,2826.125,Geothermal,0.0,0.0,0.0,0.0,0.39798,2020s,past
8,HDH,3174.916666666667,Geothermal,0.0,0.0,0.0,0.0,0.35376,2020s,past
7,HDH,3494.2083333333335,Geothermal,0.0,0.0,0.0,0.0,0.30954000000000004,2020s,past
6,HDH,3782.0833333333335,Geothermal,0.0,0.0,0.0,0.0,0.26532,2020s,past
5,HDH,4107.166666666667,Geothermal,0.0,0.0,0.0,0.0,0.22110000000000002,2020s,past
4,HDH,4385.708333333334,Geothermal,0.0,0.0,0.0,0.0,0.17688,2020s,past
3,HDH,4321.791666666667,Geothermal,0.0,0.0,0.0,0.0,0.13266,2020s,past
2,HDH,4289.166666666667,Geothermal,0.0,0.0,0.0,0.0,0.08844,2020s,past
1,HDH,4235.875,Geothermal,0.0,0.0,0.0,0.0,0.04422,2020s,past
29,HDH,2.0,Geothermal,0.0,0.0,0.0,0.0,1.28238,2020s,past
31,HDH,1.1666666666666667,Boiler,0.0,0.0,0.0,0.0,1.3708200000000001,2020s,past
30,HDH,1.5,Boiler,0.0,0.0,0.0,0.0,1.3266,2020s,past
28,HDH,4.055555555555556,Boiler,0.0,0.0,0.0,0.0,1.2381600000000001,2020s,past
27,HDH,4.479166666666667,Boiler,0.0,0.0,0.0,0.0,1.19394,2020s,past
26,HDH,6.608333333333333,Boiler,0.0,0.0,0.0,0.0,1.14972,2020s,past
25,HDH,12.316666666666666,Boiler,0.0,0.0,0.0,0.0,1.1055000000000001,2020s,past
24,HDH,16.125,Boiler,0.0,0.0,0.0,0.0,1.06128,2020s,past
23,HDH,25.041666666666668,Boiler,0.0,0.0,0.0,0.0,1.01706,2020s,past
22,HDH,42.33333333333333,Boiler,0.0,0.0,0.0,0.0,0.97284,2020s,past
21,HDH,61.16666666666667,Boiler,0.0,0.0,0.0,0.0,0.92862,2020s,past
20,HDH,89.95833333333333,Boiler,0.0,0.0,0.0,0.0,0.8844000000000001,2020s,past
19,HDH,134.70833333333334,Boiler,0.0,0.0,0.0,0.0,0.84018,2020s,past
18,HDH,199.66666666666669,Boiler,0.0,0.0,0.0,0.0,0.79596,2020s,past
17,HDH,277.91666666666663,Boiler,0.0,0.0,0.0,0.0,0.7517400000000001,2020s,past
16,HDH,396.4166666666667,Boiler,0.0,0.0,0.0,0.0,0.70752,2020s,past
15,HDH,582.625,Boiler,0.0,0.0,0.0,0.0,0.6633,2020s,past
14,HDH,785.375,Boiler,0.0,0.0,0.0,0.0,0.6190800000000001,2020s,past
13,HDH,1093.625,Boiler,0.0,0.0,0.0,0.0,0.57486,2020s,past
12,HDH,1436.2083333333333,Boiler,0.0,0.0,0.0,0.0,0.53064,2020s,past
11,HDH,1907.9166666666665,Boiler,0.0,0.0,0.0,0.0,0.48642,2020s,past
10,HDH,2411.9166666666665,Boiler,0.0,0.0,0.0,0.0,0.44220000000000004,2020s,past
9,HDH,2826.125,Boiler,0.0,0.0,0.0,0.0,0.39798,2020s,past
8,HDH,3174.916666666667,Boiler,0.0,0.0,0.0,0.0,0.35376,2020s,past
7,HDH,3494.2083333333335,Boiler,0.0,0.0,0.0,0.0,0.30954000000000004,2020s,past
6,HDH,3782.0833333333335,Boiler,0.0,0.0,0.0,0.0,0.26532,2020s,past
5,HDH,4107.166666666667,Boiler,0.0,0.0,0.0,0.0,0.22110000000000002,2020s,past
4,HDH,4385.708333333334,Boiler,0.0,0.0,0.0,0.0,0.17688,2020s,past
3,HDH,4321.791666666667,Boiler,0.0,0.0,0.0,0.0,0.13266,2020s,past
2,HDH,4289.166666666667,Boiler,0.0,0.0,0.0,0.0,0.08844,2020s,past
1,HDH,4235.875,Boiler,0.0,0.0,0.0,0.0,0.04422,2020s,past
29,HDH,2.0,Boiler,0.0,0.0,0.0,0.0,1.28238,2020s,past
31,HDH,1.1666666666666667,HeatPump,1.3708200000000001,0.49976727935591686,0.07496509190338753,151.3603012880937,1.3708200000000001,2020s,past
30,HDH,1.5,HeatPump,1.3266,0.4716440652140789,0.07074660978211184,142.8428605881261,1.3266,2020s,past
28,HDH,4.055555555555556,HeatPump,1.2381600000000001,0.41759190556492426,0.06263878583473864,126.47253882494056,1.2381600000000001,2020s,past
27,HDH,4.479166666666667,HeatPump,1.19394,0.39167645701983705,0.058751468552975555,118.62374547285123,1.19394,2020s,past
26,HDH,6.608333333333333,HeatPump,1.14972,0.3665105660959433,0.054976584914391495,111.00196431636391,1.14972,2020s,past
25,HDH,12.316666666666666,HeatPump,1.1055000000000001,0.34210119139718403,0.0513151787095776,103.6093028491713,1.1055000000000001,2020s,past
24,HDH,16.125,HeatPump,1.06128,0.31845537792953593,0.04776830668943039,96.44789473282198,1.06128,2020s,past
23,HDH,25.041666666666668,HeatPump,1.01706,0.295580258446209,0.04433703876693135,89.51990020412912,1.01706,2020s,past
22,HDH,42.33333333333333,HeatPump,0.97284,0.27348305481805407,0.04102245822270811,82.82750649021423,0.97284,2020s,past
21,HDH,61.16666666666667,HeatPump,0.92862,0.25217107942973527,0.03782566191446029,76.37292823135411,0.92862,2020s,past
20,HDH,89.95833333333333,HeatPump,0.8844000000000001,0.2316517366022317,0.034747760490334755,70.15840791180199,0.8844000000000001,2020s,past
19,HDH,134.70833333333334,HeatPump,0.84018,0.21193252404225132,0.031789878606337696,64.18621629875926,0.84018,2020s,past
18,HDH,199.66666666666669,HeatPump,0.79596,0.19302103431915232,0.028953155147872847,58.45865288967818,0.79596,2020s,past
17,HDH,277.91666666666663,HeatPump,0.7517400000000001,0.1749249563699826,0.026238743455497388,52.97804636808051,0.7517400000000001,2020s,past
16,HDH,396.4166666666667,HeatPump,0.70752,0.1576520770332644,0.02364781155498966,47.74675506808196,0.70752,2020s,past
15,HDH,582.625,HeatPump,0.6633,0.1412102826121667,0.021181542391825004,42.76716744781696,0.6633,2020s,past
14,HDH,785.375,HeatPump,0.6190800000000001,0.12560756046772387,0.01884113407015858,38.0417025719634,0.6190800000000001,2020s,past
13,HDH,1093.625,HeatPump,0.57486,0.11085200064277682,0.016627800096416522,33.572810603572,0.57486,2020s,past
12,HDH,1436.2083333333333,HeatPump,0.53064,0.09695179751733034,0.01454276962759955,29.362973305410414,0.53064,2020s,past
11,HDH,1907.9166666666665,HeatPump,0.48642,0.08391525149603754,0.01258728772440563,25.414704551037396,0.48642,2020s,past
10,HDH,2411.9166666666665,HeatPump,0.44220000000000004,0.0717507707285413,0.010762615609281195,21.730550845828137,0.44220000000000004,2020s,past
9,HDH,2826.125,HeatPump,0.39798,0.06046687286342178,0.009070030929513266,18.313091858177533,0.39798,2020s,past
8,HDH,3174.916666666667,HeatPump,0.35376,0.05007218683651806,0.007510828025477709,15.164940961114093,0.35376,2020s,past
7,HDH,3494.2083333333335,HeatPump,0.30954000000000004,0.040575454694412594,0.006086318204161889,12.288745784563288,0.30954000000000004,2020s,past
6,HDH,3782.0833333333335,HeatPump,0.26532,0.03198553345388788,0.004797830018083182,9.687188778505519,0.26532,2020s,past
5,HDH,4107.166666666667,HeatPump,0.22110000000000002,0.024311396998185717,0.0036467095497278576,7.362987787280158,0.22110000000000002,2020s,past
4,HDH,4385.708333333334,HeatPump,0.17688,0.01756213801092173,0.0026343207016382595,5.318896635293946,0.17688,2020s,past
3,HDH,4321.791666666667,HeatPump,0.13266,0.011746969948530635,0.0017620454922795952,3.55770572439884,0.13266,2020s,past
2,HDH,4289.166666666667,HeatPump,0.08844,0.0068752290521405975,0.0010312843578210895,2.0822426432114427,0.08844,2020s,past
1,HDH,4235.875,HeatPump,0.04422,0.0029563763997994324,0.00044345645996991486,0.8953727886534436,0.04422,2020s,past
29,HDH,2.0,HeatPump,1.28238,0.44425003820877274,0.06663750573131591,134.54626264685828,1.28238,2020s,past
31,HDH,1.1666666666666667,BTES,0.0,0.0,0.0,0.0,1.3708200000000001,2020s,past
30,HDH,1.5,BTES,0.0,0.0,0.0,0.0,1.3266,2020s,past
28,HDH,4.055555555555556,BTES,0.0,0.0,0.0,0.0,1.2381600000000001,2020s,past
27,HDH,4.479166666666667,BTES,0.0,0.0,0.0,0.0,1.19394,2020s,past
26,HDH,6.608333333333333,BTES,0.0,0.0,0.0,0.0,1.14972,2020s,past
25,HDH,12.316666666666666,BTES,0.0,0.0,0.0,0.0,1.1055000000000001,2020s,past
24,HDH,16.125,BTES,0.0,0.0,0.0,0.0,1.06128,2020s,past
23,HDH,25.041666666666668,BTES,0.0,0.0,0.0,0.0,1.01706,2020s,past
22,HDH,42.33333333333333,BTES,0.0,0.0,0.0,0.0,0.97284,2020s,past
21,HDH,61.16666666666667,BTES,0.0,0.0,0.0,0.0,0.92862,2020s,past
20,HDH,89.95833333333333,BTES,0.0,0.0,0.0,0.0,0.8844000000000001,2020s,past
19,HDH,134.70833333333334,BTES,0.0,0.0,0.0,0.0,0.84018,2020s,past
18,HDH,199.66666666666669,BTES,0.0,0.0,0.0,0.0,0.79596,2020s,past
17,HDH,277.91666666666663,BTES,0.0,0.0,0.0,0.0,0.7517400000000001,2020s,past
16,HDH,396.4166666666667,BTES,0.0,0.0,0.0,0.0,0.70752,2020s,past
15,HDH,582.625,BTES,0.0,0.0,0.0,0.0,0.6633,2020s,past
14,HDH,785.375,BTES,0.0,0.0,0.0,0.0,0.6190800000000001,2020s,past
13,HDH,1093.625,BTES,0.0,0.0,0.0,0.0,0.57486,2020s,past
12,HDH,1436.2083333333333,BTES,0.0,0.0,0.0,0.0,0.53064,2020s,past
11,HDH,1907.9166666666665,BTES,0.0,0.0,0.0,0.0,0.48642,2020s,past
10,HDH,2411.9166666666665,BTES,0.0,0.0,0.0,0.0,0.44220000000000004,2020s,past
9,HDH,2826.125,BTES,0.0,0.0,0.0,0.0,0.39798,2020s,past
8,HDH,3174.916666666667,BTES,0.0,0.0,0.0,0.0,0.35376,2020s,past
7,HDH,3494.2083333333335,BTES,0.0,0.0,0.0,0.0,0.30954000000000004,2020s,past
6,HDH,3782.0833333333335,BTES,0.0,0.0,0.0,0.0,0.26532,2020s,past
5,HDH,4107.166666666667,BTES,0.0,0.0,0.0,0.0,0.22110000000000002,2020s,past
4,HDH,4385.708333333334,BTES,0.0,0.0,0.0,0.0,0.17688,2020s,past
3,HDH,4321.791666666667,BTES,0.0,0.0,0.0,0.0,0.13266,2020s,past
2,HDH,4289.166666666667,BTES,0.0,0.0,0.0,0.0,0.08844,2020s,past
1,HDH,4235.875,BTES,0.0,0.0,0.0,0.0,0.04422,2020s,past
29,HDH,2.0,BTES,0.0,0.0,0.0,0.0,1.28238,2020s,past
31,HDH,1.1666666666666667,unmet_demand,0.0,0.0,0.0,0.0,1.3708200000000001,2020s,past
30,HDH,1.5,unmet_demand,0.0,0.0,0.0,0.0,1.3266,2020s,past
28,HDH,4.055555555555556,unmet_demand,0.0,0.0,0.0,0.0,1.2381600000000001,2020s,past
27,HDH,4.479166666666667,unmet_demand,0.0,0.0,0.0,0.0,1.19394,2020s,past
26,HDH,6.608333333333333,unmet_demand,0.0,0.0,0.0,0.0,1.14972,2020s,past
25,HDH,12.316666666666666,unmet_demand,0.0,0.0,0.0,0.0,1.1055000000000001,2020s,past
24,HDH,16.125,unmet_demand,0.0,0.0,0.0,0.0,1.06128,2020s,past
23,HDH,25.041666666666668,unmet_demand,0.0,0.0,0.0,0.0,1.01706,2020s,past
22,HDH,42.33333333333333,unmet_demand,0.0,0.0,0.0,0.0,0.97284,2020s,past
21,HDH,61.16666666666667,unmet_demand,0.0,0.0,0.0,0.0,0.92862,2020s,past
20,HDH,89.95833333333333,unmet_demand,0.0,0.0,0.0,0.0,0.8844000000000001,2020s,past
19,HDH,134.70833333333334,unmet_demand,0.0,0.0,0.0,0.0,0.84018,2020s,past
18,HDH,199.66666666666669,unmet_demand,0.0,0.0,0.0,0.0,0.79596,2020s,past
17,HDH,277.91666666666663,unmet_demand,0.0,0.0,0.0,0.0,0.7517400000000001,2020s,past
16,HDH,396.4166666666667,unmet_demand,0.0,0.0,0.0,0.0,0.70752,2020s,past
15,HDH,582.625,unmet_demand,0.0,0.0,0.0,0.0,0.6633,2020s,past
14,HDH,785.375,unmet_demand,0.0,0.0,0.0,0.0,0.6190800000000001,2020s,past
13,HDH,1093.625,unmet_demand,0.0,0.0,0.0,0.0,0.57486,2020s,past
12,HDH,1436.2083333333333,unmet_demand,0.0,0.0,0.0,0.0,0.53064,2020s,past
11,HDH,1907.9166666666665,unmet_demand,0.0,0.0,0.0,0.0,0.48642,2020s,past
10,HDH,2411.9166666666665,unmet_demand,0.0,0.0,0.0,0.0,0.44220000000000004,2020s,past
9,HDH,2826.125,unmet_demand,0.0,0.0,0.0,0.0,0.39798,2020s,past
8,HDH,3174.916666666667,unmet_demand,0.0,0.0,0.0,0.0,0.35376,2020s,past
7,HDH,3494.2083333333335,unmet_demand,0.0,0.0,0.0,0.0,0.30954000000000004,2020s,past
6,HDH,3782.0833333333335,unmet_demand,0.0,0.0,0.0,0.0,0.26532,2020s,past
5,HDH,4107.166666666667,unmet_demand,0.0,0.0,0.0,0.0,0.22110000000000002,2020s,past
4,HDH,4385.708333333334,unmet_demand,0.0,0.0,0.0,0.0,0.17688,2020s,past
3,HDH,4321.791666666667,unmet_demand,0.0,0.0,0.0,0.0,0.13266,2020s,past
2,HDH,4289.166666666667,unmet_demand,0.0,0.0,0.0,0.0,0.08844,2020s,past
1,HDH,4235.875,unmet_demand,0.0,0.0,0.0,0.0,0.04422,2020s,past
29,HDH,2.0,unmet_demand,0.0,0.0,0.0,0.0,1.28238,2020s,past
30,HDH,1.0,Geothermal,0.11682977077469632,0.023735033932591056,0.003560255089888658,7.3065070626491915,1.3266,2030s,ssp126
29,HDH,1.0,Geothermal,0.11617754399349509,0.023082807151389825,0.0034624210727084736,7.105727927602238,1.28238,2030s,ssp126
28,HDH,1.0,Geothermal,0.1155286261185337,0.022433889276428438,0.0033650833914642656,6.905967394293108,1.2381600000000001,2030s,ssp126
27,HDH,6.0,Geothermal,0.11488299203318562,0.021788255191080366,0.003268238278662055,6.707217730910268,1.19394,2030s,ssp126
26,HDH,7.333333333333333,Geothermal,0.11424061687438357,0.02114588003227831,0.0031718820048417464,6.509471283696943,1.14972,2030s,ssp126
25,HDH,9.6,Geothermal,0.11360147602942783,0.020506739187322577,0.0030760108780983867,6.312720475968612,1.1055000000000001,2030s,ssp126
24,HDH,16.2,Geothermal,0.11296554513284277,0.019870808290737514,0.002980621243610627,6.116957807145313,1.06128,2030s,ssp126
23,HDH,18.833333333333332,Geothermal,0.1123328000632805,0.01923806322117524,0.002885709483176286,5.922175851798492,1.01706,2030s,ssp126
22,HDH,31.833333333333332,Geothermal,0.111703216940471,0.018608480098365725,0.002791272014754859,5.728367258712134,0.97284,2030s,ssp126
21,HDH,53.5,Geothermal,0.11107677212221781,0.01798203528011255,0.0026973052920168826,5.535524749957939,0.92862,2030s,ssp126
20,HDH,87.66666666666667,Geothermal,0.1104534422014387,0.017358705359333444,0.0026038058039000163,5.343641119984298,0.8844000000000001,2030s,ssp126
19,HDH,126.83333333333333,Geothermal,0.10983320400325013,0.01673846716114485,0.0025107700741717276,5.1527092347188175,0.84018,2030s,ssp126
18,HDH,195.66666666666666,Geothermal,0.10921603458209504,0.01612129773998978,0.002418194660998467,4.962722030684162,0.79596,2030s,ssp126
17,HDH,280.8333333333333,Geothermal,0.10860191121891347,0.015507174376808208,0.002326076156521231,4.773672514127006,0.7517400000000001,2030s,ssp126
16,HDH,398.6666666666667,Geothermal,0.10799081141835448,0.014896074576249228,0.002234411186437384,4.585553760159829,0.70752,2030s,ssp126
15,HDH,528.5,Geothermal,0.10738271290602958,0.014287976063924316,0.0021431964095886473,4.398358911915372,0.6633,2030s,ssp126
14,HDH,732.6666666666666,Geothermal,0.1067775936258062,0.01368285678370094,0.002052428517555141,4.212081179713509,0.6190800000000001,2030s,ssp126
13,HDH,1022.1666666666666,Geothermal,0.007361127274520195,0.0009068826788470969,0.00013603240182706453,0.2791714862009124,0.57486,2030s,ssp126
12,HDH,1325.3333333333333,Geothermal,0.0,0.0,0.0,0.0,0.53064,2030s,ssp126
11,HDH,1822.1666666666667,Geothermal,0.0,0.0,0.0,0.0,0.48642,2030s,ssp126
10,HDH,2378.1666666666665,Geothermal,0.0,0.0,0.0,0.0,0.44220000000000004,2030s,ssp126
9,HDH,2641.3333333333335,Geothermal,0.0,0.0,0.0,0.0,0.39798,2030s,ssp126
8,HDH,3117.0,Geothermal,0.0,0.0,0.0,0.0,0.35376,2030s,ssp126
7,HDH,3348.1666666666665,Geothermal,0.0,0.0,0.0,0.0,0.30954000000000004,2030s,ssp126
6,HDH,3651.8333333333335,Geothermal,0.0,0.0,0.0,0.0,0.26532,2030s,ssp126
5,HDH,4057.1666666666665,Geothermal,0.0,0.0,0.0,0.0,0.22110000000000002,2030s,ssp126
4,HDH,4312.0,Geothermal,0.0,0.0,0.0,0.0,0.17688,2030s,ssp126
3,HDH,4380.833333333333,Geothermal,0.0,0.0,0.0,0.0,0.13266,2030s,ssp126
2,HDH,4336.833333333333,Geothermal,0.0,0.0,0.0,0.0,0.08844,2030s,ssp126
1,HDH,4157.833333333333,Geothermal,0.0,0.0,0.0,0.0,0.04422,2030s,ssp126
30,HDH,1.0,Boiler,0.5995291885816456,0.6661435428684951,0.13322870857369903,40.26738754355324,1.3266,2030s,ssp126
29,HDH,1.0,Boiler,0.5995291885816456,0.6661435428684951,0.13322870857369903,40.26738754355324,1.28238,2030s,ssp126
28,HDH,1.0,Boiler,0.5995291885816456,0.6661435428684951,0.13322870857369903,40.26738754355324,1.2381600000000001,2030s,ssp126
27,HDH,6.0,Boiler,0.5995291885816456,0.6661435428684951,0.13322870857369903,40.26738754355324,1.19394,2030s,ssp126
26,HDH,7.333333333333333,Boiler,0.5995291885816456,0.6661435428684951,0.13322870857369903,40.26738754355324,1.14972,2030s,ssp126
25,HDH,9.6,Boiler,0.5995291885816456,0.6661435428684951,0.13322870857369903,40.26738754355324,1.1055000000000001,2030s,ssp126
24,HDH,16.2,Boiler,0.5995291885816456,0.6661435428684951,0.13322870857369903,40.26738754355324,1.06128,2030s,ssp126
23,HDH,18.833333333333332,Boiler,0.5995291885816456,0.6661435428684951,0.13322870857369903,40.26738754355324,1.01706,2030s,ssp126
22,HDH,31.833333333333332,Boiler,0.5995291885816456,0.6661435428684951,0.13322870857369903,40.26738754355324,0.97284,2030s,ssp126
21,HDH,53.5,Boiler,0.5995291885816456,0.6661435428684951,0.13322870857369903,40.26738754355324,0.92862,2030s,ssp126
20,HDH,87.66666666666667,Boiler,0.5995291885816456,0.6661435428684951,0.13322870857369903,40.26738754355324,0.8844000000000001,2030s,ssp126
19,HDH,126.83333333333333,Boiler,0.5995291885816456,0.6661435428684951,0.13322870857369903,40.26738754355324,0.84018,2030s,ssp126
18,HDH,195.66666666666666,Boiler,0.5995291885816456,0.6661435428684951,0.13322870857369903,40.26738754355324,0.79596,2030s,ssp126
17,HDH,280.8333333333333,Boiler,0.5995291885816456,0.6661435428684951,0.13322870857369903,40.26738754355324,0.7517400000000001,2030s,ssp126
16,HDH,398.6666666666667,Boiler,0.5995291885816456,0.6661435428684951,0.13322870857369903,40.26738754355324,0.70752,2030s,ssp126
15,HDH,528.5,Boiler,0.0,0.0,0.0,0.0,0.6633,2030s,ssp126
14,HDH,732.6666666666666,Boiler,0.0,0.0,0.0,0.0,0.6190800000000001,2030s,ssp126
13,HDH,1022.1666666666666,Boiler,0.0,0.0,0.0,0.0,0.57486,2030s,ssp126
12,HDH,1325.3333333333333,Boiler,0.0,0.0,0.0,0.0,0.53064,2030s,ssp126
11,HDH,1822.1666666666667,Boiler,0.0,0.0,0.0,0.0,0.48642,2030s,ssp126
10,HDH,2378.1666666666665,Boiler,0.0,0.0,0.0,0.0,0.44220000000000004,2030s,ssp126
9,HDH,2641.3333333333335,Boiler,0.0,0.0,0.0,0.0,0.39798,2030s,ssp126
8,HDH,3117.0,Boiler,0.0,0.0,0.0,0.0,0.35376,2030s,ssp126
7,HDH,3348.1666666666665,Boiler,0.0,0.0,0.0,0.0,0.30954000000000004,2030s,ssp126
6,HDH,3651.8333333333335,Boiler,0.0,0.0,0.0,0.0,0.26532,2030s,ssp126
5,HDH,4057.1666666666665,Boiler,0.0,0.0,0.0,0.0,0.22110000000000002,2030s,ssp126
4,HDH,4312.0,Boiler,0.0,0.0,0.0,0.0,0.17688,2030s,ssp126
3,HDH,4380.833333333333,Boiler,0.0,0.0,0.0,0.0,0.13266,2030s,ssp126
2,HDH,4336.833333333333,Boiler,0.0,0.0,0.0,0.0,0.08844,2030s,ssp126
1,HDH,4157.833333333333,Boiler,0.0,0.0,0.0,0.0,0.04422,2030s,ssp126
30,HDH,1.0,HeatPump,0.610241040643658,0.21695806209079213,0.032543709313618815,66.78758570420145,1.3266,2030s,ssp126
29,HDH,1.0,HeatPump,0.5666732674248594,0.19631047014565406,0.029446570521848108,60.43150562433695,1.28238,2030s,ssp126
28,HDH,1.0,HeatPump,0.5231021852998208,0.17642569487346405,0.026463854231019605,54.310248272100765,1.2381600000000001,2030s,ssp126
27,HDH,6.0,HeatPump,0.47952781938516886,0.15731088441565846,0.02359663266234877,48.42601410551785,1.19394,2030s,ssp126
26,HDH,7.333333333333333,HeatPump,0.435950194543971,0.1389732740075387,0.020845991101130803,42.781030393273795,1.14972,2030s,ssp126
25,HDH,9.6,HeatPump,0.3923693353889267,0.12142018733991235,0.01821302810098685,37.37755163387754,1.1055000000000001,2030s,ssp126
24,HDH,16.2,HeatPump,0.34878526628551165,0.10465903794588276,0.015698855691882414,32.21785998256561,1.06128,2030s,ssp126
23,HDH,18.833333333333332,HeatPump,0.30519801135507396,0.08869733061333823,0.013304599592000735,27.30426568611774,1.01706,2030s,ssp126
22,HDH,31.833333333333332,HeatPump,0.2616075944778834,0.0735426628237061,0.011031399423555915,22.63910752575771,0.97284,2030s,ssp126
21,HDH,53.5,HeatPump,0.2180140392961366,0.059202726217552376,0.008880408932632856,18.224753268318228,0.92862,2030s,ssp126
20,HDH,87.66666666666667,HeatPump,0.17441736921691575,0.04568530808762004,0.006852796213143005,14.063600125852462,0.8844000000000001,2030s,ssp126
19,HDH,126.83333333333333,HeatPump,0.1308176074151043,0.032998292899915946,0.004949743934987392,10.158075223879926,0.84018,2030s,ssp126
18,HDH,195.66666666666666,HeatPump,0.08721477683625933,0.021149663843470556,0.0031724495765205834,6.510636078458913,0.79596,2030s,ssp126
17,HDH,280.8333333333333,HeatPump,0.043608900199441,0.010147504409410356,0.0015221256614115534,3.1237710822824476,0.7517400000000001,2030s,ssp126
16,HDH,398.6666666666667,HeatPump,0.0,0.0,0.0,0.0,0.70752,2030s,ssp126
15,HDH,528.5,HeatPump,0.5559172870939704,0.11834952090988779,0.01775242813648317,36.432288778061384,0.6633,2030s,ssp126
14,HDH,732.6666666666666,HeatPump,0.5123024063741939,0.10394303722686404,0.015591455584029607,31.997448908992684,0.6190800000000001,2030s,ssp126
13,HDH,1022.1666666666666,HeatPump,0.5674988727254798,0.10943253210197268,0.0164148798152959,33.68731517121375,0.57486,2030s,ssp126
12,HDH,1325.3333333333333,HeatPump,0.53064,0.09695179751733034,0.01454276962759955,29.845290944548385,0.53064,2030s,ssp126
11,HDH,1822.1666666666667,HeatPump,0.48642,0.08391525149603754,0.01258728772440563,25.83216773403824,0.48642,2030s,ssp126
10,HDH,2378.1666666666665,HeatPump,0.44220000000000004,0.0717507707285413,0.010762615609281195,22.087497939438588,0.44220000000000004,2030s,ssp126
9,HDH,2641.3333333333335,HeatPump,0.39798,0.06046687286342178,0.009070030929513266,18.61390360290386,0.39798,2030s,ssp126
8,HDH,3117.0,HeatPump,0.35376,0.05007218683651806,0.007510828025477709,15.414041024856056,0.35376,2030s,ssp126
7,HDH,3348.1666666666665,HeatPump,0.30954000000000004,0.040575454694412594,0.006086318204161889,12.490601325319616,0.30954000000000004,2030s,ssp126
6,HDH,3651.8333333333335,HeatPump,0.26532,0.03198553345388788,0.004797830018083182,9.846311016329837,0.26532,2030s,ssp126
5,HDH,4057.1666666666665,HeatPump,0.22110000000000002,0.024311396998185717,0.0036467095497278576,7.483932585670461,0.22110000000000002,2030s,ssp126
4,HDH,4312.0,HeatPump,0.17688,0.01756213801092173,0.0026343207016382595,5.406265092202947,0.17688,2030s,ssp126
3,HDH,4380.833333333333,HeatPump,0.13266,0.011746969948530635,0.0017620454922795952,3.616144773056883,0.13266,2030s,ssp126
2,HDH,4336.833333333333,HeatPump,0.08844,0.0068752290521405975,0.0010312843578210895,2.1164456629581214,0.08844,2030s,ssp126
1,HDH,4157.833333333333,HeatPump,0.04422,0.0029563763997994324,0.00044345645996991486,0.9100802259786732,0.04422,2030s,ssp126
30,HDH,1.0,BTES,0.09309473684210526,0.0,0.0,0.0,1.3266,2030s,ssp126
29,HDH,1.0,BTES,0.09309473684210526,0.0,0.0,0.0,1.28238,2030s,ssp126
28,HDH,1.0,BTES,0.09309473684210526,0.0,0.0,0.0,1.2381600000000001,2030s,ssp126
27,HDH,6.0,BTES,0.09309473684210526,0.0,0.0,0.0,1.19394,2030s,ssp126
26,HDH,7.333333333333333,BTES,0.09309473684210526,0.0,0.0,0.0,1.14972,2030s,ssp126
25,HDH,9.6,BTES,0.09309473684210526,0.0,0.0,0.0,1.1055000000000001,2030s,ssp126
24,HDH,16.2,BTES,0.09309473684210526,0.0,0.0,0.0,1.06128,2030s,ssp126
23,HDH,18.833333333333332,BTES,0.09309473684210526,0.0,0.0,0.0,1.01706,2030s,ssp126
22,HDH,31.833333333333332,BTES,0.09309473684210526,0.0,0.0,0.0,0.97284,2030s,ssp126
21,HDH,53.5,BTES,0.09309473684210526,0.0,0.0,0.0,0.92862,2030s,ssp126
20,HDH,87.66666666666667,BTES,0.09309473684210526,0.0,0.0,0.0,0.8844000000000001,2030s,ssp126
19,HDH,126.83333333333333,BTES,0.09309473684210526,0.0,0.0,0.0,0.84018,2030s,ssp126
18,HDH,195.66666666666666,BTES,0.09309473684210526,0.0,0.0,0.0,0.79596,2030s,ssp126
17,HDH,280.8333333333333,BTES,0.09309473684210526,0.0,0.0,0.0,0.7517400000000001,2030s,ssp126
16,HDH,398.6666666666667,BTES,0.09309473684210526,0.0,0.0,0.0,0.70752,2030s,ssp126
15,HDH,528.5,BTES,0.09309473684210526,0.0,0.0,0.0,0.6633,2030s,ssp126
14,HDH,732.6666666666666,BTES,0.09309473684210526,0.0,0.0,0.0,0.6190800000000001,2030s,ssp126
13,HDH,1022.1666666666666,BTES,0.006454244595673098,0.0,0.0,0.0,0.57486,2030s,ssp126
12,HDH,1325.3333333333333,BTES,0.0,0.0,0.0,0.0,0.53064,2030s,ssp126
11,HDH,1822.1666666666667,BTES,0.0,0.0,0.0,0.0,0.48642,2030s,ssp126
10,HDH,2378.1666666666665,BTES,0.0,0.0,0.0,0.0,0.44220000000000004,2030s,ssp126
9,HDH,2641.3333333333335,BTES,0.0,0.0,0.0,0.0,0.39798,2030s,ssp126
8,HDH,3117.0,BTES,0.0,0.0,0.0,0.0,0.35376,2030s,ssp126
7,HDH,3348.1666666666665,BTES,0.0,0.0,0.0,0.0,0.30954000000000004,2030s,ssp126
6,HDH,3651.8333333333335,BTES,0.0,0.0,0.0,0.0,0.26532,2030s,ssp126
5,HDH,4057.1666666666665,BTES,0.0,0.0,0.0,0.0,0.22110000000000002,2030s,ssp126
4,HDH,4312.0,BTES,0.0,0.0,0.0,0.0,0.17688,2030s,ssp126
3,HDH,4380.833333333333,BTES,0.0,0.0,0.0,0.0,0.13266,2030s,ssp126
2,HDH,4336.833333333333,BTES,0.0,0.0,0.0,0.0,0.08844,2030s,ssp126
1,HDH,4157.833333333333,BTES,0.0,0.0,0.0,0.0,0.04422,2030s,ssp126
30,HDH,1.0,unmet_demand,0.0,0.0,0.0,0.0,1.3266,2030s,ssp126
29,HDH,1.0,unmet_demand,0.0,0.0,0.0,0.0,1.28238,2030s,ssp126
28,HDH,1.0,unmet_demand,0.0,0.0,0.0,0.0,1.2381600000000001,2030s,ssp126
27,HDH,6.0,unmet_demand,0.0,0.0,0.0,0.0,1.19394,2030s,ssp126
26,HDH,7.333333333333333,unmet_demand,0.0,0.0,0.0,0.0,1.14972,2030s,ssp126
25,HDH,9.6,unmet_demand,0.0,0.0,0.0,0.0,1.1055000000000001,2030s,ssp126
24,HDH,16.2,unmet_demand,0.0,0.0,0.0,0.0,1.06128,2030s,ssp126
23,HDH,18.833333333333332,unmet_demand,0.0,0.0,0.0,0.0,1.01706,2030s,ssp126
22,HDH,31.833333333333332,unmet_demand,0.0,0.0,0.0,0.0,0.97284,2030s,ssp126
21,HDH,53.5,unmet_demand,0.0,0.0,0.0,0.0,0.92862,2030s,ssp126
20,HDH,87.66666666666667,unmet_demand,0.0,0.0,0.0,0.0,0.8844000000000001,2030s,ssp126
19,HDH,126.83333333333333,unmet_demand,0.0,0.0,0.0,0.0,0.84018,2030s,ssp126
18,HDH,195.66666666666666,unmet_demand,0.0,0.0,0.0,0.0,0.79596,2030s,ssp126
17,HDH,280.8333333333333,unmet_demand,0.0,0.0,0.0,0.0,0.7517400000000001,2030s,ssp126
16,HDH,398.6666666666667,unmet_demand,0.0,0.0,0.0,0.0,0.70752,2030s,ssp126
15,HDH,528.5,unmet_demand,0.0,0.0,0.0,0.0,0.6633,2030s,ssp126
14,HDH,732.6666666666666,unmet_demand,0.0,0.0,0.0,0.0,0.6190800000000001,2030s,ssp126
13,HDH,1022.1666666666666,unmet_demand,0.0,0.0,0.0,0.0,0.57486,2030s,ssp126
12,HDH,1325.3333333333333,unmet_demand,0.0,0.0,0.0,0.0,0.53064,2030s,ssp126
11,HDH,1822.1666666666667,unmet_demand,0.0,0.0,0.0,0.0,0.48642,2030s,ssp126
10,HDH,2378.1666666666665,unmet_demand,0.0,0.0,0.0,0.0,0.44220000000000004,2030s,ssp126
9,HDH,2641.3333333333335,unmet_demand,0.0,0.0,0.0,0.0,0.39798,2030s,ssp126
8,HDH,3117.0,unmet_demand,0.0,0.0,0.0,0.0,0.35376,2030s,ssp126
7,HDH,3348.1666666666665,unmet_demand,0.0,0.0,0.0,0.0,0.30954000000000004,2030s,ssp126
6,HDH,3651.8333333333335,unmet_demand,0.0,0.0,0.0,0.0,0.26532,2030s,ssp126
5,HDH,4057.1666666666665,unmet_demand,0.0,0.0,0.0,0.0,0.22110000000000002,2030s,ssp126
4,HDH,4312.0,unmet_demand,0.0,0.0,0.0,0.0,0.17688,2030s,ssp126
3,HDH,4380.833333333333,unmet_demand,0.0,0.0,0.0,0.0,0.13266,2030s,ssp126
2,HDH,4336.833333333333,unmet_demand,0.0,0.0,0.0,0.0,0.08844,2030s,ssp126
1,HDH,4157.833333333333,unmet_demand,0.0,0.0,0.0,0.0,0.04422,2030s,ssp126
29,HDH,3.0,Geothermal,0.11617754399349509,0.023082807151389825,0.0034624210727084736,6.959847516767821,1.28238,2030s,ssp245
28,HDH,3.0,Geothermal,0.1155286261185337,0.022433889276428438,0.0033650833914642656,6.764188062048324,1.2381600000000001,2030s,ssp245
27,HDH,13.0,Geothermal,0.11488299203318562,0.021788255191080366,0.003268238278662055,6.569518724121637,1.19394,2030s,ssp245
26,HDH,10.5,Geothermal,0.11424061687438357,0.02114588003227831,0.0031718820048417464,6.375832006362414,1.14972,2030s,ssp245
25,HDH,5.0,Geothermal,0.11360147602942783,0.020506739187322577,0.0030760108780983867,6.183120487635272,1.1055000000000001,2030s,ssp245
24,HDH,9.5,Geothermal,0.11296554513284277,0.019870808290737514,0.002980621243610627,5.991376821346964,1.06128,2030s,ssp245
23,HDH,19.5,Geothermal,0.1123328000632805,0.01923806322117524,0.002885709483176286,5.800593734512791,1.01706,2030s,ssp245
22,HDH,31.0,Geothermal,0.111703216940471,0.018608480098365725,0.002791272014754859,5.6107640268370105,0.97284,2030s,ssp245
21,HDH,38.833333333333336,Geothermal,0.11107677212221781,0.01798203528011255,0.0026973052920168826,5.421880569807006,0.92862,2030s,ssp245
20,HDH,60.833333333333336,Geothermal,0.1104534422014387,0.017358705359333444,0.0026038058039000163,5.233936305800956,0.8844000000000001,2030s,ssp245
19,HDH,102.83333333333333,Geothermal,0.10983320400325013,0.01673846716114485,0.0025107700741717276,5.046924247208787,0.84018,2030s,ssp245
18,HDH,150.66666666666666,Geothermal,0.10921603458209504,0.01612129773998978,0.002418194660998467,4.860837475566175,0.79596,2030s,ssp245
17,HDH,219.16666666666666,Geothermal,0.10860191121891347,0.015507174376808208,0.002326076156521231,4.675669140701365,0.7517400000000001,2030s,ssp245
16,HDH,309.3333333333333,Geothermal,0.10799081141835448,0.014896074576249228,0.002234411186437384,4.491412459894601,0.70752,2030s,ssp245
15,HDH,469.5,Geothermal,0.10738271290602958,0.014287976063924316,0.0021431964095886473,4.308060717049931,0.6633,2030s,ssp245
14,HDH,701.8333333333334,Geothermal,0.0631627129060297,0.008093892411472651,0.0012140838617208977,2.440442214480922,0.6190800000000001,2030s,ssp245
13,HDH,1002.5,Geothermal,0.06285876758303796,0.007744130132357778,0.0011616195198536666,2.334983111790713,0.57486,2030s,ssp245
12,HDH,1301.6666666666667,Geothermal,0.0,0.0,0.0,0.0,0.53064,2030s,ssp245
11,HDH,1783.5,Geothermal,0.0,0.0,0.0,0.0,0.48642,2030s,ssp245
10,HDH,2322.5,Geothermal,0.0,0.0,0.0,0.0,0.44220000000000004,2030s,ssp245
9,HDH,2708.6666666666665,Geothermal,0.0,0.0,0.0,0.0,0.39798,2030s,ssp245
8,HDH,3055.8333333333335,Geothermal,0.0,0.0,0.0,0.0,0.35376,2030s,ssp245
7,HDH,3454.6666666666665,Geothermal,0.0,0.0,0.0,0.0,0.30954000000000004,2030s,ssp245
6,HDH,3733.8333333333335,Geothermal,0.0,0.0,0.0,0.0,0.26532,2030s,ssp245
5,HDH,4024.1666666666665,Geothermal,0.0,0.0,0.0,0.0,0.22110000000000002,2030s,ssp245
4,HDH,4303.5,Geothermal,0.0,0.0,0.0,0.0,0.17688,2030s,ssp245
3,HDH,4354.166666666667,Geothermal,0.0,0.0,0.0,0.0,0.13266,2030s,ssp245
2,HDH,4365.833333333333,Geothermal,0.0,0.0,0.0,0.0,0.08844,2030s,ssp245
1,HDH,4353.666666666667,Geothermal,0.0,0.0,0.0,0.0,0.04422,2030s,ssp245
29,HDH,3.0,Boiler,0.5559172870939704,0.6176858745488559,0.12353717490977119,32.13326506644045,1.28238,2030s,ssp245
28,HDH,3.0,Boiler,0.5559172870939704,0.6176858745488559,0.12353717490977119,32.13326506644045,1.2381600000000001,2030s,ssp245
27,HDH,13.0,Boiler,0.5559172870939704,0.6176858745488559,0.12353717490977119,32.13326506644045,1.19394,2030s,ssp245
26,HDH,10.5,Boiler,0.5559172870939704,0.6176858745488559,0.12353717490977119,32.13326506644045,1.14972,2030s,ssp245
25,HDH,5.0,Boiler,0.5559172870939704,0.6176858745488559,0.12353717490977119,32.13326506644045,1.1055000000000001,2030s,ssp245
24,HDH,9.5,Boiler,0.5559172870939704,0.6176858745488559,0.12353717490977119,32.13326506644045,1.06128,2030s,ssp245
23,HDH,19.5,Boiler,0.5559172870939704,0.6176858745488559,0.12353717490977119,32.13326506644045,1.01706,2030s,ssp245
22,HDH,31.0,Boiler,0.5559172870939704,0.6176858745488559,0.12353717490977119,32.13326506644045,0.97284,2030s,ssp245
21,HDH,38.833333333333336,Boiler,0.5559172870939704,0.6176858745488559,0.12353717490977119,32.13326506644045,0.92862,2030s,ssp245
20,HDH,60.833333333333336,Boiler,0.5559172870939704,0.6176858745488559,0.12353717490977119,32.13326506644045,0.8844000000000001,2030s,ssp245
19,HDH,102.83333333333333,Boiler,0.5559172870939704,0.6176858745488559,0.12353717490977119,32.13326506644045,0.84018,2030s,ssp245
18,HDH,150.66666666666666,Boiler,0.5559172870939704,0.6176858745488559,0.12353717490977119,32.13326506644045,0.79596,2030s,ssp245
17,HDH,219.16666666666666,Boiler,0.5559172870939704,0.6176858745488559,0.12353717490977119,32.13326506644045,0.7517400000000001,2030s,ssp245
16,HDH,309.3333333333333,Boiler,0.5559172870939704,0.6176858745488559,0.12353717490977119,32.13326506644045,0.70752,2030s,ssp245
15,HDH,469.5,Boiler,0.5559172870939704,0.6176858745488559,0.12353717490977119,32.13326506644045,0.6633,2030s,ssp245
14,HDH,701.8333333333334,Boiler,0.5559172870939704,0.6176858745488559,0.12353717490977119,32.13326506644045,0.6190800000000001,2030s,ssp245
13,HDH,1002.5,Boiler,0.512001232416962,0.568890258241069,0.11377805164821381,29.594818685351278,0.57486,2030s,ssp245
12,HDH,1301.6666666666667,Boiler,0.0,0.0,0.0,0.0,0.53064,2030s,ssp245
11,HDH,1783.5,Boiler,0.0,0.0,0.0,0.0,0.48642,2030s,ssp245
10,HDH,2322.5,Boiler,0.0,0.0,0.0,0.0,0.44220000000000004,2030s,ssp245
9,HDH,2708.6666666666665,Boiler,0.0,0.0,0.0,0.0,0.39798,2030s,ssp245
8,HDH,3055.8333333333335,Boiler,0.0,0.0,0.0,0.0,0.35376,2030s,ssp245
7,HDH,3454.6666666666665,Boiler,0.0,0.0,0.0,0.0,0.30954000000000004,2030s,ssp245
6,HDH,3733.8333333333335,Boiler,0.0,0.0,0.0,0.0,0.26532,2030s,ssp245
5,HDH,4024.1666666666665,Boiler,0.0,0.0,0.0,0.0,0.22110000000000002,2030s,ssp245
4,HDH,4303.5,Boiler,0.0,0.0,0.0,0.0,0.17688,2030s,ssp245
3,HDH,4354.166666666667,Boiler,0.0,0.0,0.0,0.0,0.13266,2030s,ssp245
2,HDH,4365.833333333333,Boiler,0.0,0.0,0.0,0.0,0.08844,2030s,ssp245
1,HDH,4353.666666666667,Boiler,0.0,0.0,0.0,0.0,0.04422,2030s,ssp245
29,HDH,3.0,HeatPump,0.6102851689125346,0.21141877571986525,0.03171281635797979,63.74625198492814,1.28238,2030s,ssp245
28,HDH,3.0,HeatPump,0.566714086787496,0.19113459925379297,0.028670189888068943,57.63023783287241,1.2381600000000001,2030s,ssp245
27,HDH,13.0,HeatPump,0.5231397208728441,0.1716179308824749,0.025742689632371234,51.745640045054365,1.19394,2030s,ssp245
26,HDH,10.5,HeatPump,0.47956209603164623,0.15287598310433476,0.022931397465650212,46.09463330884694,1.14972,2030s,ssp245
25,HDH,5.0,HeatPump,0.43598123687660195,0.13491605659186198,0.020237408488779297,40.67941889755988,1.1055000000000001,2030s,ssp245
24,HDH,9.5,HeatPump,0.3923971677731869,0.11774554157403301,0.01766183123610495,35.50222508726258,1.06128,2030s,ssp245
23,HDH,19.5,HeatPump,0.3488099128427492,0.10137191924435082,0.015205787886652623,30.565307581331275,1.01706,2030s,ssp245
22,HDH,31.0,HeatPump,0.30521949596555864,0.08580276319506569,0.012870414479259852,25.870949942890256,0.97284,2030s,ssp245
21,HDH,38.833333333333336,HeatPump,0.26162594078381185,0.07104574087815665,0.010656861131723499,21.421464035321918,0.92862,2030s,ssp245
20,HDH,60.833333333333336,HeatPump,0.218029270704591,0.057108615093664154,0.008566292264049622,17.21919047102363,0.8844000000000001,2030s,ssp245
19,HDH,102.83333333333333,HeatPump,0.17442950890277953,0.04399924550598254,0.006599886825897381,13.266499068594966,0.84018,2030s,ssp245
18,HDH,150.66666666666666,HeatPump,0.13082667832393458,0.0317255901887342,0.00475883852831013,9.56578931864275,0.79596,2030s,ssp245
17,HDH,219.16666666666666,HeatPump,0.08722080168711621,0.020295707198863578,0.0030443560798295364,6.119490858396417,0.7517400000000001,2030s,ssp245
16,HDH,309.3333333333333,HeatPump,0.04361190148767524,0.009717756180605658,0.0014576634270908487,2.930063955330977,0.70752,2030s,ssp245
15,HDH,469.5,HeatPump,0.0,0.0,0.0,0.0,0.6633,2030s,ssp245
14,HDH,701.8333333333334,HeatPump,0.0,0.0,0.0,0.0,0.6190800000000001,2030s,ssp245
13,HDH,1002.5,HeatPump,0.0,0.0,0.0,0.0,0.57486,2030s,ssp245
12,HDH,1301.6666666666667,HeatPump,0.53064,0.09695179751733034,0.01454276962759955,29.23256789226955,0.53064,2030s,ssp245
11,HDH,1783.5,HeatPump,0.48642,0.08391525149603754,0.01258728772440563,25.30183399762446,0.48642,2030s,ssp245
10,HDH,2322.5,HeatPump,0.44220000000000004,0.0717507707285413,0.010762615609281195,21.63404217719455,0.44220000000000004,2030s,ssp245
9,HDH,2708.6666666666665,HeatPump,0.39798,0.06046687286342178,0.009070030929513266,18.231760642676544,0.39798,2030s,ssp245
8,HDH,3055.8333333333335,HeatPump,0.35376,0.05007218683651806,0.007510828025477709,15.09759116071338,0.35376,2030s,ssp245
7,HDH,3454.6666666666665,HeatPump,0.30954000000000004,0.040575454694412594,0.006086318204161889,12.234169602704903,0.30954000000000004,2030s,ssp245
6,HDH,3733.8333333333335,HeatPump,0.26532,0.03198553345388788,0.004797830018083182,9.644166505464737,0.26532,2030s,ssp245
5,HDH,4024.1666666666665,HeatPump,0.22110000000000002,0.024311396998185717,0.0036467095497278576,7.330287642973776,0.22110000000000002,2030s,ssp245
4,HDH,4303.5,HeatPump,0.17688,0.01756213801092173,0.0026343207016382595,5.2952746094873415,0.17688,2030s,ssp245
3,HDH,4354.166666666667,HeatPump,0.13266,0.011746969948530635,0.0017620454922795952,3.5419054142600044,0.13266,2030s,ssp245
2,HDH,4365.833333333333,HeatPump,0.08844,0.0068752290521405975,0.0010312843578210895,2.0729950881589208,0.08844,2030s,ssp245
1,HDH,4353.666666666667,HeatPump,0.04422,0.0029563763997994324,0.00044345645996991486,0.8913963024439246,0.04422,2030s,ssp245
29,HDH,3.0,BTES,0.09309473684210526,0.0,0.0,0.0,1.28238,2030s,ssp245
28,HDH,3.0,BTES,0.09309473684210526,0.0,0.0,0.0,1.2381600000000001,2030s,ssp245
27,HDH,13.0,BTES,0.09309473684210526,0.0,0.0,0.0,1.19394,2030s,ssp245
26,HDH,10.5,BTES,0.09309473684210526,0.0,0.0,0.0,1.14972,2030s,ssp245
25,HDH,5.0,BTES,0.09309473684210526,0.0,0.0,0.0,1.1055000000000001,2030s,ssp245
24,HDH,9.5,BTES,0.09309473684210526,0.0,0.0,0.0,1.06128,2030s,ssp245
23,HDH,19.5,BTES,0.09309473684210526,0.0,0.0,0.0,1.01706,2030s,ssp245
22,HDH,31.0,BTES,0.09309473684210526,0.0,0.0,0.0,0.97284,2030s,ssp245
21,HDH,38.833333333333336,BTES,0.09309473684210526,0.0,0.0,0.0,0.92862,2030s,ssp245
20,HDH,60.833333333333336,BTES,0.09309473684210526,0.0,0.0,0.0,0.8844000000000001,2030s,ssp245
19,HDH,102.83333333333333,BTES,0.09309473684210526,0.0,0.0,0.0,0.84018,2030s,ssp245
18,HDH,150.66666666666666,BTES,0.09309473684210526,0.0,0.0,0.0,0.79596,2030s,ssp245
17,HDH,219.16666666666666,BTES,0.09309473684210526,0.0,0.0,0.0,0.7517400000000001,2030s,ssp245
16,HDH,309.3333333333333,BTES,0.09309473684210526,0.0,0.0,0.0,0.70752,2030s,ssp245
15,HDH,469.5,BTES,0.09309473684210526,0.0,0.0,0.0,0.6633,2030s,ssp245
14,HDH,701.8333333333334,BTES,0.05506882049455705,0.0,0.0,0.0,0.6190800000000001,2030s,ssp245
13,HDH,1002.5,BTES,0.05511463745068018,0.0,0.0,0.0,0.57486,2030s,ssp245
12,HDH,1301.6666666666667,BTES,0.0,0.0,0.0,0.0,0.53064,2030s,ssp245
11,HDH,1783.5,BTES,0.0,0.0,0.0,0.0,0.48642,2030s,ssp245
10,HDH,2322.5,BTES,0.0,0.0,0.0,0.0,0.44220000000000004,2030s,ssp245
9,HDH,2708.6666666666665,BTES,0.0,0.0,0.0,0.0,0.39798,2030s,ssp245
8,HDH,3055.8333333333335,BTES,0.0,0.0,0.0,0.0,0.35376,2030s,ssp245
7,HDH,3454.6666666666665,BTES,0.0,0.0,0.0,0.0,0.30954000000000004,2030s,ssp245
6,HDH,3733.8333333333335,BTES,0.0,0.0,0.0,0.0,0.26532,2030s,ssp245
5,HDH,4024.1666666666665,BTES,0.0,0.0,0.0,0.0,0.22110000000000002,2030s,ssp245
4,HDH,4303.5,BTES,0.0,0.0,0.0,0.0,0.17688,2030s,ssp245
3,HDH,4354.166666666667,BTES,0.0,0.0,0.0,0.0,0.13266,2030s,ssp245
2,HDH,4365.833333333333,BTES,0.0,0.0,0.0,0.0,0.08844,2030s,ssp245
1,HDH,4353.666666666667,BTES,0.0,0.0,0.0,0.0,0.04422,2030s,ssp245
29,HDH,3.0,unmet_demand,0.0,0.0,0.0,0.0,1.28238,2030s,ssp245
28,HDH,3.0,unmet_demand,0.0,0.0,0.0,0.0,1.2381600000000001,2030s,ssp245
27,HDH,13.0,unmet_demand,0.0,0.0,0.0,0.0,1.19394,2030s,ssp245
26,HDH,10.5,unmet_demand,0.0,0.0,0.0,0.0,1.14972,2030s,ssp245
25,HDH,5.0,unmet_demand,0.0,0.0,0.0,0.0,1.1055000000000001,2030s,ssp245
24,HDH,9.5,unmet_demand,0.0,0.0,0.0,0.0,1.06128,2030s,ssp245
23,HDH,19.5,unmet_demand,0.0,0.0,0.0,0.0,1.01706,2030s,ssp245
22,HDH,31.0,unmet_demand,0.0,0.0,0.0,0.0,0.97284,2030s,ssp245
21,HDH,38.833333333333336,unmet_demand,0.0,0.0,0.0,0.0,0.92862,2030s,ssp245
20,HDH,60.833333333333336,unmet_demand,0.0,0.0,0.0,0.0,0.8844000000000001,2030s,ssp245
19,HDH,102.83333333333333,unmet_demand,0.0,0.0,0.0,0.0,0.84018,2030s,ssp245
18,HDH,150.66666666666666,unmet_demand,0.0,0.0,0.0,0.0,0.79596,2030s,ssp245
17,HDH,219.16666666666666,unmet_demand,0.0,0.0,0.0,0.0,0.7517400000000001,2030s,ssp245
16,HDH,309.3333333333333,unmet_demand,0.0,0.0,0.0,0.0,0.70752,2030s,ssp245
15,HDH,469.5,unmet_demand,0.0,0.0,0.0,0.0,0.6633,2030s,ssp245
14,HDH,701.8333333333334,unmet_demand,0.0,0.0,0.0,0.0,0.6190800000000001,2030s,ssp245
13,HDH,1002.5,unmet_demand,0.0,0.0,0.0,0.0,0.57486,2030s,ssp245
12,HDH,1301.6666666666667,unmet_demand,0.0,0.0,0.0,0.0,0.53064,2030s,ssp245
11,HDH,1783.5,unmet_demand,0.0,0.0,0.0,0.0,0.48642,2030s,ssp245
10,HDH,2322.5,unmet_demand,0.0,0.0,0.0,0.0,0.44220000000000004,2030s,ssp245
9,HDH,2708.6666666666665,unmet_demand,0.0,0.0,0.0,0.0,0.39798,2030s,ssp245
8,HDH,3055.8333333333335,unmet_demand,0.0,0.0,0.0,0.0,0.35376,2030s,ssp245
7,HDH,3454.6666666666665,unmet_demand,0.0,0.0,0.0,0.0,0.30954000000000004,2030s,ssp245
6,HDH,3733.8333333333335,unmet_demand,0.0,0.0,0.0,0.0,0.26532,2030s,ssp245
5,HDH,4024.1666666666665,unmet_demand,0.0,0.0,0.0,0.0,0.22110000000000002,2030s,ssp245
4,HDH,4303.5,unmet_demand,0.0,0.0,0.0,0.0,0.17688,2030s,ssp245
3,HDH,4354.166666666667,unmet_demand,0.0,0.0,0.0,0.0,0.13266,2030s,ssp245
2,HDH,4365.833333333333,unmet_demand,0.0,0.0,0.0,0.0,0.08844,2030s,ssp245
1,HDH,4353.666666666667,unmet_demand,0.0,0.0,0.0,0.0,0.04422,2030s,ssp245
31,HDH,1.0,Geothermal,0.1762279977533456,0.036585892490187705,0.005487883873528156,11.030383990548245,1.3708200000000001,2030s,ssp370
30,HDH,1.0,Geothermal,0.17524465616204452,0.03560255089888659,0.005340382634832988,10.733913558705229,1.3266,2030s,ssp370
29,HDH,5.0,Geothermal,0.17426631599024264,0.03462421072708474,0.0051936316090627115,10.438951018943555,1.28238,2030s,ssp370
28,HDH,3.25,Geothermal,0.1732929391778006,0.033650833914642665,0.0050476250871963994,10.14548489640434,1.2381600000000001,2030s,ssp370
27,HDH,6.25,Geothermal,0.17232448804977846,0.032682382786620556,0.004902357417993083,9.853503832363646,1.19394,2030s,ssp370
26,HDH,11.5,Geothermal,0.17136092531157537,0.031718820048417466,0.00475782300726262,9.562996582766969,1.14972,2030s,ssp370
25,HDH,11.5,Geothermal,0.17040221404414174,0.030760108780983866,0.004614016317147579,9.27395201678586,1.1055000000000001,2030s,ssp370
24,HDH,19.833333333333332,Geothermal,0.16944831769926416,0.029806212436106275,0.004470931865415941,8.986359115396281,1.06128,2030s,ssp370
23,HDH,32.833333333333336,Geothermal,0.16849920009492075,0.028857094831762863,0.004328564224764429,8.700206969978348,1.01706,2030s,ssp370
22,HDH,38.666666666666664,Geothermal,0.16755482541070651,0.027912720147548593,0.004186908022132289,8.415484780937042,0.97284,2030s,ssp370
21,HDH,68.83333333333333,Geothermal,0.16661515818332673,0.026973052920168827,0.004045957938025324,8.132181856343566,0.92862,2030s,ssp370
20,HDH,102.83333333333333,Geothermal,0.16568016330215807,0.02603805803900017,0.0039057087058500255,7.850287610596976,0.8844000000000001,2030s,ssp370
19,HDH,154.33333333333334,Geothermal,0.1647498060048752,0.025107700741717278,0.0037661551112575914,7.569791563105685,0.84018,2030s,ssp370
18,HDH,213.0,Geothermal,0.16382405187314258,0.024181946609984673,0.0036272919914977007,7.290683336988586,0.79596,2030s,ssp370
17,HDH,272.5,Geothermal,0.1629028668283702,0.023260761565212316,0.0034891142347818474,7.0129526577953785,0.7517400000000001,2030s,ssp370
16,HDH,364.6666666666667,Geothermal,0.16198621712753172,0.022344111864373843,0.003351616779656076,6.736589352245807,0.70752,2030s,ssp370
15,HDH,541.0,Geothermal,0.12367459971967809,0.016455718734323024,0.0024683578101484535,4.961281087477176,0.6633,2030s,ssp370
14,HDH,749.1666666666666,Geothermal,0.07945459971967817,0.010181592147323807,0.001527238822098571,3.0696769540404905,0.6190800000000001,2030s,ssp370
13,HDH,1027.8333333333333,Geothermal,0.03523459971967813,0.004340863428960293,0.0006511295143440439,1.308739167284267,0.57486,2030s,ssp370
12,HDH,1346.8333333333333,Geothermal,0.0,0.0,0.0,0.0,0.53064,2030s,ssp370
11,HDH,1781.8333333333333,Geothermal,0.0,0.0,0.0,0.0,0.48642,2030s,ssp370
10,HDH,2240.8333333333335,Geothermal,0.0,0.0,0.0,0.0,0.44220000000000004,2030s,ssp370
9,HDH,2686.3333333333335,Geothermal,0.0,0.0,0.0,0.0,0.39798,2030s,ssp370
8,HDH,3031.8333333333335,Geothermal,0.0,0.0,0.0,0.0,0.35376,2030s,ssp370
7,HDH,3382.8333333333335,Geothermal,0.0,0.0,0.0,0.0,0.30954000000000004,2030s,ssp370
6,HDH,3669.3333333333335,Geothermal,0.0,0.0,0.0,0.0,0.26532,2030s,ssp370
5,HDH,4009.1666666666665,Geothermal,0.0,0.0,0.0,0.0,0.22110000000000002,2030s,ssp370
4,HDH,4223.666666666667,Geothermal,0.0,0.0,0.0,0.0,0.17688,2030s,ssp370
3,HDH,4349.666666666667,Geothermal,0.0,0.0,0.0,0.0,0.13266,2030s,ssp370
2,HDH,4417.166666666667,Geothermal,0.0,0.0,0.0,0.0,0.08844,2030s,ssp370
1,HDH,4340.666666666667,Geothermal,0.0,0.0,0.0,0.0,0.04422,2030s,ssp370
31,HDH,1.0,Boiler,0.5396254002803219,0.5995837780892466,0.11991675561784931,31.17261844388451,1.3708200000000001,2030s,ssp370
30,HDH,1.0,Boiler,0.5396254002803219,0.5995837780892466,0.11991675561784931,31.17261844388451,1.3266,2030s,ssp370
29,HDH,5.0,Boiler,0.5396254002803219,0.5995837780892466,0.11991675561784931,31.17261844388451,1.28238,2030s,ssp370
28,HDH,3.25,Boiler,0.5396254002803219,0.5995837780892466,0.11991675561784931,31.17261844388451,1.2381600000000001,2030s,ssp370
27,HDH,6.25,Boiler,0.5396254002803219,0.5995837780892466,0.11991675561784931,31.17261844388451,1.19394,2030s,ssp370
26,HDH,11.5,Boiler,0.5396254002803219,0.5995837780892466,0.11991675561784931,31.17261844388451,1.14972,2030s,ssp370
25,HDH,11.5,Boiler,0.5396254002803219,0.5995837780892466,0.11991675561784931,31.17261844388451,1.1055000000000001,2030s,ssp370
24,HDH,19.833333333333332,Boiler,0.5396254002803219,0.5995837780892466,0.11991675561784931,31.17261844388451,1.06128,2030s,ssp370
23,HDH,32.833333333333336,Boiler,0.5396254002803219,0.5995837780892466,0.11991675561784931,31.17261844388451,1.01706,2030s,ssp370
22,HDH,38.666666666666664,Boiler,0.5396254002803219,0.5995837780892466,0.11991675561784931,31.17261844388451,0.97284,2030s,ssp370
21,HDH,68.83333333333333,Boiler,0.5396254002803219,0.5995837780892466,0.11991675561784931,31.17261844388451,0.92862,2030s,ssp370
20,HDH,102.83333333333333,Boiler,0.5396254002803219,0.5995837780892466,0.11991675561784931,31.17261844388451,0.8844000000000001,2030s,ssp370
19,HDH,154.33333333333334,Boiler,0.5396254002803219,0.5995837780892466,0.11991675561784931,31.17261844388451,0.84018,2030s,ssp370
18,HDH,213.0,Boiler,0.5396254002803219,0.5995837780892466,0.11991675561784931,31.17261844388451,0.79596,2030s,ssp370
17,HDH,272.5,Boiler,0.5396254002803219,0.5995837780892466,0.11991675561784931,31.17261844388451,0.7517400000000001,2030s,ssp370
16,HDH,364.6666666666667,Boiler,0.5396254002803219,0.5995837780892466,0.11991675561784931,31.17261844388451,0.70752,2030s,ssp370
15,HDH,541.0,Boiler,0.5396254002803219,0.5995837780892466,0.11991675561784931,31.17261844388451,0.6633,2030s,ssp370
14,HDH,749.1666666666666,Boiler,0.5396254002803219,0.5995837780892466,0.11991675561784931,31.17261844388451,0.6190800000000001,2030s,ssp370
13,HDH,1027.8333333333333,Boiler,0.5396254002803219,0.5995837780892466,0.11991675561784931,31.17261844388451,0.57486,2030s,ssp370
12,HDH,1346.8333333333333,Boiler,0.0,0.0,0.0,0.0,0.53064,2030s,ssp370
11,HDH,1781.8333333333333,Boiler,0.0,0.0,0.0,0.0,0.48642,2030s,ssp370
10,HDH,2240.8333333333335,Boiler,0.0,0.0,0.0,0.0,0.44220000000000004,2030s,ssp370
9,HDH,2686.3333333333335,Boiler,0.0,0.0,0.0,0.0,0.39798,2030s,ssp370
8,HDH,3031.8333333333335,Boiler,0.0,0.0,0.0,0.0,0.35376,2030s,ssp370
7,HDH,3382.8333333333335,Boiler,0.0,0.0,0.0,0.0,0.30954000000000004,2030s,ssp370
6,HDH,3669.3333333333335,Boiler,0.0,0.0,0.0,0.0,0.26532,2030s,ssp370
5,HDH,4009.1666666666665,Boiler,0.0,0.0,0.0,0.0,0.22110000000000002,2030s,ssp370
4,HDH,4223.666666666667,Boiler,0.0,0.0,0.0,0.0,0.17688,2030s,ssp370
3,HDH,4349.666666666667,Boiler,0.0,0.0,0.0,0.0,0.13266,2030s,ssp370
2,HDH,4417.166666666667,Boiler,0.0,0.0,0.0,0.0,0.08844,2030s,ssp370
1,HDH,4340.666666666667,Boiler,0.0,0.0,0.0,0.0,0.04422,2030s,ssp370
31,HDH,1.0,HeatPump,0.6549666019663326,0.23878472500671402,0.0358177087510071,71.99188071216054,1.3708200000000001,2030s,ssp370
30,HDH,1.0,HeatPump,0.6117299435576337,0.2174874094623107,0.0326231114193466,65.57089293700525,1.3266,2030s,ssp370
29,HDH,5.0,HeatPump,0.5684882837294355,0.19693923935810084,0.029540885903715126,59.375767135076906,1.28238,2030s,ssp370
28,HDH,3.25,HeatPump,0.5252416605418776,0.17714727168360125,0.026572090752540186,53.40863093806327,1.2381600000000001,2030s,ssp370
27,HDH,6.25,HeatPump,0.4819901116698996,0.1581186485564282,0.02371779728346423,47.67163764316309,1.19394,2030s,ssp370
26,HDH,11.5,HeatPump,0.43873367440810285,0.13986059855675037,0.020979089783512556,42.1669666154141,1.14972,2030s,ssp370
25,HDH,11.5,HeatPump,0.39547238567553655,0.12238043808619421,0.01835706571292913,36.89682369739319,1.1055000000000001,2030s,ssp370
24,HDH,19.833333333333332,HeatPump,0.35220628202041393,0.10568557275174095,0.015852835912761144,31.863441626451472,1.06128,2030s,ssp370
23,HDH,32.833333333333336,HeatPump,0.30893539962475736,0.08978349877516432,0.013467524816274648,27.069080459649584,1.01706,2030s,ssp370
22,HDH,38.666666666666664,HeatPump,0.2656597743089716,0.07468180442857238,0.011202270664285856,22.516028006563285,0.97284,2030s,ssp370
21,HDH,68.83333333333333,HeatPump,0.22237944153635136,0.0603881714966331,0.009058225724494965,18.20660027013396,0.92862,2030s,ssp370
20,HDH,102.83333333333333,HeatPump,0.1790944364175201,0.046910376766074735,0.00703655651491121,14.143141895742293,0.8844000000000001,2030s,ssp370
19,HDH,154.33333333333334,HeatPump,0.13580479371480292,0.03425629354306869,0.005138444031460303,10.328026628688303,0.84018,2030s,ssp370
18,HDH,213.0,HeatPump,0.09251054784653545,0.02243389319911767,0.0033650839798676506,6.76365778026554,0.79596,2030s,ssp370
17,HDH,272.5,HeatPump,0.04921173289130798,0.011451246746086791,0.0017176870119130186,3.4524687026216476,0.7517400000000001,2030s,ssp370
16,HDH,364.6666666666667,HeatPump,0.005908382592146433,0.0013165264410321515,0.0001974789661548227,0.39692327260266314,0.70752,2030s,ssp370
15,HDH,541.0,HeatPump,0.0,0.0,0.0,0.0,0.6633,2030s,ssp370
14,HDH,749.1666666666666,HeatPump,0.0,0.0,0.0,0.0,0.6190800000000001,2030s,ssp370
13,HDH,1027.8333333333333,HeatPump,0.0,0.0,0.0,0.0,0.57486,2030s,ssp370
12,HDH,1346.8333333333333,HeatPump,0.53064,0.09695179751733034,0.01454276962759955,29.230271079948416,0.53064,2030s,ssp370
11,HDH,1781.8333333333333,HeatPump,0.48642,0.08391525149603754,0.01258728772440563,25.299846024337704,0.48642,2030s,ssp370
10,HDH,2240.8333333333335,HeatPump,0.44220000000000004,0.0717507707285413,0.010762615609281195,21.632342383498298,0.44220000000000004,2030s,ssp370
9,HDH,2686.3333333333335,HeatPump,0.39798,0.06046687286342178,0.009070030929513266,18.23032816734169,0.39798,2030s,ssp370
8,HDH,3031.8333333333335,HeatPump,0.35376,0.05007218683651806,0.007510828025477709,15.096404938089176,0.35376,2030s,ssp370
7,HDH,3382.8333333333335,HeatPump,0.30954000000000004,0.040575454694412594,0.006086318204161889,12.233208360039328,0.30954000000000004,2030s,ssp370
6,HDH,3669.3333333333335,HeatPump,0.26532,0.03198553345388788,0.004797830018083182,9.643408760180831,0.26532,2030s,ssp370
5,HDH,4009.1666666666665,HeatPump,0.22110000000000002,0.024311396998185717,0.0036467095497278576,7.329711699901039,0.22110000000000002,2030s,ssp370
4,HDH,4223.666666666667,HeatPump,0.17688,0.01756213801092173,0.0026343207016382595,5.294858558047328,0.17688,2030s,ssp370
3,HDH,4349.666666666667,HeatPump,0.13266,0.011746969948530635,0.0017620454922795952,3.541627125605181,0.13266,2030s,ssp370
2,HDH,4417.166666666667,HeatPump,0.08844,0.0068752290521405975,0.0010312843578210895,2.0728322122638683,0.08844,2030s,ssp370
1,HDH,4340.666666666667,HeatPump,0.04422,0.0029563763997994324,0.00044345645996991486,0.8913262651479192,0.04422,2030s,ssp370
31,HDH,1.0,BTES,0.1396421052631579,0.0,0.0,0.0,1.3708200000000001,2030s,ssp370
30,HDH,1.0,BTES,0.1396421052631579,0.0,0.0,0.0,1.3266,2030s,ssp370
29,HDH,5.0,BTES,0.1396421052631579,0.0,0.0,0.0,1.28238,2030s,ssp370
28,HDH,3.25,BTES,0.1396421052631579,0.0,0.0,0.0,1.2381600000000001,2030s,ssp370
27,HDH,6.25,BTES,0.1396421052631579,0.0,0.0,0.0,1.19394,2030s,ssp370
26,HDH,11.5,BTES,0.1396421052631579,0.0,0.0,0.0,1.14972,2030s,ssp370
25,HDH,11.5,BTES,0.1396421052631579,0.0,0.0,0.0,1.1055000000000001,2030s,ssp370
24,HDH,19.833333333333332,BTES,0.1396421052631579,0.0,0.0,0.0,1.06128,2030s,ssp370
23,HDH,32.833333333333336,BTES,0.1396421052631579,0.0,0.0,0.0,1.01706,2030s,ssp370
22,HDH,38.666666666666664,BTES,0.1396421052631579,0.0,0.0,0.0,0.97284,2030s,ssp370
21,HDH,68.83333333333333,BTES,0.1396421052631579,0.0,0.0,0.0,0.92862,2030s,ssp370
20,HDH,102.83333333333333,BTES,0.1396421052631579,0.0,0.0,0.0,0.8844000000000001,2030s,ssp370
19,HDH,154.33333333333334,BTES,0.1396421052631579,0.0,0.0,0.0,0.84018,2030s,ssp370
18,HDH,213.0,BTES,0.1396421052631579,0.0,0.0,0.0,0.79596,2030s,ssp370
17,HDH,272.5,BTES,0.1396421052631579,0.0,0.0,0.0,0.7517400000000001,2030s,ssp370
16,HDH,364.6666666666667,BTES,0.1396421052631579,0.0,0.0,0.0,0.70752,2030s,ssp370
15,HDH,541.0,BTES,0.10721888098535509,0.0,0.0,0.0,0.6633,2030s,ssp370
14,HDH,749.1666666666666,BTES,0.06927300757235444,0.0,0.0,0.0,0.6190800000000001,2030s,ssp370
13,HDH,1027.8333333333333,BTES,0.030893736290717955,0.0,0.0,0.0,0.57486,2030s,ssp370
12,HDH,1346.8333333333333,BTES,0.0,0.0,0.0,0.0,0.53064,2030s,ssp370
11,HDH,1781.8333333333333,BTES,0.0,0.0,0.0,0.0,0.48642,2030s,ssp370
10,HDH,2240.8333333333335,BTES,0.0,0.0,0.0,0.0,0.44220000000000004,2030s,ssp370
9,HDH,2686.3333333333335,BTES,0.0,0.0,0.0,0.0,0.39798,2030s,ssp370
8,HDH,3031.8333333333335,BTES,0.0,0.0,0.0,0.0,0.35376,2030s,ssp370
7,HDH,3382.8333333333335,BTES,0.0,0.0,0.0,0.0,0.30954000000000004,2030s,ssp370
6,HDH,3669.3333333333335,BTES,0.0,0.0,0.0,0.0,0.26532,2030s,ssp370
5,HDH,4009.1666666666665,BTES,0.0,0.0,0.0,0.0,0.22110000000000002,2030s,ssp370
4,HDH,4223.666666666667,BTES,0.0,0.0,0.0,0.0,0.17688,2030s,ssp370
3,HDH,4349.666666666667,BTES,0.0,0.0,0.0,0.0,0.13266,2030s,ssp370
2,HDH,4417.166666666667,BTES,0.0,0.0,0.0,0.0,0.08844,2030s,ssp370
1,HDH,4340.666666666667,BTES,0.0,0.0,0.0,0.0,0.04422,2030s,ssp370
31,HDH,1.0,unmet_demand,0.0,0.0,0.0,0.0,1.3708200000000001,2030s,ssp370
30,HDH,1.0,unmet_demand,0.0,0.0,0.0,0.0,1.3266,2030s,ssp370
29,HDH,5.0,unmet_demand,0.0,0.0,0.0,0.0,1.28238,2030s,ssp370
28,HDH,3.25,unmet_demand,0.0,0.0,0.0,0.0,1.2381600000000001,2030s,ssp370
27,HDH,6.25,unmet_demand,0.0,0.0,0.0,0.0,1.19394,2030s,ssp370
26,HDH,11.5,unmet_demand,0.0,0.0,0.0,0.0,1.14972,2030s,ssp370
25,HDH,11.5,unmet_demand,0.0,0.0,0.0,0.0,1.1055000000000001,2030s,ssp370
24,HDH,19.833333333333332,unmet_demand,0.0,0.0,0.0,0.0,1.06128,2030s,ssp370
23,HDH,32.833333333333336,unmet_demand,0.0,0.0,0.0,0.0,1.01706,2030s,ssp370
22,HDH,38.666666666666664,unmet_demand,0.0,0.0,0.0,0.0,0.97284,2030s,ssp370
21,HDH,68.83333333333333,unmet_demand,0.0,0.0,0.0,0.0,0.92862,2030s,ssp370
20,HDH,102.83333333333333,unmet_demand,0.0,0.0,0.0,0.0,0.8844000000000001,2030s,ssp370
19,HDH,154.33333333333334,unmet_demand,0.0,0.0,0.0,0.0,0.84018,2030s,ssp370
18,HDH,213.0,unmet_demand,0.0,0.0,0.0,0.0,0.79596,2030s,ssp370
17,HDH,272.5,unmet_demand,0.0,0.0,0.0,0.0,0.7517400000000001,2030s,ssp370
16,HDH,364.6666666666667,unmet_demand,0.0,0.0,0.0,0.0,0.70752,2030s,ssp370
15,HDH,541.0,unmet_demand,0.0,0.0,0.0,0.0,0.6633,2030s,ssp370
14,HDH,749.1666666666666,unmet_demand,0.0,0.0,0.0,0.0,0.6190800000000001,2030s,ssp370
13,HDH,1027.8333333333333,unmet_demand,0.0,0.0,0.0,0.0,0.57486,2030s,ssp370
12,HDH,1346.8333333333333,unmet_demand,0.0,0.0,0.0,0.0,0.53064,2030s,ssp370
11,HDH,1781.8333333333333,unmet_demand,0.0,0.0,0.0,0.0,0.48642,2030s,ssp370
10,HDH,2240.8333333333335,unmet_demand,0.0,0.0,0.0,0.0,0.44220000000000004,2030s,ssp370
9,HDH,2686.3333333333335,unmet_demand,0.0,0.0,0.0,0.0,0.39798,2030s,ssp370
8,HDH,3031.8333333333335,unmet_demand,0.0,0.0,0.0,0.0,0.35376,2030s,ssp370
7,HDH,3382.8333333333335,unmet_demand,0.0,0.0,0.0,0.0,0.30954000000000004,2030s,ssp370
6,HDH,3669.3333333333335,unmet_demand,0.0,0.0,0.0,0.0,0.26532,2030s,ssp370
5,HDH,4009.1666666666665,unmet_demand,0.0,0.0,0.0,0.0,0.22110000000000002,2030s,ssp370
4,HDH,4223.666666666667,unmet_demand,0.0,0.0,0.0,0.0,0.17688,2030s,ssp370
3,HDH,4349.666666666667,unmet_demand,0.0,0.0,0.0,0.0,0.13266,2030s,ssp370
2,HDH,4417.166666666667,unmet_demand,0.0,0.0,0.0,0.0,0.08844,2030s,ssp370
1,HDH,4340.666666666667,unmet_demand,0.0,0.0,0.0,0.0,0.04422,2030s,ssp370
29,HDH,1.5,Geothermal,0.1427168921480812,0.028355793946584988,0.004253369091987748,8.506738183975497,1.28238,2030s,ssp585
28,HDH,1.0,Geothermal,0.14191973687012996,0.027558638668633752,0.004133795800295063,8.267591600590126,1.2381600000000001,2030s,ssp585
27,HDH,3.0,Geothermal,0.14112661552362513,0.026765517322128916,0.004014827598319337,8.029655196638675,1.19394,2030s,ssp585
26,HDH,8.0,Geothermal,0.14033749756583377,0.02597639936433758,0.003896459904650637,7.792919809301274,1.14972,2030s,ssp585
25,HDH,7.666666666666667,Geothermal,0.1395523527615841,0.025191254560087903,0.0037786881840131854,7.557376368026371,1.1055000000000001,2030s,ssp585
24,HDH,10.5,Geothermal,0.1387711511794036,0.02441005297790741,0.003661507946686111,7.323015893372223,1.06128,2030s,ssp585
23,HDH,16.0,Geothermal,0.1379938631877156,0.023632764986219395,0.003544914747932909,7.089829495865819,1.01706,2030s,ssp585
22,HDH,31.6,Geothermal,0.13722045945109257,0.02285936124959635,0.0034289041874394524,6.857808374878904,0.97284,2030s,ssp585
21,HDH,46.333333333333336,Geothermal,0.13645091092656556,0.022089812725069363,0.0033134719087604043,6.626943817520809,0.92862,2030s,ssp585
20,HDH,73.33333333333333,Geothermal,0.13568518885998887,0.021324090658492674,0.003198613598773901,6.397227197547802,0.8844000000000001,2030s,ssp585
19,HDH,109.0,Geothermal,0.1349232647824584,0.02056216658096218,0.003084324987144327,6.1686499742886545,0.84018,2030s,ssp585
18,HDH,153.5,Geothermal,0.13416511050678345,0.019804012305287243,0.0029706018457930864,5.941203691586173,0.79596,2030s,ssp585
17,HDH,231.16666666666666,Geothermal,0.13341069812401085,0.01904959992251464,0.0028574399883771963,5.714879976754393,0.7517400000000001,2030s,ssp585
16,HDH,320.0,Geothermal,0.1326600000000001,0.01829890179850392,0.002744835269775588,5.489670539551176,0.70752,2030s,ssp585
15,HDH,485.8333333333333,Geothermal,0.08844000000000007,0.011767523551013903,0.0017651285326520853,3.5302570653041707,0.6633,2030s,ssp585
14,HDH,643.5,Geothermal,0.04422000000000015,0.005666506487265756,0.0008499759730898635,1.699951946179727,0.6190800000000001,2030s,ssp585
13,HDH,924.6666666666666,Geothermal,0.0,0.0,0.0,0.0,0.57486,2030s,ssp585
12,HDH,1268.6666666666667,Geothermal,0.11056335006057508,0.013071060784204697,0.0019606591176307042,3.921318235261409,0.53064,2030s,ssp585
11,HDH,1764.6666666666667,Geothermal,0.0,0.0,0.0,0.0,0.48642,2030s,ssp585
10,HDH,2289.5,Geothermal,0.0,0.0,0.0,0.0,0.44220000000000004,2030s,ssp585
9,HDH,2627.5,Geothermal,0.0,0.0,0.0,0.0,0.39798,2030s,ssp585
8,HDH,2992.6666666666665,Geothermal,0.0,0.0,0.0,0.0,0.35376,2030s,ssp585
7,HDH,3381.5,Geothermal,0.0,0.0,0.0,0.0,0.30954000000000004,2030s,ssp585
6,HDH,3784.6666666666665,Geothermal,0.0,0.0,0.0,0.0,0.26532,2030s,ssp585
5,HDH,3995.5,Geothermal,0.0,0.0,0.0,0.0,0.22110000000000002,2030s,ssp585
4,HDH,4246.0,Geothermal,0.0,0.0,0.0,0.0,0.17688,2030s,ssp585
3,HDH,4364.833333333333,Geothermal,0.0,0.0,0.0,0.0,0.13266,2030s,ssp585
2,HDH,4315.833333333333,Geothermal,0.0,0.0,0.0,0.0,0.08844,2030s,ssp585
1,HDH,4327.666666666667,Geothermal,0.0,0.0,0.0,0.0,0.04422,2030s,ssp585
29,HDH,1.5,Boiler,0.5748599999999999,0.6387333333333333,0.12774666666666665,31.936666666666664,1.28238,2030s,ssp585
28,HDH,1.0,Boiler,0.5748599999999999,0.6387333333333333,0.12774666666666665,31.936666666666664,1.2381600000000001,2030s,ssp585
27,HDH,3.0,Boiler,0.5748599999999999,0.6387333333333333,0.12774666666666665,31.936666666666664,1.19394,2030s,ssp585
26,HDH,8.0,Boiler,0.5748599999999999,0.6387333333333333,0.12774666666666665,31.936666666666664,1.14972,2030s,ssp585
25,HDH,7.666666666666667,Boiler,0.5748599999999999,0.6387333333333333,0.12774666666666665,31.936666666666664,1.1055000000000001,2030s,ssp585
24,HDH,10.5,Boiler,0.5748599999999999,0.6387333333333333,0.12774666666666665,31.936666666666664,1.06128,2030s,ssp585
23,HDH,16.0,Boiler,0.5748599999999999,0.6387333333333333,0.12774666666666665,31.936666666666664,1.01706,2030s,ssp585
22,HDH,31.6,Boiler,0.5748599999999999,0.6387333333333333,0.12774666666666665,31.936666666666664,0.97284,2030s,ssp585
21,HDH,46.333333333333336,Boiler,0.5748599999999999,0.6387333333333333,0.12774666666666665,31.936666666666664,0.92862,2030s,ssp585
20,HDH,73.33333333333333,Boiler,0.5748599999999999,0.6387333333333333,0.12774666666666665,31.936666666666664,0.8844000000000001,2030s,ssp585
19,HDH,109.0,Boiler,0.5748599999999999,0.6387333333333333,0.12774666666666665,31.936666666666664,0.84018,2030s,ssp585
18,HDH,153.5,Boiler,0.5748599999999999,0.6387333333333333,0.12774666666666665,31.936666666666664,0.79596,2030s,ssp585
17,HDH,231.16666666666666,Boiler,0.5748599999999999,0.6387333333333333,0.12774666666666665,31.936666666666664,0.7517400000000001,2030s,ssp585
16,HDH,320.0,Boiler,0.5748599999999999,0.6387333333333333,0.12774666666666665,31.936666666666664,0.70752,2030s,ssp585
15,HDH,485.8333333333333,Boiler,0.5748599999999999,0.6387333333333333,0.12774666666666665,31.936666666666664,0.6633,2030s,ssp585
14,HDH,643.5,Boiler,0.5748599999999999,0.6387333333333333,0.12774666666666665,31.936666666666664,0.6190800000000001,2030s,ssp585
13,HDH,924.6666666666666,Boiler,0.57486,0.6387333333333334,0.12774666666666668,31.936666666666667,0.57486,2030s,ssp585
12,HDH,1268.6666666666667,Boiler,0.0,0.0,0.0,0.0,0.53064,2030s,ssp585
11,HDH,1764.6666666666667,Boiler,0.0,0.0,0.0,0.0,0.48642,2030s,ssp585
10,HDH,2289.5,Boiler,0.0,0.0,0.0,0.0,0.44220000000000004,2030s,ssp585
9,HDH,2627.5,Boiler,0.0,0.0,0.0,0.0,0.39798,2030s,ssp585
8,HDH,2992.6666666666665,Boiler,0.0,0.0,0.0,0.0,0.35376,2030s,ssp585
7,HDH,3381.5,Boiler,0.0,0.0,0.0,0.0,0.30954000000000004,2030s,ssp585
6,HDH,3784.6666666666665,Boiler,0.0,0.0,0.0,0.0,0.26532,2030s,ssp585
5,HDH,3995.5,Boiler,0.0,0.0,0.0,0.0,0.22110000000000002,2030s,ssp585
4,HDH,4246.0,Boiler,0.0,0.0,0.0,0.0,0.17688,2030s,ssp585
3,HDH,4364.833333333333,Boiler,0.0,0.0,0.0,0.0,0.13266,2030s,ssp585
2,HDH,4315.833333333333,Boiler,0.0,0.0,0.0,0.0,0.08844,2030s,ssp585
1,HDH,4327.666666666667,Boiler,0.0,0.0,0.0,0.0,0.04422,2030s,ssp585
29,HDH,1.5,HeatPump,0.5648031078519189,0.19566259785995457,0.029349389678993185,58.698779357986375,1.28238,2030s,ssp585
28,HDH,1.0,HeatPump,0.5213802631298703,0.1758449454063644,0.026376741810954656,52.75348362190932,1.2381600000000001,2030s,ssp585
27,HDH,3.0,HeatPump,0.47795338447637503,0.1567943851888257,0.023519157778323856,47.03831555664772,1.19394,2030s,ssp585
26,HDH,8.0,HeatPump,0.43452250243416635,0.13851815080939028,0.02077772262140854,41.555445242817086,1.14972,2030s,ssp585
25,HDH,7.666666666666667,HeatPump,0.39108764723841616,0.12102356405335485,0.018153534608003227,36.307069216006454,1.1055000000000001,2030s,ssp585
24,HDH,10.5,HeatPump,0.34764884882059643,0.10431803627499919,0.015647705441249878,31.29541088249976,1.06128,2030s,ssp585
23,HDH,16.0,HeatPump,0.3042061368122846,0.08840906980895707,0.013261360471343561,26.522720942687123,1.01706,2030s,ssp585
22,HDH,31.6,HeatPump,0.2607595405489076,0.07330425940778287,0.01099563891116743,21.99127782233486,0.97284,2030s,ssp585
21,HDH,46.333333333333336,HeatPump,0.21730908907343452,0.05901129370629587,0.00885169405594438,17.70338811188876,0.92862,2030s,ssp585
20,HDH,73.33333333333333,HeatPump,0.17385481114001133,0.04553795671329335,0.006830693506994003,13.661387013988005,0.8844000000000001,2030s,ssp585
19,HDH,109.0,HeatPump,0.1303967352175417,0.0328921293312418,0.004933819399686269,9.86763879937254,0.84018,2030s,ssp585
18,HDH,153.5,HeatPump,0.0869348894932166,0.02108179090457042,0.003162268635685563,6.324537271371127,0.79596,2030s,ssp585
17,HDH,231.16666666666666,HeatPump,0.0434693018759893,0.01011502079720519,0.0015172531195807783,3.0345062391615567,0.7517400000000001,2030s,ssp585
16,HDH,320.0,HeatPump,0.0,0.0,0.0,0.0,0.70752,2030s,ssp585
15,HDH,485.8333333333333,HeatPump,0.0,0.0,0.0,0.0,0.6633,2030s,ssp585
14,HDH,643.5,HeatPump,0.0,0.0,0.0,0.0,0.6190800000000001,2030s,ssp585
13,HDH,924.6666666666666,HeatPump,0.0,0.0,0.0,0.0,0.57486,2030s,ssp585
12,HDH,1268.6666666666667,HeatPump,0.42007664993942495,0.07675106721446853,0.01151266008217028,23.02532016434056,0.53064,2030s,ssp585
11,HDH,1764.6666666666667,HeatPump,0.48642,0.08391525149603754,0.01258728772440563,25.17457544881126,0.48642,2030s,ssp585
10,HDH,2289.5,HeatPump,0.44220000000000004,0.0717507707285413,0.010762615609281195,21.52523121856239,0.44220000000000004,2030s,ssp585
9,HDH,2627.5,HeatPump,0.39798,0.06046687286342178,0.009070030929513266,18.140061859026535,0.39798,2030s,ssp585
8,HDH,2992.6666666666665,HeatPump,0.35376,0.05007218683651806,0.007510828025477709,15.021656050955418,0.35376,2030s,ssp585
7,HDH,3381.5,HeatPump,0.30954000000000004,0.040575454694412594,0.006086318204161889,12.172636408323779,0.30954000000000004,2030s,ssp585
6,HDH,3784.6666666666665,HeatPump,0.26532,0.03198553345388788,0.004797830018083182,9.595660036166365,0.26532,2030s,ssp585
5,HDH,3995.5,HeatPump,0.22110000000000002,0.024311396998185717,0.0036467095497278576,7.293419099455715,0.22110000000000002,2030s,ssp585
4,HDH,4246.0,HeatPump,0.17688,0.01756213801092173,0.0026343207016382595,5.268641403276519,0.17688,2030s,ssp585
3,HDH,4364.833333333333,HeatPump,0.13266,0.011746969948530635,0.0017620454922795952,3.524090984559191,0.13266,2030s,ssp585
2,HDH,4315.833333333333,HeatPump,0.08844,0.0068752290521405975,0.0010312843578210895,2.062568715642179,0.08844,2030s,ssp585
1,HDH,4327.666666666667,HeatPump,0.04422,0.0029563763997994324,0.00044345645996991486,0.8869129199398297,0.04422,2030s,ssp585
29,HDH,1.5,BTES,0.1143610982014962,0.0,0.0,0.0,1.28238,2030s,ssp585
28,HDH,1.0,BTES,0.1143610982014962,0.0,0.0,0.0,1.2381600000000001,2030s,ssp585
27,HDH,3.0,BTES,0.1143610982014962,0.0,0.0,0.0,1.19394,2030s,ssp585
26,HDH,8.0,BTES,0.1143610982014962,0.0,0.0,0.0,1.14972,2030s,ssp585
25,HDH,7.666666666666667,BTES,0.1143610982014962,0.0,0.0,0.0,1.1055000000000001,2030s,ssp585
24,HDH,10.5,BTES,0.1143610982014962,0.0,0.0,0.0,1.06128,2030s,ssp585
23,HDH,16.0,BTES,0.1143610982014962,0.0,0.0,0.0,1.01706,2030s,ssp585
22,HDH,31.6,BTES,0.1143610982014962,0.0,0.0,0.0,0.97284,2030s,ssp585
21,HDH,46.333333333333336,BTES,0.1143610982014962,0.0,0.0,0.0,0.92862,2030s,ssp585
20,HDH,73.33333333333333,BTES,0.1143610982014962,0.0,0.0,0.0,0.8844000000000001,2030s,ssp585
19,HDH,109.0,BTES,0.1143610982014962,0.0,0.0,0.0,0.84018,2030s,ssp585
18,HDH,153.5,BTES,0.1143610982014962,0.0,0.0,0.0,0.79596,2030s,ssp585
17,HDH,231.16666666666666,BTES,0.1143610982014962,0.0,0.0,0.0,0.7517400000000001,2030s,ssp585
16,HDH,320.0,BTES,0.1143610982014962,0.0,0.0,0.0,0.70752,2030s,ssp585
15,HDH,485.8333333333333,BTES,0.07667247644898617,0.0,0.0,0.0,0.6633,2030s,ssp585
14,HDH,643.5,BTES,0.03855349351273439,0.0,0.0,0.0,0.6190800000000001,2030s,ssp585
13,HDH,924.6666666666666,BTES,0.0,0.0,0.0,0.0,0.57486,2030s,ssp585
12,HDH,1268.6666666666667,BTES,0.09749228927637038,0.0,0.0,0.0,0.53064,2030s,ssp585
11,HDH,1764.6666666666667,BTES,0.0,0.0,0.0,0.0,0.48642,2030s,ssp585
10,HDH,2289.5,BTES,0.0,0.0,0.0,0.0,0.44220000000000004,2030s,ssp585
9,HDH,2627.5,BTES,0.0,0.0,0.0,0.0,0.39798,2030s,ssp585
8,HDH,2992.6666666666665,BTES,0.0,0.0,0.0,0.0,0.35376,2030s,ssp585
7,HDH,3381.5,BTES,0.0,0.0,0.0,0.0,0.30954000000000004,2030s,ssp585
6,HDH,3784.6666666666665,BTES,0.0,0.0,0.0,0.0,0.26532,2030s,ssp585
5,HDH,3995.5,BTES,0.0,0.0,0.0,0.0,0.22110000000000002,2030s,ssp585
4,HDH,4246.0,BTES,0.0,0.0,0.0,0.0,0.17688,2030s,ssp585
3,HDH,4364.833333333333,BTES,0.0,0.0,0.0,0.0,0.13266,2030s,ssp585
2,HDH,4315.833333333333,BTES,0.0,0.0,0.0,0.0,0.08844,2030s,ssp585
1,HDH,4327.666666666667,BTES,0.0,0.0,0.0,0.0,0.04422,2030s,ssp585
29,HDH,1.5,unmet_demand,0.0,0.0,0.0,0.0,1.28238,2030s,ssp585
28,HDH,1.0,unmet_demand,0.0,0.0,0.0,0.0,1.2381600000000001,2030s,ssp585
27,HDH,3.0,unmet_demand,0.0,0.0,0.0,0.0,1.19394,2030s,ssp585
26,HDH,8.0,unmet_demand,0.0,0.0,0.0,0.0,1.14972,2030s,ssp585
25,HDH,7.666666666666667,unmet_demand,0.0,0.0,0.0,0.0,1.1055000000000001,2030s,ssp585
24,HDH,10.5,unmet_demand,0.0,0.0,0.0,0.0,1.06128,2030s,ssp585
23,HDH,16.0,unmet_demand,0.0,0.0,0.0,0.0,1.01706,2030s,ssp585
22,HDH,31.6,unmet_demand,0.0,0.0,0.0,0.0,0.97284,2030s,ssp585
21,HDH,46.333333333333336,unmet_demand,0.0,0.0,0.0,0.0,0.92862,2030s,ssp585
20,HDH,73.33333333333333,unmet_demand,0.0,0.0,0.0,0.0,0.8844000000000001,2030s,ssp585
19,HDH,109.0,unmet_demand,0.0,0.0,0.0,0.0,0.84018,2030s,ssp585
18,HDH,153.5,unmet_demand,0.0,0.0,0.0,0.0,0.79596,2030s,ssp585
17,HDH,231.16666666666666,unmet_demand,0.0,0.0,0.0,0.0,0.7517400000000001,2030s,ssp585
16,HDH,320.0,unmet_demand,0.0,0.0,0.0,0.0,0.70752,2030s,ssp585
15,HDH,485.8333333333333,unmet_demand,0.0,0.0,0.0,0.0,0.6633,2030s,ssp585
14,HDH,643.5,unmet_demand,0.0,0.0,0.0,0.0,0.6190800000000001,2030s,ssp585
13,HDH,924.6666666666666,unmet_demand,0.0,0.0,0.0,0.0,0.57486,2030s,ssp585
12,HDH,1268.6666666666667,unmet_demand,0.0,0.0,0.0,0.0,0.53064,2030s,ssp585
11,HDH,1764.6666666666667,unmet_demand,0.0,0.0,0.0,0.0,0.48642,2030s,ssp585
10,HDH,2289.5,unmet_demand,0.0,0.0,0.0,0.0,0.44220000000000004,2030s,ssp585
9,HDH,2627.5,unmet_demand,0.0,0.0,0.0,0.0,0.39798,2030s,ssp585
8,HDH,2992.6666666666665,unmet_demand,0.0,0.0,0.0,0.0,0.35376,2030s,ssp585
7,HDH,3381.5,unmet_demand,0.0,0.0,0.0,0.0,0.30954000000000004,2030s,ssp585
6,HDH,3784.6666666666665,unmet_demand,0.0,0.0,0.0,0.0,0.26532,2030s,ssp585
5,HDH,3995.5,unmet_demand,0.0,0.0,0.0,0.0,0.22110000000000002,2030s,ssp585
4,HDH,4246.0,unmet_demand,0.0,0.0,0.0,0.0,0.17688,2030s,ssp585
3,HDH,4364.833333333333,unmet_demand,0.0,0.0,0.0,0.0,0.13266,2030s,ssp585
2,HDH,4315.833333333333,unmet_demand,0.0,0.0,0.0,0.0,0.08844,2030s,ssp585
1,HDH,4327.666666666667,unmet_demand,0.0,0.0,0.0,0.0,0.04422,2030s,ssp585
29,HDH,1.0,Geothermal,0.17426631599024264,0.03462421072708474,0.0051936316090627115,10.833216188040497,1.28238,2040s,ssp126
28,HDH,1.0,Geothermal,0.1732929391778006,0.033650833914642665,0.0050476250871963994,10.528666243935573,1.2381600000000001,2040s,ssp126
27,HDH,4.75,Geothermal,0.17232448804977846,0.032682382786620556,0.004902357417993083,10.225657446995452,1.19394,2040s,ssp126
26,HDH,5.0,Geothermal,0.17136092531157537,0.031718820048417466,0.00475782300726262,9.924178128492782,1.14972,2040s,ssp126
25,HDH,8.166666666666666,Geothermal,0.17040221404414174,0.030760108780983866,0.004614016317147579,9.624216737202666,1.1055000000000001,2040s,ssp126
24,HDH,15.833333333333334,Geothermal,0.16944831769926416,0.029806212436106275,0.004470931865415941,9.325761837927317,1.06128,2040s,ssp126
23,HDH,33.333333333333336,Geothermal,0.16849920009492075,0.028857094831762863,0.004328564224764429,9.028802110042914,1.01706,2040s,ssp126
22,HDH,48.166666666666664,Geothermal,0.16755482541070651,0.027912720147548593,0.004186908022132289,8.733326346068235,0.97284,2040s,ssp126
21,HDH,75.83333333333333,Geothermal,0.16661515818332673,0.026973052920168827,0.004045957938025324,8.439323450254681,0.92862,2040s,ssp126
20,HDH,98.16666666666667,Geothermal,0.16568016330215807,0.02603805803900017,0.0039057087058500255,8.146782437197368,0.8844000000000001,2040s,ssp126
19,HDH,155.66666666666666,Geothermal,0.1647498060048752,0.025107700741717278,0.0037661551112575914,7.8556924304668305,0.84018,2040s,ssp126
18,HDH,220.0,Geothermal,0.16382405187314258,0.024181946609984673,0.0036272919914977007,7.56604266126109,0.79596,2040s,ssp126
17,HDH,263.3333333333333,Geothermal,0.1629028668283702,0.023260761565212316,0.0034891142347818474,7.277822467077649,0.7517400000000001,2040s,ssp126
16,HDH,366.0,Geothermal,0.16198621712753172,0.022344111864373843,0.003351616779656076,6.991021290405111,0.70752,2040s,ssp126
15,HDH,529.8333333333334,Geothermal,0.1610740693590444,0.021431964095886477,0.0032147946143829716,6.705628677434079,0.6633,2040s,ssp126
14,HDH,720.5,Geothermal,0.1601663904387093,0.02052428517555141,0.0030786427763327116,6.421634276786989,0.6190800000000001,2040s,ssp126
13,HDH,976.1666666666666,Geothermal,0.028786285953046553,0.0035464383572771487,0.0005319657535915723,1.10960893014347,0.57486,2040s,ssp126
12,HDH,1362.0,Geothermal,0.0,0.0,0.0,0.0,0.53064,2040s,ssp126
11,HDH,1824.6666666666667,Geothermal,0.0,0.0,0.0,0.0,0.48642,2040s,ssp126
10,HDH,2296.3333333333335,Geothermal,0.0,0.0,0.0,0.0,0.44220000000000004,2040s,ssp126
9,HDH,2635.6666666666665,Geothermal,0.0,0.0,0.0,0.0,0.39798,2040s,ssp126
8,HDH,3029.6666666666665,Geothermal,0.0,0.0,0.0,0.0,0.35376,2040s,ssp126
7,HDH,3396.6666666666665,Geothermal,0.0,0.0,0.0,0.0,0.30954000000000004,2040s,ssp126
6,HDH,3653.0,Geothermal,0.0,0.0,0.0,0.0,0.26532,2040s,ssp126
5,HDH,4088.0,Geothermal,0.0,0.0,0.0,0.0,0.22110000000000002,2040s,ssp126
4,HDH,4235.333333333333,Geothermal,0.0,0.0,0.0,0.0,0.17688,2040s,ssp126
3,HDH,4227.5,Geothermal,0.0,0.0,0.0,0.0,0.13266,2040s,ssp126
2,HDH,4239.666666666667,Geothermal,0.0,0.0,0.0,0.0,0.08844,2040s,ssp126
1,HDH,4089.8333333333335,Geothermal,0.0,0.0,0.0,0.0,0.04422,2040s,ssp126
29,HDH,1.0,Boiler,0.5661736527918114,0.629081836435346,0.12581636728706921,42.25735760551821,1.28238,2040s,ssp126
28,HDH,1.0,Boiler,0.5661736527918114,0.629081836435346,0.12581636728706921,42.25735760551821,1.2381600000000001,2040s,ssp126
27,HDH,4.75,Boiler,0.5661736527918114,0.629081836435346,0.12581636728706921,42.25735760551821,1.19394,2040s,ssp126
26,HDH,5.0,Boiler,0.5661736527918114,0.629081836435346,0.12581636728706921,42.25735760551821,1.14972,2040s,ssp126
25,HDH,8.166666666666666,Boiler,0.5661736527918114,0.629081836435346,0.12581636728706921,42.25735760551821,1.1055000000000001,2040s,ssp126
24,HDH,15.833333333333334,Boiler,0.5661736527918114,0.629081836435346,0.12581636728706921,42.25735760551821,1.06128,2040s,ssp126
23,HDH,33.333333333333336,Boiler,0.5661736527918114,0.629081836435346,0.12581636728706921,42.25735760551821,1.01706,2040s,ssp126
22,HDH,48.166666666666664,Boiler,0.5661736527918114,0.629081836435346,0.12581636728706921,42.25735760551821,0.97284,2040s,ssp126
21,HDH,75.83333333333333,Boiler,0.5661736527918114,0.629081836435346,0.12581636728706921,42.25735760551821,0.92862,2040s,ssp126
20,HDH,98.16666666666667,Boiler,0.5661736527918114,0.629081836435346,0.12581636728706921,42.25735760551821,0.8844000000000001,2040s,ssp126
19,HDH,155.66666666666666,Boiler,0.5661736527918114,0.629081836435346,0.12581636728706921,42.25735760551821,0.84018,2040s,ssp126
18,HDH,220.0,Boiler,0.5661736527918114,0.629081836435346,0.12581636728706921,42.25735760551821,0.79596,2040s,ssp126
17,HDH,263.3333333333333,Boiler,0.0,0.0,0.0,0.0,0.7517400000000001,2040s,ssp126
16,HDH,366.0,Boiler,0.0,0.0,0.0,0.0,0.70752,2040s,ssp126
15,HDH,529.8333333333334,Boiler,0.0,0.0,0.0,0.0,0.6633,2040s,ssp126
14,HDH,720.5,Boiler,0.0,0.0,0.0,0.0,0.6190800000000001,2040s,ssp126
13,HDH,976.1666666666666,Boiler,0.0,0.0,0.0,0.0,0.57486,2040s,ssp126
12,HDH,1362.0,Boiler,0.0,0.0,0.0,0.0,0.53064,2040s,ssp126
11,HDH,1824.6666666666667,Boiler,0.0,0.0,0.0,0.0,0.48642,2040s,ssp126
10,HDH,2296.3333333333335,Boiler,0.0,0.0,0.0,0.0,0.44220000000000004,2040s,ssp126
9,HDH,2635.6666666666665,Boiler,0.0,0.0,0.0,0.0,0.39798,2040s,ssp126
8,HDH,3029.6666666666665,Boiler,0.0,0.0,0.0,0.0,0.35376,2040s,ssp126
7,HDH,3396.6666666666665,Boiler,0.0,0.0,0.0,0.0,0.30954000000000004,2040s,ssp126
6,HDH,3653.0,Boiler,0.0,0.0,0.0,0.0,0.26532,2040s,ssp126
5,HDH,4088.0,Boiler,0.0,0.0,0.0,0.0,0.22110000000000002,2040s,ssp126
4,HDH,4235.333333333333,Boiler,0.0,0.0,0.0,0.0,0.17688,2040s,ssp126
3,HDH,4227.5,Boiler,0.0,0.0,0.0,0.0,0.13266,2040s,ssp126
2,HDH,4239.666666666667,Boiler,0.0,0.0,0.0,0.0,0.08844,2040s,ssp126
1,HDH,4089.8333333333335,Boiler,0.0,0.0,0.0,0.0,0.04422,2040s,ssp126
29,HDH,1.0,HeatPump,0.541940031217946,0.18774222896133438,0.028161334344200158,58.74075137752541,1.28238,2040s,ssp126
28,HDH,1.0,HeatPump,0.4986934080303881,0.16819339225308202,0.025229008837962304,52.624315223804295,1.2381600000000001,2040s,ssp126
27,HDH,4.75,HeatPump,0.45544185915841007,0.14940939559248678,0.022411409338873017,46.74718207256459,1.19394,2040s,ssp126
26,HDH,5.0,HeatPump,0.41218542189661334,0.13139748140053487,0.01970962221008023,41.11161793104866,1.14972,2040s,ssp126
25,HDH,8.166666666666666,HeatPump,0.36892413316404704,0.11416498009099399,0.0171247470136491,35.719916337662895,1.1055000000000001,2040s,ssp126
24,HDH,15.833333333333334,HeatPump,0.3256580295089244,0.09771931145696941,0.01465789671854541,30.574398795803095,1.06128,2040s,ssp126
23,HDH,33.333333333333336,HeatPump,0.28238714711326784,0.0820679860830505,0.012310197912457575,25.6774152156866,1.01706,2040s,ssp126
22,HDH,48.166666666666664,HeatPump,0.23911152179748207,0.06721860678361202,0.010082791017541804,21.031344364367737,0.97284,2040s,ssp126
21,HDH,75.83333333333333,HeatPump,0.19583118902486185,0.05317887006785115,0.007976830510177672,16.638594324118277,0.92862,2040s,ssp126
20,HDH,98.16666666666667,HeatPump,0.15254618390603059,0.03995656763215218,0.005993485144822827,12.501602959358243,0.8844000000000001,2040s,ssp126
19,HDH,155.66666666666666,HeatPump,0.1092565412033134,0.027559587880388058,0.004133938182058208,8.622838392327518,0.84018,2040s,ssp126
18,HDH,220.0,HeatPump,0.065962295335046,0.01599591747278252,0.002399387620917378,5.004799487693556,0.79596,2040s,ssp126
17,HDH,263.3333333333333,HeatPump,0.5888371331716299,0.13701853011556253,0.02055277951733438,42.87033053863361,0.7517400000000001,2040s,ssp126
16,HDH,366.0,HeatPump,0.5455337828724683,0.12155774248312204,0.018233661372468304,38.032962369296776,0.70752,2040s,ssp126
15,HDH,529.8333333333334,HeatPump,0.5022259306409556,0.10691914005874834,0.016037871008812248,33.452839344861665,0.6633,2040s,ssp126
14,HDH,720.5,HeatPump,0.4589136095612908,0.09311077560643413,0.01396661634096512,29.132481012529848,0.6190800000000001,2040s,ssp126
13,HDH,976.1666666666666,HeatPump,0.5460737140469535,0.10530105364877781,0.01579515804731667,32.946572789695715,0.57486,2040s,ssp126
12,HDH,1362.0,HeatPump,0.53064,0.09695179751733034,0.01454276962759955,30.33425918652846,0.53064,2040s,ssp126
11,HDH,1824.6666666666667,HeatPump,0.48642,0.08391525149603754,0.01258728772440563,26.25538725188162,0.48642,2040s,ssp126
10,HDH,2296.3333333333335,HeatPump,0.44220000000000004,0.0717507707285413,0.010762615609281195,22.449366920955708,0.44220000000000004,2040s,ssp126
9,HDH,2635.6666666666665,HeatPump,0.39798,0.06046687286342178,0.009070030929513266,18.918863193949864,0.39798,2040s,ssp126
8,HDH,3029.6666666666665,HeatPump,0.35376,0.05007218683651806,0.007510828025477709,15.66657589059873,0.35376,2040s,ssp126
7,HDH,3396.6666666666665,HeatPump,0.30954000000000004,0.040575454694412594,0.006086318204161889,12.69524022070392,0.30954000000000004,2040s,ssp126
6,HDH,3653.0,HeatPump,0.26532,0.03198553345388788,0.004797830018083182,10.007627365920433,0.26532,2040s,ssp126
5,HDH,4088.0,HeatPump,0.22110000000000002,0.024311396998185717,0.0036467095497278576,7.606545073057893,0.22110000000000002,2040s,ssp126
4,HDH,4235.333333333333,HeatPump,0.17688,0.01756213801092173,0.0026343207016382595,5.4948382591633305,0.17688,2040s,ssp126
3,HDH,4227.5,HeatPump,0.13266,0.011746969948530635,0.0017620454922795952,3.675389628659473,0.13266,2040s,ssp126
2,HDH,4239.666666666667,HeatPump,0.08844,0.0068752290521405975,0.0010312843578210895,2.1511203028195904,0.08844,2040s,ssp126
1,HDH,4089.8333333333335,HeatPump,0.04422,0.0029563763997994324,0.00044345645996991486,0.9249904618676252,0.04422,2040s,ssp126
29,HDH,1.0,BTES,0.1396421052631579,0.0,0.0,0.0,1.28238,2040s,ssp126
28,HDH,1.0,BTES,0.1396421052631579,0.0,0.0,0.0,1.2381600000000001,2040s,ssp126
27,HDH,4.75,BTES,0.1396421052631579,0.0,0.0,0.0,1.19394,2040s,ssp126
26,HDH,5.0,BTES,0.1396421052631579,0.0,0.0,0.0,1.14972,2040s,ssp126
25,HDH,8.166666666666666,BTES,0.1396421052631579,0.0,0.0,0.0,1.1055000000000001,2040s,ssp126
24,HDH,15.833333333333334,BTES,0.1396421052631579,0.0,0.0,0.0,1.06128,2040s,ssp126
23,HDH,33.333333333333336,BTES,0.1396421052631579,0.0,0.0,0.0,1.01706,2040s,ssp126
22,HDH,48.166666666666664,BTES,0.1396421052631579,0.0,0.0,0.0,0.97284,2040s,ssp126
21,HDH,75.83333333333333,BTES,0.1396421052631579,0.0,0.0,0.0,0.92862,2040s,ssp126
20,HDH,98.16666666666667,BTES,0.1396421052631579,0.0,0.0,0.0,0.8844000000000001,2040s,ssp126
19,HDH,155.66666666666666,BTES,0.1396421052631579,0.0,0.0,0.0,0.84018,2040s,ssp126
18,HDH,220.0,BTES,0.1396421052631579,0.0,0.0,0.0,0.79596,2040s,ssp126
17,HDH,263.3333333333333,BTES,0.1396421052631579,0.0,0.0,0.0,0.7517400000000001,2040s,ssp126
16,HDH,366.0,BTES,0.1396421052631579,0.0,0.0,0.0,0.70752,2040s,ssp126
15,HDH,529.8333333333334,BTES,0.1396421052631579,0.0,0.0,0.0,0.6633,2040s,ssp126
14,HDH,720.5,BTES,0.1396421052631579,0.0,0.0,0.0,0.6190800000000001,2040s,ssp126
13,HDH,976.1666666666666,BTES,0.025239847595769405,0.0,0.0,0.0,0.57486,2040s,ssp126
12,HDH,1362.0,BTES,0.0,0.0,0.0,0.0,0.53064,2040s,ssp126
11,HDH,1824.6666666666667,BTES,0.0,0.0,0.0,0.0,0.48642,2040s,ssp126
10,HDH,2296.3333333333335,BTES,0.0,0.0,0.0,0.0,0.44220000000000004,2040s,ssp126
9,HDH,2635.6666666666665,BTES,0.0,0.0,0.0,0.0,0.39798,2040s,ssp126
8,HDH,3029.6666666666665,BTES,0.0,0.0,0.0,0.0,0.35376,2040s,ssp126
7,HDH,3396.6666666666665,BTES,0.0,0.0,0.0,0.0,0.30954000000000004,2040s,ssp126
6,HDH,3653.0,BTES,0.0,0.0,0.0,0.0,0.26532,2040s,ssp126
5,HDH,4088.0,BTES,0.0,0.0,0.0,0.0,0.22110000000000002,2040s,ssp126
4,HDH,4235.333333333333,BTES,0.0,0.0,0.0,0.0,0.17688,2040s,ssp126
3,HDH,4227.5,BTES,0.0,0.0,0.0,0.0,0.13266,2040s,ssp126
2,HDH,4239.666666666667,BTES,0.0,0.0,0.0,0.0,0.08844,2040s,ssp126
1,HDH,4089.8333333333335,BTES,0.0,0.0,0.0,0.0,0.04422,2040s,ssp126
29,HDH,1.0,unmet_demand,0.0,0.0,0.0,0.0,1.28238,2040s,ssp126
28,HDH,1.0,unmet_demand,0.0,0.0,0.0,0.0,1.2381600000000001,2040s,ssp126
27,HDH,4.75,unmet_demand,0.0,0.0,0.0,0.0,1.19394,2040s,ssp126
26,HDH,5.0,unmet_demand,0.0,0.0,0.0,0.0,1.14972,2040s,ssp126
25,HDH,8.166666666666666,unmet_demand,0.0,0.0,0.0,0.0,1.1055000000000001,2040s,ssp126
24,HDH,15.833333333333334,unmet_demand,0.0,0.0,0.0,0.0,1.06128,2040s,ssp126
23,HDH,33.333333333333336,unmet_demand,0.0,0.0,0.0,0.0,1.01706,2040s,ssp126
22,HDH,48.166666666666664,unmet_demand,0.0,0.0,0.0,0.0,0.97284,2040s,ssp126
21,HDH,75.83333333333333,unmet_demand,0.0,0.0,0.0,0.0,0.92862,2040s,ssp126
20,HDH,98.16666666666667,unmet_demand,0.0,0.0,0.0,0.0,0.8844000000000001,2040s,ssp126
19,HDH,155.66666666666666,unmet_demand,0.0,0.0,0.0,0.0,0.84018,2040s,ssp126
18,HDH,220.0,unmet_demand,0.0,0.0,0.0,0.0,0.79596,2040s,ssp126
17,HDH,263.3333333333333,unmet_demand,0.0,0.0,0.0,0.0,0.7517400000000001,2040s,ssp126
16,HDH,366.0,unmet_demand,0.0,0.0,0.0,0.0,0.70752,2040s,ssp126
15,HDH,529.8333333333334,unmet_demand,0.0,0.0,0.0,0.0,0.6633,2040s,ssp126
14,HDH,720.5,unmet_demand,0.0,0.0,0.0,0.0,0.6190800000000001,2040s,ssp126
13,HDH,976.1666666666666,unmet_demand,0.0,0.0,0.0,0.0,0.57486,2040s,ssp126
12,HDH,1362.0,unmet_demand,0.0,0.0,0.0,0.0,0.53064,2040s,ssp126
11,HDH,1824.6666666666667,unmet_demand,0.0,0.0,0.0,0.0,0.48642,2040s,ssp126
10,HDH,2296.3333333333335,unmet_demand,0.0,0.0,0.0,0.0,0.44220000000000004,2040s,ssp126
9,HDH,2635.6666666666665,unmet_demand,0.0,0.0,0.0,0.0,0.39798,2040s,ssp126
8,HDH,3029.6666666666665,unmet_demand,0.0,0.0,0.0,0.0,0.35376,2040s,ssp126
7,HDH,3396.6666666666665,unmet_demand,0.0,0.0,0.0,0.0,0.30954000000000004,2040s,ssp126
6,HDH,3653.0,unmet_demand,0.0,0.0,0.0,0.0,0.26532,2040s,ssp126
5,HDH,4088.0,unmet_demand,0.0,0.0,0.0,0.0,0.22110000000000002,2040s,ssp126
4,HDH,4235.333333333333,unmet_demand,0.0,0.0,0.0,0.0,0.17688,2040s,ssp126
3,HDH,4227.5,unmet_demand,0.0,0.0,0.0,0.0,0.13266,2040s,ssp126
2,HDH,4239.666666666667,unmet_demand,0.0,0.0,0.0,0.0,0.08844,2040s,ssp126
1,HDH,4089.8333333333335,unmet_demand,0.0,0.0,0.0,0.0,0.04422,2040s,ssp126
31,HDH,2.0,Geothermal,0.11748533183556373,0.02439059499345847,0.0036585892490187703,7.3535643022817005,1.3708200000000001,2040s,ssp245
30,HDH,6.0,Geothermal,0.11682977077469632,0.023735033932591056,0.003560255089888658,7.155918020325338,1.3266,2040s,ssp245
29,HDH,2.0,Geothermal,0.11617754399349509,0.023082807151389825,0.0034624210727084736,6.959276996335566,1.28238,2040s,ssp245
28,HDH,5.0,Geothermal,0.1155286261185337,0.022433889276428438,0.0033650833914642656,6.763633580432495,1.2381600000000001,2040s,ssp245
27,HDH,7.0,Geothermal,0.11488299203318562,0.021788255191080366,0.003268238278662055,6.568980200159271,1.19394,2040s,ssp245
26,HDH,8.666666666666666,Geothermal,0.11424061687438357,0.02114588003227831,0.0031718820048417464,6.375309359505066,1.14972,2040s,ssp245
25,HDH,10.5,Geothermal,0.11360147602942783,0.020506739187322577,0.0030760108780983867,6.1826136379428345,1.1055000000000001,2040s,ssp245
24,HDH,11.4,Geothermal,0.11296554513284277,0.019870808290737514,0.002980621243610627,5.990885689481548,1.06128,2040s,ssp245
23,HDH,17.666666666666668,Geothermal,0.1123328000632805,0.01923806322117524,0.002885709483176286,5.800118241732701,1.01706,2040s,ssp245
22,HDH,31.166666666666668,Geothermal,0.111703216940471,0.018608480098365725,0.002791272014754859,5.61030409499078,0.97284,2040s,ssp245
21,HDH,43.833333333333336,Geothermal,0.11107677212221781,0.01798203528011255,0.0026973052920168826,5.421436121327514,0.92862,2040s,ssp245
20,HDH,65.5,Geothermal,0.1104534422014387,0.017358705359333444,0.0026038058039000163,5.233507263699618,0.8844000000000001,2040s,ssp245
19,HDH,109.33333333333333,Geothermal,0.10983320400325013,0.01673846716114485,0.0025107700741717276,5.0465105350698165,0.84018,2040s,ssp245
18,HDH,165.0,Geothermal,0.10921603458209504,0.01612129773998978,0.002418194660998467,4.86043901754091,0.79596,2040s,ssp245
17,HDH,250.83333333333334,Geothermal,0.10860191121891347,0.015507174376808208,0.002326076156521231,4.675285861502675,0.7517400000000001,2040s,ssp245
16,HDH,362.0,Geothermal,0.10799081141835448,0.014896074576249228,0.002234411186437384,4.491044284791356,0.70752,2040s,ssp245
15,HDH,488.0,Geothermal,0.10245393635424394,0.013632169933770285,0.0020448254900655425,4.10998740352569,0.6633,2040s,ssp245
14,HDH,690.5,Geothermal,0.058233936354244,0.007462301631170143,0.0011193452446755215,2.249822724806367,0.6190800000000001,2040s,ssp245
13,HDH,925.5,Geothermal,0.10617543173714113,0.01308069489503587,0.0019621042342553804,3.9437222033727437,0.57486,2040s,ssp245
12,HDH,1257.8333333333333,Geothermal,0.0,0.0,0.0,0.0,0.53064,2040s,ssp245
11,HDH,1766.5,Geothermal,0.0,0.0,0.0,0.0,0.48642,2040s,ssp245
10,HDH,2234.5,Geothermal,0.0,0.0,0.0,0.0,0.44220000000000004,2040s,ssp245
9,HDH,2536.1666666666665,Geothermal,0.0,0.0,0.0,0.0,0.39798,2040s,ssp245
8,HDH,2884.8333333333335,Geothermal,0.0,0.0,0.0,0.0,0.35376,2040s,ssp245
7,HDH,3246.1666666666665,Geothermal,0.0,0.0,0.0,0.0,0.30954000000000004,2040s,ssp245
6,HDH,3563.1666666666665,Geothermal,0.0,0.0,0.0,0.0,0.26532,2040s,ssp245
5,HDH,3898.8333333333335,Geothermal,0.0,0.0,0.0,0.0,0.22110000000000002,2040s,ssp245
4,HDH,4306.166666666667,Geothermal,0.0,0.0,0.0,0.0,0.17688,2040s,ssp245
3,HDH,4231.833333333333,Geothermal,0.0,0.0,0.0,0.0,0.13266,2040s,ssp245
2,HDH,4356.333333333333,Geothermal,0.0,0.0,0.0,0.0,0.08844,2040s,ssp245
1,HDH,4262.0,Geothermal,0.0,0.0,0.0,0.0,0.04422,2040s,ssp245
31,HDH,2.0,Boiler,0.5608460636457561,0.6231622929397289,0.12463245858794579,32.397623083705724,1.3708200000000001,2040s,ssp245
30,HDH,6.0,Boiler,0.5608460636457561,0.6231622929397289,0.12463245858794579,32.397623083705724,1.3266,2040s,ssp245
29,HDH,2.0,Boiler,0.5608460636457561,0.6231622929397289,0.12463245858794579,32.397623083705724,1.28238,2040s,ssp245
28,HDH,5.0,Boiler,0.5608460636457561,0.6231622929397289,0.12463245858794579,32.397623083705724,1.2381600000000001,2040s,ssp245
27,HDH,7.0,Boiler,0.5608460636457561,0.6231622929397289,0.12463245858794579,32.397623083705724,1.19394,2040s,ssp245
26,HDH,8.666666666666666,Boiler,0.5608460636457561,0.6231622929397289,0.12463245858794579,32.397623083705724,1.14972,2040s,ssp245
25,HDH,10.5,Boiler,0.5608460636457561,0.6231622929397289,0.12463245858794579,32.397623083705724,1.1055000000000001,2040s,ssp245
24,HDH,11.4,Boiler,0.5608460636457561,0.6231622929397289,0.12463245858794579,32.397623083705724,1.06128,2040s,ssp245
23,HDH,17.666666666666668,Boiler,0.5608460636457561,0.6231622929397289,0.12463245858794579,32.397623083705724,1.01706,2040s,ssp245
22,HDH,31.166666666666668,Boiler,0.5608460636457561,0.6231622929397289,0.12463245858794579,32.397623083705724,0.97284,2040s,ssp245
21,HDH,43.833333333333336,Boiler,0.5608460636457561,0.6231622929397289,0.12463245858794579,32.397623083705724,0.92862,2040s,ssp245
20,HDH,65.5,Boiler,0.5608460636457561,0.6231622929397289,0.12463245858794579,32.397623083705724,0.8844000000000001,2040s,ssp245
19,HDH,109.33333333333333,Boiler,0.5608460636457561,0.6231622929397289,0.12463245858794579,32.397623083705724,0.84018,2040s,ssp245
18,HDH,165.0,Boiler,0.5608460636457561,0.6231622929397289,0.12463245858794579,32.397623083705724,0.79596,2040s,ssp245
17,HDH,250.83333333333334,Boiler,0.5608460636457561,0.6231622929397289,0.12463245858794579,32.397623083705724,0.7517400000000001,2040s,ssp245
16,HDH,362.0,Boiler,0.5608460636457561,0.6231622929397289,0.12463245858794579,32.397623083705724,0.70752,2040s,ssp245
15,HDH,488.0,Boiler,0.5608460636457561,0.6231622929397289,0.12463245858794579,32.397623083705724,0.6633,2040s,ssp245
14,HDH,690.5,Boiler,0.5608460636457561,0.6231622929397289,0.12463245858794579,32.397623083705724,0.6190800000000001,2040s,ssp245
13,HDH,925.5,Boiler,0.4686845682628589,0.5207606314031765,0.1041521262806353,27.07385675317889,0.57486,2040s,ssp245
12,HDH,1257.8333333333333,Boiler,0.0,0.0,0.0,0.0,0.53064,2040s,ssp245
11,HDH,1766.5,Boiler,0.0,0.0,0.0,0.0,0.48642,2040s,ssp245
10,HDH,2234.5,Boiler,0.0,0.0,0.0,0.0,0.44220000000000004,2040s,ssp245
9,HDH,2536.1666666666665,Boiler,0.0,0.0,0.0,0.0,0.39798,2040s,ssp245
8,HDH,2884.8333333333335,Boiler,0.0,0.0,0.0,0.0,0.35376,2040s,ssp245
7,HDH,3246.1666666666665,Boiler,0.0,0.0,0.0,0.0,0.30954000000000004,2040s,ssp245
6,HDH,3563.1666666666665,Boiler,0.0,0.0,0.0,0.0,0.26532,2040s,ssp245
5,HDH,3898.8333333333335,Boiler,0.0,0.0,0.0,0.0,0.22110000000000002,2040s,ssp245
4,HDH,4306.166666666667,Boiler,0.0,0.0,0.0,0.0,0.17688,2040s,ssp245
3,HDH,4231.833333333333,Boiler,0.0,0.0,0.0,0.0,0.13266,2040s,ssp245
2,HDH,4356.333333333333,Boiler,0.0,0.0,0.0,0.0,0.08844,2040s,ssp245
1,HDH,4262.0,Boiler,0.0,0.0,0.0,0.0,0.04422,2040s,ssp245
31,HDH,2.0,HeatPump,0.6924886045186803,0.25246432490427356,0.03786964873564103,76.11592286754913,1.3708200000000001,2040s,ssp245
30,HDH,6.0,HeatPump,0.6489241655795476,0.23071101422402523,0.03460665213360378,69.55747815073843,1.3266,2040s,ssp245
29,HDH,2.0,HeatPump,0.6053563923607489,0.2097113183581992,0.031456697753729876,63.226242118196915,1.28238,2040s,ssp245
28,HDH,5.0,HeatPump,0.5617853102357103,0.189472280012044,0.028420842001806598,57.12433808778219,1.2381600000000001,2040s,ssp245
27,HDH,7.0,HeatPump,0.5182109443210584,0.17000102740554485,0.025500154110831726,51.25391515934346,1.19394,2040s,ssp245
26,HDH,8.666666666666666,HeatPump,0.47463331947986054,0.15130477560672195,0.022695716341008292,45.617148616699986,1.14972,2040s,ssp245
25,HDH,10.5,HeatPump,0.43105246032481626,0.13339082788946816,0.020008624183420223,40.21624033701806,1.1055000000000001,2040s,ssp245
24,HDH,11.4,HeatPump,0.3874683912214012,0.11626657711646371,0.017439986567469555,35.05341920774843,1.06128,2040s,ssp245
23,HDH,17.666666666666668,HeatPump,0.3438811362909635,0.09993950714771893,0.014990926072157839,30.130941551290373,1.01706,2040s,ssp245
22,HDH,31.166666666666668,HeatPump,0.30029071941377294,0.0844171942753071,0.012662579141296064,25.451091557551855,0.97284,2040s,ssp245
21,HDH,43.833333333333336,HeatPump,0.25669716423202615,0.06970730868486794,0.01045609630273019,21.01618172458089,0.92862,2040s,ssp245
20,HDH,65.5,HeatPump,0.2131004941528053,0.05581761594447203,0.008372642391670805,16.82855330744592,0.8844000000000001,2040s,ssp245
19,HDH,109.33333333333333,HeatPump,0.16950073235099383,0.04275597852145517,0.0064133967782182754,12.890576775548935,0.84018,2040s,ssp245
18,HDH,165.0,HeatPump,0.12589790177214888,0.030530357327844634,0.004579553599176695,9.204652278558818,0.79596,2040s,ssp245
17,HDH,250.83333333333334,HeatPump,0.08229202513533052,0.01914881329501583,0.002872321994252374,5.773210121157407,0.7517400000000001,2040s,ssp245
16,HDH,362.0,HeatPump,0.038683124935889546,0.008619508978234183,0.0012929263467351274,2.598711246795703,0.70752,2040s,ssp245
15,HDH,488.0,HeatPump,0.0,0.0,0.0,0.0,0.6633,2040s,ssp245
14,HDH,690.5,HeatPump,0.0,0.0,0.0,0.0,0.6190800000000001,2040s,ssp245
13,HDH,925.5,HeatPump,0.0,0.0,0.0,0.0,0.57486,2040s,ssp245
12,HDH,1257.8333333333333,HeatPump,0.53064,0.09695179751733034,0.01454276962759955,29.230171607404166,0.53064,2040s,ssp245
11,HDH,1766.5,HeatPump,0.48642,0.08391525149603754,0.01258728772440563,25.299759927289674,0.48642,2040s,ssp245
10,HDH,2234.5,HeatPump,0.44220000000000004,0.0717507707285413,0.010762615609281195,21.63226876720753,0.44220000000000004,2040s,ssp245
9,HDH,2536.1666666666665,HeatPump,0.39798,0.06046687286342178,0.009070030929513266,18.230266128330133,0.39798,2040s,ssp245
8,HDH,2884.8333333333335,HeatPump,0.35376,0.05007218683651806,0.007510828025477709,15.096353564025483,0.35376,2040s,ssp245
7,HDH,3246.1666666666665,HeatPump,0.30954000000000004,0.040575454694412594,0.006086318204161889,12.233166729622813,0.30954000000000004,2040s,ssp245
6,HDH,3563.1666666666665,HeatPump,0.26532,0.03198553345388788,0.004797830018083182,9.643375943023509,0.26532,2040s,ssp245
5,HDH,3898.8333333333335,HeatPump,0.22110000000000002,0.024311396998185717,0.0036467095497278576,7.329686756407719,0.22110000000000002,2040s,ssp245
4,HDH,4306.166666666667,HeatPump,0.17688,0.01756213801092173,0.0026343207016382595,5.294840539293729,0.17688,2040s,ssp245
3,HDH,4231.833333333333,HeatPump,0.13266,0.011746969948530635,0.0017620454922795952,3.541615073214014,0.13266,2040s,ssp245
2,HDH,4356.333333333333,HeatPump,0.08844,0.0068752290521405975,0.0010312843578210895,2.072825158278861,0.08844,2040s,ssp245
1,HDH,4262.0,HeatPump,0.04422,0.0029563763997994324,0.00044345645996991486,0.8913232319057331,0.04422,2040s,ssp245
31,HDH,2.0,BTES,0.09309473684210526,0.0,0.0,0.0,1.3708200000000001,2040s,ssp245
30,HDH,6.0,BTES,0.09309473684210526,0.0,0.0,0.0,1.3266,2040s,ssp245
29,HDH,2.0,BTES,0.09309473684210526,0.0,0.0,0.0,1.28238,2040s,ssp245
28,HDH,5.0,BTES,0.09309473684210526,0.0,0.0,0.0,1.2381600000000001,2040s,ssp245
27,HDH,7.0,BTES,0.09309473684210526,0.0,0.0,0.0,1.19394,2040s,ssp245
26,HDH,8.666666666666666,BTES,0.09309473684210526,0.0,0.0,0.0,1.14972,2040s,ssp245
25,HDH,10.5,BTES,0.09309473684210526,0.0,0.0,0.0,1.1055000000000001,2040s,ssp245
24,HDH,11.4,BTES,0.09309473684210526,0.0,0.0,0.0,1.06128,2040s,ssp245
23,HDH,17.666666666666668,BTES,0.09309473684210526,0.0,0.0,0.0,1.01706,2040s,ssp245
22,HDH,31.166666666666668,BTES,0.09309473684210526,0.0,0.0,0.0,0.97284,2040s,ssp245
21,HDH,43.833333333333336,BTES,0.09309473684210526,0.0,0.0,0.0,0.92862,2040s,ssp245
20,HDH,65.5,BTES,0.09309473684210526,0.0,0.0,0.0,0.8844000000000001,2040s,ssp245
19,HDH,109.33333333333333,BTES,0.09309473684210526,0.0,0.0,0.0,0.84018,2040s,ssp245
18,HDH,165.0,BTES,0.09309473684210526,0.0,0.0,0.0,0.79596,2040s,ssp245
17,HDH,250.83333333333334,BTES,0.09309473684210526,0.0,0.0,0.0,0.7517400000000001,2040s,ssp245
16,HDH,362.0,BTES,0.09309473684210526,0.0,0.0,0.0,0.70752,2040s,ssp245
15,HDH,488.0,BTES,0.08882176642047371,0.0,0.0,0.0,0.6633,2040s,ssp245
14,HDH,690.5,BTES,0.05077163472307386,0.0,0.0,0.0,0.6190800000000001,2040s,ssp245
13,HDH,925.5,BTES,0.09309473684210526,0.0,0.0,0.0,0.57486,2040s,ssp245
12,HDH,1257.8333333333333,BTES,0.0,0.0,0.0,0.0,0.53064,2040s,ssp245
11,HDH,1766.5,BTES,0.0,0.0,0.0,0.0,0.48642,2040s,ssp245
10,HDH,2234.5,BTES,0.0,0.0,0.0,0.0,0.44220000000000004,2040s,ssp245
9,HDH,2536.1666666666665,BTES,0.0,0.0,0.0,0.0,0.39798,2040s,ssp245
8,HDH,2884.8333333333335,BTES,0.0,0.0,0.0,0.0,0.35376,2040s,ssp245
7,HDH,3246.1666666666665,BTES,0.0,0.0,0.0,0.0,0.30954000000000004,2040s,ssp245
6,HDH,3563.1666666666665,BTES,0.0,0.0,0.0,0.0,0.26532,2040s,ssp245
5,HDH,3898.8333333333335,BTES,0.0,0.0,0.0,0.0,0.22110000000000002,2040s,ssp245
4,HDH,4306.166666666667,BTES,0.0,0.0,0.0,0.0,0.17688,2040s,ssp245
3,HDH,4231.833333333333,BTES,0.0,0.0,0.0,0.0,0.13266,2040s,ssp245
2,HDH,4356.333333333333,BTES,0.0,0.0,0.0,0.0,0.08844,2040s,ssp245
1,HDH,4262.0,BTES,0.0,0.0,0.0,0.0,0.04422,2040s,ssp245
31,HDH,2.0,unmet_demand,0.0,0.0,0.0,0.0,1.3708200000000001,2040s,ssp245
30,HDH,6.0,unmet_demand,0.0,0.0,0.0,0.0,1.3266,2040s,ssp245
29,HDH,2.0,unmet_demand,0.0,0.0,0.0,0.0,1.28238,2040s,ssp245
28,HDH,5.0,unmet_demand,0.0,0.0,0.0,0.0,1.2381600000000001,2040s,ssp245
27,HDH,7.0,unmet_demand,0.0,0.0,0.0,0.0,1.19394,2040s,ssp245
26,HDH,8.666666666666666,unmet_demand,0.0,0.0,0.0,0.0,1.14972,2040s,ssp245
25,HDH,10.5,unmet_demand,0.0,0.0,0.0,0.0,1.1055000000000001,2040s,ssp245
24,HDH,11.4,unmet_demand,0.0,0.0,0.0,0.0,1.06128,2040s,ssp245
23,HDH,17.666666666666668,unmet_demand,0.0,0.0,0.0,0.0,1.01706,2040s,ssp245
22,HDH,31.166666666666668,unmet_demand,0.0,0.0,0.0,0.0,0.97284,2040s,ssp245
21,HDH,43.833333333333336,unmet_demand,0.0,0.0,0.0,0.0,0.92862,2040s,ssp245
20,HDH,65.5,unmet_demand,0.0,0.0,0.0,0.0,0.8844000000000001,2040s,ssp245
19,HDH,109.33333333333333,unmet_demand,0.0,0.0,0.0,0.0,0.84018,2040s,ssp245
18,HDH,165.0,unmet_demand,0.0,0.0,0.0,0.0,0.79596,2040s,ssp245
17,HDH,250.83333333333334,unmet_demand,0.0,0.0,0.0,0.0,0.7517400000000001,2040s,ssp245
16,HDH,362.0,unmet_demand,0.0,0.0,0.0,0.0,0.70752,2040s,ssp245
15,HDH,488.0,unmet_demand,0.0,0.0,0.0,0.0,0.6633,2040s,ssp245
14,HDH,690.5,unmet_demand,0.0,0.0,0.0,0.0,0.6190800000000001,2040s,ssp245
13,HDH,925.5,unmet_demand,0.0,0.0,0.0,0.0,0.57486,2040s,ssp245
12,HDH,1257.8333333333333,unmet_demand,0.0,0.0,0.0,0.0,0.53064,2040s,ssp245
11,HDH,1766.5,unmet_demand,0.0,0.0,0.0,0.0,0.48642,2040s,ssp245
10,HDH,2234.5,unmet_demand,0.0,0.0,0.0,0.0,0.44220000000000004,2040s,ssp245
9,HDH,2536.1666666666665,unmet_demand,0.0,0.0,0.0,0.0,0.39798,2040s,ssp245
8,HDH,2884.8333333333335,unmet_demand,0.0,0.0,0.0,0.0,0.35376,2040s,ssp245
7,HDH,3246.1666666666665,unmet_demand,0.0,0.0,0.0,0.0,0.30954000000000004,2040s,ssp245
6,HDH,3563.1666666666665,unmet_demand,0.0,0.0,0.0,0.0,0.26532,2040s,ssp245
5,HDH,3898.8333333333335,unmet_demand,0.0,0.0,0.0,0.0,0.22110000000000002,2040s,ssp245
4,HDH,4306.166666666667,unmet_demand,0.0,0.0,0.0,0.0,0.17688,2040s,ssp245
3,HDH,4231.833333333333,unmet_demand,0.0,0.0,0.0,0.0,0.13266,2040s,ssp245
2,HDH,4356.333333333333,unmet_demand,0.0,0.0,0.0,0.0,0.08844,2040s,ssp245
1,HDH,4262.0,unmet_demand,0.0,0.0,0.0,0.0,0.04422,2040s,ssp245
27,HDH,1.0,Geothermal,0.11488299203318562,0.021788255191080366,0.003268238278662055,6.576135730070147,1.19394,2040s,ssp370
26,HDH,1.6666666666666667,Geothermal,0.11424061687438357,0.02114588003227831,0.0031718820048417464,6.382253925544696,1.14972,2040s,ssp370
25,HDH,3.0,Geothermal,0.11360147602942783,0.020506739187322577,0.0030760108780983867,6.189348302299505,1.1055000000000001,2040s,ssp370
24,HDH,8.25,Geothermal,0.11296554513284277,0.019870808290737514,0.002980621243610627,5.997411506341627,1.06128,2040s,ssp370
23,HDH,10.4,Geothermal,0.1123328000632805,0.01923806322117524,0.002885709483176286,5.806436257360809,1.01706,2040s,ssp370
22,HDH,14.666666666666666,Geothermal,0.111703216940471,0.018608480098365725,0.002791272014754859,5.616415347808964,0.97284,2040s,ssp370
21,HDH,29.666666666666668,Geothermal,0.11107677212221781,0.01798203528011255,0.0026973052920168826,5.4273416419934355,0.92862,2040s,ssp370
20,HDH,58.166666666666664,Geothermal,0.1104534422014387,0.017358705359333444,0.0026038058039000163,5.239208075183764,0.8844000000000001,2040s,ssp370
19,HDH,107.16666666666667,Geothermal,0.10983320400325013,0.01673846716114485,0.0025107700741717276,5.052007652731759,0.84018,2040s,ssp370
18,HDH,143.5,Geothermal,0.10921603458209504,0.01612129773998978,0.002418194660998467,4.865733449204619,0.79596,2040s,ssp370
17,HDH,208.16666666666666,Geothermal,0.10860191121891347,0.015507174376808208,0.002326076156521231,4.680378607530905,0.7517400000000001,2040s,ssp370
16,HDH,316.0,Geothermal,0.10799081141835448,0.014896074576249228,0.002234411186437384,4.49593633815911,0.70752,2040s,ssp370
15,HDH,456.5,Geothermal,0.1036425483163124,0.013790322571226836,0.0020685483856840254,4.162198037177521,0.6633,2040s,ssp370
14,HDH,589.3333333333334,Geothermal,0.1067775936258062,0.01368285678370094,0.002052428517555141,4.129762690752972,0.6190800000000001,2040s,ssp370
13,HDH,847.3333333333334,Geothermal,0.10617543173714113,0.01308069489503587,0.0019621042342553804,3.9480180638147857,0.57486,2040s,ssp370
12,HDH,1144.8333333333333,Geothermal,0.0,0.0,0.0,0.0,0.53064,2040s,ssp370
11,HDH,1665.0,Geothermal,0.0,0.0,0.0,0.0,0.48642,2040s,ssp370
10,HDH,2248.1666666666665,Geothermal,0.0,0.0,0.0,0.0,0.44220000000000004,2040s,ssp370
9,HDH,2614.0,Geothermal,0.0,0.0,0.0,0.0,0.39798,2040s,ssp370
8,HDH,2964.8333333333335,Geothermal,0.0,0.0,0.0,0.0,0.35376,2040s,ssp370
7,HDH,3204.6666666666665,Geothermal,0.0,0.0,0.0,0.0,0.30954000000000004,2040s,ssp370
6,HDH,3549.1666666666665,Geothermal,0.0,0.0,0.0,0.0,0.26532,2040s,ssp370
5,HDH,4019.6666666666665,Geothermal,0.0,0.0,0.0,0.0,0.22110000000000002,2040s,ssp370
4,HDH,4364.666666666667,Geothermal,0.0,0.0,0.0,0.0,0.17688,2040s,ssp370
3,HDH,4393.333333333333,Geothermal,0.0,0.0,0.0,0.0,0.13266,2040s,ssp370
2,HDH,4436.333333333333,Geothermal,0.0,0.0,0.0,0.0,0.08844,2040s,ssp370
1,HDH,4267.0,Geothermal,0.0,0.0,0.0,0.0,0.04422,2040s,ssp370
27,HDH,1.0,Boiler,0.5596574516836875,0.621841612981875,0.12436832259637501,32.60125604251205,1.19394,2040s,ssp370
26,HDH,1.6666666666666667,Boiler,0.5596574516836875,0.621841612981875,0.12436832259637501,32.60125604251205,1.14972,2040s,ssp370
25,HDH,3.0,Boiler,0.5596574516836875,0.621841612981875,0.12436832259637501,32.60125604251205,1.1055000000000001,2040s,ssp370
24,HDH,8.25,Boiler,0.5596574516836875,0.621841612981875,0.12436832259637501,32.60125604251205,1.06128,2040s,ssp370
23,HDH,10.4,Boiler,0.5596574516836875,0.621841612981875,0.12436832259637501,32.60125604251205,1.01706,2040s,ssp370
22,HDH,14.666666666666666,Boiler,0.5596574516836875,0.621841612981875,0.12436832259637501,32.60125604251205,0.97284,2040s,ssp370
21,HDH,29.666666666666668,Boiler,0.5596574516836875,0.621841612981875,0.12436832259637501,32.60125604251205,0.92862,2040s,ssp370
20,HDH,58.166666666666664,Boiler,0.5596574516836875,0.621841612981875,0.12436832259637501,32.60125604251205,0.8844000000000001,2040s,ssp370
19,HDH,107.16666666666667,Boiler,0.5596574516836875,0.621841612981875,0.12436832259637501,32.60125604251205,0.84018,2040s,ssp370
18,HDH,143.5,Boiler,0.5596574516836875,0.621841612981875,0.12436832259637501,32.60125604251205,0.79596,2040s,ssp370
17,HDH,208.16666666666666,Boiler,0.5596574516836875,0.621841612981875,0.12436832259637501,32.60125604251205,0.7517400000000001,2040s,ssp370
16,HDH,316.0,Boiler,0.5596574516836875,0.621841612981875,0.12436832259637501,32.60125604251205,0.70752,2040s,ssp370
15,HDH,456.5,Boiler,0.5596574516836876,0.6218416129818751,0.12436832259637504,32.601256042512055,0.6633,2040s,ssp370
14,HDH,589.3333333333334,Boiler,0.5123024063741939,0.5692248959713265,0.11384497919426531,29.84272231371946,0.6190800000000001,2040s,ssp370
13,HDH,847.3333333333334,Boiler,0.0,0.0,0.0,0.0,0.57486,2040s,ssp370
12,HDH,1144.8333333333333,Boiler,0.0,0.0,0.0,0.0,0.53064,2040s,ssp370
11,HDH,1665.0,Boiler,0.0,0.0,0.0,0.0,0.48642,2040s,ssp370
10,HDH,2248.1666666666665,Boiler,0.0,0.0,0.0,0.0,0.44220000000000004,2040s,ssp370
9,HDH,2614.0,Boiler,0.0,0.0,0.0,0.0,0.39798,2040s,ssp370
8,HDH,2964.8333333333335,Boiler,0.0,0.0,0.0,0.0,0.35376,2040s,ssp370
7,HDH,3204.6666666666665,Boiler,0.0,0.0,0.0,0.0,0.30954000000000004,2040s,ssp370
6,HDH,3549.1666666666665,Boiler,0.0,0.0,0.0,0.0,0.26532,2040s,ssp370
5,HDH,4019.6666666666665,Boiler,0.0,0.0,0.0,0.0,0.22110000000000002,2040s,ssp370
4,HDH,4364.666666666667,Boiler,0.0,0.0,0.0,0.0,0.17688,2040s,ssp370
3,HDH,4393.333333333333,Boiler,0.0,0.0,0.0,0.0,0.13266,2040s,ssp370
2,HDH,4436.333333333333,Boiler,0.0,0.0,0.0,0.0,0.08844,2040s,ssp370
1,HDH,4267.0,Boiler,0.0,0.0,0.0,0.0,0.04422,2040s,ssp370
27,HDH,1.0,HeatPump,0.519399556283127,0.17039095597990736,0.025558643396986103,51.4274339029677,1.19394,2040s,ssp370
26,HDH,1.6666666666666667,HeatPump,0.4758219314419291,0.15168368424803128,0.02275255263720469,45.78120124370989,1.14972,2040s,ssp370
25,HDH,3.0,HeatPump,0.4322410722868848,0.13375864839451798,0.020063797259177698,40.37106318055127,1.1055000000000001,2040s,ssp370
24,HDH,8.25,HeatPump,0.38865700318346974,0.11662324064691007,0.01749348609703651,35.19925083715189,1.06128,2040s,ssp370
23,HDH,10.4,HeatPump,0.34506974825303205,0.10028494422216928,0.015042741633325392,30.268022799617242,1.01706,2040s,ssp370
22,HDH,14.666666666666666,HeatPump,0.3014793313758415,0.08475133476128607,0.01271270021419291,25.579665549492496,0.97284,2040s,ssp370
21,HDH,29.666666666666668,HeatPump,0.2578857761940947,0.07003008179065709,0.010504512268598562,21.136493904835696,0.92862,2040s,ssp370
20,HDH,58.166666666666664,HeatPump,0.21428910611487384,0.05612895021082138,0.008419342531623207,16.940851469548466,0.8844000000000001,2040s,ssp370
19,HDH,107.16666666666667,HeatPump,0.17068934431306237,0.04305580181316409,0.006458370271974614,12.995111091147814,0.84018,2040s,ssp370
18,HDH,143.5,HeatPump,0.12708651373421742,0.03081859682520956,0.004622789523781434,9.301675327166837,0.79596,2040s,ssp370
17,HDH,208.16666666666666,HeatPump,0.08348063709739906,0.019425395485142306,0.002913809322771346,5.862976920376958,0.7517400000000001,2040s,ssp370
16,HDH,316.0,HeatPump,0.03987173689795809,0.008884359646210621,0.001332653946931593,2.6814792830293657,0.70752,2040s,ssp370
15,HDH,456.5,HeatPump,0.0,0.0,0.0,0.0,0.6633,2040s,ssp370
14,HDH,589.3333333333334,HeatPump,0.0,0.0,0.0,0.0,0.6190800000000001,2040s,ssp370
13,HDH,847.3333333333334,HeatPump,0.4686845682628589,0.09037786950272068,0.013556680425408103,27.277867439691416,0.57486,2040s,ssp370
12,HDH,1144.8333333333333,HeatPump,0.53064,0.09695179751733034,0.01454276962759955,29.262011765368374,0.53064,2040s,ssp370
11,HDH,1665.0,HeatPump,0.48642,0.08391525149603754,0.01258728772440563,25.3273187238428,0.48642,2040s,ssp370
10,HDH,2248.1666666666665,HeatPump,0.44220000000000004,0.0717507707285413,0.010762615609281195,21.655832599261725,0.44220000000000004,2040s,ssp370
9,HDH,2614.0,HeatPump,0.39798,0.06046687286342178,0.009070030929513266,18.250124190097672,0.39798,2040s,ssp370
8,HDH,2964.8333333333335,HeatPump,0.35376,0.05007218683651806,0.007510828025477709,15.112797883566884,0.35376,2040s,ssp370
7,HDH,3204.6666666666665,HeatPump,0.30954000000000004,0.040575454694412594,0.006086318204161889,12.246492205993777,0.30954000000000004,2040s,ssp370
6,HDH,3549.1666666666665,HeatPump,0.26532,0.03198553345388788,0.004797830018083182,9.653880384032549,0.26532,2040s,ssp370
5,HDH,4019.6666666666665,HeatPump,0.22110000000000002,0.024311396998185717,0.0036467095497278576,7.337670916996537,0.22110000000000002,2040s,ssp370
4,HDH,4364.666666666667,HeatPump,0.17688,0.01756213801092173,0.0026343207016382595,5.300608160552707,0.17688,2040s,ssp370
3,HDH,4393.333333333333,HeatPump,0.13266,0.011746969948530635,0.0017620454922795952,3.545472922045493,0.13266,2040s,ssp370
2,HDH,4436.333333333333,HeatPump,0.08844,0.0068752290521405975,0.0010312843578210895,2.0750830677211396,0.08844,2040s,ssp370
1,HDH,4267.0,HeatPump,0.04422,0.0029563763997994324,0.00044345645996991486,0.8922941421310382,0.04422,2040s,ssp370
27,HDH,1.0,BTES,0.09309473684210526,0.0,0.0,0.0,1.19394,2040s,ssp370
26,HDH,1.6666666666666667,BTES,0.09309473684210526,0.0,0.0,0.0,1.14972,2040s,ssp370
25,HDH,3.0,BTES,0.09309473684210526,0.0,0.0,0.0,1.1055000000000001,2040s,ssp370
24,HDH,8.25,BTES,0.09309473684210526,0.0,0.0,0.0,1.06128,2040s,ssp370
23,HDH,10.4,BTES,0.09309473684210526,0.0,0.0,0.0,1.01706,2040s,ssp370
22,HDH,14.666666666666666,BTES,0.09309473684210526,0.0,0.0,0.0,0.97284,2040s,ssp370
21,HDH,29.666666666666668,BTES,0.09309473684210526,0.0,0.0,0.0,0.92862,2040s,ssp370
20,HDH,58.166666666666664,BTES,0.09309473684210526,0.0,0.0,0.0,0.8844000000000001,2040s,ssp370
19,HDH,107.16666666666667,BTES,0.09309473684210526,0.0,0.0,0.0,0.84018,2040s,ssp370
18,HDH,143.5,BTES,0.09309473684210526,0.0,0.0,0.0,0.79596,2040s,ssp370
17,HDH,208.16666666666666,BTES,0.09309473684210526,0.0,0.0,0.0,0.7517400000000001,2040s,ssp370
16,HDH,316.0,BTES,0.09309473684210526,0.0,0.0,0.0,0.70752,2040s,ssp370
15,HDH,456.5,BTES,0.08985222574508556,0.0,0.0,0.0,0.6633,2040s,ssp370
14,HDH,589.3333333333334,BTES,0.09309473684210526,0.0,0.0,0.0,0.6190800000000001,2040s,ssp370
13,HDH,847.3333333333334,BTES,0.09309473684210526,0.0,0.0,0.0,0.57486,2040s,ssp370
12,HDH,1144.8333333333333,BTES,0.0,0.0,0.0,0.0,0.53064,2040s,ssp370
11,HDH,1665.0,BTES,0.0,0.0,0.0,0.0,0.48642,2040s,ssp370
10,HDH,2248.1666666666665,BTES,0.0,0.0,0.0,0.0,0.44220000000000004,2040s,ssp370
9,HDH,2614.0,BTES,0.0,0.0,0.0,0.0,0.39798,2040s,ssp370
8,HDH,2964.8333333333335,BTES,0.0,0.0,0.0,0.0,0.35376,2040s,ssp370
7,HDH,3204.6666666666665,BTES,0.0,0.0,0.0,0.0,0.30954000000000004,2040s,ssp370
6,HDH,3549.1666666666665,BTES,0.0,0.0,0.0,0.0,0.26532,2040s,ssp370
5,HDH,4019.6666666666665,BTES,0.0,0.0,0.0,0.0,0.22110000000000002,2040s,ssp370
4,HDH,4364.666666666667,BTES,0.0,0.0,0.0,0.0,0.17688,2040s,ssp370
3,HDH,4393.333333333333,BTES,0.0,0.0,0.0,0.0,0.13266,2040s,ssp370
2,HDH,4436.333333333333,BTES,0.0,0.0,0.0,0.0,0.08844,2040s,ssp370
1,HDH,4267.0,BTES,0.0,0.0,0.0,0.0,0.04422,2040s,ssp370
27,HDH,1.0,unmet_demand,0.0,0.0,0.0,0.0,1.19394,2040s,ssp370
26,HDH,1.6666666666666667,unmet_demand,0.0,0.0,0.0,0.0,1.14972,2040s,ssp370
25,HDH,3.0,unmet_demand,0.0,0.0,0.0,0.0,1.1055000000000001,2040s,ssp370
24,HDH,8.25,unmet_demand,0.0,0.0,0.0,0.0,1.06128,2040s,ssp370
23,HDH,10.4,unmet_demand,0.0,0.0,0.0,0.0,1.01706,2040s,ssp370
22,HDH,14.666666666666666,unmet_demand,0.0,0.0,0.0,0.0,0.97284,2040s,ssp370
21,HDH,29.666666666666668,unmet_demand,0.0,0.0,0.0,0.0,0.92862,2040s,ssp370
20,HDH,58.166666666666664,unmet_demand,0.0,0.0,0.0,0.0,0.8844000000000001,2040s,ssp370
19,HDH,107.16666666666667,unmet_demand,0.0,0.0,0.0,0.0,0.84018,2040s,ssp370
18,HDH,143.5,unmet_demand,0.0,0.0,0.0,0.0,0.79596,2040s,ssp370
17,HDH,208.16666666666666,unmet_demand,0.0,0.0,0.0,0.0,0.7517400000000001,2040s,ssp370
16,HDH,316.0,unmet_demand,0.0,0.0,0.0,0.0,0.70752,2040s,ssp370
15,HDH,456.5,unmet_demand,0.0,0.0,0.0,0.0,0.6633,2040s,ssp370
14,HDH,589.3333333333334,unmet_demand,0.0,0.0,0.0,0.0,0.6190800000000001,2040s,ssp370
13,HDH,847.3333333333334,unmet_demand,0.0,0.0,0.0,0.0,0.57486,2040s,ssp370
12,HDH,1144.8333333333333,unmet_demand,0.0,0.0,0.0,0.0,0.53064,2040s,ssp370
11,HDH,1665.0,unmet_demand,0.0,0.0,0.0,0.0,0.48642,2040s,ssp370
10,HDH,2248.1666666666665,unmet_demand,0.0,0.0,0.0,0.0,0.44220000000000004,2040s,ssp370
9,HDH,2614.0,unmet_demand,0.0,0.0,0.0,0.0,0.39798,2040s,ssp370
8,HDH,2964.8333333333335,unmet_demand,0.0,0.0,0.0,0.0,0.35376,2040s,ssp370
7,HDH,3204.6666666666665,unmet_demand,0.0,0.0,0.0,0.0,0.30954000000000004,2040s,ssp370
6,HDH,3549.1666666666665,unmet_demand,0.0,0.0,0.0,0.0,0.26532,2040s,ssp370
5,HDH,4019.6666666666665,unmet_demand,0.0,0.0,0.0,0.0,0.22110000000000002,2040s,ssp370
4,HDH,4364.666666666667,unmet_demand,0.0,0.0,0.0,0.0,0.17688,2040s,ssp370
3,HDH,4393.333333333333,unmet_demand,0.0,0.0,0.0,0.0,0.13266,2040s,ssp370
2,HDH,4436.333333333333,unmet_demand,0.0,0.0,0.0,0.0,0.08844,2040s,ssp370
1,HDH,4267.0,unmet_demand,0.0,0.0,0.0,0.0,0.04422,2040s,ssp370
28,HDH,4.0,Geothermal,0.1155286261185337,0.022433889276428438,0.0033650833914642656,6.730166782928531,1.2381600000000001,2040s,ssp585
27,HDH,7.0,Geothermal,0.11488299203318562,0.021788255191080366,0.003268238278662055,6.53647655732411,1.19394,2040s,ssp585
26,HDH,24.0,Geothermal,0.11424061687438357,0.02114588003227831,0.0031718820048417464,6.343764009683493,1.14972,2040s,ssp585
25,HDH,5.0,Geothermal,0.11360147602942783,0.020506739187322577,0.0030760108780983867,6.152021756196773,1.1055000000000001,2040s,ssp585
24,HDH,2.0,Geothermal,0.11296554513284277,0.019870808290737514,0.002980621243610627,5.961242487221254,1.06128,2040s,ssp585
23,HDH,8.8,Geothermal,0.1123328000632805,0.01923806322117524,0.002885709483176286,5.771418966352572,1.01706,2040s,ssp585
22,HDH,9.6,Geothermal,0.111703216940471,0.018608480098365725,0.002791272014754859,5.582544029509718,0.97284,2040s,ssp585
21,HDH,23.166666666666668,Geothermal,0.11107677212221781,0.01798203528011255,0.0026973052920168826,5.3946105840337655,0.92862,2040s,ssp585
20,HDH,47.0,Geothermal,0.1104534422014387,0.017358705359333444,0.0026038058039000163,5.207611607800033,0.8844000000000001,2040s,ssp585
19,HDH,81.66666666666667,Geothermal,0.10983320400325013,0.01673846716114485,0.0025107700741717276,5.021540148343456,0.84018,2040s,ssp585
18,HDH,119.66666666666667,Geothermal,0.10921603458209504,0.01612129773998978,0.002418194660998467,4.8363893219969345,0.79596,2040s,ssp585
17,HDH,167.83333333333334,Geothermal,0.10860191121891347,0.015507174376808208,0.002326076156521231,4.652152313042462,0.7517400000000001,2040s,ssp585
16,HDH,278.1666666666667,Geothermal,0.10799081141835448,0.014896074576249228,0.002234411186437384,4.468822372874769,0.70752,2040s,ssp585
15,HDH,427.8333333333333,Geothermal,0.10738271290602958,0.014287976063924316,0.0021431964095886473,4.286392819177295,0.6633,2040s,ssp585
14,HDH,581.5,Geothermal,0.0631627129060297,0.008093892411472651,0.0012140838617208977,2.4281677234417955,0.6190800000000001,2040s,ssp585
13,HDH,807.0,Geothermal,0.1010493958184043,0.012449172981002194,0.001867375947150329,3.734751894300658,0.57486,2040s,ssp585
12,HDH,1147.5,Geothermal,0.10557620561245273,0.012481468770347469,0.0018722203155521202,3.744440631104241,0.53064,2040s,ssp585
11,HDH,1654.8333333333333,Geothermal,0.0,0.0,0.0,0.0,0.48642,2040s,ssp585
10,HDH,2300.8333333333335,Geothermal,0.0,0.0,0.0,0.0,0.44220000000000004,2040s,ssp585
9,HDH,2613.8333333333335,Geothermal,0.0,0.0,0.0,0.0,0.39798,2040s,ssp585
8,HDH,2984.8333333333335,Geothermal,0.0,0.0,0.0,0.0,0.35376,2040s,ssp585
7,HDH,3204.5,Geothermal,0.0,0.0,0.0,0.0,0.30954000000000004,2040s,ssp585
6,HDH,3545.0,Geothermal,0.0,0.0,0.0,0.0,0.26532,2040s,ssp585
5,HDH,4037.6666666666665,Geothermal,0.0,0.0,0.0,0.0,0.22110000000000002,2040s,ssp585
4,HDH,4391.166666666667,Geothermal,0.0,0.0,0.0,0.0,0.17688,2040s,ssp585
3,HDH,4312.833333333333,Geothermal,0.0,0.0,0.0,0.0,0.13266,2040s,ssp585
2,HDH,4196.666666666667,Geothermal,0.0,0.0,0.0,0.0,0.08844,2040s,ssp585
1,HDH,4144.666666666667,Geothermal,0.0,0.0,0.0,0.0,0.04422,2040s,ssp585
28,HDH,4.0,Boiler,0.5559172870939704,0.6176858745488559,0.12353717490977119,30.884293727442795,1.2381600000000001,2040s,ssp585
27,HDH,7.0,Boiler,0.5559172870939704,0.6176858745488559,0.12353717490977119,30.884293727442795,1.19394,2040s,ssp585
26,HDH,24.0,Boiler,0.5559172870939704,0.6176858745488559,0.12353717490977119,30.884293727442795,1.14972,2040s,ssp585
25,HDH,5.0,Boiler,0.5559172870939704,0.6176858745488559,0.12353717490977119,30.884293727442795,1.1055000000000001,2040s,ssp585
24,HDH,2.0,Boiler,0.5559172870939704,0.6176858745488559,0.12353717490977119,30.884293727442795,1.06128,2040s,ssp585
23,HDH,8.8,Boiler,0.5559172870939704,0.6176858745488559,0.12353717490977119,30.884293727442795,1.01706,2040s,ssp585
22,HDH,9.6,Boiler,0.5559172870939704,0.6176858745488559,0.12353717490977119,30.884293727442795,0.97284,2040s,ssp585
21,HDH,23.166666666666668,Boiler,0.5559172870939704,0.6176858745488559,0.12353717490977119,30.884293727442795,0.92862,2040s,ssp585
20,HDH,47.0,Boiler,0.5559172870939704,0.6176858745488559,0.12353717490977119,30.884293727442795,0.8844000000000001,2040s,ssp585
19,HDH,81.66666666666667,Boiler,0.5559172870939704,0.6176858745488559,0.12353717490977119,30.884293727442795,0.84018,2040s,ssp585
18,HDH,119.66666666666667,Boiler,0.5559172870939704,0.6176858745488559,0.12353717490977119,30.884293727442795,0.79596,2040s,ssp585
17,HDH,167.83333333333334,Boiler,0.5559172870939704,0.6176858745488559,0.12353717490977119,30.884293727442795,0.7517400000000001,2040s,ssp585
16,HDH,278.1666666666667,Boiler,0.5559172870939704,0.6176858745488559,0.12353717490977119,30.884293727442795,0.70752,2040s,ssp585
15,HDH,427.8333333333333,Boiler,0.5559172870939704,0.6176858745488559,0.12353717490977119,30.884293727442795,0.6633,2040s,ssp585
14,HDH,581.5,Boiler,0.5559172870939704,0.6176858745488559,0.12353717490977119,30.884293727442795,0.6190800000000001,2040s,ssp585
13,HDH,807.0,Boiler,0.4738106041815957,0.5264562268684396,0.10529124537368793,26.322811343421982,0.57486,2040s,ssp585
12,HDH,1147.5,Boiler,0.0,0.0,0.0,0.0,0.53064,2040s,ssp585
11,HDH,1654.8333333333333,Boiler,0.0,0.0,0.0,0.0,0.48642,2040s,ssp585
10,HDH,2300.8333333333335,Boiler,0.0,0.0,0.0,0.0,0.44220000000000004,2040s,ssp585
9,HDH,2613.8333333333335,Boiler,0.0,0.0,0.0,0.0,0.39798,2040s,ssp585
8,HDH,2984.8333333333335,Boiler,0.0,0.0,0.0,0.0,0.35376,2040s,ssp585
7,HDH,3204.5,Boiler,0.0,0.0,0.0,0.0,0.30954000000000004,2040s,ssp585
6,HDH,3545.0,Boiler,0.0,0.0,0.0,0.0,0.26532,2040s,ssp585
5,HDH,4037.6666666666665,Boiler,0.0,0.0,0.0,0.0,0.22110000000000002,2040s,ssp585
4,HDH,4391.166666666667,Boiler,0.0,0.0,0.0,0.0,0.17688,2040s,ssp585
3,HDH,4312.833333333333,Boiler,0.0,0.0,0.0,0.0,0.13266,2040s,ssp585
2,HDH,4196.666666666667,Boiler,0.0,0.0,0.0,0.0,0.08844,2040s,ssp585
1,HDH,4144.666666666667,Boiler,0.0,0.0,0.0,0.0,0.04422,2040s,ssp585
28,HDH,4.0,HeatPump,0.566714086787496,0.19113459925379297,0.028670189888068943,57.340379776137894,1.2381600000000001,2040s,ssp585
27,HDH,7.0,HeatPump,0.5231397208728441,0.1716179308824749,0.025742689632371234,51.48537926474247,1.19394,2040s,ssp585
26,HDH,24.0,HeatPump,0.47956209603164623,0.15287598310433476,0.022931397465650212,45.86279493130043,1.14972,2040s,ssp585
25,HDH,5.0,HeatPump,0.43598123687660195,0.13491605659186198,0.020237408488779297,40.474816977558596,1.1055000000000001,2040s,ssp585
24,HDH,2.0,HeatPump,0.3923971677731869,0.11774554157403301,0.01766183123610495,35.323662472209904,1.06128,2040s,ssp585
23,HDH,8.8,HeatPump,0.3488099128427492,0.10137191924435082,0.015205787886652623,30.41157577330525,1.01706,2040s,ssp585
22,HDH,9.6,HeatPump,0.30521949596555864,0.08580276319506569,0.012870414479259852,25.740828958519707,0.97284,2040s,ssp585
21,HDH,23.166666666666668,HeatPump,0.26162594078381185,0.07104574087815665,0.010656861131723499,21.313722263446998,0.92862,2040s,ssp585
20,HDH,47.0,HeatPump,0.218029270704591,0.057108615093664154,0.008566292264049622,17.132584528099247,0.8844000000000001,2040s,ssp585
19,HDH,81.66666666666667,HeatPump,0.17442950890277953,0.04399924550598254,0.006599886825897381,13.199773651794763,0.84018,2040s,ssp585
18,HDH,119.66666666666667,HeatPump,0.13082667832393458,0.0317255901887342,0.00475883852831013,9.51767705662026,0.79596,2040s,ssp585
17,HDH,167.83333333333334,HeatPump,0.08722080168711621,0.020295707198863578,0.0030443560798295364,6.088712159659074,0.7517400000000001,2040s,ssp585
16,HDH,278.1666666666667,HeatPump,0.04361190148767524,0.009717756180605658,0.0014576634270908487,2.9153268541816972,0.70752,2040s,ssp585
15,HDH,427.8333333333333,HeatPump,0.0,0.0,0.0,0.0,0.6633,2040s,ssp585
14,HDH,581.5,HeatPump,0.0,0.0,0.0,0.0,0.6190800000000001,2040s,ssp585
13,HDH,807.0,HeatPump,0.0,0.0,0.0,0.0,0.57486,2040s,ssp585
12,HDH,1147.5,HeatPump,0.42506379438754727,0.07766225487224789,0.011649338230837183,23.298676461674365,0.53064,2040s,ssp585
11,HDH,1654.8333333333333,HeatPump,0.48642,0.08391525149603754,0.01258728772440563,25.17457544881126,0.48642,2040s,ssp585
10,HDH,2300.8333333333335,HeatPump,0.44220000000000004,0.0717507707285413,0.010762615609281195,21.52523121856239,0.44220000000000004,2040s,ssp585
9,HDH,2613.8333333333335,HeatPump,0.39798,0.06046687286342178,0.009070030929513266,18.140061859026535,0.39798,2040s,ssp585
8,HDH,2984.8333333333335,HeatPump,0.35376,0.05007218683651806,0.007510828025477709,15.021656050955418,0.35376,2040s,ssp585
7,HDH,3204.5,HeatPump,0.30954000000000004,0.040575454694412594,0.006086318204161889,12.172636408323779,0.30954000000000004,2040s,ssp585
6,HDH,3545.0,HeatPump,0.26532,0.03198553345388788,0.004797830018083182,9.595660036166365,0.26532,2040s,ssp585
5,HDH,4037.6666666666665,HeatPump,0.22110000000000002,0.024311396998185717,0.0036467095497278576,7.293419099455715,0.22110000000000002,2040s,ssp585
4,HDH,4391.166666666667,HeatPump,0.17688,0.01756213801092173,0.0026343207016382595,5.268641403276519,0.17688,2040s,ssp585
3,HDH,4312.833333333333,HeatPump,0.13266,0.011746969948530635,0.0017620454922795952,3.524090984559191,0.13266,2040s,ssp585
2,HDH,4196.666666666667,HeatPump,0.08844,0.0068752290521405975,0.0010312843578210895,2.062568715642179,0.08844,2040s,ssp585
1,HDH,4144.666666666667,HeatPump,0.04422,0.0029563763997994324,0.00044345645996991486,0.8869129199398297,0.04422,2040s,ssp585
28,HDH,4.0,BTES,0.09309473684210526,0.0,0.0,0.0,1.2381600000000001,2040s,ssp585
27,HDH,7.0,BTES,0.09309473684210526,0.0,0.0,0.0,1.19394,2040s,ssp585
26,HDH,24.0,BTES,0.09309473684210526,0.0,0.0,0.0,1.14972,2040s,ssp585
25,HDH,5.0,BTES,0.09309473684210526,0.0,0.0,0.0,1.1055000000000001,2040s,ssp585
24,HDH,2.0,BTES,0.09309473684210526,0.0,0.0,0.0,1.06128,2040s,ssp585
23,HDH,8.8,BTES,0.09309473684210526,0.0,0.0,0.0,1.01706,2040s,ssp585
22,HDH,9.6,BTES,0.09309473684210526,0.0,0.0,0.0,0.97284,2040s,ssp585
21,HDH,23.166666666666668,BTES,0.09309473684210526,0.0,0.0,0.0,0.92862,2040s,ssp585
20,HDH,47.0,BTES,0.09309473684210526,0.0,0.0,0.0,0.8844000000000001,2040s,ssp585
19,HDH,81.66666666666667,BTES,0.09309473684210526,0.0,0.0,0.0,0.84018,2040s,ssp585
18,HDH,119.66666666666667,BTES,0.09309473684210526,0.0,0.0,0.0,0.79596,2040s,ssp585
17,HDH,167.83333333333334,BTES,0.09309473684210526,0.0,0.0,0.0,0.7517400000000001,2040s,ssp585
16,HDH,278.1666666666667,BTES,0.09309473684210526,0.0,0.0,0.0,0.70752,2040s,ssp585
15,HDH,427.8333333333333,BTES,0.09309473684210526,0.0,0.0,0.0,0.6633,2040s,ssp585
14,HDH,581.5,BTES,0.05506882049455705,0.0,0.0,0.0,0.6190800000000001,2040s,ssp585
13,HDH,807.0,BTES,0.08860022283740211,0.0,0.0,0.0,0.57486,2040s,ssp585
12,HDH,1147.5,BTES,0.09309473684210526,0.0,0.0,0.0,0.53064,2040s,ssp585
11,HDH,1654.8333333333333,BTES,0.0,0.0,0.0,0.0,0.48642,2040s,ssp585
10,HDH,2300.8333333333335,BTES,0.0,0.0,0.0,0.0,0.44220000000000004,2040s,ssp585
9,HDH,2613.8333333333335,BTES,0.0,0.0,0.0,0.0,0.39798,2040s,ssp585
8,HDH,2984.8333333333335,BTES,0.0,0.0,0.0,0.0,0.35376,2040s,ssp585
7,HDH,3204.5,BTES,0.0,0.0,0.0,0.0,0.30954000000000004,2040s,ssp585
6,HDH,3545.0,BTES,0.0,0.0,0.0,0.0,0.26532,2040s,ssp585
5,HDH,4037.6666666666665,BTES,0.0,0.0,0.0,0.0,0.22110000000000002,2040s,ssp585
4,HDH,4391.166666666667,BTES,0.0,0.0,0.0,0.0,0.17688,2040s,ssp585
3,HDH,4312.833333333333,BTES,0.0,0.0,0.0,0.0,0.13266,2040s,ssp585
2,HDH,4196.666666666667,BTES,0.0,0.0,0.0,0.0,0.08844,2040s,ssp585
1,HDH,4144.666666666667,BTES,0.0,0.0,0.0,0.0,0.04422,2040s,ssp585
28,HDH,4.0,unmet_demand,0.0,0.0,0.0,0.0,1.2381600000000001,2040s,ssp585
27,HDH,7.0,unmet_demand,0.0,0.0,0.0,0.0,1.19394,2040s,ssp585
26,HDH,24.0,unmet_demand,0.0,0.0,0.0,0.0,1.14972,2040s,ssp585
25,HDH,5.0,unmet_demand,0.0,0.0,0.0,0.0,1.1055000000000001,2040s,ssp585
24,HDH,2.0,unmet_demand,0.0,0.0,0.0,0.0,1.06128,2040s,ssp585
23,HDH,8.8,unmet_demand,0.0,0.0,0.0,0.0,1.01706,2040s,ssp585
22,HDH,9.6,unmet_demand,0.0,0.0,0.0,0.0,0.97284,2040s,ssp585
21,HDH,23.166666666666668,unmet_demand,0.0,0.0,0.0,0.0,0.92862,2040s,ssp585
20,HDH,47.0,unmet_demand,0.0,0.0,0.0,0.0,0.8844000000000001,2040s,ssp585
19,HDH,81.66666666666667,unmet_demand,0.0,0.0,0.0,0.0,0.84018,2040s,ssp585
18,HDH,119.66666666666667,unmet_demand,0.0,0.0,0.0,0.0,0.79596,2040s,ssp585
17,HDH,167.83333333333334,unmet_demand,0.0,0.0,0.0,0.0,0.7517400000000001,2040s,ssp585
16,HDH,278.1666666666667,unmet_demand,0.0,0.0,0.0,0.0,0.70752,2040s,ssp585
15,HDH,427.8333333333333,unmet_demand,0.0,0.0,0.0,0.0,0.6633,2040s,ssp585
14,HDH,581.5,unmet_demand,0.0,0.0,0.0,0.0,0.6190800000000001,2040s,ssp585
13,HDH,807.0,unmet_demand,0.0,0.0,0.0,0.0,0.57486,2040s,ssp585
12,HDH,1147.5,unmet_demand,0.0,0.0,0.0,0.0,0.53064,2040s,ssp585
11,HDH,1654.8333333333333,unmet_demand,0.0,0.0,0.0,0.0,0.48642,2040s,ssp585
10,HDH,2300.8333333333335,unmet_demand,0.0,0.0,0.0,0.0,0.44220000000000004,2040s,ssp585
9,HDH,2613.8333333333335,unmet_demand,0.0,0.0,0.0,0.0,0.39798,2040s,ssp585
8,HDH,2984.8333333333335,unmet_demand,0.0,0.0,0.0,0.0,0.35376,2040s,ssp585
7,HDH,3204.5,unmet_demand,0.0,0.0,0.0,0.0,0.30954000000000004,2040s,ssp585
6,HDH,3545.0,unmet_demand,0.0,0.0,0.0,0.0,0.26532,2040s,ssp585
5,HDH,4037.6666666666665,unmet_demand,0.0,0.0,0.0,0.0,0.22110000000000002,2040s,ssp585
4,HDH,4391.166666666667,unmet_demand,0.0,0.0,0.0,0.0,0.17688,2040s,ssp585
3,HDH,4312.833333333333,unmet_demand,0.0,0.0,0.0,0.0,0.13266,2040s,ssp585
2,HDH,4196.666666666667,unmet_demand,0.0,0.0,0.0,0.0,0.08844,2040s,ssp585
1,HDH,4144.666666666667,unmet_demand,0.0,0.0,0.0,0.0,0.04422,2040s,ssp585
30,HDH,3.0,Geothermal,0.17524465616204452,0.03560255089888659,0.005340382634832988,11.241353165312608,1.3266,2050s,ssp126
29,HDH,3.0,Geothermal,0.17426631599024264,0.03462421072708474,0.0051936316090627115,10.932446440671676,1.28238,2050s,ssp126
28,HDH,3.5,Geothermal,0.1732929391778006,0.033650833914642665,0.0050476250871963994,10.62510687551906,1.2381600000000001,2050s,ssp126
27,HDH,8.0,Geothermal,0.17232448804977846,0.032682382786620556,0.004902357417993083,10.319322574153668,1.19394,2050s,ssp126
26,HDH,10.5,Geothermal,0.17136092531157537,0.031718820048417466,0.00475782300726262,10.015081760964764,1.14972,2050s,ssp126
25,HDH,13.333333333333334,Geothermal,0.17040221404414174,0.030760108780983866,0.004614016317147579,9.712372778920374,1.1055000000000001,2050s,ssp126
24,HDH,17.2,Geothermal,0.16944831769926416,0.029806212436106275,0.004470931865415941,9.411184088078414,1.06128,2050s,ssp126
23,HDH,23.5,Geothermal,0.16849920009492075,0.028857094831762863,0.004328564224764429,9.111504264120256,1.01706,2050s,ssp126
22,HDH,40.166666666666664,Geothermal,0.16755482541070651,0.027912720147548593,0.004186908022132289,8.813321996906218,0.97284,2050s,ssp126
21,HDH,55.5,Geothermal,0.16661515818332673,0.026973052920168827,0.004045957938025324,8.516626089052705,0.92862,2050s,ssp126
20,HDH,76.16666666666667,Geothermal,0.16568016330215807,0.02603805803900017,0.0039057087058500255,8.221405454530558,0.8844000000000001,2050s,ssp126
19,HDH,115.83333333333333,Geothermal,0.1647498060048752,0.025107700741717278,0.0037661551112575914,7.927649117284234,0.84018,2050s,ssp126
18,HDH,190.16666666666666,Geothermal,0.16382405187314258,0.024181946609984673,0.0036272919914977007,7.635346209871524,0.79596,2050s,ssp126
17,HDH,272.0,Geothermal,0.1629028668283702,0.023260761565212316,0.0034891142347818474,7.344485972123384,0.7517400000000001,2050s,ssp126
16,HDH,403.5,Geothermal,0.16198621712753172,0.022344111864373843,0.003351616779656076,7.05505774982357,0.70752,2050s,ssp126
15,HDH,553.8333333333334,Geothermal,0.1610740693590444,0.021431964095886477,0.0032147946143829716,6.767050993407727,0.6633,2050s,ssp126
14,HDH,664.3333333333334,Geothermal,0.1601663904387093,0.02052428517555141,0.0030786427763327116,6.480455256681591,0.6190800000000001,2050s,ssp126
13,HDH,920.8333333333334,Geothermal,0.03274238924773586,0.004033825875504446,0.0006050738813256669,1.273663266508803,0.57486,2050s,ssp126
12,HDH,1258.1666666666667,Geothermal,0.0,0.0,0.0,0.0,0.53064,2050s,ssp126
11,HDH,1726.1666666666667,Geothermal,0.0,0.0,0.0,0.0,0.48642,2050s,ssp126
10,HDH,2274.6666666666665,Geothermal,0.0,0.0,0.0,0.0,0.44220000000000004,2050s,ssp126
9,HDH,2756.6666666666665,Geothermal,0.0,0.0,0.0,0.0,0.39798,2050s,ssp126
8,HDH,3056.3333333333335,Geothermal,0.0,0.0,0.0,0.0,0.35376,2050s,ssp126
7,HDH,3373.3333333333335,Geothermal,0.0,0.0,0.0,0.0,0.30954000000000004,2050s,ssp126
6,HDH,3599.0,Geothermal,0.0,0.0,0.0,0.0,0.26532,2050s,ssp126
5,HDH,3961.8333333333335,Geothermal,0.0,0.0,0.0,0.0,0.22110000000000002,2050s,ssp126
4,HDH,4289.5,Geothermal,0.0,0.0,0.0,0.0,0.17688,2050s,ssp126
3,HDH,4414.166666666667,Geothermal,0.0,0.0,0.0,0.0,0.13266,2050s,ssp126
2,HDH,4316.166666666667,Geothermal,0.0,0.0,0.0,0.0,0.08844,2050s,ssp126
1,HDH,4175.0,Geothermal,0.0,0.0,0.0,0.0,0.04422,2050s,ssp126
30,HDH,3.0,Boiler,0.7476664646516876,0.8307405162796528,0.16614810325593057,58.97783894269101,1.3266,2050s,ssp126
29,HDH,3.0,Boiler,0.7476664646516876,0.8307405162796528,0.16614810325593057,58.97783894269101,1.28238,2050s,ssp126
28,HDH,3.5,Boiler,0.7476664646516876,0.8307405162796528,0.16614810325593057,58.97783894269101,1.2381600000000001,2050s,ssp126
27,HDH,8.0,Boiler,0.7476664646516876,0.8307405162796528,0.16614810325593057,58.97783894269101,1.19394,2050s,ssp126
26,HDH,10.5,Boiler,0.7476664646516876,0.8307405162796528,0.16614810325593057,58.97783894269101,1.14972,2050s,ssp126
25,HDH,13.333333333333334,Boiler,0.7476664646516876,0.8307405162796528,0.16614810325593057,58.97783894269101,1.1055000000000001,2050s,ssp126
24,HDH,17.2,Boiler,0.7476664646516876,0.8307405162796528,0.16614810325593057,58.97783894269101,1.06128,2050s,ssp126
23,HDH,23.5,Boiler,0.7476664646516876,0.8307405162796528,0.16614810325593057,58.97783894269101,1.01706,2050s,ssp126
22,HDH,40.166666666666664,Boiler,0.7476664646516876,0.8307405162796528,0.16614810325593057,58.97783894269101,0.97284,2050s,ssp126
21,HDH,55.5,Boiler,0.7476664646516876,0.8307405162796528,0.16614810325593057,58.97783894269101,0.92862,2050s,ssp126
20,HDH,76.16666666666667,Boiler,0.718719836697842,0.7985775963309355,0.1597155192661871,56.69445505146455,0.8844000000000001,2050s,ssp126
19,HDH,115.83333333333333,Boiler,0.6754301939951248,0.7504779933279164,0.1500955986655833,53.27965755028612,0.84018,2050s,ssp126
18,HDH,190.16666666666666,Boiler,0.04029123628168446,0.04476804031298273,0.008953608062596546,3.178275550087869,0.79596,2050s,ssp126
17,HDH,272.0,Boiler,0.0,0.0,0.0,0.0,0.7517400000000001,2050s,ssp126
16,HDH,403.5,Boiler,0.0,0.0,0.0,0.0,0.70752,2050s,ssp126
15,HDH,553.8333333333334,Boiler,0.0,0.0,0.0,0.0,0.6633,2050s,ssp126
14,HDH,664.3333333333334,Boiler,0.0,0.0,0.0,0.0,0.6190800000000001,2050s,ssp126
13,HDH,920.8333333333334,Boiler,0.0,0.0,0.0,0.0,0.57486,2050s,ssp126
12,HDH,1258.1666666666667,Boiler,0.0,0.0,0.0,0.0,0.53064,2050s,ssp126
11,HDH,1726.1666666666667,Boiler,0.0,0.0,0.0,0.0,0.48642,2050s,ssp126
10,HDH,2274.6666666666665,Boiler,0.0,0.0,0.0,0.0,0.44220000000000004,2050s,ssp126
9,HDH,2756.6666666666665,Boiler,0.0,0.0,0.0,0.0,0.39798,2050s,ssp126
8,HDH,3056.3333333333335,Boiler,0.0,0.0,0.0,0.0,0.35376,2050s,ssp126
7,HDH,3373.3333333333335,Boiler,0.0,0.0,0.0,0.0,0.30954000000000004,2050s,ssp126
6,HDH,3599.0,Boiler,0.0,0.0,0.0,0.0,0.26532,2050s,ssp126
5,HDH,3961.8333333333335,Boiler,0.0,0.0,0.0,0.0,0.22110000000000002,2050s,ssp126
4,HDH,4289.5,Boiler,0.0,0.0,0.0,0.0,0.17688,2050s,ssp126
3,HDH,4414.166666666667,Boiler,0.0,0.0,0.0,0.0,0.13266,2050s,ssp126
2,HDH,4316.166666666667,Boiler,0.0,0.0,0.0,0.0,0.08844,2050s,ssp126
1,HDH,4175.0,Boiler,0.0,0.0,0.0,0.0,0.04422,2050s,ssp126
30,HDH,3.0,HeatPump,0.4036888791862679,0.1435228886334438,0.02152843329501657,45.31673820273448,1.3266,2050s,ssp126
29,HDH,3.0,HeatPump,0.3604472193580698,0.12486836271001449,0.018730254406502174,39.42665143248268,1.28238,2050s,ssp126
28,HDH,3.5,HeatPump,0.3172005961705119,0.10698165132226373,0.016047247698339557,33.77899881773666,1.2381600000000001,2050s,ssp126
27,HDH,8.0,HeatPump,0.27394904729853387,0.08987000372702943,0.013480500559054413,28.376069280336104,1.19394,2050s,ssp126
26,HDH,10.5,HeatPump,0.23069261003673713,0.0735407569657962,0.011031113544869431,23.22017945974742,1.14972,2050s,ssp126
25,HDH,13.333333333333334,HeatPump,0.18743132130417084,0.058001337244057205,0.008700200586608581,18.313674148591335,1.1055000000000001,2050s,ssp126
24,HDH,17.2,HeatPump,0.14416521764904822,0.04325926133604841,0.006488889200407261,13.658926736181737,1.06128,2050s,ssp126
23,HDH,23.5,HeatPump,0.10089433525339164,0.029322138015413012,0.0043983207023119515,9.258339660251833,1.01706,2050s,ssp126
22,HDH,40.166666666666664,HeatPump,0.0576187099376059,0.01619766951236774,0.002429650426855161,5.114344867048192,0.97284,2050s,ssp126
21,HDH,55.5,HeatPump,0.01433837716498565,0.0038936529979594434,0.0005840479496939165,1.2294042799784088,0.92862,2050s,ssp126
20,HDH,76.16666666666667,HeatPump,0.0,0.0,0.0,0.0,0.8844000000000001,2050s,ssp126
19,HDH,115.83333333333333,HeatPump,0.0,0.0,0.0,0.0,0.84018,2050s,ssp126
18,HDH,190.16666666666666,HeatPump,0.591844711845173,0.1435228886334438,0.02152843329501657,45.31673820273448,0.79596,2050s,ssp126
17,HDH,272.0,HeatPump,0.5888371331716299,0.13701853011556253,0.02055277951733438,43.26301482148094,0.7517400000000001,2050s,ssp126
16,HDH,403.5,HeatPump,0.5455337828724683,0.12155774248312204,0.018233661372468304,38.38133725619175,0.70752,2050s,ssp126
15,HDH,553.8333333333334,HeatPump,0.5022259306409556,0.10691914005874834,0.016037871008812248,33.759261153657974,0.6633,2050s,ssp126
14,HDH,664.3333333333334,HeatPump,0.4589136095612908,0.09311077560643413,0.01396661634096512,29.399329139666616,0.6190800000000001,2050s,ssp126
13,HDH,920.8333333333334,HeatPump,0.5421176107522642,0.10453818622894379,0.015680727934341568,33.00748516583196,0.57486,2050s,ssp126
12,HDH,1258.1666666666667,HeatPump,0.53064,0.09695179751733034,0.01454276962759955,30.612115379021127,0.53064,2050s,ssp126
11,HDH,1726.1666666666667,HeatPump,0.48642,0.08391525149603754,0.01258728772440563,26.495881733364396,0.48642,2050s,ssp126
10,HDH,2274.6666666666665,HeatPump,0.44220000000000004,0.0717507707285413,0.010762615609281195,22.65499896155282,0.44220000000000004,2050s,ssp126
9,HDH,2756.6666666666665,HeatPump,0.39798,0.06046687286342178,0.009070030929513266,19.092156474693475,0.39798,2050s,ssp126
8,HDH,3056.3333333333335,HeatPump,0.35376,0.05007218683651806,0.007510828025477709,15.810078822369432,0.35376,2050s,ssp126
7,HDH,3373.3333333333335,HeatPump,0.30954000000000004,0.040575454694412594,0.006086318204161889,12.811526268397186,0.30954000000000004,2050s,ssp126
6,HDH,3599.0,HeatPump,0.26532,0.03198553345388788,0.004797830018083182,10.099295377942134,0.26532,2050s,ssp126
5,HDH,3961.8333333333335,HeatPump,0.22110000000000002,0.024311396998185717,0.0036467095497278576,7.67621961625433,0.22110000000000002,2050s,ssp126
4,HDH,4289.5,HeatPump,0.17688,0.01756213801092173,0.0026343207016382595,5.545169959293729,0.17688,2050s,ssp126
3,HDH,4414.166666666667,HeatPump,0.13266,0.011746969948530635,0.0017620454922795952,3.709055516521336,0.13266,2050s,ssp126
2,HDH,4316.166666666667,HeatPump,0.08844,0.0068752290521405975,0.0010312843578210895,2.1708241661399303,0.08844,2050s,ssp126
1,HDH,4175.0,HeatPump,0.04422,0.0029563763997994324,0.00044345645996991486,0.9334632030757148,0.04422,2050s,ssp126
30,HDH,3.0,BTES,0.1396421052631579,0.0,0.0,0.0,1.3266,2050s,ssp126
29,HDH,3.0,BTES,0.1396421052631579,0.0,0.0,0.0,1.28238,2050s,ssp126
28,HDH,3.5,BTES,0.1396421052631579,0.0,0.0,0.0,1.2381600000000001,2050s,ssp126
27,HDH,8.0,BTES,0.1396421052631579,0.0,0.0,0.0,1.19394,2050s,ssp126
26,HDH,10.5,BTES,0.1396421052631579,0.0,0.0,0.0,1.14972,2050s,ssp126
25,HDH,13.333333333333334,BTES,0.1396421052631579,0.0,0.0,0.0,1.1055000000000001,2050s,ssp126
24,HDH,17.2,BTES,0.1396421052631579,0.0,0.0,0.0,1.06128,2050s,ssp126
23,HDH,23.5,BTES,0.1396421052631579,0.0,0.0,0.0,1.01706,2050s,ssp126
22,HDH,40.166666666666664,BTES,0.1396421052631579,0.0,0.0,0.0,0.97284,2050s,ssp126
21,HDH,55.5,BTES,0.1396421052631579,0.0,0.0,0.0,0.92862,2050s,ssp126
20,HDH,76.16666666666667,BTES,0.1396421052631579,0.0,0.0,0.0,0.8844000000000001,2050s,ssp126
19,HDH,115.83333333333333,BTES,0.1396421052631579,0.0,0.0,0.0,0.84018,2050s,ssp126
18,HDH,190.16666666666666,BTES,0.1396421052631579,0.0,0.0,0.0,0.79596,2050s,ssp126
17,HDH,272.0,BTES,0.1396421052631579,0.0,0.0,0.0,0.7517400000000001,2050s,ssp126
16,HDH,403.5,BTES,0.1396421052631579,0.0,0.0,0.0,0.70752,2050s,ssp126
15,HDH,553.8333333333334,BTES,0.1396421052631579,0.0,0.0,0.0,0.6633,2050s,ssp126
14,HDH,664.3333333333334,BTES,0.1396421052631579,0.0,0.0,0.0,0.6190800000000001,2050s,ssp126
13,HDH,920.8333333333334,BTES,0.02870856337223142,0.0,0.0,0.0,0.57486,2050s,ssp126
12,HDH,1258.1666666666667,BTES,0.0,0.0,0.0,0.0,0.53064,2050s,ssp126
11,HDH,1726.1666666666667,BTES,0.0,0.0,0.0,0.0,0.48642,2050s,ssp126
10,HDH,2274.6666666666665,BTES,0.0,0.0,0.0,0.0,0.44220000000000004,2050s,ssp126
9,HDH,2756.6666666666665,BTES,0.0,0.0,0.0,0.0,0.39798,2050s,ssp126
8,HDH,3056.3333333333335,BTES,0.0,0.0,0.0,0.0,0.35376,2050s,ssp126
7,HDH,3373.3333333333335,BTES,0.0,0.0,0.0,0.0,0.30954000000000004,2050s,ssp126
6,HDH,3599.0,BTES,0.0,0.0,0.0,0.0,0.26532,2050s,ssp126
5,HDH,3961.8333333333335,BTES,0.0,0.0,0.0,0.0,0.22110000000000002,2050s,ssp126
4,HDH,4289.5,BTES,0.0,0.0,0.0,0.0,0.17688,2050s,ssp126
3,HDH,4414.166666666667,BTES,0.0,0.0,0.0,0.0,0.13266,2050s,ssp126
2,HDH,4316.166666666667,BTES,0.0,0.0,0.0,0.0,0.08844,2050s,ssp126
1,HDH,4175.0,BTES,0.0,0.0,0.0,0.0,0.04422,2050s,ssp126
30,HDH,3.0,unmet_demand,0.0,0.0,0.0,0.0,1.3266,2050s,ssp126
29,HDH,3.0,unmet_demand,0.0,0.0,0.0,0.0,1.28238,2050s,ssp126
28,HDH,3.5,unmet_demand,0.0,0.0,0.0,0.0,1.2381600000000001,2050s,ssp126
27,HDH,8.0,unmet_demand,0.0,0.0,0.0,0.0,1.19394,2050s,ssp126
26,HDH,10.5,unmet_demand,0.0,0.0,0.0,0.0,1.14972,2050s,ssp126
25,HDH,13.333333333333334,unmet_demand,0.0,0.0,0.0,0.0,1.1055000000000001,2050s,ssp126
24,HDH,17.2,unmet_demand,0.0,0.0,0.0,0.0,1.06128,2050s,ssp126
23,HDH,23.5,unmet_demand,0.0,0.0,0.0,0.0,1.01706,2050s,ssp126
22,HDH,40.166666666666664,unmet_demand,0.0,0.0,0.0,0.0,0.97284,2050s,ssp126
21,HDH,55.5,unmet_demand,0.0,0.0,0.0,0.0,0.92862,2050s,ssp126
20,HDH,76.16666666666667,unmet_demand,0.0,0.0,0.0,0.0,0.8844000000000001,2050s,ssp126
19,HDH,115.83333333333333,unmet_demand,0.0,0.0,0.0,0.0,0.84018,2050s,ssp126
18,HDH,190.16666666666666,unmet_demand,0.0,0.0,0.0,0.0,0.79596,2050s,ssp126
17,HDH,272.0,unmet_demand,0.0,0.0,0.0,0.0,0.7517400000000001,2050s,ssp126
16,HDH,403.5,unmet_demand,0.0,0.0,0.0,0.0,0.70752,2050s,ssp126
15,HDH,553.8333333333334,unmet_demand,0.0,0.0,0.0,0.0,0.6633,2050s,ssp126
14,HDH,664.3333333333334,unmet_demand,0.0,0.0,0.0,0.0,0.6190800000000001,2050s,ssp126
13,HDH,920.8333333333334,unmet_demand,0.0,0.0,0.0,0.0,0.57486,2050s,ssp126
12,HDH,1258.1666666666667,unmet_demand,0.0,0.0,0.0,0.0,0.53064,2050s,ssp126
11,HDH,1726.1666666666667,unmet_demand,0.0,0.0,0.0,0.0,0.48642,2050s,ssp126
10,HDH,2274.6666666666665,unmet_demand,0.0,0.0,0.0,0.0,0.44220000000000004,2050s,ssp126
9,HDH,2756.6666666666665,unmet_demand,0.0,0.0,0.0,0.0,0.39798,2050s,ssp126
8,HDH,3056.3333333333335,unmet_demand,0.0,0.0,0.0,0.0,0.35376,2050s,ssp126
7,HDH,3373.3333333333335,unmet_demand,0.0,0.0,0.0,0.0,0.30954000000000004,2050s,ssp126
6,HDH,3599.0,unmet_demand,0.0,0.0,0.0,0.0,0.26532,2050s,ssp126
5,HDH,3961.8333333333335,unmet_demand,0.0,0.0,0.0,0.0,0.22110000000000002,2050s,ssp126
4,HDH,4289.5,unmet_demand,0.0,0.0,0.0,0.0,0.17688,2050s,ssp126
3,HDH,4414.166666666667,unmet_demand,0.0,0.0,0.0,0.0,0.13266,2050s,ssp126
2,HDH,4316.166666666667,unmet_demand,0.0,0.0,0.0,0.0,0.08844,2050s,ssp126
1,HDH,4175.0,unmet_demand,0.0,0.0,0.0,0.0,0.04422,2050s,ssp126
28,HDH,1.0,Geothermal,0.2310572522370674,0.044867778552856875,0.006730166782928531,13.569361359167988,1.2381600000000001,2050s,ssp245
27,HDH,2.6666666666666665,Geothermal,0.22976598406637125,0.04357651038216073,0.00653647655732411,13.178843152452535,1.19394,2050s,ssp245
26,HDH,2.0,Geothermal,0.22848123374876714,0.04229176006455662,0.006343764009683493,12.790296139915716,1.14972,2050s,ssp245
25,HDH,4.0,Geothermal,0.22720295205885566,0.041013478374645154,0.006152021756196773,12.403705434320996,1.1055000000000001,2050s,ssp245
24,HDH,6.0,Geothermal,0.22593109026568553,0.03974161658147503,0.005961242487221254,12.019056297967756,1.06128,2050s,ssp245
23,HDH,13.666666666666666,Geothermal,0.224665600126561,0.03847612644235048,0.005771418966352572,11.636334140818494,1.01706,2050s,ssp245
22,HDH,27.5,Geothermal,0.223406433880942,0.03721696019673145,0.005582544029509718,11.255524518654047,0.97284,2050s,ssp245
21,HDH,41.0,Geothermal,0.22215354424443562,0.0359640705602251,0.005394610584033765,10.876613131256448,0.92862,2050s,ssp245
20,HDH,66.0,Geothermal,0.2209068844028774,0.03471741071866689,0.0052076116078000325,10.499585820618858,0.8844000000000001,2050s,ssp245
19,HDH,90.0,Geothermal,0.21966640800650025,0.0334769343222897,0.005021540148343455,10.124428569182154,0.84018,2050s,ssp245
18,HDH,142.83333333333334,Geothermal,0.21843206916419008,0.03224259547997956,0.004836389321996934,9.75112749809766,0.79596,2050s,ssp245
17,HDH,231.83333333333334,Geothermal,0.21720382243782693,0.031014348753616416,0.004652152313042462,9.379668865515649,0.7517400000000001,2050s,ssp245
16,HDH,291.1666666666667,Geothermal,0.21598162283670896,0.029792149152498455,0.004468822372874768,9.010039064899086,0.70752,2050s,ssp245
15,HDH,420.3333333333333,Geothermal,0.21476542581205915,0.028575952127848633,0.0042863928191772946,8.64222462336223,0.6633,2050s,ssp245
14,HDH,648.0,Geothermal,0.2135551872516124,0.02736571356740188,0.004104857035110282,8.27621220003365,0.6190800000000001,2050s,ssp245
13,HDH,919.6666666666666,Geothermal,0.1668520548686925,0.020555987262198986,0.003083398089329848,6.216746811448097,0.57486,2050s,ssp245
12,HDH,1157.6666666666667,Geothermal,0.0,0.0,0.0,0.0,0.53064,2050s,ssp245
11,HDH,1664.3333333333333,Geothermal,0.0,0.0,0.0,0.0,0.48642,2050s,ssp245
10,HDH,2250.8333333333335,Geothermal,0.0,0.0,0.0,0.0,0.44220000000000004,2050s,ssp245
9,HDH,2622.6666666666665,Geothermal,0.0,0.0,0.0,0.0,0.39798,2050s,ssp245
8,HDH,2988.3333333333335,Geothermal,0.0,0.0,0.0,0.0,0.35376,2050s,ssp245
7,HDH,3215.6666666666665,Geothermal,0.0,0.0,0.0,0.0,0.30954000000000004,2050s,ssp245
6,HDH,3636.1666666666665,Geothermal,0.0,0.0,0.0,0.0,0.26532,2050s,ssp245
5,HDH,4069.1666666666665,Geothermal,0.0,0.0,0.0,0.0,0.22110000000000002,2050s,ssp245
4,HDH,4268.166666666667,Geothermal,0.0,0.0,0.0,0.0,0.17688,2050s,ssp245
3,HDH,4311.333333333333,Geothermal,0.0,0.0,0.0,0.0,0.13266,2050s,ssp245
2,HDH,4158.5,Geothermal,0.0,0.0,0.0,0.0,0.08844,2050s,ssp245
1,HDH,4034.1666666666665,Geothermal,0.0,0.0,0.0,0.0,0.04422,2050s,ssp245
28,HDH,1.0,Boiler,0.26262237300248126,0.29180263666942363,0.05836052733388473,15.535564497608924,1.2381600000000001,2050s,ssp245
27,HDH,2.6666666666666665,Boiler,0.26262237300248126,0.29180263666942363,0.05836052733388473,15.535564497608924,1.19394,2050s,ssp245
26,HDH,2.0,Boiler,0.26262237300248126,0.29180263666942363,0.05836052733388473,15.535564497608924,1.14972,2050s,ssp245
25,HDH,4.0,Boiler,0.26262237300248126,0.29180263666942363,0.05836052733388473,15.535564497608924,1.1055000000000001,2050s,ssp245
24,HDH,6.0,Boiler,0.26262237300248126,0.29180263666942363,0.05836052733388473,15.535564497608924,1.06128,2050s,ssp245
23,HDH,13.666666666666666,Boiler,0.26262237300248126,0.29180263666942363,0.05836052733388473,15.535564497608924,1.01706,2050s,ssp245
22,HDH,27.5,Boiler,0.26262237300248126,0.29180263666942363,0.05836052733388473,15.535564497608924,0.97284,2050s,ssp245
21,HDH,41.0,Boiler,0.26262237300248126,0.29180263666942363,0.05836052733388473,15.535564497608924,0.92862,2050s,ssp245
20,HDH,66.0,Boiler,0.26262237300248126,0.29180263666942363,0.05836052733388473,15.535564497608924,0.8844000000000001,2050s,ssp245
19,HDH,90.0,Boiler,0.26262237300248126,0.29180263666942363,0.05836052733388473,15.535564497608924,0.84018,2050s,ssp245
18,HDH,142.83333333333334,Boiler,0.26262237300248126,0.29180263666942363,0.05836052733388473,15.535564497608924,0.79596,2050s,ssp245
17,HDH,231.83333333333334,Boiler,0.26262237300248126,0.29180263666942363,0.05836052733388473,15.535564497608924,0.7517400000000001,2050s,ssp245
16,HDH,291.1666666666667,Boiler,0.26262237300248126,0.29180263666942363,0.05836052733388473,15.535564497608924,0.70752,2050s,ssp245
15,HDH,420.3333333333333,Boiler,0.26262237300248126,0.29180263666942363,0.05836052733388473,15.535564497608924,0.6633,2050s,ssp245
14,HDH,648.0,Boiler,0.26262237300248126,0.29180263666942363,0.05836052733388473,15.535564497608924,0.6190800000000001,2050s,ssp245
13,HDH,919.6666666666666,Boiler,0.0,0.0,0.0,0.0,0.57486,2050s,ssp245
12,HDH,1157.6666666666667,Boiler,0.0,0.0,0.0,0.0,0.53064,2050s,ssp245
11,HDH,1664.3333333333333,Boiler,0.0,0.0,0.0,0.0,0.48642,2050s,ssp245
10,HDH,2250.8333333333335,Boiler,0.0,0.0,0.0,0.0,0.44220000000000004,2050s,ssp245
9,HDH,2622.6666666666665,Boiler,0.0,0.0,0.0,0.0,0.39798,2050s,ssp245
8,HDH,2988.3333333333335,Boiler,0.0,0.0,0.0,0.0,0.35376,2050s,ssp245
7,HDH,3215.6666666666665,Boiler,0.0,0.0,0.0,0.0,0.30954000000000004,2050s,ssp245
6,HDH,3636.1666666666665,Boiler,0.0,0.0,0.0,0.0,0.26532,2050s,ssp245
5,HDH,4069.1666666666665,Boiler,0.0,0.0,0.0,0.0,0.22110000000000002,2050s,ssp245
4,HDH,4268.166666666667,Boiler,0.0,0.0,0.0,0.0,0.17688,2050s,ssp245
3,HDH,4311.333333333333,Boiler,0.0,0.0,0.0,0.0,0.13266,2050s,ssp245
2,HDH,4158.5,Boiler,0.0,0.0,0.0,0.0,0.08844,2050s,ssp245
1,HDH,4034.1666666666665,Boiler,0.0,0.0,0.0,0.0,0.04422,2050s,ssp245
28,HDH,1.0,HeatPump,0.7444803747604515,0.2510895024487189,0.03766342536730784,75.93699314100363,1.2381600000000001,2050s,ssp245
27,HDH,2.6666666666666665,HeatPump,0.7015516429311475,0.23014662539132422,0.03452199380869863,69.60323925662901,1.19394,2050s,ssp245
26,HDH,2.0,HeatPump,0.6586163932487517,0.20995535185059697,0.03149330277758954,63.49679280858016,1.14972,2050s,ssp245
25,HDH,4.0,HeatPump,0.6156746749386632,0.19052287635422044,0.028578431453133064,57.61982963771864,1.1055000000000001,2050s,ssp245
24,HDH,6.0,HeatPump,0.5727265367318333,0.17185648057554107,0.025778472086331158,51.97455194036715,1.06128,2050s,ssp245
23,HDH,13.666666666666666,HeatPump,0.5297720268709578,0.15396353471780394,0.02309453020767059,46.56318868694386,1.01706,2050s,ssp245
22,HDH,27.5,HeatPump,0.48681119311657683,0.13685149892391665,0.0205277248385875,41.387996048317255,0.97284,2050s,ssp245
21,HDH,41.0,HeatPump,0.4438440827530831,0.12052792471231043,0.018079188706846563,36.451257830053564,0.92862,2050s,ssp245
20,HDH,66.0,HeatPump,0.4008707425946414,0.10500045643947861,0.01575006846592179,31.75528591473227,0.8844000000000001,2050s,ssp245
19,HDH,90.0,HeatPump,0.3578912189910185,0.09027683278978868,0.013541524918468302,27.302420712509925,0.84018,2050s,ssp245
18,HDH,142.83333333333334,HeatPump,0.31490555783332863,0.07636488829317896,0.011454733243976844,23.095031620117123,0.79596,2050s,ssp245
17,HDH,231.83333333333334,HeatPump,0.27191380455969183,0.06327255487136518,0.009490883230704777,19.135517488477735,0.7517400000000001,2050s,ssp245
16,HDH,291.1666666666667,HeatPump,0.22891600416080982,0.05100786341319971,0.007651179511979956,15.426307099144752,0.70752,2050s,ssp245
15,HDH,420.3333333333333,HeatPump,0.1859122011854596,0.039578945379841315,0.005936841806976197,11.969859649751765,0.6633,2050s,ssp245
14,HDH,648.0,HeatPump,0.14290243974590644,0.028994034440410297,0.0043491051660615445,8.768665248684087,0.6190800000000001,2050s,ssp245
13,HDH,919.6666666666666,HeatPump,0.40800794513130756,0.07867741188455234,0.011801611782682851,23.79440808302757,0.57486,2050s,ssp245
12,HDH,1157.6666666666667,HeatPump,0.53064,0.09695179751733034,0.01454276962759955,29.321130159892313,0.53064,2050s,ssp245
11,HDH,1664.3333333333333,HeatPump,0.48642,0.08391525149603754,0.01258728772440563,25.37848781066279,0.48642,2050s,ssp245
10,HDH,2250.8333333333335,HeatPump,0.44220000000000004,0.0717507707285413,0.010762615609281195,21.699584138479636,0.44220000000000004,2050s,ssp245
9,HDH,2622.6666666666665,HeatPump,0.39798,0.06046687286342178,0.009070030929513266,18.286995135630473,0.39798,2050s,ssp245
8,HDH,2988.3333333333335,HeatPump,0.35376,0.05007218683651806,0.007510828025477709,15.143330451006372,0.35376,2050s,ssp245
7,HDH,3215.6666666666665,HeatPump,0.30954000000000004,0.040575454694412594,0.006086318204161889,12.271233941578242,0.30954000000000004,2050s,ssp245
6,HDH,3636.1666666666665,HeatPump,0.26532,0.03198553345388788,0.004797830018083182,9.673384234752259,0.26532,2050s,ssp245
5,HDH,4069.1666666666665,HeatPump,0.22110000000000002,0.024311396998185717,0.0036467095497278576,7.352495301855517,0.22110000000000002,2050s,ssp245
4,HDH,4268.166666666667,HeatPump,0.17688,0.01756213801092173,0.0026343207016382595,5.311317043009764,0.17688,2050s,ssp245
3,HDH,4311.333333333333,HeatPump,0.13266,0.011746969948530635,0.0017620454922795952,3.5526358836579783,0.13266,2050s,ssp245
2,HDH,4158.5,HeatPump,0.08844,0.0068752290521405975,0.0010312843578210895,2.079275383015492,0.08844,2050s,ssp245
1,HDH,4034.1666666666665,HeatPump,0.04422,0.0029563763997994324,0.00044345645996991486,0.8940968547247202,0.04422,2050s,ssp245
28,HDH,1.0,BTES,0.18618947368421052,0.0,0.0,0.0,1.2381600000000001,2050s,ssp245
27,HDH,2.6666666666666665,BTES,0.18618947368421052,0.0,0.0,0.0,1.19394,2050s,ssp245
26,HDH,2.0,BTES,0.18618947368421052,0.0,0.0,0.0,1.14972,2050s,ssp245
25,HDH,4.0,BTES,0.18618947368421052,0.0,0.0,0.0,1.1055000000000001,2050s,ssp245
24,HDH,6.0,BTES,0.18618947368421052,0.0,0.0,0.0,1.06128,2050s,ssp245
23,HDH,13.666666666666666,BTES,0.18618947368421052,0.0,0.0,0.0,1.01706,2050s,ssp245
22,HDH,27.5,BTES,0.18618947368421052,0.0,0.0,0.0,0.97284,2050s,ssp245
21,HDH,41.0,BTES,0.18618947368421052,0.0,0.0,0.0,0.92862,2050s,ssp245
20,HDH,66.0,BTES,0.18618947368421052,0.0,0.0,0.0,0.8844000000000001,2050s,ssp245
19,HDH,90.0,BTES,0.18618947368421052,0.0,0.0,0.0,0.84018,2050s,ssp245
18,HDH,142.83333333333334,BTES,0.18618947368421052,0.0,0.0,0.0,0.79596,2050s,ssp245
17,HDH,231.83333333333334,BTES,0.18618947368421052,0.0,0.0,0.0,0.7517400000000001,2050s,ssp245
16,HDH,291.1666666666667,BTES,0.18618947368421052,0.0,0.0,0.0,0.70752,2050s,ssp245
15,HDH,420.3333333333333,BTES,0.18618947368421052,0.0,0.0,0.0,0.6633,2050s,ssp245
14,HDH,648.0,BTES,0.18618947368421052,0.0,0.0,0.0,0.6190800000000001,2050s,ssp245
13,HDH,919.6666666666666,BTES,0.14629606760649352,0.0,0.0,0.0,0.57486,2050s,ssp245
12,HDH,1157.6666666666667,BTES,0.0,0.0,0.0,0.0,0.53064,2050s,ssp245
11,HDH,1664.3333333333333,BTES,0.0,0.0,0.0,0.0,0.48642,2050s,ssp245
10,HDH,2250.8333333333335,BTES,0.0,0.0,0.0,0.0,0.44220000000000004,2050s,ssp245
9,HDH,2622.6666666666665,BTES,0.0,0.0,0.0,0.0,0.39798,2050s,ssp245
8,HDH,2988.3333333333335,BTES,0.0,0.0,0.0,0.0,0.35376,2050s,ssp245
7,HDH,3215.6666666666665,BTES,0.0,0.0,0.0,0.0,0.30954000000000004,2050s,ssp245
6,HDH,3636.1666666666665,BTES,0.0,0.0,0.0,0.0,0.26532,2050s,ssp245
5,HDH,4069.1666666666665,BTES,0.0,0.0,0.0,0.0,0.22110000000000002,2050s,ssp245
4,HDH,4268.166666666667,BTES,0.0,0.0,0.0,0.0,0.17688,2050s,ssp245
3,HDH,4311.333333333333,BTES,0.0,0.0,0.0,0.0,0.13266,2050s,ssp245
2,HDH,4158.5,BTES,0.0,0.0,0.0,0.0,0.08844,2050s,ssp245
1,HDH,4034.1666666666665,BTES,0.0,0.0,0.0,0.0,0.04422,2050s,ssp245
28,HDH,1.0,unmet_demand,0.0,0.0,0.0,0.0,1.2381600000000001,2050s,ssp245
27,HDH,2.6666666666666665,unmet_demand,0.0,0.0,0.0,0.0,1.19394,2050s,ssp245
26,HDH,2.0,unmet_demand,0.0,0.0,0.0,0.0,1.14972,2050s,ssp245
25,HDH,4.0,unmet_demand,0.0,0.0,0.0,0.0,1.1055000000000001,2050s,ssp245
24,HDH,6.0,unmet_demand,0.0,0.0,0.0,0.0,1.06128,2050s,ssp245
23,HDH,13.666666666666666,unmet_demand,0.0,0.0,0.0,0.0,1.01706,2050s,ssp245
22,HDH,27.5,unmet_demand,0.0,0.0,0.0,0.0,0.97284,2050s,ssp245
21,HDH,41.0,unmet_demand,0.0,0.0,0.0,0.0,0.92862,2050s,ssp245
20,HDH,66.0,unmet_demand,0.0,0.0,0.0,0.0,0.8844000000000001,2050s,ssp245
19,HDH,90.0,unmet_demand,0.0,0.0,0.0,0.0,0.84018,2050s,ssp245
18,HDH,142.83333333333334,unmet_demand,0.0,0.0,0.0,0.0,0.79596,2050s,ssp245
17,HDH,231.83333333333334,unmet_demand,0.0,0.0,0.0,0.0,0.7517400000000001,2050s,ssp245
16,HDH,291.1666666666667,unmet_demand,0.0,0.0,0.0,0.0,0.70752,2050s,ssp245
15,HDH,420.3333333333333,unmet_demand,0.0,0.0,0.0,0.0,0.6633,2050s,ssp245
14,HDH,648.0,unmet_demand,0.0,0.0,0.0,0.0,0.6190800000000001,2050s,ssp245
13,HDH,919.6666666666666,unmet_demand,0.0,0.0,0.0,0.0,0.57486,2050s,ssp245
12,HDH,1157.6666666666667,unmet_demand,0.0,0.0,0.0,0.0,0.53064,2050s,ssp245
11,HDH,1664.3333333333333,unmet_demand,0.0,0.0,0.0,0.0,0.48642,2050s,ssp245
10,HDH,2250.8333333333335,unmet_demand,0.0,0.0,0.0,0.0,0.44220000000000004,2050s,ssp245
9,HDH,2622.6666666666665,unmet_demand,0.0,0.0,0.0,0.0,0.39798,2050s,ssp245
8,HDH,2988.3333333333335,unmet_demand,0.0,0.0,0.0,0.0,0.35376,2050s,ssp245
7,HDH,3215.6666666666665,unmet_demand,0.0,0.0,0.0,0.0,0.30954000000000004,2050s,ssp245
6,HDH,3636.1666666666665,unmet_demand,0.0,0.0,0.0,0.0,0.26532,2050s,ssp245
5,HDH,4069.1666666666665,unmet_demand,0.0,0.0,0.0,0.0,0.22110000000000002,2050s,ssp245
4,HDH,4268.166666666667,unmet_demand,0.0,0.0,0.0,0.0,0.17688,2050s,ssp245
3,HDH,4311.333333333333,unmet_demand,0.0,0.0,0.0,0.0,0.13266,2050s,ssp245
2,HDH,4158.5,unmet_demand,0.0,0.0,0.0,0.0,0.08844,2050s,ssp245
1,HDH,4034.1666666666665,unmet_demand,0.0,0.0,0.0,0.0,0.04422,2050s,ssp245
28,HDH,1.0,Geothermal,0.2310572522370674,0.044867778552856875,0.006730166782928531,13.556534569852243,1.2381600000000001,2050s,ssp370
27,HDH,2.0,Geothermal,0.22976598406637125,0.04357651038216073,0.00653647655732411,13.16638551055861,1.19394,2050s,ssp370
26,HDH,4.0,Geothermal,0.22848123374876714,0.04229176006455662,0.006343764009683493,12.778205782121402,1.14972,2050s,ssp370
25,HDH,4.0,Geothermal,0.22720295205885566,0.041013478374645154,0.006152021756196773,12.391980511376621,1.1055000000000001,2050s,ssp370
24,HDH,5.0,Geothermal,0.22593109026568553,0.03974161658147503,0.005961242487221254,12.007694974554848,1.06128,2050s,ssp370
23,HDH,6.2,Geothermal,0.224665600126561,0.03847612644235048,0.005771418966352572,11.625334595410187,1.01706,2050s,ssp370
22,HDH,13.833333333333334,Geothermal,0.223406433880942,0.03721696019673145,0.005582544029509718,11.244884943377247,0.97284,2050s,ssp370
21,HDH,23.166666666666668,Geothermal,0.22215354424443562,0.0359640705602251,0.005394610584033765,10.866331731755709,0.92862,2050s,ssp370
20,HDH,37.0,Geothermal,0.2209068844028774,0.03471741071866689,0.0052076116078000325,10.48966081592196,0.8844000000000001,2050s,ssp370
19,HDH,71.66666666666667,Geothermal,0.21966640800650025,0.0334769343222897,0.005021540148343455,10.11485819156733,0.84018,2050s,ssp370
18,HDH,117.0,Geothermal,0.21843206916419008,0.03224259547997956,0.004836389321996934,9.741909992962492,0.79596,2050s,ssp370
17,HDH,169.16666666666666,Geothermal,0.21720382243782693,0.031014348753616416,0.004652152313042462,9.370802491247554,0.7517400000000001,2050s,ssp370
16,HDH,279.3333333333333,Geothermal,0.21598162283670896,0.029792149152498455,0.004468822372874768,9.001522092747408,0.70752,2050s,ssp370
15,HDH,401.5,Geothermal,0.17309183904525538,0.02303100737735582,0.003454651106603373,6.958682996124534,0.6633,2050s,ssp370
14,HDH,553.0,Geothermal,0.2135551872516124,0.02736571356740188,0.004104857035110282,8.26838889668043,0.6190800000000001,2050s,ssp370
13,HDH,795.1666666666666,Geothermal,0.21235086347428225,0.02616138979007174,0.003924208468510761,7.904509572870414,0.57486,2050s,ssp370
12,HDH,1072.5,Geothermal,0.07198699250778968,0.008510472541089652,0.0012765708811634479,2.571389066502246,0.53064,2050s,ssp370
11,HDH,1543.3333333333333,Geothermal,0.0,0.0,0.0,0.0,0.48642,2050s,ssp370
10,HDH,2096.0,Geothermal,0.0,0.0,0.0,0.0,0.44220000000000004,2050s,ssp370
9,HDH,2535.8333333333335,Geothermal,0.0,0.0,0.0,0.0,0.39798,2050s,ssp370
8,HDH,2865.8333333333335,Geothermal,0.0,0.0,0.0,0.0,0.35376,2050s,ssp370
7,HDH,3225.0,Geothermal,0.0,0.0,0.0,0.0,0.30954000000000004,2050s,ssp370
6,HDH,3520.1666666666665,Geothermal,0.0,0.0,0.0,0.0,0.26532,2050s,ssp370
5,HDH,3919.8333333333335,Geothermal,0.0,0.0,0.0,0.0,0.22110000000000002,2050s,ssp370
4,HDH,4164.333333333333,Geothermal,0.0,0.0,0.0,0.0,0.17688,2050s,ssp370
3,HDH,4340.666666666667,Geothermal,0.0,0.0,0.0,0.0,0.13266,2050s,ssp370
2,HDH,4412.333333333333,Geothermal,0.0,0.0,0.0,0.0,0.08844,2050s,ssp370
1,HDH,4228.0,Geothermal,0.0,0.0,0.0,0.0,0.04422,2050s,ssp370
28,HDH,1.0,Boiler,0.4902081609547446,0.5446757343941607,0.10893514687883216,28.790905709194064,1.2381600000000001,2050s,ssp370
27,HDH,2.0,Boiler,0.4902081609547446,0.5446757343941607,0.10893514687883216,28.790905709194064,1.19394,2050s,ssp370
26,HDH,4.0,Boiler,0.4902081609547446,0.5446757343941607,0.10893514687883216,28.790905709194064,1.14972,2050s,ssp370
25,HDH,4.0,Boiler,0.4902081609547446,0.5446757343941607,0.10893514687883216,28.790905709194064,1.1055000000000001,2050s,ssp370
24,HDH,5.0,Boiler,0.4902081609547446,0.5446757343941607,0.10893514687883216,28.790905709194064,1.06128,2050s,ssp370
23,HDH,6.2,Boiler,0.4902081609547446,0.5446757343941607,0.10893514687883216,28.790905709194064,1.01706,2050s,ssp370
22,HDH,13.833333333333334,Boiler,0.4902081609547446,0.5446757343941607,0.10893514687883216,28.790905709194064,0.97284,2050s,ssp370
21,HDH,23.166666666666668,Boiler,0.4902081609547446,0.5446757343941607,0.10893514687883216,28.790905709194064,0.92862,2050s,ssp370
20,HDH,37.0,Boiler,0.4902081609547446,0.5446757343941607,0.10893514687883216,28.790905709194064,0.8844000000000001,2050s,ssp370
19,HDH,71.66666666666667,Boiler,0.4902081609547446,0.5446757343941607,0.10893514687883216,28.790905709194064,0.84018,2050s,ssp370
18,HDH,117.0,Boiler,0.4902081609547446,0.5446757343941607,0.10893514687883216,28.790905709194064,0.79596,2050s,ssp370
17,HDH,169.16666666666666,Boiler,0.4902081609547446,0.5446757343941607,0.10893514687883216,28.790905709194064,0.7517400000000001,2050s,ssp370
16,HDH,279.3333333333333,Boiler,0.4902081609547446,0.5446757343941607,0.10893514687883216,28.790905709194064,0.70752,2050s,ssp370
15,HDH,401.5,Boiler,0.4902081609547446,0.5446757343941607,0.10893514687883216,28.790905709194064,0.6633,2050s,ssp370
14,HDH,553.0,Boiler,0.4055248127483877,0.4505831252759863,0.09011662505519727,23.817283302338307,0.6190800000000001,2050s,ssp370
13,HDH,795.1666666666666,Boiler,0.0,0.0,0.0,0.0,0.57486,2050s,ssp370
12,HDH,1072.5,Boiler,0.0,0.0,0.0,0.0,0.53064,2050s,ssp370
11,HDH,1543.3333333333333,Boiler,0.0,0.0,0.0,0.0,0.48642,2050s,ssp370
10,HDH,2096.0,Boiler,0.0,0.0,0.0,0.0,0.44220000000000004,2050s,ssp370
9,HDH,2535.8333333333335,Boiler,0.0,0.0,0.0,0.0,0.39798,2050s,ssp370
8,HDH,2865.8333333333335,Boiler,0.0,0.0,0.0,0.0,0.35376,2050s,ssp370
7,HDH,3225.0,Boiler,0.0,0.0,0.0,0.0,0.30954000000000004,2050s,ssp370
6,HDH,3520.1666666666665,Boiler,0.0,0.0,0.0,0.0,0.26532,2050s,ssp370
5,HDH,3919.8333333333335,Boiler,0.0,0.0,0.0,0.0,0.22110000000000002,2050s,ssp370
4,HDH,4164.333333333333,Boiler,0.0,0.0,0.0,0.0,0.17688,2050s,ssp370
3,HDH,4340.666666666667,Boiler,0.0,0.0,0.0,0.0,0.13266,2050s,ssp370
2,HDH,4412.333333333333,Boiler,0.0,0.0,0.0,0.0,0.08844,2050s,ssp370
1,HDH,4228.0,Boiler,0.0,0.0,0.0,0.0,0.04422,2050s,ssp370
28,HDH,1.0,HeatPump,0.516894586808188,0.1743320697498105,0.026149810462471574,52.67340631569371,1.2381600000000001,2050s,ssp370
27,HDH,2.0,HeatPump,0.4739658549788841,0.15548626130836324,0.023322939196254486,46.97925648538023,1.19394,2050s,ssp370
26,HDH,4.0,HeatPump,0.4310306052964883,0.1374049952613619,0.020610749289204287,41.516108628748455,1.14972,2050s,ssp370
25,HDH,4.0,HeatPump,0.3880888869863999,0.12009558625604207,0.01801433793840631,36.2861728233042,1.1055000000000001,2050s,ssp370
24,HDH,5.0,HeatPump,0.3451407487795699,0.10356543757677612,0.015534815636516418,31.291685927741202,1.06128,2050s,ssp370
23,HDH,6.2,HeatPump,0.30218623891869445,0.08782204255252941,0.013173306382879411,26.5349120071957,1.01706,2050s,ssp370
22,HDH,13.833333333333334,HeatPump,0.25922540516431347,0.07287298599028023,0.010930947898542034,22.01814276634583,0.97284,2050s,ssp370
21,HDH,23.166666666666668,HeatPump,0.21625829480081982,0.058725945634981624,0.008808891845247243,17.74369799053045,0.92862,2050s,ssp370
20,HDH,37.0,HeatPump,0.17328495464237803,0.045388693656655155,0.006808304048498273,13.71392599506578,0.8844000000000001,2050s,ssp370
19,HDH,71.66666666666667,HeatPump,0.13030543103875514,0.0328690981652228,0.0049303647247834195,9.931204082942894,0.84018,2050s,ssp370
18,HDH,117.0,HeatPump,0.08731976988106527,0.021175124753698153,0.003176268713054723,6.397939011093849,0.79596,2050s,ssp370
17,HDH,169.16666666666666,HeatPump,0.044328016607428467,0.010314838070373117,0.0015472257105559675,3.1165674654186217,0.7517400000000001,2050s,ssp370
16,HDH,279.3333333333333,HeatPump,0.001330216208546453,0.00029640342065335583,4.446051309800337e-5,0.0895565447702296,0.70752,2050s,ssp370
15,HDH,401.5,HeatPump,0.0,0.0,0.0,0.0,0.6633,2050s,ssp370
14,HDH,553.0,HeatPump,0.0,0.0,0.0,0.0,0.6190800000000001,2050s,ssp370
13,HDH,795.1666666666666,HeatPump,0.3625091365257178,0.06990373836266454,0.010485560754399681,21.12100211422275,0.57486,2050s,ssp370
12,HDH,1072.5,HeatPump,0.45865300749221033,0.08379924904473723,0.012569887356710585,25.31944868329799,0.53064,2050s,ssp370
11,HDH,1543.3333333333333,HeatPump,0.48642,0.08391525149603754,0.01258728772440563,25.354498139543914,0.48642,2050s,ssp370
10,HDH,2096.0,HeatPump,0.44220000000000004,0.0717507707285413,0.010762615609281195,21.679072046081455,0.44220000000000004,2050s,ssp370
9,HDH,2535.8333333333335,HeatPump,0.39798,0.06046687286342178,0.009070030929513266,18.269708881132996,0.39798,2050s,ssp370
8,HDH,2865.8333333333335,HeatPump,0.35376,0.05007218683651806,0.007510828025477709,15.129015826751596,0.35376,2050s,ssp370
7,HDH,3225.0,HeatPump,0.30954000000000004,0.040575454694412594,0.006086318204161889,12.259634240734067,0.30954000000000004,2050s,ssp370
6,HDH,3520.1666666666665,HeatPump,0.26532,0.03198553345388788,0.004797830018083182,9.664240218444846,0.26532,2050s,ssp370
5,HDH,3919.8333333333335,HeatPump,0.22110000000000002,0.024311396998185717,0.0036467095497278576,7.345545165759525,0.22110000000000002,2050s,ssp370
4,HDH,4164.333333333333,HeatPump,0.17688,0.01756213801092173,0.0026343207016382595,5.306296383385736,0.17688,2050s,ssp370
3,HDH,4340.666666666667,HeatPump,0.13266,0.011746969948530635,0.0017620454922795952,3.549277662825835,0.13266,2050s,ssp370
2,HDH,4412.333333333333,HeatPump,0.08844,0.0068752290521405975,0.0010312843578210895,2.0773098942528736,0.08844,2050s,ssp370
1,HDH,4228.0,HeatPump,0.04422,0.0029563763997994324,0.00044345645996991486,0.8932516865786396,0.04422,2050s,ssp370
28,HDH,1.0,BTES,0.18618947368421052,0.0,0.0,0.0,1.2381600000000001,2050s,ssp370
27,HDH,2.0,BTES,0.18618947368421052,0.0,0.0,0.0,1.19394,2050s,ssp370
26,HDH,4.0,BTES,0.18618947368421052,0.0,0.0,0.0,1.14972,2050s,ssp370
25,HDH,4.0,BTES,0.18618947368421052,0.0,0.0,0.0,1.1055000000000001,2050s,ssp370
24,HDH,5.0,BTES,0.18618947368421052,0.0,0.0,0.0,1.06128,2050s,ssp370
23,HDH,6.2,BTES,0.18618947368421052,0.0,0.0,0.0,1.01706,2050s,ssp370
22,HDH,13.833333333333334,BTES,0.18618947368421052,0.0,0.0,0.0,0.97284,2050s,ssp370
21,HDH,23.166666666666668,BTES,0.18618947368421052,0.0,0.0,0.0,0.92862,2050s,ssp370
20,HDH,37.0,BTES,0.18618947368421052,0.0,0.0,0.0,0.8844000000000001,2050s,ssp370
19,HDH,71.66666666666667,BTES,0.18618947368421052,0.0,0.0,0.0,0.84018,2050s,ssp370
18,HDH,117.0,BTES,0.18618947368421052,0.0,0.0,0.0,0.79596,2050s,ssp370
17,HDH,169.16666666666666,BTES,0.18618947368421052,0.0,0.0,0.0,0.7517400000000001,2050s,ssp370
16,HDH,279.3333333333333,BTES,0.18618947368421052,0.0,0.0,0.0,0.70752,2050s,ssp370
15,HDH,401.5,BTES,0.15006083166789955,0.0,0.0,0.0,0.6633,2050s,ssp370
14,HDH,553.0,BTES,0.18618947368421052,0.0,0.0,0.0,0.6190800000000001,2050s,ssp370
13,HDH,795.1666666666666,BTES,0.18618947368421052,0.0,0.0,0.0,0.57486,2050s,ssp370
12,HDH,1072.5,BTES,0.06347651996670003,0.0,0.0,0.0,0.53064,2050s,ssp370
11,HDH,1543.3333333333333,BTES,0.0,0.0,0.0,0.0,0.48642,2050s,ssp370
10,HDH,2096.0,BTES,0.0,0.0,0.0,0.0,0.44220000000000004,2050s,ssp370
9,HDH,2535.8333333333335,BTES,0.0,0.0,0.0,0.0,0.39798,2050s,ssp370
8,HDH,2865.8333333333335,BTES,0.0,0.0,0.0,0.0,0.35376,2050s,ssp370
7,HDH,3225.0,BTES,0.0,0.0,0.0,0.0,0.30954000000000004,2050s,ssp370
6,HDH,3520.1666666666665,BTES,0.0,0.0,0.0,0.0,0.26532,2050s,ssp370
5,HDH,3919.8333333333335,BTES,0.0,0.0,0.0,0.0,0.22110000000000002,2050s,ssp370
4,HDH,4164.333333333333,BTES,0.0,0.0,0.0,0.0,0.17688,2050s,ssp370
3,HDH,4340.666666666667,BTES,0.0,0.0,0.0,0.0,0.13266,2050s,ssp370
2,HDH,4412.333333333333,BTES,0.0,0.0,0.0,0.0,0.08844,2050s,ssp370
1,HDH,4228.0,BTES,0.0,0.0,0.0,0.0,0.04422,2050s,ssp370
28,HDH,1.0,unmet_demand,0.0,0.0,0.0,0.0,1.2381600000000001,2050s,ssp370
27,HDH,2.0,unmet_demand,0.0,0.0,0.0,0.0,1.19394,2050s,ssp370
26,HDH,4.0,unmet_demand,0.0,0.0,0.0,0.0,1.14972,2050s,ssp370
25,HDH,4.0,unmet_demand,0.0,0.0,0.0,0.0,1.1055000000000001,2050s,ssp370
24,HDH,5.0,unmet_demand,0.0,0.0,0.0,0.0,1.06128,2050s,ssp370
23,HDH,6.2,unmet_demand,0.0,0.0,0.0,0.0,1.01706,2050s,ssp370
22,HDH,13.833333333333334,unmet_demand,0.0,0.0,0.0,0.0,0.97284,2050s,ssp370
21,HDH,23.166666666666668,unmet_demand,0.0,0.0,0.0,0.0,0.92862,2050s,ssp370
20,HDH,37.0,unmet_demand,0.0,0.0,0.0,0.0,0.8844000000000001,2050s,ssp370
19,HDH,71.66666666666667,unmet_demand,0.0,0.0,0.0,0.0,0.84018,2050s,ssp370
18,HDH,117.0,unmet_demand,0.0,0.0,0.0,0.0,0.79596,2050s,ssp370
17,HDH,169.16666666666666,unmet_demand,0.0,0.0,0.0,0.0,0.7517400000000001,2050s,ssp370
16,HDH,279.3333333333333,unmet_demand,0.0,0.0,0.0,0.0,0.70752,2050s,ssp370
15,HDH,401.5,unmet_demand,0.0,0.0,0.0,0.0,0.6633,2050s,ssp370
14,HDH,553.0,unmet_demand,0.0,0.0,0.0,0.0,0.6190800000000001,2050s,ssp370
13,HDH,795.1666666666666,unmet_demand,0.0,0.0,0.0,0.0,0.57486,2050s,ssp370
12,HDH,1072.5,unmet_demand,0.0,0.0,0.0,0.0,0.53064,2050s,ssp370
11,HDH,1543.3333333333333,unmet_demand,0.0,0.0,0.0,0.0,0.48642,2050s,ssp370
10,HDH,2096.0,unmet_demand,0.0,0.0,0.0,0.0,0.44220000000000004,2050s,ssp370
9,HDH,2535.8333333333335,unmet_demand,0.0,0.0,0.0,0.0,0.39798,2050s,ssp370
8,HDH,2865.8333333333335,unmet_demand,0.0,0.0,0.0,0.0,0.35376,2050s,ssp370
7,HDH,3225.0,unmet_demand,0.0,0.0,0.0,0.0,0.30954000000000004,2050s,ssp370
6,HDH,3520.1666666666665,unmet_demand,0.0,0.0,0.0,0.0,0.26532,2050s,ssp370
5,HDH,3919.8333333333335,unmet_demand,0.0,0.0,0.0,0.0,0.22110000000000002,2050s,ssp370
4,HDH,4164.333333333333,unmet_demand,0.0,0.0,0.0,0.0,0.17688,2050s,ssp370
3,HDH,4340.666666666667,unmet_demand,0.0,0.0,0.0,0.0,0.13266,2050s,ssp370
2,HDH,4412.333333333333,unmet_demand,0.0,0.0,0.0,0.0,0.08844,2050s,ssp370
1,HDH,4228.0,unmet_demand,0.0,0.0,0.0,0.0,0.04422,2050s,ssp370
27,HDH,1.0,Geothermal,0.2872074800829641,0.05447063797770092,0.008170595696655137,16.341191393310275,1.19394,2050s,ssp585
26,HDH,2.5,Geothermal,0.2856015421859589,0.05286470008069577,0.007929705012104365,15.859410024208731,1.14972,2050s,ssp585
25,HDH,4.666666666666667,Geothermal,0.28400369007356957,0.05126684796830644,0.0076900271952459655,15.380054390491932,1.1055000000000001,2050s,ssp585
24,HDH,4.666666666666667,Geothermal,0.28241386283210695,0.049677020726843796,0.007451553109026569,14.90310621805314,1.06128,2050s,ssp585
23,HDH,4.4,Geothermal,0.28083200015820126,0.048095158052938104,0.007214273707940715,14.42854741588143,1.01706,2050s,ssp585
22,HDH,11.0,Geothermal,0.2792580423511775,0.04652120024591432,0.006978180036887148,13.956360073774297,0.97284,2050s,ssp585
21,HDH,12.166666666666666,Geothermal,0.2776919303055445,0.04495508820028137,0.006743263230042206,13.486526460084411,0.92862,2050s,ssp585
20,HDH,28.166666666666668,Geothermal,0.2761336055035968,0.043396763398333614,0.006509514509750042,13.019029019500085,0.8844000000000001,2050s,ssp585
19,HDH,46.5,Geothermal,0.27458301000812535,0.04184616790286213,0.0062769251854293195,12.553850370858639,0.84018,2050s,ssp585
18,HDH,91.66666666666667,Geothermal,0.2730400864552376,0.04030324434997445,0.0060454866524961666,12.090973304992334,0.79596,2050s,ssp585
17,HDH,126.16666666666667,Geothermal,0.2715047780472837,0.03876793594202052,0.005815190391303078,11.630380782606156,0.7517400000000001,2050s,ssp585
16,HDH,187.5,Geothermal,0.26997702854588623,0.037240186440623074,0.005586027966093461,11.172055932186922,0.70752,2050s,ssp585
15,HDH,322.3333333333333,Geothermal,0.26845678226507397,0.035719940159810795,0.005357991023971619,10.715982047943239,0.6633,2050s,ssp585
14,HDH,489.8333333333333,Geothermal,0.2669439840645155,0.03420714195925235,0.005131071293887852,10.262142587775704,0.6190800000000001,2050s,ssp585
13,HDH,650.1666666666666,Geothermal,0.2654385793428528,0.03270173723758967,0.004905260585638451,9.810521171276902,0.57486,2050s,ssp585
12,HDH,931.5,Geothermal,0.24819569968545666,0.0293422827292173,0.004401342409382595,8.80268481876519,0.53064,2050s,ssp585
11,HDH,1378.5,Geothermal,0.0,0.0,0.0,0.0,0.48642,2050s,ssp585
10,HDH,1877.6666666666667,Geothermal,0.0,0.0,0.0,0.0,0.44220000000000004,2050s,ssp585
9,HDH,2302.1666666666665,Geothermal,0.0,0.0,0.0,0.0,0.39798,2050s,ssp585
8,HDH,2715.0,Geothermal,0.0,0.0,0.0,0.0,0.35376,2050s,ssp585
7,HDH,3156.1666666666665,Geothermal,0.0,0.0,0.0,0.0,0.30954000000000004,2050s,ssp585
6,HDH,3569.0,Geothermal,0.0,0.0,0.0,0.0,0.26532,2050s,ssp585
5,HDH,3957.5,Geothermal,0.0,0.0,0.0,0.0,0.22110000000000002,2050s,ssp585
4,HDH,4289.5,Geothermal,0.0,0.0,0.0,0.0,0.17688,2050s,ssp585
3,HDH,4398.833333333333,Geothermal,0.0,0.0,0.0,0.0,0.13266,2050s,ssp585
2,HDH,4338.833333333333,Geothermal,0.0,0.0,0.0,0.0,0.08844,2050s,ssp585
1,HDH,4305.5,Geothermal,0.0,0.0,0.0,0.0,0.04422,2050s,ssp585
27,HDH,1.0,Boiler,0.27012954078990126,0.3001439342110014,0.06002878684220028,15.007196710550069,1.19394,2050s,ssp585
26,HDH,2.5,Boiler,0.2701295407899012,0.30014393421100133,0.06002878684220027,15.007196710550067,1.14972,2050s,ssp585
25,HDH,4.666666666666667,Boiler,0.2701295407899012,0.30014393421100133,0.06002878684220027,15.007196710550067,1.1055000000000001,2050s,ssp585
24,HDH,4.666666666666667,Boiler,0.2701295407899012,0.30014393421100133,0.06002878684220027,15.007196710550067,1.06128,2050s,ssp585
23,HDH,4.4,Boiler,0.2701295407899012,0.30014393421100133,0.06002878684220027,15.007196710550067,1.01706,2050s,ssp585
22,HDH,11.0,Boiler,0.2701295407899012,0.30014393421100133,0.06002878684220027,15.007196710550067,0.97284,2050s,ssp585
21,HDH,12.166666666666666,Boiler,0.2701295407899012,0.30014393421100133,0.06002878684220027,15.007196710550067,0.92862,2050s,ssp585
20,HDH,28.166666666666668,Boiler,0.2701295407899012,0.30014393421100133,0.06002878684220027,15.007196710550067,0.8844000000000001,2050s,ssp585
19,HDH,46.5,Boiler,0.2701295407899012,0.30014393421100133,0.06002878684220027,15.007196710550067,0.84018,2050s,ssp585
18,HDH,91.66666666666667,Boiler,0.2701295407899012,0.30014393421100133,0.06002878684220027,15.007196710550067,0.79596,2050s,ssp585
17,HDH,126.16666666666667,Boiler,0.2701295407899012,0.30014393421100133,0.06002878684220027,15.007196710550067,0.7517400000000001,2050s,ssp585
16,HDH,187.5,Boiler,0.2701295407899012,0.30014393421100133,0.06002878684220027,15.007196710550067,0.70752,2050s,ssp585
15,HDH,322.3333333333333,Boiler,0.2701295407899012,0.30014393421100133,0.06002878684220027,15.007196710550067,0.6633,2050s,ssp585
14,HDH,489.8333333333333,Boiler,0.2701295407899012,0.30014393421100133,0.06002878684220027,15.007196710550067,0.6190800000000001,2050s,ssp585
13,HDH,650.1666666666666,Boiler,0.2701295407899012,0.30014393421100133,0.06002878684220027,15.007196710550067,0.57486,2050s,ssp585
12,HDH,931.5,Boiler,0.0,0.0,0.0,0.0,0.53064,2050s,ssp585
11,HDH,1378.5,Boiler,0.0,0.0,0.0,0.0,0.48642,2050s,ssp585
10,HDH,1877.6666666666667,Boiler,0.0,0.0,0.0,0.0,0.44220000000000004,2050s,ssp585
9,HDH,2302.1666666666665,Boiler,0.0,0.0,0.0,0.0,0.39798,2050s,ssp585
8,HDH,2715.0,Boiler,0.0,0.0,0.0,0.0,0.35376,2050s,ssp585
7,HDH,3156.1666666666665,Boiler,0.0,0.0,0.0,0.0,0.30954000000000004,2050s,ssp585
6,HDH,3569.0,Boiler,0.0,0.0,0.0,0.0,0.26532,2050s,ssp585
5,HDH,3957.5,Boiler,0.0,0.0,0.0,0.0,0.22110000000000002,2050s,ssp585
4,HDH,4289.5,Boiler,0.0,0.0,0.0,0.0,0.17688,2050s,ssp585
3,HDH,4398.833333333333,Boiler,0.0,0.0,0.0,0.0,0.13266,2050s,ssp585
2,HDH,4338.833333333333,Boiler,0.0,0.0,0.0,0.0,0.08844,2050s,ssp585
1,HDH,4305.5,Boiler,0.0,0.0,0.0,0.0,0.04422,2050s,ssp585
27,HDH,1.0,HeatPump,0.6366029791271347,0.20883997469955726,0.031325996204933586,62.65199240986718,1.19394,2050s,ssp585
26,HDH,2.5,HeatPump,0.5939889170241399,0.189353246210585,0.02840298693158775,56.8059738631755,1.14972,2050s,ssp585
25,HDH,4.666666666666667,HeatPump,0.5513667691365294,0.17062254963222326,0.025593382444833487,51.186764889666975,1.1055000000000001,2050s,ssp585
24,HDH,4.666666666666667,HeatPump,0.508736596377992,0.1526551947329067,0.022898279209936003,45.796558419872014,1.06128,2050s,ssp585
23,HDH,4.4,HeatPump,0.4660984590518977,0.13545857961962882,0.02031878694294432,40.63757388588864,1.01706,2050s,ssp585
22,HDH,11.0,HeatPump,0.42345241685892127,0.1190401921515006,0.01785602882272509,35.71205764545018,0.97284,2050s,ssp585
21,HDH,12.166666666666666,HeatPump,0.3807985289045543,0.1034076113793766,0.015511141706906489,31.02228341381298,0.92862,2050s,ssp585
20,HDH,28.166666666666668,HeatPump,0.3381368537065021,0.08856850901212796,0.013285276351819192,26.570552703638388,0.8844000000000001,2050s,ssp585
19,HDH,46.5,HeatPump,0.2954674492019735,0.074530650910162,0.0111795976365243,22.359195273048602,0.84018,2050s,ssp585
18,HDH,91.66666666666667,HeatPump,0.2527903727548612,0.06130189860679855,0.009195284791019782,18.390569582039564,0.79596,2050s,ssp585
17,HDH,126.16666666666667,HeatPump,0.2101056811628152,0.04889021085813036,0.007333531628719554,14.667063257439109,0.7517400000000001,2050s,ssp585
16,HDH,187.5,HeatPump,0.1674134306642126,0.03730364522201141,0.0055955467833017115,11.191093566603424,0.70752,2050s,ssp585
15,HDH,322.3333333333333,HeatPump,0.12471367694502483,0.026550359666831624,0.0039825539500247436,7.965107900049487,0.6633,2050s,ssp585
14,HDH,489.8333333333333,HeatPump,0.08200647514558335,0.016638614210754268,0.0024957921316131402,4.99158426322628,0.6190800000000001,2050s,ssp585
13,HDH,650.1666666666666,HeatPump,0.03929187986724603,0.007576772592109151,0.0011365158888163725,2.2730317776327453,0.57486,2050s,ssp585
12,HDH,931.5,HeatPump,0.2824443003145434,0.05160463329944906,0.007740694994917359,15.481389989834717,0.53064,2050s,ssp585
11,HDH,1378.5,HeatPump,0.48642,0.08391525149603754,0.01258728772440563,25.17457544881126,0.48642,2050s,ssp585
10,HDH,1877.6666666666667,HeatPump,0.44220000000000004,0.0717507707285413,0.010762615609281195,21.52523121856239,0.44220000000000004,2050s,ssp585
9,HDH,2302.1666666666665,HeatPump,0.39798,0.06046687286342178,0.009070030929513266,18.140061859026535,0.39798,2050s,ssp585
8,HDH,2715.0,HeatPump,0.35376,0.05007218683651806,0.007510828025477709,15.021656050955418,0.35376,2050s,ssp585
7,HDH,3156.1666666666665,HeatPump,0.30954000000000004,0.040575454694412594,0.006086318204161889,12.172636408323779,0.30954000000000004,2050s,ssp585
6,HDH,3569.0,HeatPump,0.26532,0.03198553345388788,0.004797830018083182,9.595660036166365,0.26532,2050s,ssp585
5,HDH,3957.5,HeatPump,0.22110000000000002,0.024311396998185717,0.0036467095497278576,7.293419099455715,0.22110000000000002,2050s,ssp585
4,HDH,4289.5,HeatPump,0.17688,0.01756213801092173,0.0026343207016382595,5.268641403276519,0.17688,2050s,ssp585
3,HDH,4398.833333333333,HeatPump,0.13266,0.011746969948530635,0.0017620454922795952,3.524090984559191,0.13266,2050s,ssp585
2,HDH,4338.833333333333,HeatPump,0.08844,0.0068752290521405975,0.0010312843578210895,2.062568715642179,0.08844,2050s,ssp585
1,HDH,4305.5,HeatPump,0.04422,0.0029563763997994324,0.00044345645996991486,0.8869129199398297,0.04422,2050s,ssp585
27,HDH,1.0,BTES,0.23273684210526316,0.0,0.0,0.0,1.19394,2050s,ssp585
26,HDH,2.5,BTES,0.23273684210526316,0.0,0.0,0.0,1.14972,2050s,ssp585
25,HDH,4.666666666666667,BTES,0.23273684210526316,0.0,0.0,0.0,1.1055000000000001,2050s,ssp585
24,HDH,4.666666666666667,BTES,0.23273684210526316,0.0,0.0,0.0,1.06128,2050s,ssp585
23,HDH,4.4,BTES,0.23273684210526316,0.0,0.0,0.0,1.01706,2050s,ssp585
22,HDH,11.0,BTES,0.23273684210526316,0.0,0.0,0.0,0.97284,2050s,ssp585
21,HDH,12.166666666666666,BTES,0.23273684210526316,0.0,0.0,0.0,0.92862,2050s,ssp585
20,HDH,28.166666666666668,BTES,0.23273684210526316,0.0,0.0,0.0,0.8844000000000001,2050s,ssp585
19,HDH,46.5,BTES,0.23273684210526316,0.0,0.0,0.0,0.84018,2050s,ssp585
18,HDH,91.66666666666667,BTES,0.23273684210526316,0.0,0.0,0.0,0.79596,2050s,ssp585
17,HDH,126.16666666666667,BTES,0.23273684210526316,0.0,0.0,0.0,0.7517400000000001,2050s,ssp585
16,HDH,187.5,BTES,0.23273684210526316,0.0,0.0,0.0,0.70752,2050s,ssp585
15,HDH,322.3333333333333,BTES,0.23273684210526316,0.0,0.0,0.0,0.6633,2050s,ssp585
14,HDH,489.8333333333333,BTES,0.23273684210526316,0.0,0.0,0.0,0.6190800000000001,2050s,ssp585
13,HDH,650.1666666666666,BTES,0.23273684210526316,0.0,0.0,0.0,0.57486,2050s,ssp585
12,HDH,931.5,BTES,0.21885341695623936,0.0,0.0,0.0,0.53064,2050s,ssp585
11,HDH,1378.5,BTES,0.0,0.0,0.0,0.0,0.48642,2050s,ssp585
10,HDH,1877.6666666666667,BTES,0.0,0.0,0.0,0.0,0.44220000000000004,2050s,ssp585
9,HDH,2302.1666666666665,BTES,0.0,0.0,0.0,0.0,0.39798,2050s,ssp585
8,HDH,2715.0,BTES,0.0,0.0,0.0,0.0,0.35376,2050s,ssp585
7,HDH,3156.1666666666665,BTES,0.0,0.0,0.0,0.0,0.30954000000000004,2050s,ssp585
6,HDH,3569.0,BTES,0.0,0.0,0.0,0.0,0.26532,2050s,ssp585
5,HDH,3957.5,BTES,0.0,0.0,0.0,0.0,0.22110000000000002,2050s,ssp585
4,HDH,4289.5,BTES,0.0,0.0,0.0,0.0,0.17688,2050s,ssp585
3,HDH,4398.833333333333,BTES,0.0,0.0,0.0,0.0,0.13266,2050s,ssp585
2,HDH,4338.833333333333,BTES,0.0,0.0,0.0,0.0,0.08844,2050s,ssp585
1,HDH,4305.5,BTES,0.0,0.0,0.0,0.0,0.04422,2050s,ssp585
27,HDH,1.0,unmet_demand,0.0,0.0,0.0,0.0,1.19394,2050s,ssp585
26,HDH,2.5,unmet_demand,0.0,0.0,0.0,0.0,1.14972,2050s,ssp585
25,HDH,4.666666666666667,unmet_demand,0.0,0.0,0.0,0.0,1.1055000000000001,2050s,ssp585
24,HDH,4.666666666666667,unmet_demand,0.0,0.0,0.0,0.0,1.06128,2050s,ssp585
23,HDH,4.4,unmet_demand,0.0,0.0,0.0,0.0,1.01706,2050s,ssp585
22,HDH,11.0,unmet_demand,0.0,0.0,0.0,0.0,0.97284,2050s,ssp585
21,HDH,12.166666666666666,unmet_demand,0.0,0.0,0.0,0.0,0.92862,2050s,ssp585
20,HDH,28.166666666666668,unmet_demand,0.0,0.0,0.0,0.0,0.8844000000000001,2050s,ssp585
19,HDH,46.5,unmet_demand,0.0,0.0,0.0,0.0,0.84018,2050s,ssp585
18,HDH,91.66666666666667,unmet_demand,0.0,0.0,0.0,0.0,0.79596,2050s,ssp585
17,HDH,126.16666666666667,unmet_demand,0.0,0.0,0.0,0.0,0.7517400000000001,2050s,ssp585
16,HDH,187.5,unmet_demand,0.0,0.0,0.0,0.0,0.70752,2050s,ssp585
15,HDH,322.3333333333333,unmet_demand,0.0,0.0,0.0,0.0,0.6633,2050s,ssp585
14,HDH,489.8333333333333,unmet_demand,0.0,0.0,0.0,0.0,0.6190800000000001,2050s,ssp585
13,HDH,650.1666666666666,unmet_demand,0.0,0.0,0.0,0.0,0.57486,2050s,ssp585
12,HDH,931.5,unmet_demand,0.0,0.0,0.0,0.0,0.53064,2050s,ssp585
11,HDH,1378.5,unmet_demand,0.0,0.0,0.0,0.0,0.48642,2050s,ssp585
10,HDH,1877.6666666666667,unmet_demand,0.0,0.0,0.0,0.0,0.44220000000000004,2050s,ssp585
9,HDH,2302.1666666666665,unmet_demand,0.0,0.0,0.0,0.0,0.39798,2050s,ssp585
8,HDH,2715.0,unmet_demand,0.0,0.0,0.0,0.0,0.35376,2050s,ssp585
7,HDH,3156.1666666666665,unmet_demand,0.0,0.0,0.0,0.0,0.30954000000000004,2050s,ssp585
6,HDH,3569.0,unmet_demand,0.0,0.0,0.0,0.0,0.26532,2050s,ssp585
5,HDH,3957.5,unmet_demand,0.0,0.0,0.0,0.0,0.22110000000000002,2050s,ssp585
4,HDH,4289.5,unmet_demand,0.0,0.0,0.0,0.0,0.17688,2050s,ssp585
3,HDH,4398.833333333333,unmet_demand,0.0,0.0,0.0,0.0,0.13266,2050s,ssp585
2,HDH,4338.833333333333,unmet_demand,0.0,0.0,0.0,0.0,0.08844,2050s,ssp585
1,HDH,4305.5,unmet_demand,0.0,0.0,0.0,0.0,0.04422,2050s,ssp585
33,HDH,1.0,Geothermal,0.16450862414185527,0.035602550898886594,0.0053403826348329885,11.370129523352269,1.45926,2060s,ssp126
32,HDH,1.0,Geothermal,0.16791688827524867,0.035602550898886594,0.0053403826348329885,11.370129523352269,1.41504,2060s,ssp126
31,HDH,1.0,Geothermal,0.1714914091956369,0.035602550898886594,0.0053403826348329885,11.370129523352269,1.3708200000000001,2060s,ssp126
30,HDH,1.5,Geothermal,0.17524465616204452,0.03560255089888659,0.005340382634832988,11.370129523352267,1.3266,2060s,ssp126
29,HDH,2.6666666666666665,Geothermal,0.17426631599024264,0.03462421072708474,0.0051936316090627115,11.057684089234971,1.28238,2060s,ssp126
28,HDH,3.0,Geothermal,0.1732929391778006,0.033650833914642665,0.0050476250871963994,10.746823767346063,1.2381600000000001,2060s,ssp126
27,HDH,8.5,Geothermal,0.17232448804977846,0.032682382786620556,0.004902357417993083,10.437536525712138,1.19394,2060s,ssp126
26,HDH,6.166666666666667,Geothermal,0.17136092531157537,0.031718820048417466,0.00475782300726262,10.129810453825876,1.14972,2060s,ssp126
25,HDH,8.333333333333334,Geothermal,0.17040221404414174,0.030760108780983866,0.004614016317147579,9.823633761117092,1.1055000000000001,2060s,ssp126
24,HDH,21.0,Geothermal,0.16944831769926416,0.029806212436106275,0.004470931865415941,9.518994775446835,1.06128,2060s,ssp126
23,HDH,21.5,Geothermal,0.16849920009492075,0.028857094831762863,0.004328564224764429,9.215881941624136,1.01706,2060s,ssp126
22,HDH,30.666666666666668,Geothermal,0.16755482541070651,0.027912720147548593,0.004186908022132289,8.914283819944968,0.97284,2060s,ssp126
21,HDH,59.333333333333336,Geothermal,0.16661515818332673,0.026973052920168827,0.004045957938025324,8.614189084753075,0.92862,2060s,ssp126
20,HDH,95.0,Geothermal,0.16568016330215807,0.02603805803900017,0.0039057087058500255,8.315586523022269,0.8844000000000001,2060s,ssp126
19,HDH,128.5,Geothermal,0.1647498060048752,0.025107700741717278,0.0037661551112575914,8.018465032959789,0.84018,2060s,ssp126
18,HDH,176.5,Geothermal,0.16382405187314258,0.024181946609984673,0.0036272919914977007,7.722813622630441,0.79596,2060s,ssp126
17,HDH,221.0,Geothermal,0.1629028668283702,0.023260761565212316,0.0034891142347818474,7.428621408601072,0.7517400000000001,2060s,ssp126
16,HDH,336.1666666666667,Geothermal,0.16198621712753172,0.022344111864373843,0.003351616779656076,7.135877614605078,0.70752,2060s,ssp126
15,HDH,463.5,Geothermal,0.1610740693590444,0.021431964095886477,0.0032147946143829716,6.8445715702265995,0.6633,2060s,ssp126
14,HDH,658.8333333333334,Geothermal,0.1601663904387093,0.02052428517555141,0.0030786427763327116,6.554692709604031,0.6190800000000001,2060s,ssp126
13,HDH,900.5,Geothermal,0.08988274234931691,0.011073453714897903,0.0016610180572346855,3.536448929370761,0.57486,2060s,ssp126
12,HDH,1134.0,Geothermal,0.0,0.0,0.0,0.0,0.53064,2060s,ssp126
11,HDH,1578.0,Geothermal,0.0,0.0,0.0,0.0,0.48642,2060s,ssp126
10,HDH,2162.3333333333335,Geothermal,0.0,0.0,0.0,0.0,0.44220000000000004,2060s,ssp126
9,HDH,2567.5,Geothermal,0.0,0.0,0.0,0.0,0.39798,2060s,ssp126
8,HDH,2872.6666666666665,Geothermal,0.0,0.0,0.0,0.0,0.35376,2060s,ssp126
7,HDH,3214.8333333333335,Geothermal,0.0,0.0,0.0,0.0,0.30954000000000004,2060s,ssp126
6,HDH,3545.8333333333335,Geothermal,0.0,0.0,0.0,0.0,0.26532,2060s,ssp126
5,HDH,3985.6666666666665,Geothermal,0.0,0.0,0.0,0.0,0.22110000000000002,2060s,ssp126
4,HDH,4242.166666666667,Geothermal,0.0,0.0,0.0,0.0,0.17688,2060s,ssp126
3,HDH,4246.166666666667,Geothermal,0.0,0.0,0.0,0.0,0.13266,2060s,ssp126
2,HDH,4286.833333333333,Geothermal,0.0,0.0,0.0,0.0,0.08844,2060s,ssp126
1,HDH,4212.666666666667,Geothermal,0.0,0.0,0.0,0.0,0.04422,2060s,ssp126
33,HDH,1.0,Boiler,0.8638619669529204,0.9598466299476893,0.19196932598953786,72.77272649722264,1.45926,2060s,ssp126
32,HDH,1.0,Boiler,0.8638619669529203,0.9598466299476892,0.19196932598953786,72.77272649722264,1.41504,2060s,ssp126
31,HDH,1.0,Boiler,0.8638619669529203,0.9598466299476892,0.19196932598953786,72.77272649722264,1.3708200000000001,2060s,ssp126
30,HDH,1.5,Boiler,0.8638619669529203,0.9598466299476892,0.19196932598953786,72.77272649722264,1.3266,2060s,ssp126
29,HDH,2.6666666666666665,Boiler,0.8638619669529203,0.9598466299476892,0.19196932598953786,72.77272649722264,1.28238,2060s,ssp126
28,HDH,3.0,Boiler,0.8638619669529203,0.9598466299476892,0.19196932598953786,72.77272649722264,1.2381600000000001,2060s,ssp126
27,HDH,8.5,Boiler,0.8638619669529203,0.9598466299476892,0.19196932598953786,72.77272649722264,1.19394,2060s,ssp126
26,HDH,6.166666666666667,Boiler,0.8638619669529203,0.9598466299476892,0.19196932598953786,72.77272649722264,1.14972,2060s,ssp126
25,HDH,8.333333333333334,Boiler,0.8638619669529203,0.9598466299476892,0.19196932598953786,72.77272649722264,1.1055000000000001,2060s,ssp126
24,HDH,21.0,Boiler,0.8638619669529203,0.9598466299476892,0.19196932598953786,72.77272649722264,1.06128,2060s,ssp126
23,HDH,21.5,Boiler,0.8485607999050793,0.9428453332278658,0.18856906664557316,71.4837385717691,1.01706,2060s,ssp126
22,HDH,30.666666666666668,Boiler,0.8052851745892935,0.8947613050992149,0.178952261019843,67.83815008011416,0.97284,2060s,ssp126
21,HDH,59.333333333333336,Boiler,0.7620048418166733,0.8466720464629702,0.16933440929259405,64.1921650268767,0.92862,2060s,ssp126
20,HDH,95.0,Boiler,0.089479469874168,0.09942163319351999,0.019884326638704,7.5378535430119,0.8844000000000001,2060s,ssp126
19,HDH,128.5,Boiler,0.022031697681383133,0.024479664090425703,0.004895932818085141,1.855975573611713,0.84018,2060s,ssp126
18,HDH,176.5,Boiler,0.0,0.0,0.0,0.0,0.79596,2060s,ssp126
17,HDH,221.0,Boiler,0.0,0.0,0.0,0.0,0.7517400000000001,2060s,ssp126
16,HDH,336.1666666666667,Boiler,0.0,0.0,0.0,0.0,0.70752,2060s,ssp126
15,HDH,463.5,Boiler,0.0,0.0,0.0,0.0,0.6633,2060s,ssp126
14,HDH,658.8333333333334,Boiler,0.0,0.0,0.0,0.0,0.6190800000000001,2060s,ssp126
13,HDH,900.5,Boiler,0.0,0.0,0.0,0.0,0.57486,2060s,ssp126
12,HDH,1134.0,Boiler,0.0,0.0,0.0,0.0,0.53064,2060s,ssp126
11,HDH,1578.0,Boiler,0.0,0.0,0.0,0.0,0.48642,2060s,ssp126
10,HDH,2162.3333333333335,Boiler,0.0,0.0,0.0,0.0,0.44220000000000004,2060s,ssp126
9,HDH,2567.5,Boiler,0.0,0.0,0.0,0.0,0.39798,2060s,ssp126
8,HDH,2872.6666666666665,Boiler,0.0,0.0,0.0,0.0,0.35376,2060s,ssp126
7,HDH,3214.8333333333335,Boiler,0.0,0.0,0.0,0.0,0.30954000000000004,2060s,ssp126
6,HDH,3545.8333333333335,Boiler,0.0,0.0,0.0,0.0,0.26532,2060s,ssp126
5,HDH,3985.6666666666665,Boiler,0.0,0.0,0.0,0.0,0.22110000000000002,2060s,ssp126
4,HDH,4242.166666666667,Boiler,0.0,0.0,0.0,0.0,0.17688,2060s,ssp126
3,HDH,4246.166666666667,Boiler,0.0,0.0,0.0,0.0,0.13266,2060s,ssp126
2,HDH,4286.833333333333,Boiler,0.0,0.0,0.0,0.0,0.08844,2060s,ssp126
1,HDH,4212.666666666667,Boiler,0.0,0.0,0.0,0.0,0.04422,2060s,ssp126
33,HDH,1.0,HeatPump,0.43088940890522437,0.1648175302068401,0.024722629531026014,52.63658414513783,1.45926,2060s,ssp126
32,HDH,1.0,HeatPump,0.38326114477183115,0.14317393464140296,0.021476090196210443,45.72442536109495,1.41504,2060s,ssp126
31,HDH,1.0,HeatPump,0.3354666238514429,0.12230288580335151,0.018345432870502727,39.058989245272215,1.3708200000000001,2060s,ssp126
30,HDH,1.5,HeatPump,0.2874933768850353,0.10221207974987287,0.015331811962480929,32.642733631864864,1.3266,2060s,ssp126
29,HDH,2.6666666666666665,HeatPump,0.24425171705683713,0.08461519567917329,0.012692279351875993,27.022943868499183,1.28238,2060s,ssp126
28,HDH,3.0,HeatPump,0.20100509386927923,0.06779261176029655,0.010168891764044482,21.650436751851164,1.2381600000000001,2060s,ssp126
27,HDH,8.5,HeatPump,0.1577535449973012,0.05175163708968824,0.007762745563453235,16.527546535259034,1.19394,2060s,ssp126
26,HDH,6.166666666666667,HeatPump,0.11449710773550442,0.03649966928685935,0.005474950393028902,11.65663574303301,1.14972,2060s,ssp126
25,HDH,8.333333333333334,HeatPump,0.07123581900293813,0.022044195885173493,0.0033066293827760237,7.04009561462098,1.1055000000000001,2060s,ssp126
24,HDH,21.0,HeatPump,0.02796971534781556,0.00839279574821927,0.0012589193622328904,2.6803465569450986,1.06128,2060s,ssp126
23,HDH,21.5,HeatPump,0.0,0.0,0.0,0.0,1.01706,2060s,ssp126
22,HDH,30.666666666666668,HeatPump,0.0,0.0,0.0,0.0,0.97284,2060s,ssp126
21,HDH,59.333333333333336,HeatPump,0.0,0.0,0.0,0.0,0.92862,2060s,ssp126
20,HDH,95.0,HeatPump,0.629240366823674,0.1648175302068401,0.024722629531026014,52.63658414513783,0.8844000000000001,2060s,ssp126
19,HDH,128.5,HeatPump,0.6533984963137417,0.1648175302068401,0.024722629531026014,52.63658414513783,0.84018,2060s,ssp126
18,HDH,176.5,HeatPump,0.6321359481268574,0.1532935506027489,0.022994032590412335,48.956254016683914,0.79596,2060s,ssp126
17,HDH,221.0,HeatPump,0.5888371331716299,0.13701853011556253,0.02055277951733438,43.75861827816418,0.7517400000000001,2060s,ssp126
16,HDH,336.1666666666667,HeatPump,0.5455337828724683,0.12155774248312204,0.018233661372468304,38.82101820526073,0.70752,2060s,ssp126
15,HDH,463.5,HeatPump,0.5022259306409556,0.10691914005874834,0.016037871008812248,34.14599348361381,0.6633,2060s,ssp126
14,HDH,658.8333333333334,HeatPump,0.4589136095612908,0.09311077560643413,0.01396661634096512,29.736115866294664,0.6190800000000001,2060s,ssp126
13,HDH,900.5,HeatPump,0.4849772576506831,0.0935196383064149,0.014027945745962235,29.86669139357224,0.57486,2060s,ssp126
12,HDH,1134.0,HeatPump,0.53064,0.09695179751733034,0.01454276962759955,30.962795290276322,0.53064,2060s,ssp126
11,HDH,1578.0,HeatPump,0.48642,0.08391525149603754,0.01258728772440563,26.799407750427953,0.48642,2060s,ssp126
10,HDH,2162.3333333333335,HeatPump,0.44220000000000004,0.0717507707285413,0.010762615609281195,22.914525391757262,0.44220000000000004,2060s,ssp126
9,HDH,2567.5,HeatPump,0.39798,0.06046687286342178,0.009070030929513266,19.310868434168324,0.39798,2060s,ssp126
8,HDH,2872.6666666666665,HeatPump,0.35376,0.05007218683651806,0.007510828025477709,15.991192638573253,0.35376,2060s,ssp126
7,HDH,3214.8333333333335,HeatPump,0.30954000000000004,0.040575454694412594,0.006086318204161889,12.958289889245291,0.30954000000000004,2060s,ssp126
6,HDH,3545.8333333333335,HeatPump,0.26532,0.03198553345388788,0.004797830018083182,10.214988787660035,0.26532,2060s,ssp126
5,HDH,3985.6666666666665,HeatPump,0.22110000000000002,0.024311396998185717,0.0036467095497278576,7.764155258090055,0.22110000000000002,2060s,ssp126
4,HDH,4242.166666666667,HeatPump,0.17688,0.01756213801092173,0.0026343207016382595,5.60869316522522,0.17688,2060s,ssp126
3,HDH,4246.166666666667,HeatPump,0.13266,0.011746969948530635,0.0017620454922795952,3.7515449440982906,0.13266,2060s,ssp126
2,HDH,4286.833333333333,HeatPump,0.08844,0.0068752290521405975,0.0010312843578210895,2.195692242602699,0.08844,2060s,ssp126
1,HDH,4212.666666666667,HeatPump,0.04422,0.0029563763997994324,0.00044345645996991486,0.944156576897209,0.04422,2060s,ssp126
33,HDH,1.0,BTES,0.12890607324296868,0.0,0.0,0.0,1.45926,2060s,ssp126
32,HDH,1.0,BTES,0.13231433737636208,0.0,0.0,0.0,1.41504,2060s,ssp126
31,HDH,1.0,BTES,0.13588885829675032,0.0,0.0,0.0,1.3708200000000001,2060s,ssp126
30,HDH,1.5,BTES,0.1396421052631579,0.0,0.0,0.0,1.3266,2060s,ssp126
29,HDH,2.6666666666666665,BTES,0.1396421052631579,0.0,0.0,0.0,1.28238,2060s,ssp126
28,HDH,3.0,BTES,0.1396421052631579,0.0,0.0,0.0,1.2381600000000001,2060s,ssp126
27,HDH,8.5,BTES,0.1396421052631579,0.0,0.0,0.0,1.19394,2060s,ssp126
26,HDH,6.166666666666667,BTES,0.1396421052631579,0.0,0.0,0.0,1.14972,2060s,ssp126
25,HDH,8.333333333333334,BTES,0.1396421052631579,0.0,0.0,0.0,1.1055000000000001,2060s,ssp126
24,HDH,21.0,BTES,0.1396421052631579,0.0,0.0,0.0,1.06128,2060s,ssp126
23,HDH,21.5,BTES,0.1396421052631579,0.0,0.0,0.0,1.01706,2060s,ssp126
22,HDH,30.666666666666668,BTES,0.1396421052631579,0.0,0.0,0.0,0.97284,2060s,ssp126
21,HDH,59.333333333333336,BTES,0.1396421052631579,0.0,0.0,0.0,0.92862,2060s,ssp126
20,HDH,95.0,BTES,0.1396421052631579,0.0,0.0,0.0,0.8844000000000001,2060s,ssp126
19,HDH,128.5,BTES,0.1396421052631579,0.0,0.0,0.0,0.84018,2060s,ssp126
18,HDH,176.5,BTES,0.1396421052631579,0.0,0.0,0.0,0.79596,2060s,ssp126
17,HDH,221.0,BTES,0.1396421052631579,0.0,0.0,0.0,0.7517400000000001,2060s,ssp126
16,HDH,336.1666666666667,BTES,0.1396421052631579,0.0,0.0,0.0,0.70752,2060s,ssp126
15,HDH,463.5,BTES,0.1396421052631579,0.0,0.0,0.0,0.6633,2060s,ssp126
14,HDH,658.8333333333334,BTES,0.1396421052631579,0.0,0.0,0.0,0.6190800000000001,2060s,ssp126
13,HDH,900.5,BTES,0.07880928863441901,0.0,0.0,0.0,0.57486,2060s,ssp126
12,HDH,1134.0,BTES,0.0,0.0,0.0,0.0,0.53064,2060s,ssp126
11,HDH,1578.0,BTES,0.0,0.0,0.0,0.0,0.48642,2060s,ssp126
10,HDH,2162.3333333333335,BTES,0.0,0.0,0.0,0.0,0.44220000000000004,2060s,ssp126
9,HDH,2567.5,BTES,0.0,0.0,0.0,0.0,0.39798,2060s,ssp126
8,HDH,2872.6666666666665,BTES,0.0,0.0,0.0,0.0,0.35376,2060s,ssp126
7,HDH,3214.8333333333335,BTES,0.0,0.0,0.0,0.0,0.30954000000000004,2060s,ssp126
6,HDH,3545.8333333333335,BTES,0.0,0.0,0.0,0.0,0.26532,2060s,ssp126
5,HDH,3985.6666666666665,BTES,0.0,0.0,0.0,0.0,0.22110000000000002,2060s,ssp126
4,HDH,4242.166666666667,BTES,0.0,0.0,0.0,0.0,0.17688,2060s,ssp126
3,HDH,4246.166666666667,BTES,0.0,0.0,0.0,0.0,0.13266,2060s,ssp126
2,HDH,4286.833333333333,BTES,0.0,0.0,0.0,0.0,0.08844,2060s,ssp126
1,HDH,4212.666666666667,BTES,0.0,0.0,0.0,0.0,0.04422,2060s,ssp126
33,HDH,1.0,unmet_demand,0.0,0.0,0.0,0.0,1.45926,2060s,ssp126
32,HDH,1.0,unmet_demand,0.0,0.0,0.0,0.0,1.41504,2060s,ssp126
31,HDH,1.0,unmet_demand,0.0,0.0,0.0,0.0,1.3708200000000001,2060s,ssp126
30,HDH,1.5,unmet_demand,0.0,0.0,0.0,0.0,1.3266,2060s,ssp126
29,HDH,2.6666666666666665,unmet_demand,0.0,0.0,0.0,0.0,1.28238,2060s,ssp126
28,HDH,3.0,unmet_demand,0.0,0.0,0.0,0.0,1.2381600000000001,2060s,ssp126
27,HDH,8.5,unmet_demand,0.0,0.0,0.0,0.0,1.19394,2060s,ssp126
26,HDH,6.166666666666667,unmet_demand,0.0,0.0,0.0,0.0,1.14972,2060s,ssp126
25,HDH,8.333333333333334,unmet_demand,0.0,0.0,0.0,0.0,1.1055000000000001,2060s,ssp126
24,HDH,21.0,unmet_demand,0.0,0.0,0.0,0.0,1.06128,2060s,ssp126
23,HDH,21.5,unmet_demand,0.0,0.0,0.0,0.0,1.01706,2060s,ssp126
22,HDH,30.666666666666668,unmet_demand,0.0,0.0,0.0,0.0,0.97284,2060s,ssp126
21,HDH,59.333333333333336,unmet_demand,0.0,0.0,0.0,0.0,0.92862,2060s,ssp126
20,HDH,95.0,unmet_demand,0.0,0.0,0.0,0.0,0.8844000000000001,2060s,ssp126
19,HDH,128.5,unmet_demand,0.0,0.0,0.0,0.0,0.84018,2060s,ssp126
18,HDH,176.5,unmet_demand,0.0,0.0,0.0,0.0,0.79596,2060s,ssp126
17,HDH,221.0,unmet_demand,0.0,0.0,0.0,0.0,0.7517400000000001,2060s,ssp126
16,HDH,336.1666666666667,unmet_demand,0.0,0.0,0.0,0.0,0.70752,2060s,ssp126
15,HDH,463.5,unmet_demand,0.0,0.0,0.0,0.0,0.6633,2060s,ssp126
14,HDH,658.8333333333334,unmet_demand,0.0,0.0,0.0,0.0,0.6190800000000001,2060s,ssp126
13,HDH,900.5,unmet_demand,0.0,0.0,0.0,0.0,0.57486,2060s,ssp126
12,HDH,1134.0,unmet_demand,0.0,0.0,0.0,0.0,0.53064,2060s,ssp126
11,HDH,1578.0,unmet_demand,0.0,0.0,0.0,0.0,0.48642,2060s,ssp126
10,HDH,2162.3333333333335,unmet_demand,0.0,0.0,0.0,0.0,0.44220000000000004,2060s,ssp126
9,HDH,2567.5,unmet_demand,0.0,0.0,0.0,0.0,0.39798,2060s,ssp126
8,HDH,2872.6666666666665,unmet_demand,0.0,0.0,0.0,0.0,0.35376,2060s,ssp126
7,HDH,3214.8333333333335,unmet_demand,0.0,0.0,0.0,0.0,0.30954000000000004,2060s,ssp126
6,HDH,3545.8333333333335,unmet_demand,0.0,0.0,0.0,0.0,0.26532,2060s,ssp126
5,HDH,3985.6666666666665,unmet_demand,0.0,0.0,0.0,0.0,0.22110000000000002,2060s,ssp126
4,HDH,4242.166666666667,unmet_demand,0.0,0.0,0.0,0.0,0.17688,2060s,ssp126
3,HDH,4246.166666666667,unmet_demand,0.0,0.0,0.0,0.0,0.13266,2060s,ssp126
2,HDH,4286.833333333333,unmet_demand,0.0,0.0,0.0,0.0,0.08844,2060s,ssp126
1,HDH,4212.666666666667,unmet_demand,0.0,0.0,0.0,0.0,0.04422,2060s,ssp126
29,HDH,1.0,Geothermal,0.22582298082410962,0.044867778552856875,0.006730166782928531,13.6379283320033,1.28238,2060s,ssp245
28,HDH,1.0,Geothermal,0.2310572522370674,0.044867778552856875,0.006730166782928531,13.6379283320033,1.2381600000000001,2060s,ssp245
27,HDH,1.5,Geothermal,0.22976598406637125,0.04357651038216073,0.00653647655732411,13.245436808300937,1.19394,2060s,ssp245
26,HDH,2.5,Geothermal,0.22848123374876714,0.04229176006455662,0.006343764009683493,12.854926439365194,1.14972,2060s,ssp245
25,HDH,3.4,Geothermal,0.22720295205885566,0.041013478374645154,0.006152021756196773,12.466382262733239,1.1055000000000001,2060s,ssp245
24,HDH,9.333333333333334,Geothermal,0.22593109026568553,0.03974161658147503,0.005961242487221254,12.07978946623378,1.06128,2060s,ssp245
23,HDH,13.833333333333334,Geothermal,0.224665600126561,0.03847612644235048,0.005771418966352572,11.695133386104791,1.01706,2060s,ssp245
22,HDH,23.166666666666668,Geothermal,0.223406433880942,0.03721696019673145,0.005582544029509718,11.312399505139414,0.97284,2060s,ssp245
21,HDH,40.5,Geothermal,0.22215354424443562,0.0359640705602251,0.005394610584033765,10.93157345085964,0.92862,2060s,ssp245
20,HDH,58.0,Geothermal,0.2209068844028774,0.03471741071866689,0.0052076116078000325,10.552640993717185,0.8844000000000001,2060s,ssp245
19,HDH,89.5,Geothermal,0.21966640800650025,0.0334769343222897,0.005021540148343455,10.175588045321179,0.84018,2060s,ssp245
18,HDH,141.5,Geothermal,0.21843206916419008,0.03224259547997956,0.004836389321996934,9.800400656692112,0.79596,2060s,ssp245
17,HDH,213.5,Geothermal,0.21720382243782693,0.031014348753616416,0.004652152313042462,9.42706501654169,0.7517400000000001,2060s,ssp245
16,HDH,339.3333333333333,Geothermal,0.21598162283670896,0.029792149152498455,0.004468822372874768,9.055567449578048,0.70752,2060s,ssp245
15,HDH,452.0,Geothermal,0.21476542581205915,0.028575952127848633,0.0042863928191772946,8.685894414835975,0.6633,2060s,ssp245
14,HDH,639.0,Geothermal,0.2135551872516124,0.02736571356740188,0.004104857035110282,8.31803250403164,0.6190800000000001,2060s,ssp245
13,HDH,836.1666666666666,Geothermal,0.21235086347428225,0.02616138979007174,0.003924208468510761,7.951968439941484,0.57486,2060s,ssp245
12,HDH,1151.5,Geothermal,0.06203824329883848,0.007334307875621725,0.0011001461813432587,2.2293228771008002,0.53064,2060s,ssp245
11,HDH,1594.3333333333333,Geothermal,0.0,0.0,0.0,0.0,0.48642,2060s,ssp245
10,HDH,2160.0,Geothermal,0.0,0.0,0.0,0.0,0.44220000000000004,2060s,ssp245
9,HDH,2532.3333333333335,Geothermal,0.0,0.0,0.0,0.0,0.39798,2060s,ssp245
8,HDH,2859.5,Geothermal,0.0,0.0,0.0,0.0,0.35376,2060s,ssp245
7,HDH,3097.3333333333335,Geothermal,0.0,0.0,0.0,0.0,0.30954000000000004,2060s,ssp245
6,HDH,3416.1666666666665,Geothermal,0.0,0.0,0.0,0.0,0.26532,2060s,ssp245
5,HDH,3889.0,Geothermal,0.0,0.0,0.0,0.0,0.22110000000000002,2060s,ssp245
4,HDH,4163.0,Geothermal,0.0,0.0,0.0,0.0,0.17688,2060s,ssp245
3,HDH,4202.833333333333,Geothermal,0.0,0.0,0.0,0.0,0.13266,2060s,ssp245
2,HDH,4078.1666666666665,Geothermal,0.0,0.0,0.0,0.0,0.08844,2060s,ssp245
1,HDH,4042.8333333333335,Geothermal,0.0,0.0,0.0,0.0,0.04422,2060s,ssp245
29,HDH,1.0,Boiler,0.0,0.0,0.0,0.0,1.28238,2060s,ssp245
28,HDH,1.0,Boiler,0.0,0.0,0.0,0.0,1.2381600000000001,2060s,ssp245
27,HDH,1.5,Boiler,0.0,0.0,0.0,0.0,1.19394,2060s,ssp245
26,HDH,2.5,Boiler,0.0,0.0,0.0,0.0,1.14972,2060s,ssp245
25,HDH,3.4,Boiler,0.0,0.0,0.0,0.0,1.1055000000000001,2060s,ssp245
24,HDH,9.333333333333334,Boiler,0.0,0.0,0.0,0.0,1.06128,2060s,ssp245
23,HDH,13.833333333333334,Boiler,0.0,0.0,0.0,0.0,1.01706,2060s,ssp245
22,HDH,23.166666666666668,Boiler,0.0,0.0,0.0,0.0,0.97284,2060s,ssp245
21,HDH,40.5,Boiler,0.0,0.0,0.0,0.0,0.92862,2060s,ssp245
20,HDH,58.0,Boiler,0.0,0.0,0.0,0.0,0.8844000000000001,2060s,ssp245
19,HDH,89.5,Boiler,0.0,0.0,0.0,0.0,0.84018,2060s,ssp245
18,HDH,141.5,Boiler,0.0,0.0,0.0,0.0,0.79596,2060s,ssp245
17,HDH,213.5,Boiler,0.0,0.0,0.0,0.0,0.7517400000000001,2060s,ssp245
16,HDH,339.3333333333333,Boiler,0.0,0.0,0.0,0.0,0.70752,2060s,ssp245
15,HDH,452.0,Boiler,0.0,0.0,0.0,0.0,0.6633,2060s,ssp245
14,HDH,639.0,Boiler,0.0,0.0,0.0,0.0,0.6190800000000001,2060s,ssp245
13,HDH,836.1666666666666,Boiler,0.0,0.0,0.0,0.0,0.57486,2060s,ssp245
12,HDH,1151.5,Boiler,0.0,0.0,0.0,0.0,0.53064,2060s,ssp245
11,HDH,1594.3333333333333,Boiler,0.0,0.0,0.0,0.0,0.48642,2060s,ssp245
10,HDH,2160.0,Boiler,0.0,0.0,0.0,0.0,0.44220000000000004,2060s,ssp245
9,HDH,2532.3333333333335,Boiler,0.0,0.0,0.0,0.0,0.39798,2060s,ssp245
8,HDH,2859.5,Boiler,0.0,0.0,0.0,0.0,0.35376,2060s,ssp245
7,HDH,3097.3333333333335,Boiler,0.0,0.0,0.0,0.0,0.30954000000000004,2060s,ssp245
6,HDH,3416.1666666666665,Boiler,0.0,0.0,0.0,0.0,0.26532,2060s,ssp245
5,HDH,3889.0,Boiler,0.0,0.0,0.0,0.0,0.22110000000000002,2060s,ssp245
4,HDH,4163.0,Boiler,0.0,0.0,0.0,0.0,0.17688,2060s,ssp245
3,HDH,4202.833333333333,Boiler,0.0,0.0,0.0,0.0,0.13266,2060s,ssp245
2,HDH,4078.1666666666665,Boiler,0.0,0.0,0.0,0.0,0.08844,2060s,ssp245
1,HDH,4042.8333333333335,Boiler,0.0,0.0,0.0,0.0,0.04422,2060s,ssp245
29,HDH,1.0,HeatPump,1.0565570191758904,0.36601903970635563,0.054902855955953345,111.25448133750112,1.28238,2060s,ssp245
28,HDH,1.0,HeatPump,1.0071027477629326,0.3396636586046991,0.05094954879070487,103.24354765145752,1.2381600000000001,2060s,ssp245
27,HDH,1.5,HeatPump,0.9641740159336287,0.3163008714939374,0.0474451307240906,96.14223738986153,1.19394,2060s,ssp245
26,HDH,2.5,HeatPump,0.9212387662512329,0.29367475709587354,0.04405121356438103,89.26484482564119,1.14972,2060s,ssp245
25,HDH,3.4,HeatPump,0.8782970479411445,0.2717923713263638,0.04076885569895457,82.61351466214192,1.1055000000000001,2060s,ssp245
24,HDH,9.333333333333334,HeatPump,0.8353489097343145,0.2506608555258433,0.03759912832887649,76.1904175682087,1.06128,2060s,ssp245
23,HDH,13.833333333333334,HeatPump,0.7923943998734391,0.23028743781676578,0.03454311567251486,69.99775059079103,1.01706,2060s,ssp245
22,HDH,23.166666666666668,HeatPump,0.7494335661190581,0.21067943448606977,0.031601915172910465,64.03773757515472,0.97284,2060s,ssp245
21,HDH,40.5,HeatPump,0.7064664557555644,0.19184425139322864,0.028776637708984296,58.31262959287037,0.92862,2060s,ssp245
20,HDH,58.0,HeatPump,0.6634931155971227,0.17378938540445354,0.02606840781066803,52.82470537775096,0.8844000000000001,2060s,ssp245
19,HDH,89.5,HeatPump,0.6205135919934998,0.15652242585363388,0.02347836387804508,47.576271769916715,0.84018,2060s,ssp245
18,HDH,141.5,HeatPump,0.5775279308358099,0.14005105603061446,0.021007658404592167,42.569664168169126,0.79596,2060s,ssp245
17,HDH,213.5,HeatPump,0.5345361775621731,0.12438305469742249,0.018657458204613373,37.80724699086052,0.7517400000000001,2060s,ssp245
16,HDH,339.3333333333333,HeatPump,0.4915383771632911,0.10952629763307459,0.016428944644961186,33.29141414545081,0.70752,2060s,ssp245
15,HDH,452.0,HeatPump,0.44853457418794085,0.0954887592076089,0.014323313881141334,29.024589506947425,0.6633,2060s,ssp245
14,HDH,639.0,HeatPump,0.4055248127483877,0.08227851398600423,0.012341777097900635,25.00922740542965,0.6190800000000001,2060s,ssp245
13,HDH,836.1666666666666,HeatPump,0.3625091365257178,0.06990373836266454,0.010485560754399681,21.247813122863565,0.57486,2060s,ssp245
12,HDH,1151.5,HeatPump,0.4686017567011615,0.08561695807318767,0.012842543710978151,26.023974795870913,0.53064,2060s,ssp245
11,HDH,1594.3333333333333,HeatPump,0.48642,0.08391525149603754,0.01258728772440563,25.506727160935476,0.48642,2060s,ssp245
10,HDH,2160.0,HeatPump,0.44220000000000004,0.0717507707285413,0.010762615609281195,21.809233720120076,0.44220000000000004,2060s,ssp245
9,HDH,2532.3333333333335,HeatPump,0.39798,0.06046687286342178,0.009070030929513266,18.37940065609051,0.39798,2060s,ssp245
8,HDH,2859.5,HeatPump,0.35376,0.05007218683651806,0.007510828025477709,15.219850804484082,0.35376,2060s,ssp245
7,HDH,3097.3333333333335,HeatPump,0.30954000000000004,0.040575454694412594,0.006086318204161889,12.333241381873837,0.30954000000000004,2060s,ssp245
6,HDH,3416.1666666666665,HeatPump,0.26532,0.03198553345388788,0.004797830018083182,9.722264550965642,0.26532,2060s,ssp245
5,HDH,3889.0,HeatPump,0.22110000000000002,0.024311396998185717,0.0036467095497278576,7.389647996981693,0.22110000000000002,2060s,ssp245
4,HDH,4163.0,HeatPump,0.17688,0.01756213801092173,0.0026343207016382595,5.3381555154896585,0.17688,2060s,ssp245
3,HDH,4202.833333333333,HeatPump,0.13266,0.011746969948530635,0.0017620454922795952,3.570587611943551,0.13266,2060s,ssp245
2,HDH,4078.1666666666665,HeatPump,0.08844,0.0068752290521405975,0.0010312843578210895,2.0897821132093957,0.08844,2060s,ssp245
1,HDH,4042.8333333333335,HeatPump,0.04422,0.0029563763997994324,0.00044345645996991486,0.8986147913561762,0.04422,2060s,ssp245
29,HDH,1.0,BTES,0.18095520227125275,0.0,0.0,0.0,1.28238,2060s,ssp245
28,HDH,1.0,BTES,0.18618947368421052,0.0,0.0,0.0,1.2381600000000001,2060s,ssp245
27,HDH,1.5,BTES,0.18618947368421052,0.0,0.0,0.0,1.19394,2060s,ssp245
26,HDH,2.5,BTES,0.18618947368421052,0.0,0.0,0.0,1.14972,2060s,ssp245
25,HDH,3.4,BTES,0.18618947368421052,0.0,0.0,0.0,1.1055000000000001,2060s,ssp245
24,HDH,9.333333333333334,BTES,0.18618947368421052,0.0,0.0,0.0,1.06128,2060s,ssp245
23,HDH,13.833333333333334,BTES,0.18618947368421052,0.0,0.0,0.0,1.01706,2060s,ssp245
22,HDH,23.166666666666668,BTES,0.18618947368421052,0.0,0.0,0.0,0.97284,2060s,ssp245
21,HDH,40.5,BTES,0.18618947368421052,0.0,0.0,0.0,0.92862,2060s,ssp245
20,HDH,58.0,BTES,0.18618947368421052,0.0,0.0,0.0,0.8844000000000001,2060s,ssp245
19,HDH,89.5,BTES,0.18618947368421052,0.0,0.0,0.0,0.84018,2060s,ssp245
18,HDH,141.5,BTES,0.18618947368421052,0.0,0.0,0.0,0.79596,2060s,ssp245
17,HDH,213.5,BTES,0.18618947368421052,0.0,0.0,0.0,0.7517400000000001,2060s,ssp245
16,HDH,339.3333333333333,BTES,0.18618947368421052,0.0,0.0,0.0,0.70752,2060s,ssp245
15,HDH,452.0,BTES,0.18618947368421052,0.0,0.0,0.0,0.6633,2060s,ssp245
14,HDH,639.0,BTES,0.18618947368421052,0.0,0.0,0.0,0.6190800000000001,2060s,ssp245
13,HDH,836.1666666666666,BTES,0.18618947368421052,0.0,0.0,0.0,0.57486,2060s,ssp245
12,HDH,1151.5,BTES,0.054703935423216755,0.0,0.0,0.0,0.53064,2060s,ssp245
11,HDH,1594.3333333333333,BTES,0.0,0.0,0.0,0.0,0.48642,2060s,ssp245
10,HDH,2160.0,BTES,0.0,0.0,0.0,0.0,0.44220000000000004,2060s,ssp245
9,HDH,2532.3333333333335,BTES,0.0,0.0,0.0,0.0,0.39798,2060s,ssp245
8,HDH,2859.5,BTES,0.0,0.0,0.0,0.0,0.35376,2060s,ssp245
7,HDH,3097.3333333333335,BTES,0.0,0.0,0.0,0.0,0.30954000000000004,2060s,ssp245
6,HDH,3416.1666666666665,BTES,0.0,0.0,0.0,0.0,0.26532,2060s,ssp245
5,HDH,3889.0,BTES,0.0,0.0,0.0,0.0,0.22110000000000002,2060s,ssp245
4,HDH,4163.0,BTES,0.0,0.0,0.0,0.0,0.17688,2060s,ssp245
3,HDH,4202.833333333333,BTES,0.0,0.0,0.0,0.0,0.13266,2060s,ssp245
2,HDH,4078.1666666666665,BTES,0.0,0.0,0.0,0.0,0.08844,2060s,ssp245
1,HDH,4042.8333333333335,BTES,0.0,0.0,0.0,0.0,0.04422,2060s,ssp245
29,HDH,1.0,unmet_demand,0.0,0.0,0.0,0.0,1.28238,2060s,ssp245
28,HDH,1.0,unmet_demand,0.0,0.0,0.0,0.0,1.2381600000000001,2060s,ssp245
27,HDH,1.5,unmet_demand,0.0,0.0,0.0,0.0,1.19394,2060s,ssp245
26,HDH,2.5,unmet_demand,0.0,0.0,0.0,0.0,1.14972,2060s,ssp245
25,HDH,3.4,unmet_demand,0.0,0.0,0.0,0.0,1.1055000000000001,2060s,ssp245
24,HDH,9.333333333333334,unmet_demand,0.0,0.0,0.0,0.0,1.06128,2060s,ssp245
23,HDH,13.833333333333334,unmet_demand,0.0,0.0,0.0,0.0,1.01706,2060s,ssp245
22,HDH,23.166666666666668,unmet_demand,0.0,0.0,0.0,0.0,0.97284,2060s,ssp245
21,HDH,40.5,unmet_demand,0.0,0.0,0.0,0.0,0.92862,2060s,ssp245
20,HDH,58.0,unmet_demand,0.0,0.0,0.0,0.0,0.8844000000000001,2060s,ssp245
19,HDH,89.5,unmet_demand,0.0,0.0,0.0,0.0,0.84018,2060s,ssp245
18,HDH,141.5,unmet_demand,0.0,0.0,0.0,0.0,0.79596,2060s,ssp245
17,HDH,213.5,unmet_demand,0.0,0.0,0.0,0.0,0.7517400000000001,2060s,ssp245
16,HDH,339.3333333333333,unmet_demand,0.0,0.0,0.0,0.0,0.70752,2060s,ssp245
15,HDH,452.0,unmet_demand,0.0,0.0,0.0,0.0,0.6633,2060s,ssp245
14,HDH,639.0,unmet_demand,0.0,0.0,0.0,0.0,0.6190800000000001,2060s,ssp245
13,HDH,836.1666666666666,unmet_demand,0.0,0.0,0.0,0.0,0.57486,2060s,ssp245
12,HDH,1151.5,unmet_demand,0.0,0.0,0.0,0.0,0.53064,2060s,ssp245
11,HDH,1594.3333333333333,unmet_demand,0.0,0.0,0.0,0.0,0.48642,2060s,ssp245
10,HDH,2160.0,unmet_demand,0.0,0.0,0.0,0.0,0.44220000000000004,2060s,ssp245
9,HDH,2532.3333333333335,unmet_demand,0.0,0.0,0.0,0.0,0.39798,2060s,ssp245
8,HDH,2859.5,unmet_demand,0.0,0.0,0.0,0.0,0.35376,2060s,ssp245
7,HDH,3097.3333333333335,unmet_demand,0.0,0.0,0.0,0.0,0.30954000000000004,2060s,ssp245
6,HDH,3416.1666666666665,unmet_demand,0.0,0.0,0.0,0.0,0.26532,2060s,ssp245
5,HDH,3889.0,unmet_demand,0.0,0.0,0.0,0.0,0.22110000000000002,2060s,ssp245
4,HDH,4163.0,unmet_demand,0.0,0.0,0.0,0.0,0.17688,2060s,ssp245
3,HDH,4202.833333333333,unmet_demand,0.0,0.0,0.0,0.0,0.13266,2060s,ssp245
2,HDH,4078.1666666666665,unmet_demand,0.0,0.0,0.0,0.0,0.08844,2060s,ssp245
1,HDH,4042.8333333333335,unmet_demand,0.0,0.0,0.0,0.0,0.04422,2060s,ssp245
29,HDH,1.0,Geothermal,0.21932392879267512,0.04357651038216073,0.00653647655732411,13.186753171511231,1.28238,2060s,ssp370
28,HDH,1.0,Geothermal,0.2244075609653956,0.04357651038216073,0.00653647655732411,13.186753171511231,1.2381600000000001,2060s,ssp370
27,HDH,2.0,Geothermal,0.22976598406637125,0.04357651038216073,0.00653647655732411,13.186753171511231,1.19394,2060s,ssp370
26,HDH,1.5,Geothermal,0.22848123374876714,0.04229176006455662,0.006343764009683493,12.797972950775575,1.14972,2060s,ssp370
25,HDH,2.5,Geothermal,0.22720295205885566,0.041013478374645154,0.006152021756196773,12.41115021116893,1.1055000000000001,2060s,ssp370
24,HDH,6.333333333333333,Geothermal,0.22593109026568553,0.03974161658147503,0.005961242487221254,12.02627020614503,1.06128,2060s,ssp370
23,HDH,12.333333333333334,Geothermal,0.224665600126561,0.03847612644235048,0.005771418966352572,11.643318336909342,1.01706,2060s,ssp370
22,HDH,17.5,Geothermal,0.223406433880942,0.03721696019673145,0.005582544029509718,11.262280150573199,0.97284,2060s,ssp370
21,HDH,27.0,Geothermal,0.22215354424443562,0.0359640705602251,0.005394610584033765,10.883141338335559,0.92862,2060s,ssp370
20,HDH,50.8,Geothermal,0.2209068844028774,0.03471741071866689,0.0052076116078000325,10.505887733691864,0.8844000000000001,2060s,ssp370
19,HDH,61.166666666666664,Geothermal,0.21966640800650025,0.0334769343222897,0.005021540148343455,10.13050531066957,0.84018,2060s,ssp370
18,HDH,103.16666666666667,Geothermal,0.21843206916419008,0.03224259547997956,0.004836389321996934,9.756980182089835,0.79596,2060s,ssp370
17,HDH,137.16666666666666,Geothermal,0.21720382243782693,0.031014348753616416,0.004652152313042462,9.385298597854993,0.7517400000000001,2060s,ssp370
16,HDH,204.5,Geothermal,0.21598162283670896,0.029792149152498455,0.004468822372874768,9.015446943261285,0.70752,2060s,ssp370
15,HDH,316.3333333333333,Geothermal,0.21476542581205915,0.028575952127848633,0.0042863928191772946,8.647411737336466,0.6633,2060s,ssp370
14,HDH,449.8333333333333,Geothermal,0.2135551872516124,0.02736571356740188,0.004104857035110282,8.281179631201834,0.6190800000000001,2060s,ssp370
13,HDH,649.1666666666666,Geothermal,0.21235086347428225,0.02616138979007174,0.003924208468510761,7.916737406458294,0.57486,2060s,ssp370
12,HDH,923.6666666666666,Geothermal,0.21115241122490547,0.024962937540694938,0.0037444406311042404,7.554071973596006,0.53064,2060s,ssp370
11,HDH,1333.1666666666667,Geothermal,0.03864423347943806,0.004375054736472044,0.0006562582104708065,1.3239418763859097,0.48642,2060s,ssp370
10,HDH,1791.3333333333333,Geothermal,0.0,0.0,0.0,0.0,0.44220000000000004,2060s,ssp370
9,HDH,2248.5,Geothermal,0.0,0.0,0.0,0.0,0.39798,2060s,ssp370
8,HDH,2698.5,Geothermal,0.0,0.0,0.0,0.0,0.35376,2060s,ssp370
7,HDH,3123.6666666666665,Geothermal,0.0,0.0,0.0,0.0,0.30954000000000004,2060s,ssp370
6,HDH,3417.5,Geothermal,0.0,0.0,0.0,0.0,0.26532,2060s,ssp370
5,HDH,3869.8333333333335,Geothermal,0.0,0.0,0.0,0.0,0.22110000000000002,2060s,ssp370
4,HDH,4130.166666666667,Geothermal,0.0,0.0,0.0,0.0,0.17688,2060s,ssp370
3,HDH,4322.166666666667,Geothermal,0.0,0.0,0.0,0.0,0.13266,2060s,ssp370
2,HDH,4523.0,Geothermal,0.0,0.0,0.0,0.0,0.08844,2060s,ssp370
1,HDH,4355.833333333333,Geothermal,0.0,0.0,0.0,0.0,0.04422,2060s,ssp370
29,HDH,1.0,Boiler,0.490962163243694,0.5455135147152156,0.10910270294304313,29.175153793999158,1.28238,2060s,ssp370
28,HDH,1.0,Boiler,0.49096216324369396,0.5455135147152155,0.1091027029430431,29.175153793999154,1.2381600000000001,2060s,ssp370
27,HDH,2.0,Boiler,0.49096216324369396,0.5455135147152155,0.1091027029430431,29.175153793999154,1.19394,2060s,ssp370
26,HDH,1.5,Boiler,0.49096216324369396,0.5455135147152155,0.1091027029430431,29.175153793999154,1.14972,2060s,ssp370
25,HDH,2.5,Boiler,0.49096216324369396,0.5455135147152155,0.1091027029430431,29.175153793999154,1.1055000000000001,2060s,ssp370
24,HDH,6.333333333333333,Boiler,0.49096216324369396,0.5455135147152155,0.1091027029430431,29.175153793999154,1.06128,2060s,ssp370
23,HDH,12.333333333333334,Boiler,0.49096216324369396,0.5455135147152155,0.1091027029430431,29.175153793999154,1.01706,2060s,ssp370
22,HDH,17.5,Boiler,0.49096216324369396,0.5455135147152155,0.1091027029430431,29.175153793999154,0.97284,2060s,ssp370
21,HDH,27.0,Boiler,0.49096216324369396,0.5455135147152155,0.1091027029430431,29.175153793999154,0.92862,2060s,ssp370
20,HDH,50.8,Boiler,0.49096216324369396,0.5455135147152155,0.1091027029430431,29.175153793999154,0.8844000000000001,2060s,ssp370
19,HDH,61.166666666666664,Boiler,0.49096216324369396,0.5455135147152155,0.1091027029430431,29.175153793999154,0.84018,2060s,ssp370
18,HDH,103.16666666666667,Boiler,0.49096216324369396,0.5455135147152155,0.1091027029430431,29.175153793999154,0.79596,2060s,ssp370
17,HDH,137.16666666666666,Boiler,0.49096216324369396,0.5455135147152155,0.1091027029430431,29.175153793999154,0.7517400000000001,2060s,ssp370
16,HDH,204.5,Boiler,0.49096216324369396,0.5455135147152155,0.1091027029430431,29.175153793999154,0.70752,2060s,ssp370
15,HDH,316.3333333333333,Boiler,0.44853457418794085,0.49837174909771204,0.09967434981954242,26.653917885243835,0.6633,2060s,ssp370
14,HDH,449.8333333333333,Boiler,0.4055248127483877,0.4505831252759863,0.09011662505519727,24.0980867060103,0.6190800000000001,2060s,ssp370
13,HDH,649.1666666666666,Boiler,0.0,0.0,0.0,0.0,0.57486,2060s,ssp370
12,HDH,923.6666666666666,Boiler,0.0,0.0,0.0,0.0,0.53064,2060s,ssp370
11,HDH,1333.1666666666667,Boiler,0.0,0.0,0.0,0.0,0.48642,2060s,ssp370
10,HDH,1791.3333333333333,Boiler,0.0,0.0,0.0,0.0,0.44220000000000004,2060s,ssp370
9,HDH,2248.5,Boiler,0.0,0.0,0.0,0.0,0.39798,2060s,ssp370
8,HDH,2698.5,Boiler,0.0,0.0,0.0,0.0,0.35376,2060s,ssp370
7,HDH,3123.6666666666665,Boiler,0.0,0.0,0.0,0.0,0.30954000000000004,2060s,ssp370
6,HDH,3417.5,Boiler,0.0,0.0,0.0,0.0,0.26532,2060s,ssp370
5,HDH,3869.8333333333335,Boiler,0.0,0.0,0.0,0.0,0.22110000000000002,2060s,ssp370
4,HDH,4130.166666666667,Boiler,0.0,0.0,0.0,0.0,0.17688,2060s,ssp370
3,HDH,4322.166666666667,Boiler,0.0,0.0,0.0,0.0,0.13266,2060s,ssp370
2,HDH,4523.0,Boiler,0.0,0.0,0.0,0.0,0.08844,2060s,ssp370
1,HDH,4355.833333333333,Boiler,0.0,0.0,0.0,0.0,0.04422,2060s,ssp370
29,HDH,1.0,HeatPump,0.5720939079636309,0.19818832208226042,0.029728248312339063,59.97406542779594,1.28238,2060s,ssp370
28,HDH,1.0,HeatPump,0.5227902757909104,0.17632049773723796,0.026448074660585692,53.35661030101218,1.2381600000000001,2060s,ssp370
27,HDH,2.0,HeatPump,0.47321185268993476,0.15523890805349239,0.023285836208023856,46.977078824429405,1.19394,2060s,ssp370
26,HDH,1.5,HeatPump,0.43027660300753895,0.1371646325593471,0.020574694883902064,41.50759520573286,1.14972,2060s,ssp370
25,HDH,2.5,HeatPump,0.38733488469745053,0.1198622573719482,0.01797933860579223,36.2716974967113,1.1055000000000001,2060s,ssp370
24,HDH,6.333333333333333,HeatPump,0.34438674649062057,0.10333918617857103,0.015500877926785655,31.271626138276645,1.06128,2060s,ssp370
23,HDH,12.333333333333334,HeatPump,0.3014322366297451,0.08760291271610218,0.013140436907415327,26.509648821388755,1.01706,2060s,ssp370
22,HDH,17.5,HeatPump,0.25847140287536413,0.0726610222045378,0.010899153330680669,21.988060920848486,0.97284,2060s,ssp370
21,HDH,27.0,HeatPump,0.21550429251187048,0.05852119280702525,0.008778178921053788,17.70918593712312,0.92862,2060s,ssp370
20,HDH,50.8,HeatPump,0.1725309523534287,0.04519119711703827,0.00677867956755574,13.675375946382626,0.8844000000000001,2060s,ssp370
19,HDH,61.166666666666664,HeatPump,0.1295514287498058,0.0326789036732917,0.004901835550993755,9.88901205893031,0.84018,2060s,ssp370
18,HDH,103.16666666666667,HeatPump,0.08656576759211593,0.0209922785030172,0.00314884177545258,6.352504886215789,0.79596,2060s,ssp370
17,HDH,137.16666666666666,HeatPump,0.043574014318479126,0.010139386694235981,0.0015209080041353972,3.0682950166227916,0.7517400000000001,2060s,ssp370
16,HDH,204.5,HeatPump,0.0005762139195971128,0.00012839399768199236,1.9259099652298854e-5,0.03885350022954423,0.70752,2060s,ssp370
15,HDH,316.3333333333333,HeatPump,0.0,0.0,0.0,0.0,0.6633,2060s,ssp370
14,HDH,449.8333333333333,HeatPump,0.0,0.0,0.0,0.0,0.6190800000000001,2060s,ssp370
13,HDH,649.1666666666666,HeatPump,0.3625091365257178,0.06990373836266454,0.010485560754399681,21.15367512153346,0.57486,2060s,ssp370
12,HDH,923.6666666666666,HeatPump,0.31948758877509453,0.05837271222716543,0.008755906834074815,17.66425400613087,0.53064,2060s,ssp370
11,HDH,1333.1666666666667,HeatPump,0.44777576652056195,0.07724850142141347,0.01158727521321202,23.37628488788606,0.48642,2060s,ssp370
10,HDH,1791.3333333333333,HeatPump,0.44220000000000004,0.0717507707285413,0.010762615609281195,21.712608356319976,0.44220000000000004,2060s,ssp370
9,HDH,2248.5,HeatPump,0.39798,0.06046687286342178,0.009070030929513266,18.29797109750936,0.39798,2060s,ssp370
8,HDH,2698.5,HeatPump,0.35376,0.05007218683651806,0.007510828025477709,15.152419566878985,0.35376,2060s,ssp370
7,HDH,3123.6666666666665,HeatPump,0.30954000000000004,0.040575454694412594,0.006086318204161889,12.278599208258235,0.30954000000000004,2060s,ssp370
6,HDH,3417.5,HeatPump,0.26532,0.03198553345388788,0.004797830018083182,9.679190256781192,0.26532,2060s,ssp370
5,HDH,3869.8333333333335,HeatPump,0.22110000000000002,0.024311396998185717,0.0036467095497278576,7.3569083127164765,0.22110000000000002,2060s,ssp370
4,HDH,4130.166666666667,HeatPump,0.17688,0.01756213801092173,0.0026343207016382595,5.314504926692041,0.17688,2060s,ssp370
3,HDH,4322.166666666667,HeatPump,0.13266,0.011746969948530635,0.0017620454922795952,3.554768196579778,0.13266,2060s,ssp370
2,HDH,4523.0,HeatPump,0.08844,0.0068752290521405975,0.0010312843578210895,2.0805233763118443,0.08844,2060s,ssp370
1,HDH,4355.833333333333,HeatPump,0.04422,0.0029563763997994324,0.00044345645996991486,0.8946334969079058,0.04422,2060s,ssp370
29,HDH,1.0,BTES,0.1757474184105144,0.0,0.0,0.0,1.28238,2060s,ssp370
28,HDH,1.0,BTES,0.18083105058323487,0.0,0.0,0.0,1.2381600000000001,2060s,ssp370
27,HDH,2.0,BTES,0.18618947368421052,0.0,0.0,0.0,1.19394,2060s,ssp370
26,HDH,1.5,BTES,0.18618947368421052,0.0,0.0,0.0,1.14972,2060s,ssp370
25,HDH,2.5,BTES,0.18618947368421052,0.0,0.0,0.0,1.1055000000000001,2060s,ssp370
24,HDH,6.333333333333333,BTES,0.18618947368421052,0.0,0.0,0.0,1.06128,2060s,ssp370
23,HDH,12.333333333333334,BTES,0.18618947368421052,0.0,0.0,0.0,1.01706,2060s,ssp370
22,HDH,17.5,BTES,0.18618947368421052,0.0,0.0,0.0,0.97284,2060s,ssp370
21,HDH,27.0,BTES,0.18618947368421052,0.0,0.0,0.0,0.92862,2060s,ssp370
20,HDH,50.8,BTES,0.18618947368421052,0.0,0.0,0.0,0.8844000000000001,2060s,ssp370
19,HDH,61.166666666666664,BTES,0.18618947368421052,0.0,0.0,0.0,0.84018,2060s,ssp370
18,HDH,103.16666666666667,BTES,0.18618947368421052,0.0,0.0,0.0,0.79596,2060s,ssp370
17,HDH,137.16666666666666,BTES,0.18618947368421052,0.0,0.0,0.0,0.7517400000000001,2060s,ssp370
16,HDH,204.5,BTES,0.18618947368421052,0.0,0.0,0.0,0.70752,2060s,ssp370
15,HDH,316.3333333333333,BTES,0.18618947368421052,0.0,0.0,0.0,0.6633,2060s,ssp370
14,HDH,449.8333333333333,BTES,0.18618947368421052,0.0,0.0,0.0,0.6190800000000001,2060s,ssp370
13,HDH,649.1666666666666,BTES,0.18618947368421052,0.0,0.0,0.0,0.57486,2060s,ssp370
12,HDH,923.6666666666666,BTES,0.18618947368421052,0.0,0.0,0.0,0.53064,2060s,ssp370
11,HDH,1333.1666666666667,BTES,0.03426917874296601,0.0,0.0,0.0,0.48642,2060s,ssp370
10,HDH,1791.3333333333333,BTES,0.0,0.0,0.0,0.0,0.44220000000000004,2060s,ssp370
9,HDH,2248.5,BTES,0.0,0.0,0.0,0.0,0.39798,2060s,ssp370
8,HDH,2698.5,BTES,0.0,0.0,0.0,0.0,0.35376,2060s,ssp370
7,HDH,3123.6666666666665,BTES,0.0,0.0,0.0,0.0,0.30954000000000004,2060s,ssp370
6,HDH,3417.5,BTES,0.0,0.0,0.0,0.0,0.26532,2060s,ssp370
5,HDH,3869.8333333333335,BTES,0.0,0.0,0.0,0.0,0.22110000000000002,2060s,ssp370
4,HDH,4130.166666666667,BTES,0.0,0.0,0.0,0.0,0.17688,2060s,ssp370
3,HDH,4322.166666666667,BTES,0.0,0.0,0.0,0.0,0.13266,2060s,ssp370
2,HDH,4523.0,BTES,0.0,0.0,0.0,0.0,0.08844,2060s,ssp370
1,HDH,4355.833333333333,BTES,0.0,0.0,0.0,0.0,0.04422,2060s,ssp370
29,HDH,1.0,unmet_demand,0.0,0.0,0.0,0.0,1.28238,2060s,ssp370
28,HDH,1.0,unmet_demand,0.0,0.0,0.0,0.0,1.2381600000000001,2060s,ssp370
27,HDH,2.0,unmet_demand,0.0,0.0,0.0,0.0,1.19394,2060s,ssp370
26,HDH,1.5,unmet_demand,0.0,0.0,0.0,0.0,1.14972,2060s,ssp370
25,HDH,2.5,unmet_demand,0.0,0.0,0.0,0.0,1.1055000000000001,2060s,ssp370
24,HDH,6.333333333333333,unmet_demand,0.0,0.0,0.0,0.0,1.06128,2060s,ssp370
23,HDH,12.333333333333334,unmet_demand,0.0,0.0,0.0,0.0,1.01706,2060s,ssp370
22,HDH,17.5,unmet_demand,0.0,0.0,0.0,0.0,0.97284,2060s,ssp370
21,HDH,27.0,unmet_demand,0.0,0.0,0.0,0.0,0.92862,2060s,ssp370
20,HDH,50.8,unmet_demand,0.0,0.0,0.0,0.0,0.8844000000000001,2060s,ssp370
19,HDH,61.166666666666664,unmet_demand,0.0,0.0,0.0,0.0,0.84018,2060s,ssp370
18,HDH,103.16666666666667,unmet_demand,0.0,0.0,0.0,0.0,0.79596,2060s,ssp370
17,HDH,137.16666666666666,unmet_demand,0.0,0.0,0.0,0.0,0.7517400000000001,2060s,ssp370
16,HDH,204.5,unmet_demand,0.0,0.0,0.0,0.0,0.70752,2060s,ssp370
15,HDH,316.3333333333333,unmet_demand,0.0,0.0,0.0,0.0,0.6633,2060s,ssp370
14,HDH,449.8333333333333,unmet_demand,0.0,0.0,0.0,0.0,0.6190800000000001,2060s,ssp370
13,HDH,649.1666666666666,unmet_demand,0.0,0.0,0.0,0.0,0.57486,2060s,ssp370
12,HDH,923.6666666666666,unmet_demand,0.0,0.0,0.0,0.0,0.53064,2060s,ssp370
11,HDH,1333.1666666666667,unmet_demand,0.0,0.0,0.0,0.0,0.48642,2060s,ssp370
10,HDH,1791.3333333333333,unmet_demand,0.0,0.0,0.0,0.0,0.44220000000000004,2060s,ssp370
9,HDH,2248.5,unmet_demand,0.0,0.0,0.0,0.0,0.39798,2060s,ssp370
8,HDH,2698.5,unmet_demand,0.0,0.0,0.0,0.0,0.35376,2060s,ssp370
7,HDH,3123.6666666666665,unmet_demand,0.0,0.0,0.0,0.0,0.30954000000000004,2060s,ssp370
6,HDH,3417.5,unmet_demand,0.0,0.0,0.0,0.0,0.26532,2060s,ssp370
5,HDH,3869.8333333333335,unmet_demand,0.0,0.0,0.0,0.0,0.22110000000000002,2060s,ssp370
4,HDH,4130.166666666667,unmet_demand,0.0,0.0,0.0,0.0,0.17688,2060s,ssp370
3,HDH,4322.166666666667,unmet_demand,0.0,0.0,0.0,0.0,0.13266,2060s,ssp370
2,HDH,4523.0,unmet_demand,0.0,0.0,0.0,0.0,0.08844,2060s,ssp370
1,HDH,4355.833333333333,unmet_demand,0.0,0.0,0.0,0.0,0.04422,2060s,ssp370
31,HDH,1.0,Geothermal,0.24275422394197585,0.050397099506916856,0.007559564926037528,15.119129852075057,1.3708200000000001,2060s,ssp585
29,HDH,2.0,Geothermal,0.2400520055652472,0.047694881130188195,0.007154232169528229,14.308464339056458,1.28238,2060s,ssp585
28,HDH,1.0,Geothermal,0.2387111781387323,0.0463540537036733,0.006953108055550995,13.90621611110199,1.2381600000000001,2060s,ssp585
27,HDH,4.0,Geothermal,0.23737713584689518,0.045020011411836196,0.006753001711775429,13.506003423550858,1.19394,2060s,ssp585
26,HDH,2.5,Geothermal,0.2360498273163898,0.04369270288133083,0.006553905432199624,13.107810864399248,1.14972,2060s,ssp585
25,HDH,6.0,Geothermal,0.23472920169119255,0.04237207725613358,0.006355811588420037,12.711623176840074,1.1055000000000001,2060s,ssp585
24,HDH,5.333333333333333,Geothermal,0.2334152086261068,0.04105808419104781,0.006158712628657172,12.317425257314344,1.06128,2060s,ssp585
23,HDH,6.25,Geothermal,0.23210779828036518,0.0397506738453062,0.0059626010767959295,11.92520215359186,1.01706,2060s,ssp585
22,HDH,9.166666666666666,Geothermal,0.2308069213113279,0.038449796876268906,0.005767469531440336,11.534939062880671,0.97284,2060s,ssp585
21,HDH,23.333333333333332,Geothermal,0.22951252886827492,0.03715540443321595,0.005573310664982393,11.146621329964786,0.92862,2060s,ssp585
20,HDH,43.333333333333336,Geothermal,0.2282245725862913,0.03586744815123233,0.005380117222684849,10.760234445369699,0.8844000000000001,2060s,ssp585
19,HDH,59.666666666666664,Geothermal,0.2269430045802429,0.0345858801451839,0.0051878820217775845,10.37576404355517,0.84018,2060s,ssp585
18,HDH,94.83333333333333,Geothermal,0.22566777743884184,0.033310653003782865,0.00499659795056743,9.99319590113486,0.79596,2060s,ssp585
17,HDH,139.83333333333334,Geothermal,0.22439884421880008,0.03204171978374109,0.0048062579675611635,9.612515935122326,0.7517400000000001,2060s,ssp585
16,HDH,189.16666666666666,Geothermal,0.22313615843906864,0.030779034004009685,0.004616855100601453,9.233710201202905,0.70752,2060s,ssp585
15,HDH,293.0,Geothermal,0.2218796740751626,0.0295225496401036,0.00442838244601554,8.85676489203108,0.6633,2060s,ssp585
14,HDH,396.6666666666667,Geothermal,0.2206293455535685,0.028272221118509498,0.004240833167776424,8.48166633555285,0.6190800000000001,2060s,ssp585
13,HDH,612.8333333333334,Geothermal,0.21938512774623473,0.027028003311175747,0.0040542004966763615,8.108400993352724,0.57486,2060s,ssp585
12,HDH,879.3333333333334,Geothermal,0.21814697596514185,0.025789851530082872,0.003868477729512431,7.736955459024862,0.53064,2060s,ssp585
11,HDH,1293.6666666666667,Geothermal,0.21691484595695235,0.024557721521893363,0.0036836582282840044,7.367316456568009,0.48642,2060s,ssp585
10,HDH,1800.3333333333333,Geothermal,0.0,0.0,0.0,0.0,0.44220000000000004,2060s,ssp585
9,HDH,2259.6666666666665,Geothermal,0.0,0.0,0.0,0.0,0.39798,2060s,ssp585
8,HDH,2622.1666666666665,Geothermal,0.0,0.0,0.0,0.0,0.35376,2060s,ssp585
7,HDH,2922.6666666666665,Geothermal,0.0,0.0,0.0,0.0,0.30954000000000004,2060s,ssp585
6,HDH,3279.0,Geothermal,0.0,0.0,0.0,0.0,0.26532,2060s,ssp585
5,HDH,3826.5,Geothermal,0.0,0.0,0.0,0.0,0.22110000000000002,2060s,ssp585
4,HDH,4138.5,Geothermal,0.0,0.0,0.0,0.0,0.17688,2060s,ssp585
3,HDH,4206.833333333333,Geothermal,0.0,0.0,0.0,0.0,0.13266,2060s,ssp585
2,HDH,4176.166666666667,Geothermal,0.0,0.0,0.0,0.0,0.08844,2060s,ssp585
1,HDH,4192.5,Geothermal,0.0,0.0,0.0,0.0,0.04422,2060s,ssp585
31,HDH,1.0,Boiler,0.3554748722537653,0.3949720802819614,0.07899441605639229,19.74860401409807,1.3708200000000001,2060s,ssp585
29,HDH,2.0,Boiler,0.3554748722537653,0.3949720802819614,0.07899441605639229,19.74860401409807,1.28238,2060s,ssp585
28,HDH,1.0,Boiler,0.3554748722537653,0.3949720802819614,0.07899441605639229,19.74860401409807,1.2381600000000001,2060s,ssp585
27,HDH,4.0,Boiler,0.3554748722537653,0.3949720802819614,0.07899441605639229,19.74860401409807,1.19394,2060s,ssp585
26,HDH,2.5,Boiler,0.3554748722537653,0.3949720802819614,0.07899441605639229,19.74860401409807,1.14972,2060s,ssp585
25,HDH,6.0,Boiler,0.3554748722537653,0.3949720802819614,0.07899441605639229,19.74860401409807,1.1055000000000001,2060s,ssp585
24,HDH,5.333333333333333,Boiler,0.3554748722537653,0.3949720802819614,0.07899441605639229,19.74860401409807,1.06128,2060s,ssp585
23,HDH,6.25,Boiler,0.3554748722537653,0.3949720802819614,0.07899441605639229,19.74860401409807,1.01706,2060s,ssp585
22,HDH,9.166666666666666,Boiler,0.3554748722537653,0.3949720802819614,0.07899441605639229,19.74860401409807,0.97284,2060s,ssp585
21,HDH,23.333333333333332,Boiler,0.3554748722537653,0.3949720802819614,0.07899441605639229,19.74860401409807,0.92862,2060s,ssp585
20,HDH,43.333333333333336,Boiler,0.3554748722537653,0.3949720802819614,0.07899441605639229,19.74860401409807,0.8844000000000001,2060s,ssp585
19,HDH,59.666666666666664,Boiler,0.3554748722537653,0.3949720802819614,0.07899441605639229,19.74860401409807,0.84018,2060s,ssp585
18,HDH,94.83333333333333,Boiler,0.3554748722537653,0.3949720802819614,0.07899441605639229,19.74860401409807,0.79596,2060s,ssp585
17,HDH,139.83333333333334,Boiler,0.3554748722537653,0.3949720802819614,0.07899441605639229,19.74860401409807,0.7517400000000001,2060s,ssp585
16,HDH,189.16666666666666,Boiler,0.3554748722537653,0.3949720802819614,0.07899441605639229,19.74860401409807,0.70752,2060s,ssp585
15,HDH,293.0,Boiler,0.3554748722537653,0.3949720802819614,0.07899441605639229,19.74860401409807,0.6633,2060s,ssp585
14,HDH,396.6666666666667,Boiler,0.3554748722537653,0.3949720802819614,0.07899441605639229,19.74860401409807,0.6190800000000001,2060s,ssp585
13,HDH,612.8333333333334,Boiler,0.3554748722537653,0.3949720802819614,0.07899441605639229,19.74860401409807,0.57486,2060s,ssp585
12,HDH,879.3333333333334,Boiler,0.0,0.0,0.0,0.0,0.53064,2060s,ssp585
11,HDH,1293.6666666666667,Boiler,0.0,0.0,0.0,0.0,0.48642,2060s,ssp585
10,HDH,1800.3333333333333,Boiler,0.0,0.0,0.0,0.0,0.44220000000000004,2060s,ssp585
9,HDH,2259.6666666666665,Boiler,0.0,0.0,0.0,0.0,0.39798,2060s,ssp585
8,HDH,2622.1666666666665,Boiler,0.0,0.0,0.0,0.0,0.35376,2060s,ssp585
7,HDH,2922.6666666666665,Boiler,0.0,0.0,0.0,0.0,0.30954000000000004,2060s,ssp585
6,HDH,3279.0,Boiler,0.0,0.0,0.0,0.0,0.26532,2060s,ssp585
5,HDH,3826.5,Boiler,0.0,0.0,0.0,0.0,0.22110000000000002,2060s,ssp585
4,HDH,4138.5,Boiler,0.0,0.0,0.0,0.0,0.17688,2060s,ssp585
3,HDH,4206.833333333333,Boiler,0.0,0.0,0.0,0.0,0.13266,2060s,ssp585
2,HDH,4176.166666666667,Boiler,0.0,0.0,0.0,0.0,0.08844,2060s,ssp585
1,HDH,4192.5,Boiler,0.0,0.0,0.0,0.0,0.04422,2060s,ssp585
31,HDH,1.0,HeatPump,0.7725909038042591,0.28166765443266323,0.042250148164899484,84.50029632979897,1.3708200000000001,2060s,ssp585
29,HDH,2.0,HeatPump,0.6868531221809877,0.237943921281304,0.0356915881921956,71.3831763843912,1.28238,2060s,ssp585
28,HDH,1.0,HeatPump,0.6439739496075025,0.21719188856914087,0.03257878328537113,65.15756657074226,1.2381600000000001,2060s,ssp585
27,HDH,4.0,HeatPump,0.6010879918993395,0.1971891510664705,0.029578372659970573,59.15674531994115,1.19394,2060s,ssp585
26,HDH,2.5,HeatPump,0.558195300429845,0.17794286917913718,0.026691430376870575,53.382860753741156,1.14972,2060s,ssp585
25,HDH,6.0,HeatPump,0.5152959260550423,0.15946028966580297,0.023919043449870444,47.838086899740894,1.1055000000000001,2060s,ssp585
24,HDH,5.333333333333333,HeatPump,0.47238991912012795,0.14174874700691925,0.021262312051037888,42.52462410207578,1.06128,2060s,ssp585
23,HDH,6.25,HeatPump,0.4294773294658696,0.12481566479884115,0.018722349719826174,37.44469943965235,1.01706,2060s,ssp585
22,HDH,9.166666666666666,HeatPump,0.3865582064349069,0.10866855717364243,0.016300283576046366,32.60056715209273,0.97284,2060s,ssp585
21,HDH,23.333333333333332,HeatPump,0.3436325988779598,0.09331503024520295,0.013997254536780442,27.994509073560884,0.92862,2060s,ssp585
20,HDH,43.333333333333336,HeatPump,0.30070055515994354,0.07876278358215295,0.011814417537322942,23.628835074645885,0.8844000000000001,2060s,ssp585
19,HDH,59.666666666666664,HeatPump,0.2577621231659919,0.06501961170827479,0.009752941756241218,19.505883512482438,0.84018,2060s,ssp585
18,HDH,94.83333333333333,HeatPump,0.2148173503073929,0.05209340563097725,0.007814010844646587,15.628021689293176,0.79596,2060s,ssp585
17,HDH,139.83333333333334,HeatPump,0.17186628352743472,0.039992154398472306,0.005998823159770845,11.997646319541692,0.7517400000000001,2060s,ssp585
16,HDH,189.16666666666666,HeatPump,0.1289089693071661,0.02872394668630154,0.004308592002945231,8.617184005890461,0.70752,2060s,ssp585
15,HDH,293.0,HeatPump,0.08594545367107209,0.018296972413874523,0.0027445458620811783,5.489091724162357,0.6633,2060s,ssp585
14,HDH,396.6666666666667,HeatPump,0.04297578219266629,0.00871952439169907,0.0013079286587548604,2.615857317509721,0.6190800000000001,2060s,ssp585
13,HDH,612.8333333333334,HeatPump,0.0,0.0,0.0,0.0,0.57486,2060s,ssp585
12,HDH,879.3333333333334,HeatPump,0.3124930240348581,0.057094754243565894,0.008564213136534883,17.128426273069767,0.53064,2060s,ssp585
11,HDH,1293.6666666666667,HeatPump,0.26950515404304765,0.04649396155791431,0.006974094233687147,13.948188467374294,0.48642,2060s,ssp585
10,HDH,1800.3333333333333,HeatPump,0.44220000000000004,0.0717507707285413,0.010762615609281195,21.52523121856239,0.44220000000000004,2060s,ssp585
9,HDH,2259.6666666666665,HeatPump,0.39798,0.06046687286342178,0.009070030929513266,18.140061859026535,0.39798,2060s,ssp585
8,HDH,2622.1666666666665,HeatPump,0.35376,0.05007218683651806,0.007510828025477709,15.021656050955418,0.35376,2060s,ssp585
7,HDH,2922.6666666666665,HeatPump,0.30954000000000004,0.040575454694412594,0.006086318204161889,12.172636408323779,0.30954000000000004,2060s,ssp585
6,HDH,3279.0,HeatPump,0.26532,0.03198553345388788,0.004797830018083182,9.595660036166365,0.26532,2060s,ssp585
5,HDH,3826.5,HeatPump,0.22110000000000002,0.024311396998185717,0.0036467095497278576,7.293419099455715,0.22110000000000002,2060s,ssp585
4,HDH,4138.5,HeatPump,0.17688,0.01756213801092173,0.0026343207016382595,5.268641403276519,0.17688,2060s,ssp585
3,HDH,4206.833333333333,HeatPump,0.13266,0.011746969948530635,0.0017620454922795952,3.524090984559191,0.13266,2060s,ssp585
2,HDH,4176.166666666667,HeatPump,0.08844,0.0068752290521405975,0.0010312843578210895,2.062568715642179,0.08844,2060s,ssp585
1,HDH,4192.5,HeatPump,0.04422,0.0029563763997994324,0.00044345645996991486,0.8869129199398297,0.04422,2060s,ssp585
31,HDH,1.0,BTES,0.19235712443505898,0.0,0.0,0.0,1.3708200000000001,2060s,ssp585
29,HDH,2.0,BTES,0.19235712443505898,0.0,0.0,0.0,1.28238,2060s,ssp585
28,HDH,1.0,BTES,0.19235712443505898,0.0,0.0,0.0,1.2381600000000001,2060s,ssp585
27,HDH,4.0,BTES,0.19235712443505898,0.0,0.0,0.0,1.19394,2060s,ssp585
26,HDH,2.5,BTES,0.19235712443505898,0.0,0.0,0.0,1.14972,2060s,ssp585
25,HDH,6.0,BTES,0.19235712443505898,0.0,0.0,0.0,1.1055000000000001,2060s,ssp585
24,HDH,5.333333333333333,BTES,0.19235712443505898,0.0,0.0,0.0,1.06128,2060s,ssp585
23,HDH,6.25,BTES,0.19235712443505898,0.0,0.0,0.0,1.01706,2060s,ssp585
22,HDH,9.166666666666666,BTES,0.19235712443505898,0.0,0.0,0.0,0.97284,2060s,ssp585
21,HDH,23.333333333333332,BTES,0.19235712443505898,0.0,0.0,0.0,0.92862,2060s,ssp585
20,HDH,43.333333333333336,BTES,0.19235712443505898,0.0,0.0,0.0,0.8844000000000001,2060s,ssp585
19,HDH,59.666666666666664,BTES,0.19235712443505898,0.0,0.0,0.0,0.84018,2060s,ssp585
18,HDH,94.83333333333333,BTES,0.19235712443505898,0.0,0.0,0.0,0.79596,2060s,ssp585
17,HDH,139.83333333333334,BTES,0.19235712443505898,0.0,0.0,0.0,0.7517400000000001,2060s,ssp585
16,HDH,189.16666666666666,BTES,0.19235712443505898,0.0,0.0,0.0,0.70752,2060s,ssp585
15,HDH,293.0,BTES,0.19235712443505898,0.0,0.0,0.0,0.6633,2060s,ssp585
14,HDH,396.6666666666667,BTES,0.19235712443505898,0.0,0.0,0.0,0.6190800000000001,2060s,ssp585
13,HDH,612.8333333333334,BTES,0.19235712443505898,0.0,0.0,0.0,0.57486,2060s,ssp585
12,HDH,879.3333333333334,BTES,0.19235712443505898,0.0,0.0,0.0,0.53064,2060s,ssp585
11,HDH,1293.6666666666667,BTES,0.19235712443505898,0.0,0.0,0.0,0.48642,2060s,ssp585
10,HDH,1800.3333333333333,BTES,0.0,0.0,0.0,0.0,0.44220000000000004,2060s,ssp585
9,HDH,2259.6666666666665,BTES,0.0,0.0,0.0,0.0,0.39798,2060s,ssp585
8,HDH,2622.1666666666665,BTES,0.0,0.0,0.0,0.0,0.35376,2060s,ssp585
7,HDH,2922.6666666666665,BTES,0.0,0.0,0.0,0.0,0.30954000000000004,2060s,ssp585
6,HDH,3279.0,BTES,0.0,0.0,0.0,0.0,0.26532,2060s,ssp585
5,HDH,3826.5,BTES,0.0,0.0,0.0,0.0,0.22110000000000002,2060s,ssp585
4,HDH,4138.5,BTES,0.0,0.0,0.0,0.0,0.17688,2060s,ssp585
3,HDH,4206.833333333333,BTES,0.0,0.0,0.0,0.0,0.13266,2060s,ssp585
2,HDH,4176.166666666667,BTES,0.0,0.0,0.0,0.0,0.08844,2060s,ssp585
1,HDH,4192.5,BTES,0.0,0.0,0.0,0.0,0.04422,2060s,ssp585
31,HDH,1.0,unmet_demand,0.0,0.0,0.0,0.0,1.3708200000000001,2060s,ssp585
29,HDH,2.0,unmet_demand,0.0,0.0,0.0,0.0,1.28238,2060s,ssp585
28,HDH,1.0,unmet_demand,0.0,0.0,0.0,0.0,1.2381600000000001,2060s,ssp585
27,HDH,4.0,unmet_demand,0.0,0.0,0.0,0.0,1.19394,2060s,ssp585
26,HDH,2.5,unmet_demand,0.0,0.0,0.0,0.0,1.14972,2060s,ssp585
25,HDH,6.0,unmet_demand,0.0,0.0,0.0,0.0,1.1055000000000001,2060s,ssp585
24,HDH,5.333333333333333,unmet_demand,0.0,0.0,0.0,0.0,1.06128,2060s,ssp585
23,HDH,6.25,unmet_demand,0.0,0.0,0.0,0.0,1.01706,2060s,ssp585
22,HDH,9.166666666666666,unmet_demand,0.0,0.0,0.0,0.0,0.97284,2060s,ssp585
21,HDH,23.333333333333332,unmet_demand,0.0,0.0,0.0,0.0,0.92862,2060s,ssp585
20,HDH,43.333333333333336,unmet_demand,0.0,0.0,0.0,0.0,0.8844000000000001,2060s,ssp585
19,HDH,59.666666666666664,unmet_demand,0.0,0.0,0.0,0.0,0.84018,2060s,ssp585
18,HDH,94.83333333333333,unmet_demand,0.0,0.0,0.0,0.0,0.79596,2060s,ssp585
17,HDH,139.83333333333334,unmet_demand,0.0,0.0,0.0,0.0,0.7517400000000001,2060s,ssp585
16,HDH,189.16666666666666,unmet_demand,0.0,0.0,0.0,0.0,0.70752,2060s,ssp585
15,HDH,293.0,unmet_demand,0.0,0.0,0.0,0.0,0.6633,2060s,ssp585
14,HDH,396.6666666666667,unmet_demand,0.0,0.0,0.0,0.0,0.6190800000000001,2060s,ssp585
13,HDH,612.8333333333334,unmet_demand,0.0,0.0,0.0,0.0,0.57486,2060s,ssp585
12,HDH,879.3333333333334,unmet_demand,0.0,0.0,0.0,0.0,0.53064,2060s,ssp585
11,HDH,1293.6666666666667,unmet_demand,0.0,0.0,0.0,0.0,0.48642,2060s,ssp585
10,HDH,1800.3333333333333,unmet_demand,0.0,0.0,0.0,0.0,0.44220000000000004,2060s,ssp585
9,HDH,2259.6666666666665,unmet_demand,0.0,0.0,0.0,0.0,0.39798,2060s,ssp585
8,HDH,2622.1666666666665,unmet_demand,0.0,0.0,0.0,0.0,0.35376,2060s,ssp585
7,HDH,2922.6666666666665,unmet_demand,0.0,0.0,0.0,0.0,0.30954000000000004,2060s,ssp585
6,HDH,3279.0,unmet_demand,0.0,0.0,0.0,0.0,0.26532,2060s,ssp585
5,HDH,3826.5,unmet_demand,0.0,0.0,0.0,0.0,0.22110000000000002,2060s,ssp585
4,HDH,4138.5,unmet_demand,0.0,0.0,0.0,0.0,0.17688,2060s,ssp585
3,HDH,4206.833333333333,unmet_demand,0.0,0.0,0.0,0.0,0.13266,2060s,ssp585
2,HDH,4176.166666666667,unmet_demand,0.0,0.0,0.0,0.0,0.08844,2060s,ssp585
1,HDH,4192.5,unmet_demand,0.0,0.0,0.0,0.0,0.04422,2060s,ssp585
30,HDH,1.0,Geothermal,0.17524465616204452,0.03560255089888659,0.005340382634832988,11.724219268244934,1.3266,2070s,ssp126
29,HDH,1.0,Geothermal,0.17426631599024264,0.03462421072708474,0.0051936316090627115,11.402043626232272,1.28238,2070s,ssp126
28,HDH,3.5,Geothermal,0.1732929391778006,0.033650833914642665,0.0050476250871963994,11.0815024601763,1.2381600000000001,2070s,ssp126
27,HDH,4.666666666666667,Geothermal,0.17232448804977846,0.032682382786620556,0.004902357417993083,10.762583363402662,1.19394,2070s,ssp126
26,HDH,7.666666666666667,Geothermal,0.17136092531157537,0.031718820048417466,0.00475782300726262,10.445274054485788,1.14972,2070s,ssp126
25,HDH,13.5,Geothermal,0.17040221404414174,0.030760108780983866,0.004614016317147579,10.129562375672345,1.1055000000000001,2070s,ssp126
24,HDH,14.833333333333334,Geothermal,0.16944831769926416,0.029806212436106275,0.004470931865415941,9.815436291328428,1.06128,2070s,ssp126
23,HDH,21.333333333333332,Geothermal,0.16849920009492075,0.028857094831762863,0.004328564224764429,9.50288388641012,1.01706,2070s,ssp126
22,HDH,34.166666666666664,Geothermal,0.16755482541070651,0.027912720147548593,0.004186908022132289,9.191893364956952,0.97284,2070s,ssp126
21,HDH,53.0,Geothermal,0.16661515818332673,0.026973052920168827,0.004045957938025324,8.882453048607916,0.92862,2070s,ssp126
20,HDH,76.16666666666667,Geothermal,0.16568016330215807,0.02603805803900017,0.0039057087058500255,8.574551375139603,0.8844000000000001,2070s,ssp126
19,HDH,113.33333333333333,Geothermal,0.1647498060048752,0.025107700741717278,0.0037661551112575914,8.268176897026084,0.84018,2070s,ssp126
18,HDH,155.16666666666666,Geothermal,0.16382405187314258,0.024181946609984673,0.0036272919914977007,7.963318280020183,0.79596,2070s,ssp126
17,HDH,227.33333333333334,Geothermal,0.1629028668283702,0.023260761565212316,0.0034891142347818474,7.6599643017557515,0.7517400000000001,2070s,ssp126
16,HDH,330.0,Geothermal,0.16198621712753172,0.022344111864373843,0.003351616779656076,7.358103850370583,0.70752,2070s,ssp126
15,HDH,469.5,Geothermal,0.1610740693590444,0.021431964095886477,0.0032147946143829716,7.057725923149625,0.6633,2070s,ssp126
14,HDH,638.3333333333334,Geothermal,0.1601663904387093,0.02052428517555141,0.0030786427763327116,6.7588196251881225,0.6190800000000001,2070s,ssp126
13,HDH,853.6666666666666,Geothermal,0.0744451050366253,0.009171553997763041,0.0013757330996644562,3.020269822960498,0.57486,2070s,ssp126
12,HDH,1159.6666666666667,Geothermal,0.0,0.0,0.0,0.0,0.53064,2070s,ssp126
11,HDH,1650.1666666666667,Geothermal,0.0,0.0,0.0,0.0,0.48642,2070s,ssp126
10,HDH,2195.5,Geothermal,0.0,0.0,0.0,0.0,0.44220000000000004,2070s,ssp126
9,HDH,2612.1666666666665,Geothermal,0.0,0.0,0.0,0.0,0.39798,2070s,ssp126
8,HDH,2889.1666666666665,Geothermal,0.0,0.0,0.0,0.0,0.35376,2070s,ssp126
7,HDH,3194.6666666666665,Geothermal,0.0,0.0,0.0,0.0,0.30954000000000004,2070s,ssp126
6,HDH,3506.3333333333335,Geothermal,0.0,0.0,0.0,0.0,0.26532,2070s,ssp126
5,HDH,3855.1666666666665,Geothermal,0.0,0.0,0.0,0.0,0.22110000000000002,2070s,ssp126
4,HDH,4269.0,Geothermal,0.0,0.0,0.0,0.0,0.17688,2070s,ssp126
3,HDH,4198.666666666667,Geothermal,0.0,0.0,0.0,0.0,0.13266,2070s,ssp126
2,HDH,4237.0,Geothermal,0.0,0.0,0.0,0.0,0.08844,2070s,ssp126
1,HDH,4086.6666666666665,Geothermal,0.0,0.0,0.0,0.0,0.04422,2070s,ssp126
30,HDH,1.0,Boiler,0.5146121287271931,0.5717912541413256,0.11435825082826512,50.933949290702984,1.3266,2070s,ssp126
29,HDH,1.0,Boiler,0.5146121287271931,0.5717912541413256,0.11435825082826512,50.933949290702984,1.28238,2070s,ssp126
28,HDH,3.5,Boiler,0.5146121287271931,0.5717912541413256,0.11435825082826512,50.933949290702984,1.2381600000000001,2070s,ssp126
27,HDH,4.666666666666667,Boiler,0.5146121287271931,0.5717912541413256,0.11435825082826512,50.933949290702984,1.19394,2070s,ssp126
26,HDH,7.666666666666667,Boiler,0.5146121287271931,0.5717912541413256,0.11435825082826512,50.933949290702984,1.14972,2070s,ssp126
25,HDH,13.5,Boiler,0.5146121287271931,0.5717912541413256,0.11435825082826512,50.933949290702984,1.1055000000000001,2070s,ssp126
24,HDH,14.833333333333334,Boiler,0.13739968514030954,0.15266631682256615,0.03053326336451323,13.599190933964628,1.06128,2070s,ssp126
23,HDH,21.333333333333332,Boiler,0.06961030648430638,0.07734478498256264,0.01546895699651253,6.8897090112338075,1.01706,2070s,ssp126
22,HDH,34.166666666666664,Boiler,0.0,0.0,0.0,0.0,0.97284,2070s,ssp126
21,HDH,53.0,Boiler,0.0,0.0,0.0,0.0,0.92862,2070s,ssp126
20,HDH,76.16666666666667,Boiler,0.0,0.0,0.0,0.0,0.8844000000000001,2070s,ssp126
19,HDH,113.33333333333333,Boiler,0.0,0.0,0.0,0.0,0.84018,2070s,ssp126
18,HDH,155.16666666666666,Boiler,0.0,0.0,0.0,0.0,0.79596,2070s,ssp126
17,HDH,227.33333333333334,Boiler,0.0,0.0,0.0,0.0,0.7517400000000001,2070s,ssp126
16,HDH,330.0,Boiler,0.0,0.0,0.0,0.0,0.70752,2070s,ssp126
15,HDH,469.5,Boiler,0.0,0.0,0.0,0.0,0.6633,2070s,ssp126
14,HDH,638.3333333333334,Boiler,0.0,0.0,0.0,0.0,0.6190800000000001,2070s,ssp126
13,HDH,853.6666666666666,Boiler,0.0,0.0,0.0,0.0,0.57486,2070s,ssp126
12,HDH,1159.6666666666667,Boiler,0.0,0.0,0.0,0.0,0.53064,2070s,ssp126
11,HDH,1650.1666666666667,Boiler,0.0,0.0,0.0,0.0,0.48642,2070s,ssp126
10,HDH,2195.5,Boiler,0.0,0.0,0.0,0.0,0.44220000000000004,2070s,ssp126
9,HDH,2612.1666666666665,Boiler,0.0,0.0,0.0,0.0,0.39798,2070s,ssp126
8,HDH,2889.1666666666665,Boiler,0.0,0.0,0.0,0.0,0.35376,2070s,ssp126
7,HDH,3194.6666666666665,Boiler,0.0,0.0,0.0,0.0,0.30954000000000004,2070s,ssp126
6,HDH,3506.3333333333335,Boiler,0.0,0.0,0.0,0.0,0.26532,2070s,ssp126
5,HDH,3855.1666666666665,Boiler,0.0,0.0,0.0,0.0,0.22110000000000002,2070s,ssp126
4,HDH,4269.0,Boiler,0.0,0.0,0.0,0.0,0.17688,2070s,ssp126
3,HDH,4198.666666666667,Boiler,0.0,0.0,0.0,0.0,0.13266,2070s,ssp126
2,HDH,4237.0,Boiler,0.0,0.0,0.0,0.0,0.08844,2070s,ssp126
1,HDH,4086.6666666666665,Boiler,0.0,0.0,0.0,0.0,0.04422,2070s,ssp126
30,HDH,1.0,HeatPump,0.6367432151107624,0.2263803395690658,0.03395705093535987,74.54894866003761,1.3266,2070s,ssp126
29,HDH,1.0,HeatPump,0.5935015552825643,0.20560449212499043,0.030840673818748564,67.7072874653179,1.28238,2070s,ssp126
28,HDH,3.5,HeatPump,0.5502549320950064,0.18558345095953002,0.027837517643929503,61.114190322670275,1.2381600000000001,2070s,ssp126
27,HDH,4.666666666666667,HeatPump,0.5070033832230285,0.16632434530869766,0.02494865179630465,54.77200494943863,1.19394,2070s,ssp126
26,HDH,7.666666666666667,HeatPump,0.4637469459612316,0.14783439071210017,0.022175158606815026,48.68310748346571,1.14972,2070s,ssp126
25,HDH,13.5,HeatPump,0.4204856572286653,0.1301208903693843,0.019518133555407643,42.849902929782246,1.1055000000000001,2070s,ssp126
24,HDH,14.833333333333334,HeatPump,0.7544319971604263,0.2263803395690658,0.03395705093535987,74.54894866003761,1.06128,2070s,ssp126
23,HDH,21.333333333333332,HeatPump,0.7789504934207729,0.2263803395690658,0.03395705093535987,74.54894866003761,1.01706,2070s,ssp126
22,HDH,34.166666666666664,HeatPump,0.8052851745892935,0.2263803395690658,0.03395705093535987,74.54894866003761,0.97284,2070s,ssp126
21,HDH,53.0,HeatPump,0.7620048418166733,0.20692595840235528,0.031038893760353292,68.14245741803894,0.92862,2070s,ssp126
20,HDH,76.16666666666667,HeatPump,0.718719836697842,0.18825497320389808,0.028238245980584713,61.993945053220905,0.8844000000000001,2070s,ssp126
19,HDH,113.33333333333333,HeatPump,0.6754301939951248,0.17037495040078823,0.025556242560118233,56.10590325362516,0.84018,2070s,ssp126
18,HDH,155.16666666666666,HeatPump,0.6321359481268574,0.1532935506027489,0.022994032590412335,50.48085472242481,0.79596,2070s,ssp126
17,HDH,227.33333333333334,HeatPump,0.5888371331716299,0.13701853011556253,0.02055277951733438,45.121353676309624,0.7517400000000001,2070s,ssp126
16,HDH,330.0,HeatPump,0.5455337828724683,0.12155774248312204,0.018233661372468304,40.02998635329653,0.70752,2070s,ssp126
15,HDH,469.5,HeatPump,0.5022259306409556,0.10691914005874834,0.016037871008812248,35.20937153017759,0.6633,2070s,ssp126
14,HDH,638.3333333333334,HeatPump,0.4589136095612908,0.09311077560643413,0.01396661634096512,30.66216104982312,0.6190800000000001,2070s,ssp126
13,HDH,853.6666666666666,HeatPump,0.5004148949633748,0.0964965248201912,0.014474478723028681,31.77711672482834,0.57486,2070s,ssp126
12,HDH,1159.6666666666667,HeatPump,0.53064,0.09695179751733034,0.01454276962759955,31.92704185079091,0.53064,2070s,ssp126
11,HDH,1650.1666666666667,HeatPump,0.48642,0.08391525149603754,0.01258728772440563,27.633997667291613,0.48642,2070s,ssp126
10,HDH,2195.5,HeatPump,0.44220000000000004,0.0717507707285413,0.010762615609281195,23.628131902012008,0.44220000000000004,2070s,ssp126
9,HDH,2612.1666666666665,HeatPump,0.39798,0.06046687286342178,0.009070030929513266,19.912249488224646,0.39798,2070s,ssp126
8,HDH,2889.1666666666665,HeatPump,0.35376,0.05007218683651806,0.007510828025477709,16.48919200703185,0.35376,2070s,ssp126
7,HDH,3194.6666666666665,HeatPump,0.30954000000000004,0.040575454694412594,0.006086318204161889,13.3618382878545,0.30954000000000004,2070s,ssp126
6,HDH,3506.3333333333335,HeatPump,0.26532,0.03198553345388788,0.004797830018083182,10.533105020766726,0.26532,2070s,ssp126
5,HDH,3855.1666666666665,HeatPump,0.22110000000000002,0.024311396998185717,0.0036467095497278576,8.005947380950024,0.22110000000000002,2070s,ssp126
4,HDH,4269.0,HeatPump,0.17688,0.01756213801092173,0.0026343207016382595,5.783359665547576,0.17688,2070s,ssp126
3,HDH,4198.666666666667,HeatPump,0.13266,0.011746969948530635,0.0017620454922795952,3.8683759432070404,0.13266,2070s,ssp126
2,HDH,4237.0,HeatPump,0.08844,0.0068752290521405975,0.0010312843578210895,2.2640707166076965,0.08844,2070s,ssp126
1,HDH,4086.6666666666665,HeatPump,0.04422,0.0029563763997994324,0.00044345645996991486,0.9735595982757815,0.04422,2070s,ssp126
30,HDH,1.0,BTES,0.1396421052631579,0.0,0.0,0.0,1.3266,2070s,ssp126
29,HDH,1.0,BTES,0.1396421052631579,0.0,0.0,0.0,1.28238,2070s,ssp126
28,HDH,3.5,BTES,0.1396421052631579,0.0,0.0,0.0,1.2381600000000001,2070s,ssp126
27,HDH,4.666666666666667,BTES,0.1396421052631579,0.0,0.0,0.0,1.19394,2070s,ssp126
26,HDH,7.666666666666667,BTES,0.1396421052631579,0.0,0.0,0.0,1.14972,2070s,ssp126
25,HDH,13.5,BTES,0.1396421052631579,0.0,0.0,0.0,1.1055000000000001,2070s,ssp126
24,HDH,14.833333333333334,BTES,0.1396421052631579,0.0,0.0,0.0,1.06128,2070s,ssp126
23,HDH,21.333333333333332,BTES,0.1396421052631579,0.0,0.0,0.0,1.01706,2070s,ssp126
22,HDH,34.166666666666664,BTES,0.1396421052631579,0.0,0.0,0.0,0.97284,2070s,ssp126
21,HDH,53.0,BTES,0.1396421052631579,0.0,0.0,0.0,0.92862,2070s,ssp126
20,HDH,76.16666666666667,BTES,0.1396421052631579,0.0,0.0,0.0,0.8844000000000001,2070s,ssp126
19,HDH,113.33333333333333,BTES,0.1396421052631579,0.0,0.0,0.0,0.84018,2070s,ssp126
18,HDH,155.16666666666666,BTES,0.1396421052631579,0.0,0.0,0.0,0.79596,2070s,ssp126
17,HDH,227.33333333333334,BTES,0.1396421052631579,0.0,0.0,0.0,0.7517400000000001,2070s,ssp126
16,HDH,330.0,BTES,0.1396421052631579,0.0,0.0,0.0,0.70752,2070s,ssp126
15,HDH,469.5,BTES,0.1396421052631579,0.0,0.0,0.0,0.6633,2070s,ssp126
14,HDH,638.3333333333334,BTES,0.1396421052631579,0.0,0.0,0.0,0.6190800000000001,2070s,ssp126
13,HDH,853.6666666666666,BTES,0.06527355103886226,0.0,0.0,0.0,0.57486,2070s,ssp126
12,HDH,1159.6666666666667,BTES,0.0,0.0,0.0,0.0,0.53064,2070s,ssp126
11,HDH,1650.1666666666667,BTES,0.0,0.0,0.0,0.0,0.48642,2070s,ssp126
10,HDH,2195.5,BTES,0.0,0.0,0.0,0.0,0.44220000000000004,2070s,ssp126
9,HDH,2612.1666666666665,BTES,0.0,0.0,0.0,0.0,0.39798,2070s,ssp126
8,HDH,2889.1666666666665,BTES,0.0,0.0,0.0,0.0,0.35376,2070s,ssp126
7,HDH,3194.6666666666665,BTES,0.0,0.0,0.0,0.0,0.30954000000000004,2070s,ssp126
6,HDH,3506.3333333333335,BTES,0.0,0.0,0.0,0.0,0.26532,2070s,ssp126
5,HDH,3855.1666666666665,BTES,0.0,0.0,0.0,0.0,0.22110000000000002,2070s,ssp126
4,HDH,4269.0,BTES,0.0,0.0,0.0,0.0,0.17688,2070s,ssp126
3,HDH,4198.666666666667,BTES,0.0,0.0,0.0,0.0,0.13266,2070s,ssp126
2,HDH,4237.0,BTES,0.0,0.0,0.0,0.0,0.08844,2070s,ssp126
1,HDH,4086.6666666666665,BTES,0.0,0.0,0.0,0.0,0.04422,2070s,ssp126
30,HDH,1.0,unmet_demand,0.0,0.0,0.0,0.0,1.3266,2070s,ssp126
29,HDH,1.0,unmet_demand,0.0,0.0,0.0,0.0,1.28238,2070s,ssp126
28,HDH,3.5,unmet_demand,0.0,0.0,0.0,0.0,1.2381600000000001,2070s,ssp126
27,HDH,4.666666666666667,unmet_demand,0.0,0.0,0.0,0.0,1.19394,2070s,ssp126
26,HDH,7.666666666666667,unmet_demand,0.0,0.0,0.0,0.0,1.14972,2070s,ssp126
25,HDH,13.5,unmet_demand,0.0,0.0,0.0,0.0,1.1055000000000001,2070s,ssp126
24,HDH,14.833333333333334,unmet_demand,0.0,0.0,0.0,0.0,1.06128,2070s,ssp126
23,HDH,21.333333333333332,unmet_demand,0.0,0.0,0.0,0.0,1.01706,2070s,ssp126
22,HDH,34.166666666666664,unmet_demand,0.0,0.0,0.0,0.0,0.97284,2070s,ssp126
21,HDH,53.0,unmet_demand,0.0,0.0,0.0,0.0,0.92862,2070s,ssp126
20,HDH,76.16666666666667,unmet_demand,0.0,0.0,0.0,0.0,0.8844000000000001,2070s,ssp126
19,HDH,113.33333333333333,unmet_demand,0.0,0.0,0.0,0.0,0.84018,2070s,ssp126
18,HDH,155.16666666666666,unmet_demand,0.0,0.0,0.0,0.0,0.79596,2070s,ssp126
17,HDH,227.33333333333334,unmet_demand,0.0,0.0,0.0,0.0,0.7517400000000001,2070s,ssp126
16,HDH,330.0,unmet_demand,0.0,0.0,0.0,0.0,0.70752,2070s,ssp126
15,HDH,469.5,unmet_demand,0.0,0.0,0.0,0.0,0.6633,2070s,ssp126
14,HDH,638.3333333333334,unmet_demand,0.0,0.0,0.0,0.0,0.6190800000000001,2070s,ssp126
13,HDH,853.6666666666666,unmet_demand,0.0,0.0,0.0,0.0,0.57486,2070s,ssp126
12,HDH,1159.6666666666667,unmet_demand,0.0,0.0,0.0,0.0,0.53064,2070s,ssp126
11,HDH,1650.1666666666667,unmet_demand,0.0,0.0,0.0,0.0,0.48642,2070s,ssp126
10,HDH,2195.5,unmet_demand,0.0,0.0,0.0,0.0,0.44220000000000004,2070s,ssp126
9,HDH,2612.1666666666665,unmet_demand,0.0,0.0,0.0,0.0,0.39798,2070s,ssp126
8,HDH,2889.1666666666665,unmet_demand,0.0,0.0,0.0,0.0,0.35376,2070s,ssp126
7,HDH,3194.6666666666665,unmet_demand,0.0,0.0,0.0,0.0,0.30954000000000004,2070s,ssp126
6,HDH,3506.3333333333335,unmet_demand,0.0,0.0,0.0,0.0,0.26532,2070s,ssp126
5,HDH,3855.1666666666665,unmet_demand,0.0,0.0,0.0,0.0,0.22110000000000002,2070s,ssp126
4,HDH,4269.0,unmet_demand,0.0,0.0,0.0,0.0,0.17688,2070s,ssp126
3,HDH,4198.666666666667,unmet_demand,0.0,0.0,0.0,0.0,0.13266,2070s,ssp126
2,HDH,4237.0,unmet_demand,0.0,0.0,0.0,0.0,0.08844,2070s,ssp126
1,HDH,4086.6666666666665,unmet_demand,0.0,0.0,0.0,0.0,0.04422,2070s,ssp126
29,HDH,1.0,Geothermal,0.23235508798699017,0.04616561430277965,0.006924842145416947,14.14733516163667,1.28238,2070s,ssp245
28,HDH,1.5,Geothermal,0.2310572522370674,0.044867778552856875,0.006730166782928531,13.749616694846853,1.2381600000000001,2070s,ssp245
27,HDH,1.3333333333333333,Geothermal,0.22976598406637125,0.04357651038216073,0.00653647655732411,13.353910846017893,1.19394,2070s,ssp245
26,HDH,4.333333333333333,Geothermal,0.22848123374876714,0.04229176006455662,0.006343764009683493,12.960202376702233,1.14972,2070s,ssp245
25,HDH,4.666666666666667,Geothermal,0.22720295205885566,0.041013478374645154,0.006152021756196773,12.56847620190135,1.1055000000000001,2070s,ssp245
24,HDH,15.666666666666666,Geothermal,0.22593109026568553,0.03974161658147503,0.005961242487221254,12.178717388139077,1.06128,2070s,ssp245
23,HDH,17.333333333333332,Geothermal,0.224665600126561,0.03847612644235048,0.005771418966352572,11.79091115156392,1.01706,2070s,ssp245
22,HDH,26.333333333333332,Geothermal,0.223406433880942,0.03721696019673145,0.005582544029509718,11.405042856079774,0.97284,2070s,ssp245
21,HDH,47.666666666666664,Geothermal,0.22215354424443562,0.0359640705602251,0.005394610584033765,11.021098011504638,0.92862,2070s,ssp245
20,HDH,63.0,Geothermal,0.2209068844028774,0.03471741071866689,0.0052076116078000325,10.639062271756774,0.8844000000000001,2070s,ssp245
19,HDH,90.16666666666667,Geothermal,0.21966640800650025,0.0334769343222897,0.005021540148343455,10.258921433067865,0.84018,2070s,ssp245
18,HDH,135.83333333333334,Geothermal,0.21843206916419008,0.03224259547997956,0.004836389321996934,9.880661432222675,0.79596,2070s,ssp245
17,HDH,192.16666666666666,Geothermal,0.21720382243782693,0.031014348753616416,0.004652152313042462,9.504268344824807,0.7517400000000001,2070s,ssp245
16,HDH,277.6666666666667,Geothermal,0.21598162283670896,0.029792149152498455,0.004468822372874768,9.129728383588043,0.70752,2070s,ssp245
15,HDH,373.8333333333333,Geothermal,0.21476542581205915,0.028575952127848633,0.0042863928191772946,8.757027896652893,0.6633,2070s,ssp245
14,HDH,500.8333333333333,Geothermal,0.2135551872516124,0.02736571356740188,0.004104857035110282,8.386153365927846,0.6190800000000001,2070s,ssp245
13,HDH,731.1666666666666,Geothermal,0.21235086347428225,0.02616138979007174,0.003924208468510761,8.017091405454986,0.57486,2070s,ssp245
12,HDH,1075.6666666666667,Geothermal,0.08914106247969318,0.010538467271499008,0.0015807700907248512,3.229486509201684,0.53064,2070s,ssp245
11,HDH,1474.1666666666667,Geothermal,0.0,0.0,0.0,0.0,0.48642,2070s,ssp245
10,HDH,1984.5,Geothermal,0.0,0.0,0.0,0.0,0.44220000000000004,2070s,ssp245
9,HDH,2394.5,Geothermal,0.0,0.0,0.0,0.0,0.39798,2070s,ssp245
8,HDH,2752.0,Geothermal,0.0,0.0,0.0,0.0,0.35376,2070s,ssp245
7,HDH,3150.6666666666665,Geothermal,0.0,0.0,0.0,0.0,0.30954000000000004,2070s,ssp245
6,HDH,3438.3333333333335,Geothermal,0.0,0.0,0.0,0.0,0.26532,2070s,ssp245
5,HDH,3848.3333333333335,Geothermal,0.0,0.0,0.0,0.0,0.22110000000000002,2070s,ssp245
4,HDH,4143.666666666667,Geothermal,0.0,0.0,0.0,0.0,0.17688,2070s,ssp245
3,HDH,4214.166666666667,Geothermal,0.0,0.0,0.0,0.0,0.13266,2070s,ssp245
2,HDH,4316.666666666667,Geothermal,0.0,0.0,0.0,0.0,0.08844,2070s,ssp245
1,HDH,4167.333333333333,Geothermal,0.0,0.0,0.0,0.0,0.04422,2070s,ssp245
29,HDH,1.0,Boiler,0.47793100404937894,0.5310344489437544,0.10620688978875088,31.11681903235654,1.28238,2070s,ssp245
28,HDH,1.5,Boiler,0.47793100404937894,0.5310344489437544,0.10620688978875088,31.11681903235654,1.2381600000000001,2070s,ssp245
27,HDH,1.3333333333333333,Boiler,0.47793100404937894,0.5310344489437544,0.10620688978875088,31.11681903235654,1.19394,2070s,ssp245
26,HDH,4.333333333333333,Boiler,0.47793100404937894,0.5310344489437544,0.10620688978875088,31.11681903235654,1.14972,2070s,ssp245
25,HDH,4.666666666666667,Boiler,0.47793100404937894,0.5310344489437544,0.10620688978875088,31.11681903235654,1.1055000000000001,2070s,ssp245
24,HDH,15.666666666666666,Boiler,0.47793100404937894,0.5310344489437544,0.10620688978875088,31.11681903235654,1.06128,2070s,ssp245
23,HDH,17.333333333333332,Boiler,0.47793100404937894,0.5310344489437544,0.10620688978875088,31.11681903235654,1.01706,2070s,ssp245
22,HDH,26.333333333333332,Boiler,0.47793100404937894,0.5310344489437544,0.10620688978875088,31.11681903235654,0.97284,2070s,ssp245
21,HDH,47.666666666666664,Boiler,0.47793100404937894,0.5310344489437544,0.10620688978875088,31.11681903235654,0.92862,2070s,ssp245
20,HDH,63.0,Boiler,0.47793100404937894,0.5310344489437544,0.10620688978875088,31.11681903235654,0.8844000000000001,2070s,ssp245
19,HDH,90.16666666666667,Boiler,0.47793100404937894,0.5310344489437544,0.10620688978875088,31.11681903235654,0.84018,2070s,ssp245
18,HDH,135.83333333333334,Boiler,0.47793100404937894,0.5310344489437544,0.10620688978875088,31.11681903235654,0.79596,2070s,ssp245
17,HDH,192.16666666666666,Boiler,0.47793100404937894,0.5310344489437544,0.10620688978875088,31.11681903235654,0.7517400000000001,2070s,ssp245
16,HDH,277.6666666666667,Boiler,0.47793100404937894,0.5310344489437544,0.10620688978875088,31.11681903235654,0.70752,2070s,ssp245
15,HDH,373.8333333333333,Boiler,0.44853457418794085,0.49837174909771204,0.09967434981954242,29.202895515268235,0.6633,2070s,ssp245
14,HDH,500.8333333333333,Boiler,0.0,0.0,0.0,0.0,0.6190800000000001,2070s,ssp245
13,HDH,731.1666666666666,Boiler,0.0,0.0,0.0,0.0,0.57486,2070s,ssp245
12,HDH,1075.6666666666667,Boiler,0.0,0.0,0.0,0.0,0.53064,2070s,ssp245
11,HDH,1474.1666666666667,Boiler,0.0,0.0,0.0,0.0,0.48642,2070s,ssp245
10,HDH,1984.5,Boiler,0.0,0.0,0.0,0.0,0.44220000000000004,2070s,ssp245
9,HDH,2394.5,Boiler,0.0,0.0,0.0,0.0,0.39798,2070s,ssp245
8,HDH,2752.0,Boiler,0.0,0.0,0.0,0.0,0.35376,2070s,ssp245
7,HDH,3150.6666666666665,Boiler,0.0,0.0,0.0,0.0,0.30954000000000004,2070s,ssp245
6,HDH,3438.3333333333335,Boiler,0.0,0.0,0.0,0.0,0.26532,2070s,ssp245
5,HDH,3848.3333333333335,Boiler,0.0,0.0,0.0,0.0,0.22110000000000002,2070s,ssp245
4,HDH,4143.666666666667,Boiler,0.0,0.0,0.0,0.0,0.17688,2070s,ssp245
3,HDH,4214.166666666667,Boiler,0.0,0.0,0.0,0.0,0.13266,2070s,ssp245
2,HDH,4316.666666666667,Boiler,0.0,0.0,0.0,0.0,0.08844,2070s,ssp245
1,HDH,4167.333333333333,Boiler,0.0,0.0,0.0,0.0,0.04422,2070s,ssp245
29,HDH,1.0,HeatPump,0.5720939079636309,0.19818832208226042,0.029728248312339063,60.734307556941054,1.28238,2070s,ssp245
28,HDH,1.5,HeatPump,0.5291717437135537,0.178472763478433,0.026770914521764947,54.69252473481922,1.2381600000000001,2070s,ssp245
27,HDH,1.3333333333333333,HeatPump,0.4862430118842498,0.159513828287416,0.0239270742431124,48.88260723440559,1.19394,2070s,ssp245
26,HDH,4.333333333333333,HeatPump,0.44330776220185397,0.14131873750071958,0.021197810625107935,43.30676791019447,1.14972,2070s,ssp245
25,HDH,4.666666666666667,HeatPump,0.40036604389176556,0.12389479928570807,0.018584219892856208,37.967246331499155,1.1055000000000001,2070s,ssp245
24,HDH,15.666666666666666,HeatPump,0.3574179056849356,0.10724941036642488,0.01608741155496373,32.86630920560211,1.06128,2070s,ssp245
23,HDH,17.333333333333332,HeatPump,0.31446339582406013,0.09139005742979589,0.013708508614469383,28.00625080868248,1.01706,2070s,ssp245
22,HDH,26.333333333333332,HeatPump,0.27150256206967915,0.07632431855777332,0.011448647783665998,23.38939342469294,0.97284,2070s,ssp245
21,HDH,47.666666666666664,HeatPump,0.2285354517061855,0.062059864685997425,0.009308979702899614,19.018087792362845,0.92862,2070s,ssp245
20,HDH,63.0,HeatPump,0.1855621115477437,0.04860446108956565,0.007290669163434847,14.89471356050842,0.8844000000000001,2070s,ssp245
19,HDH,90.16666666666667,HeatPump,0.14258258794412082,0.03596596889651479,0.005394895334477218,11.021679751835514,0.84018,2070s,ssp245
18,HDH,135.83333333333334,HeatPump,0.09959692678643095,0.024152346629636903,0.0036228519944455353,7.401425235425183,0.79596,2070s,ssp245
17,HDH,192.16666666666666,HeatPump,0.05660517351279415,0.013171651777264492,0.0019757477665896736,4.036419208096799,0.7517400000000001,2070s,ssp245
16,HDH,277.6666666666667,HeatPump,0.013607373113912136,0.0030320423936777007,0.0004548063590516551,0.9291616848487773,0.70752,2070s,ssp245
15,HDH,373.8333333333333,HeatPump,0.0,0.0,0.0,0.0,0.6633,2070s,ssp245
14,HDH,500.8333333333333,HeatPump,0.4055248127483877,0.08227851398600423,0.012341777097900635,25.214041479598073,0.6190800000000001,2070s,ssp245
13,HDH,731.1666666666666,HeatPump,0.3625091365257178,0.06990373836266454,0.010485560754399681,21.421822943411566,0.57486,2070s,ssp245
12,HDH,1075.6666666666667,HeatPump,0.44149893752030683,0.08066507537046823,0.012099761305570235,24.719607316824668,0.53064,2070s,ssp245
11,HDH,1474.1666666666667,HeatPump,0.48642,0.08391525149603754,0.01258728772440563,25.715615529370215,0.48642,2070s,ssp245
10,HDH,1984.5,HeatPump,0.44220000000000004,0.0717507707285413,0.010762615609281195,21.987841317239983,0.44220000000000004,2070s,ssp245
9,HDH,2394.5,HeatPump,0.39798,0.06046687286342178,0.009070030929513266,18.529919497321504,0.39798,2070s,ssp245
8,HDH,2752.0,HeatPump,0.35376,0.05007218683651806,0.007510828025477709,15.34449438507007,0.35376,2070s,ssp245
7,HDH,3150.6666666666665,HeatPump,0.30954000000000004,0.040575454694412594,0.006086318204161889,12.43424495844077,0.30954000000000004,2070s,ssp245
6,HDH,3438.3333333333335,HeatPump,0.26532,0.03198553345388788,0.004797830018083182,9.801885427714286,0.26532,2070s,ssp245
5,HDH,3848.3333333333335,HeatPump,0.22110000000000002,0.024311396998185717,0.0036467095497278576,7.450165816600693,0.22110000000000002,2070s,ssp245
4,HDH,4143.666666666667,HeatPump,0.17688,0.01756213801092173,0.0026343207016382595,5.381872554882675,0.17688,2070s,ssp245
3,HDH,4214.166666666667,HeatPump,0.13266,0.011746969948530635,0.0017620454922795952,3.599829082866347,0.13266,2070s,ssp245
2,HDH,4316.666666666667,HeatPump,0.08844,0.0068752290521405975,0.0010312843578210895,2.106896467915043,0.08844,2070s,ssp245
1,HDH,4167.333333333333,HeatPump,0.04422,0.0029563763997994324,0.00044345645996991486,0.9059740333488219,0.04422,2070s,ssp245
29,HDH,1.0,BTES,0.18618947368421052,0.0,0.0,0.0,1.28238,2070s,ssp245
28,HDH,1.5,BTES,0.18618947368421052,0.0,0.0,0.0,1.2381600000000001,2070s,ssp245
27,HDH,1.3333333333333333,BTES,0.18618947368421052,0.0,0.0,0.0,1.19394,2070s,ssp245
26,HDH,4.333333333333333,BTES,0.18618947368421052,0.0,0.0,0.0,1.14972,2070s,ssp245
25,HDH,4.666666666666667,BTES,0.18618947368421052,0.0,0.0,0.0,1.1055000000000001,2070s,ssp245
24,HDH,15.666666666666666,BTES,0.18618947368421052,0.0,0.0,0.0,1.06128,2070s,ssp245
23,HDH,17.333333333333332,BTES,0.18618947368421052,0.0,0.0,0.0,1.01706,2070s,ssp245
22,HDH,26.333333333333332,BTES,0.18618947368421052,0.0,0.0,0.0,0.97284,2070s,ssp245
21,HDH,47.666666666666664,BTES,0.18618947368421052,0.0,0.0,0.0,0.92862,2070s,ssp245
20,HDH,63.0,BTES,0.18618947368421052,0.0,0.0,0.0,0.8844000000000001,2070s,ssp245
19,HDH,90.16666666666667,BTES,0.18618947368421052,0.0,0.0,0.0,0.84018,2070s,ssp245
18,HDH,135.83333333333334,BTES,0.18618947368421052,0.0,0.0,0.0,0.79596,2070s,ssp245
17,HDH,192.16666666666666,BTES,0.18618947368421052,0.0,0.0,0.0,0.7517400000000001,2070s,ssp245
16,HDH,277.6666666666667,BTES,0.18618947368421052,0.0,0.0,0.0,0.70752,2070s,ssp245
15,HDH,373.8333333333333,BTES,0.18618947368421052,0.0,0.0,0.0,0.6633,2070s,ssp245
14,HDH,500.8333333333333,BTES,0.18618947368421052,0.0,0.0,0.0,0.6190800000000001,2070s,ssp245
13,HDH,731.1666666666666,BTES,0.18618947368421052,0.0,0.0,0.0,0.57486,2070s,ssp245
12,HDH,1075.6666666666667,BTES,0.07860259520819417,0.0,0.0,0.0,0.53064,2070s,ssp245
11,HDH,1474.1666666666667,BTES,0.0,0.0,0.0,0.0,0.48642,2070s,ssp245
10,HDH,1984.5,BTES,0.0,0.0,0.0,0.0,0.44220000000000004,2070s,ssp245
9,HDH,2394.5,BTES,0.0,0.0,0.0,0.0,0.39798,2070s,ssp245
8,HDH,2752.0,BTES,0.0,0.0,0.0,0.0,0.35376,2070s,ssp245
7,HDH,3150.6666666666665,BTES,0.0,0.0,0.0,0.0,0.30954000000000004,2070s,ssp245
6,HDH,3438.3333333333335,BTES,0.0,0.0,0.0,0.0,0.26532,2070s,ssp245
5,HDH,3848.3333333333335,BTES,0.0,0.0,0.0,0.0,0.22110000000000002,2070s,ssp245
4,HDH,4143.666666666667,BTES,0.0,0.0,0.0,0.0,0.17688,2070s,ssp245
3,HDH,4214.166666666667,BTES,0.0,0.0,0.0,0.0,0.13266,2070s,ssp245
2,HDH,4316.666666666667,BTES,0.0,0.0,0.0,0.0,0.08844,2070s,ssp245
1,HDH,4167.333333333333,BTES,0.0,0.0,0.0,0.0,0.04422,2070s,ssp245
29,HDH,1.0,unmet_demand,0.0,0.0,0.0,0.0,1.28238,2070s,ssp245
28,HDH,1.5,unmet_demand,0.0,0.0,0.0,0.0,1.2381600000000001,2070s,ssp245
27,HDH,1.3333333333333333,unmet_demand,0.0,0.0,0.0,0.0,1.19394,2070s,ssp245
26,HDH,4.333333333333333,unmet_demand,0.0,0.0,0.0,0.0,1.14972,2070s,ssp245
25,HDH,4.666666666666667,unmet_demand,0.0,0.0,0.0,0.0,1.1055000000000001,2070s,ssp245
24,HDH,15.666666666666666,unmet_demand,0.0,0.0,0.0,0.0,1.06128,2070s,ssp245
23,HDH,17.333333333333332,unmet_demand,0.0,0.0,0.0,0.0,1.01706,2070s,ssp245
22,HDH,26.333333333333332,unmet_demand,0.0,0.0,0.0,0.0,0.97284,2070s,ssp245
21,HDH,47.666666666666664,unmet_demand,0.0,0.0,0.0,0.0,0.92862,2070s,ssp245
20,HDH,63.0,unmet_demand,0.0,0.0,0.0,0.0,0.8844000000000001,2070s,ssp245
19,HDH,90.16666666666667,unmet_demand,0.0,0.0,0.0,0.0,0.84018,2070s,ssp245
18,HDH,135.83333333333334,unmet_demand,0.0,0.0,0.0,0.0,0.79596,2070s,ssp245
17,HDH,192.16666666666666,unmet_demand,0.0,0.0,0.0,0.0,0.7517400000000001,2070s,ssp245
16,HDH,277.6666666666667,unmet_demand,0.0,0.0,0.0,0.0,0.70752,2070s,ssp245
15,HDH,373.8333333333333,unmet_demand,0.0,0.0,0.0,0.0,0.6633,2070s,ssp245
14,HDH,500.8333333333333,unmet_demand,0.0,0.0,0.0,0.0,0.6190800000000001,2070s,ssp245
13,HDH,731.1666666666666,unmet_demand,0.0,0.0,0.0,0.0,0.57486,2070s,ssp245
12,HDH,1075.6666666666667,unmet_demand,0.0,0.0,0.0,0.0,0.53064,2070s,ssp245
11,HDH,1474.1666666666667,unmet_demand,0.0,0.0,0.0,0.0,0.48642,2070s,ssp245
10,HDH,1984.5,unmet_demand,0.0,0.0,0.0,0.0,0.44220000000000004,2070s,ssp245
9,HDH,2394.5,unmet_demand,0.0,0.0,0.0,0.0,0.39798,2070s,ssp245
8,HDH,2752.0,unmet_demand,0.0,0.0,0.0,0.0,0.35376,2070s,ssp245
7,HDH,3150.6666666666665,unmet_demand,0.0,0.0,0.0,0.0,0.30954000000000004,2070s,ssp245
6,HDH,3438.3333333333335,unmet_demand,0.0,0.0,0.0,0.0,0.26532,2070s,ssp245
5,HDH,3848.3333333333335,unmet_demand,0.0,0.0,0.0,0.0,0.22110000000000002,2070s,ssp245
4,HDH,4143.666666666667,unmet_demand,0.0,0.0,0.0,0.0,0.17688,2070s,ssp245
3,HDH,4214.166666666667,unmet_demand,0.0,0.0,0.0,0.0,0.13266,2070s,ssp245
2,HDH,4316.666666666667,unmet_demand,0.0,0.0,0.0,0.0,0.08844,2070s,ssp245
1,HDH,4167.333333333333,unmet_demand,0.0,0.0,0.0,0.0,0.04422,2070s,ssp245
29,HDH,2.0,Geothermal,0.3387344712361645,0.06730166782928533,0.010095250174392799,20.439194565400477,1.28238,2070s,ssp370
28,HDH,4.0,Geothermal,0.3465858783556012,0.06730166782928533,0.010095250174392799,20.439194565400477,1.2381600000000001,2070s,ssp370
27,HDH,8.0,Geothermal,0.3446489760995569,0.06536476557324111,0.009804714835986167,19.850966615896013,1.19394,2070s,ssp370
26,HDH,10.0,Geothermal,0.34272185062315075,0.06343764009683493,0.00951564601452524,19.265707827597954,1.14972,2070s,ssp370
25,HDH,2.0,Geothermal,0.3408044280882835,0.06152021756196773,0.009228032634295159,18.68339577622884,1.1055000000000001,2070s,ssp370
24,HDH,5.0,Geothermal,0.3388966353985283,0.05961242487221255,0.008941863730831882,18.104008262753467,1.06128,2070s,ssp370
23,HDH,5.0,Geothermal,0.3369984001898415,0.057714189663525726,0.008657128449528859,17.52752331055796,1.01706,2070s,ssp370
22,HDH,4.333333333333333,Geothermal,0.33510965082141303,0.05582544029509719,0.008373816044264577,16.953919162671003,0.97284,2070s,ssp370
21,HDH,12.833333333333334,Geothermal,0.33323031636665346,0.053946105840337655,0.008091915876050649,16.383174279026733,0.92862,2070s,ssp370
20,HDH,25.5,Geothermal,0.33136032660431614,0.05207611607800034,0.007811417411700051,15.815267333768414,0.8844000000000001,2070s,ssp370
19,HDH,54.666666666666664,Geothermal,0.3294996120097504,0.050215401483434556,0.007532310222515183,15.250177212592227,0.84018,2070s,ssp370
18,HDH,92.0,Geothermal,0.32764810374628517,0.048363893219969346,0.0072545839829954014,14.687883010130498,0.79596,2070s,ssp370
17,HDH,140.5,Geothermal,0.3258057336567404,0.04652152313042463,0.006978228469563695,14.128364027373685,0.7517400000000001,2070s,ssp370
16,HDH,200.66666666666666,Geothermal,0.32397243425506345,0.044688223728747686,0.006703233559312152,13.57159976913041,0.70752,2070s,ssp370
15,HDH,304.8333333333333,Geothermal,0.3221481387180888,0.042863928191772954,0.006429589228765943,13.017569941524957,0.6633,2070s,ssp370
14,HDH,409.5,Geothermal,0.3203327808774186,0.04104857035110282,0.006157285552665423,12.466254449531508,0.6190800000000001,2070s,ssp370
13,HDH,579.8333333333334,Geothermal,0.3185262952114234,0.03924208468510761,0.005886312702766142,11.91763339454457,0.57486,2070s,ssp370
12,HDH,807.0,Geothermal,0.3167286168373582,0.03744440631104241,0.005616660946656361,11.371687071984889,0.53064,2070s,ssp370
11,HDH,1200.8333333333333,Geothermal,0.12931996018580116,0.014640784753365813,0.0021961177130048718,4.446336291743133,0.48642,2070s,ssp370
10,HDH,1683.1666666666667,Geothermal,0.0,0.0,0.0,0.0,0.44220000000000004,2070s,ssp370
9,HDH,2126.0,Geothermal,0.0,0.0,0.0,0.0,0.39798,2070s,ssp370
8,HDH,2585.5,Geothermal,0.0,0.0,0.0,0.0,0.35376,2070s,ssp370
7,HDH,2899.6666666666665,Geothermal,0.0,0.0,0.0,0.0,0.30954000000000004,2070s,ssp370
6,HDH,3268.6666666666665,Geothermal,0.0,0.0,0.0,0.0,0.26532,2070s,ssp370
5,HDH,3729.5,Geothermal,0.0,0.0,0.0,0.0,0.22110000000000002,2070s,ssp370
4,HDH,4121.666666666667,Geothermal,0.0,0.0,0.0,0.0,0.17688,2070s,ssp370
3,HDH,4271.333333333333,Geothermal,0.0,0.0,0.0,0.0,0.13266,2070s,ssp370
2,HDH,4298.5,Geothermal,0.0,0.0,0.0,0.0,0.08844,2070s,ssp370
1,HDH,4241.0,Geothermal,0.0,0.0,0.0,0.0,0.04422,2070s,ssp370
29,HDH,2.0,Boiler,0.3094460635991052,0.34382895955456133,0.06876579191091227,18.88547778915021,1.28238,2070s,ssp370
28,HDH,4.0,Boiler,0.30944606359910515,0.3438289595545613,0.06876579191091226,18.885477789150208,1.2381600000000001,2070s,ssp370
27,HDH,8.0,Boiler,0.30944606359910515,0.3438289595545613,0.06876579191091226,18.885477789150208,1.19394,2070s,ssp370
26,HDH,10.0,Boiler,0.30944606359910515,0.3438289595545613,0.06876579191091226,18.885477789150208,1.14972,2070s,ssp370
25,HDH,2.0,Boiler,0.30944606359910515,0.3438289595545613,0.06876579191091226,18.885477789150208,1.1055000000000001,2070s,ssp370
24,HDH,5.0,Boiler,0.30944606359910515,0.3438289595545613,0.06876579191091226,18.885477789150208,1.06128,2070s,ssp370
23,HDH,5.0,Boiler,0.30944606359910515,0.3438289595545613,0.06876579191091226,18.885477789150208,1.01706,2070s,ssp370
22,HDH,4.333333333333333,Boiler,0.30944606359910515,0.3438289595545613,0.06876579191091226,18.885477789150208,0.97284,2070s,ssp370
21,HDH,12.833333333333334,Boiler,0.30944606359910515,0.3438289595545613,0.06876579191091226,18.885477789150208,0.92862,2070s,ssp370
20,HDH,25.5,Boiler,0.30944606359910515,0.3438289595545613,0.06876579191091226,18.885477789150208,0.8844000000000001,2070s,ssp370
19,HDH,54.666666666666664,Boiler,0.30944606359910515,0.3438289595545613,0.06876579191091226,18.885477789150208,0.84018,2070s,ssp370
18,HDH,92.0,Boiler,0.30944606359910515,0.3438289595545613,0.06876579191091226,18.885477789150208,0.79596,2070s,ssp370
17,HDH,140.5,Boiler,0.30944606359910515,0.3438289595545613,0.06876579191091226,18.885477789150208,0.7517400000000001,2070s,ssp370
16,HDH,200.66666666666666,Boiler,0.30944606359910515,0.3438289595545613,0.06876579191091226,18.885477789150208,0.70752,2070s,ssp370
15,HDH,304.8333333333333,Boiler,0.30944606359910515,0.3438289595545613,0.06876579191091226,18.885477789150208,0.6633,2070s,ssp370
14,HDH,409.5,Boiler,0.29874721912258145,0.33194135458064605,0.06638827091612921,18.23252784569019,0.6190800000000001,2070s,ssp370
13,HDH,579.8333333333334,Boiler,0.0,0.0,0.0,0.0,0.57486,2070s,ssp370
12,HDH,807.0,Boiler,0.0,0.0,0.0,0.0,0.53064,2070s,ssp370
11,HDH,1200.8333333333333,Boiler,0.0,0.0,0.0,0.0,0.48642,2070s,ssp370
10,HDH,1683.1666666666667,Boiler,0.0,0.0,0.0,0.0,0.44220000000000004,2070s,ssp370
9,HDH,2126.0,Boiler,0.0,0.0,0.0,0.0,0.39798,2070s,ssp370
8,HDH,2585.5,Boiler,0.0,0.0,0.0,0.0,0.35376,2070s,ssp370
7,HDH,2899.6666666666665,Boiler,0.0,0.0,0.0,0.0,0.30954000000000004,2070s,ssp370
6,HDH,3268.6666666666665,Boiler,0.0,0.0,0.0,0.0,0.26532,2070s,ssp370
5,HDH,3729.5,Boiler,0.0,0.0,0.0,0.0,0.22110000000000002,2070s,ssp370
4,HDH,4121.666666666667,Boiler,0.0,0.0,0.0,0.0,0.17688,2070s,ssp370
3,HDH,4271.333333333333,Boiler,0.0,0.0,0.0,0.0,0.13266,2070s,ssp370
2,HDH,4298.5,Boiler,0.0,0.0,0.0,0.0,0.08844,2070s,ssp370
1,HDH,4241.0,Boiler,0.0,0.0,0.0,0.0,0.04422,2070s,ssp370
29,HDH,2.0,HeatPump,0.6341994651647304,0.21970331464262907,0.03295549719639436,66.72284565123502,1.28238,2070s,ssp370
28,HDH,4.0,HeatPump,0.5821280580452939,0.1963332404874516,0.02944998607311774,59.625465926899864,1.2381600000000001,2070s,ssp370
27,HDH,8.0,HeatPump,0.539844960301338,0.17709814680037744,0.026564722020056615,53.78385999001487,1.19394,2070s,ssp370
26,HDH,10.0,HeatPump,0.4975520857777442,0.15861087623127226,0.02379163143469084,48.169364356658214,1.14972,2070s,ssp370
25,HDH,2.0,HeatPump,0.4552495083126115,0.1408786966772742,0.02113180450159113,42.78418625242295,1.1055000000000001,2070s,ssp370
24,HDH,5.0,HeatPump,0.41293730100236653,0.12390896299931327,0.01858634444989699,37.63055931338969,1.06128,2070s,ssp370
23,HDH,5.0,HeatPump,0.3706155362110534,0.10770911841724529,0.016156367762586794,32.710744009822164,1.01706,2070s,ssp370
22,HDH,4.333333333333333,HeatPump,0.3282842855794819,0.09228669593051188,0.013843004389576781,28.027028077614798,0.97284,2070s,ssp370
21,HDH,12.833333333333334,HeatPump,0.2859436200342414,0.07764931976489924,0.011647397964734884,23.581726957666472,0.92862,2070s,ssp370
20,HDH,25.5,HeatPump,0.2435936097965788,0.06380470684597905,0.009570706026896858,19.377184243357462,0.8844000000000001,2070s,ssp370
19,HDH,54.666666666666664,HeatPump,0.20123432439114447,0.050760668299831495,0.007614100244974724,15.415772136311846,0.84018,2070s,ssp370
18,HDH,92.0,HeatPump,0.15886583265460968,0.03852511098166506,0.005778766647249759,11.69989191063202,0.79596,2070s,ssp370
17,HDH,140.5,HeatPump,0.1164882027441545,0.027106039032962076,0.004065905854944311,8.231974385796358,0.7517400000000001,2070s,ssp370
16,HDH,200.66666666666666,HeatPump,0.07410150214583144,0.01651155546779628,0.0024767333201694422,5.0144804084162615,0.70752,2070s,ssp370
15,HDH,304.8333333333333,HeatPump,0.03170579768280607,0.006749863788984209,0.0010124795683476313,2.0499013430536035,0.6633,2070s,ssp370
14,HDH,409.5,HeatPump,0.0,0.0,0.0,0.0,0.6190800000000001,2070s,ssp370
13,HDH,579.8333333333334,HeatPump,0.25633370478857664,0.0494296072226084,0.007414441083391259,15.011535254622618,0.57486,2070s,ssp370
12,HDH,807.0,HeatPump,0.2139113831626418,0.03908316958208298,0.0058624754373124465,11.869371637966113,0.53064,2070s,ssp370
11,HDH,1200.8333333333333,HeatPump,0.35710003981419886,0.06160548425281344,0.009240822637922015,18.709290862344147,0.48642,2070s,ssp370
10,HDH,1683.1666666666667,HeatPump,0.44220000000000004,0.0717507707285413,0.010762615609281195,21.79036583250852,0.44220000000000004,2070s,ssp370
9,HDH,2126.0,HeatPump,0.39798,0.06046687286342178,0.009070030929513266,18.363500030218134,0.39798,2070s,ssp370
8,HDH,2585.5,HeatPump,0.35376,0.05007218683651806,0.007510828025477709,15.206683609426756,0.35376,2070s,ssp370
7,HDH,2899.6666666666665,HeatPump,0.30954000000000004,0.040575454694412594,0.006086318204161889,12.32257148786171,0.30954000000000004,2070s,ssp370
6,HDH,3268.6666666666665,HeatPump,0.26532,0.03198553345388788,0.004797830018083182,9.713853499150089,0.26532,2070s,ssp370
5,HDH,3729.5,HeatPump,0.22110000000000002,0.024311396998185717,0.0036467095497278576,7.3832549687036115,0.22110000000000002,2070s,ssp370
4,HDH,4121.666666666667,HeatPump,0.17688,0.01756213801092173,0.0026343207016382595,5.333537301039219,0.17688,2070s,ssp370
3,HDH,4271.333333333333,HeatPump,0.13266,0.011746969948530635,0.0017620454922795952,3.5674985788012625,0.13266,2070s,ssp370
2,HDH,4298.5,HeatPump,0.08844,0.0068752290521405975,0.0010312843578210895,2.087974173758121,0.08844,2070s,ssp370
1,HDH,4241.0,HeatPump,0.04422,0.0029563763997994324,0.00044345645996991486,0.8978373700534851,0.04422,2070s,ssp370
29,HDH,2.0,BTES,0.2714328034068792,0.0,0.0,0.0,1.28238,2070s,ssp370
28,HDH,4.0,BTES,0.2792842105263158,0.0,0.0,0.0,1.2381600000000001,2070s,ssp370
27,HDH,8.0,BTES,0.2792842105263158,0.0,0.0,0.0,1.19394,2070s,ssp370
26,HDH,10.0,BTES,0.2792842105263158,0.0,0.0,0.0,1.14972,2070s,ssp370
25,HDH,2.0,BTES,0.2792842105263158,0.0,0.0,0.0,1.1055000000000001,2070s,ssp370
24,HDH,5.0,BTES,0.2792842105263158,0.0,0.0,0.0,1.06128,2070s,ssp370
23,HDH,5.0,BTES,0.2792842105263158,0.0,0.0,0.0,1.01706,2070s,ssp370
22,HDH,4.333333333333333,BTES,0.2792842105263158,0.0,0.0,0.0,0.97284,2070s,ssp370
21,HDH,12.833333333333334,BTES,0.2792842105263158,0.0,0.0,0.0,0.92862,2070s,ssp370
20,HDH,25.5,BTES,0.2792842105263158,0.0,0.0,0.0,0.8844000000000001,2070s,ssp370
19,HDH,54.666666666666664,BTES,0.2792842105263158,0.0,0.0,0.0,0.84018,2070s,ssp370
18,HDH,92.0,BTES,0.2792842105263158,0.0,0.0,0.0,0.79596,2070s,ssp370
17,HDH,140.5,BTES,0.2792842105263158,0.0,0.0,0.0,0.7517400000000001,2070s,ssp370
16,HDH,200.66666666666666,BTES,0.2792842105263158,0.0,0.0,0.0,0.70752,2070s,ssp370
15,HDH,304.8333333333333,BTES,0.2792842105263158,0.0,0.0,0.0,0.6633,2070s,ssp370
14,HDH,409.5,BTES,0.2792842105263158,0.0,0.0,0.0,0.6190800000000001,2070s,ssp370
13,HDH,579.8333333333334,BTES,0.2792842105263158,0.0,0.0,0.0,0.57486,2070s,ssp370
12,HDH,807.0,BTES,0.2792842105263158,0.0,0.0,0.0,0.53064,2070s,ssp370
11,HDH,1200.8333333333333,BTES,0.11467917543243535,0.0,0.0,0.0,0.48642,2070s,ssp370
10,HDH,1683.1666666666667,BTES,0.0,0.0,0.0,0.0,0.44220000000000004,2070s,ssp370
9,HDH,2126.0,BTES,0.0,0.0,0.0,0.0,0.39798,2070s,ssp370
8,HDH,2585.5,BTES,0.0,0.0,0.0,0.0,0.35376,2070s,ssp370
7,HDH,2899.6666666666665,BTES,0.0,0.0,0.0,0.0,0.30954000000000004,2070s,ssp370
6,HDH,3268.6666666666665,BTES,0.0,0.0,0.0,0.0,0.26532,2070s,ssp370
5,HDH,3729.5,BTES,0.0,0.0,0.0,0.0,0.22110000000000002,2070s,ssp370
4,HDH,4121.666666666667,BTES,0.0,0.0,0.0,0.0,0.17688,2070s,ssp370
3,HDH,4271.333333333333,BTES,0.0,0.0,0.0,0.0,0.13266,2070s,ssp370
2,HDH,4298.5,BTES,0.0,0.0,0.0,0.0,0.08844,2070s,ssp370
1,HDH,4241.0,BTES,0.0,0.0,0.0,0.0,0.04422,2070s,ssp370
29,HDH,2.0,unmet_demand,0.0,0.0,0.0,0.0,1.28238,2070s,ssp370
28,HDH,4.0,unmet_demand,0.0,0.0,0.0,0.0,1.2381600000000001,2070s,ssp370
27,HDH,8.0,unmet_demand,0.0,0.0,0.0,0.0,1.19394,2070s,ssp370
26,HDH,10.0,unmet_demand,0.0,0.0,0.0,0.0,1.14972,2070s,ssp370
25,HDH,2.0,unmet_demand,0.0,0.0,0.0,0.0,1.1055000000000001,2070s,ssp370
24,HDH,5.0,unmet_demand,0.0,0.0,0.0,0.0,1.06128,2070s,ssp370
23,HDH,5.0,unmet_demand,0.0,0.0,0.0,0.0,1.01706,2070s,ssp370
22,HDH,4.333333333333333,unmet_demand,0.0,0.0,0.0,0.0,0.97284,2070s,ssp370
21,HDH,12.833333333333334,unmet_demand,0.0,0.0,0.0,0.0,0.92862,2070s,ssp370
20,HDH,25.5,unmet_demand,0.0,0.0,0.0,0.0,0.8844000000000001,2070s,ssp370
19,HDH,54.666666666666664,unmet_demand,0.0,0.0,0.0,0.0,0.84018,2070s,ssp370
18,HDH,92.0,unmet_demand,0.0,0.0,0.0,0.0,0.79596,2070s,ssp370
17,HDH,140.5,unmet_demand,0.0,0.0,0.0,0.0,0.7517400000000001,2070s,ssp370
16,HDH,200.66666666666666,unmet_demand,0.0,0.0,0.0,0.0,0.70752,2070s,ssp370
15,HDH,304.8333333333333,unmet_demand,0.0,0.0,0.0,0.0,0.6633,2070s,ssp370
14,HDH,409.5,unmet_demand,0.0,0.0,0.0,0.0,0.6190800000000001,2070s,ssp370
13,HDH,579.8333333333334,unmet_demand,0.0,0.0,0.0,0.0,0.57486,2070s,ssp370
12,HDH,807.0,unmet_demand,0.0,0.0,0.0,0.0,0.53064,2070s,ssp370
11,HDH,1200.8333333333333,unmet_demand,0.0,0.0,0.0,0.0,0.48642,2070s,ssp370
10,HDH,1683.1666666666667,unmet_demand,0.0,0.0,0.0,0.0,0.44220000000000004,2070s,ssp370
9,HDH,2126.0,unmet_demand,0.0,0.0,0.0,0.0,0.39798,2070s,ssp370
8,HDH,2585.5,unmet_demand,0.0,0.0,0.0,0.0,0.35376,2070s,ssp370
7,HDH,2899.6666666666665,unmet_demand,0.0,0.0,0.0,0.0,0.30954000000000004,2070s,ssp370
6,HDH,3268.6666666666665,unmet_demand,0.0,0.0,0.0,0.0,0.26532,2070s,ssp370
5,HDH,3729.5,unmet_demand,0.0,0.0,0.0,0.0,0.22110000000000002,2070s,ssp370
4,HDH,4121.666666666667,unmet_demand,0.0,0.0,0.0,0.0,0.17688,2070s,ssp370
3,HDH,4271.333333333333,unmet_demand,0.0,0.0,0.0,0.0,0.13266,2070s,ssp370
2,HDH,4298.5,unmet_demand,0.0,0.0,0.0,0.0,0.08844,2070s,ssp370
1,HDH,4241.0,unmet_demand,0.0,0.0,0.0,0.0,0.04422,2070s,ssp370
25,HDH,1.0,Geothermal,0.18314474635462166,0.03306032349482572,0.004959048524223858,9.918097048447715,1.1055000000000001,2070s,ssp585
24,HDH,2.0,Geothermal,0.1879479390680842,0.033060323494825725,0.0049590485242238585,9.918097048447718,1.06128,2070s,ssp585
23,HDH,3.5,Geothermal,0.19304223437024143,0.033060323494825725,0.0049590485242238585,9.918097048447718,1.01706,2070s,ssp585
22,HDH,10.0,Geothermal,0.19845492312878352,0.033060323494825725,0.0049590485242238585,9.918097048447718,0.97284,2070s,ssp585
21,HDH,13.75,Geothermal,0.20421681761368313,0.03306032349482572,0.004959048524223858,9.918097048447715,0.92862,2070s,ssp585
20,HDH,18.166666666666668,Geothermal,0.21036283839757605,0.033060323494825725,0.0049590485242238585,9.918097048447718,0.8844000000000001,2070s,ssp585
19,HDH,27.666666666666668,Geothermal,0.21693272268380648,0.03306032349482573,0.004959048524223859,9.91809704844772,0.84018,2070s,ssp585
18,HDH,51.166666666666664,Geothermal,0.22397188441905325,0.033060323494825725,0.0049590485242238585,9.918097048447718,0.79596,2070s,ssp585
17,HDH,90.5,Geothermal,0.23153246554209614,0.033060323494825725,0.0049590485242238585,9.918097048447718,0.7517400000000001,2070s,ssp585
16,HDH,150.5,Geothermal,0.23967462982844998,0.033060323494825725,0.0049590485242238585,9.918097048447718,0.70752,2070s,ssp585
15,HDH,223.5,Geothermal,0.2484681672577122,0.033060323494825725,0.0049590485242238585,9.918097048447718,0.6633,2070s,ssp585
14,HDH,342.5,Geothermal,0.2579944994727462,0.03306032349482572,0.004959048524223858,9.918097048447715,0.6190800000000001,2070s,ssp585
13,HDH,516.0,Geothermal,0.268349208402131,0.033060323494825725,0.0049590485242238585,9.918097048447718,0.57486,2070s,ssp585
12,HDH,706.8333333333334,Geothermal,0.27964525450691446,0.033060323494825725,0.0049590485242238585,9.918097048447718,0.53064,2070s,ssp585
11,HDH,1084.5,Geothermal,0.2920171145264392,0.033060323494825725,0.0049590485242238585,9.918097048447718,0.48642,2070s,ssp585
10,HDH,1514.6666666666667,Geothermal,0.30562616054791636,0.033060323494825725,0.0049590485242238585,9.918097048447718,0.44220000000000004,2070s,ssp585
9,HDH,2028.1666666666667,Geothermal,0.0,0.0,0.0,0.0,0.39798,2070s,ssp585
8,HDH,2443.6666666666665,Geothermal,0.0,0.0,0.0,0.0,0.35376,2070s,ssp585
7,HDH,2806.5,Geothermal,0.0,0.0,0.0,0.0,0.30954000000000004,2070s,ssp585
6,HDH,3086.6666666666665,Geothermal,0.0,0.0,0.0,0.0,0.26532,2070s,ssp585
5,HDH,3544.5,Geothermal,0.0,0.0,0.0,0.0,0.22110000000000002,2070s,ssp585
4,HDH,3982.8333333333335,Geothermal,0.0,0.0,0.0,0.0,0.17688,2070s,ssp585
3,HDH,4170.5,Geothermal,0.0,0.0,0.0,0.0,0.13266,2070s,ssp585
2,HDH,4285.0,Geothermal,0.0,0.0,0.0,0.0,0.08844,2070s,ssp585
1,HDH,4244.0,Geothermal,0.0,0.0,0.0,0.0,0.04422,2070s,ssp585
25,HDH,1.0,Boiler,0.0,0.0,0.0,0.0,1.1055000000000001,2070s,ssp585
24,HDH,2.0,Boiler,0.0,0.0,0.0,0.0,1.06128,2070s,ssp585
23,HDH,3.5,Boiler,0.0,0.0,0.0,0.0,1.01706,2070s,ssp585
22,HDH,10.0,Boiler,0.0,0.0,0.0,0.0,0.97284,2070s,ssp585
21,HDH,13.75,Boiler,0.0,0.0,0.0,0.0,0.92862,2070s,ssp585
20,HDH,18.166666666666668,Boiler,0.0,0.0,0.0,0.0,0.8844000000000001,2070s,ssp585
19,HDH,27.666666666666668,Boiler,0.0,0.0,0.0,0.0,0.84018,2070s,ssp585
18,HDH,51.166666666666664,Boiler,0.0,0.0,0.0,0.0,0.79596,2070s,ssp585
17,HDH,90.5,Boiler,0.0,0.0,0.0,0.0,0.7517400000000001,2070s,ssp585
16,HDH,150.5,Boiler,0.0,0.0,0.0,0.0,0.70752,2070s,ssp585
15,HDH,223.5,Boiler,0.0,0.0,0.0,0.0,0.6633,2070s,ssp585
14,HDH,342.5,Boiler,0.0,0.0,0.0,0.0,0.6190800000000001,2070s,ssp585
13,HDH,516.0,Boiler,0.0,0.0,0.0,0.0,0.57486,2070s,ssp585
12,HDH,706.8333333333334,Boiler,0.0,0.0,0.0,0.0,0.53064,2070s,ssp585
11,HDH,1084.5,Boiler,0.0,0.0,0.0,0.0,0.48642,2070s,ssp585
10,HDH,1514.6666666666667,Boiler,0.0,0.0,0.0,0.0,0.44220000000000004,2070s,ssp585
9,HDH,2028.1666666666667,Boiler,0.0,0.0,0.0,0.0,0.39798,2070s,ssp585
8,HDH,2443.6666666666665,Boiler,0.0,0.0,0.0,0.0,0.35376,2070s,ssp585
7,HDH,2806.5,Boiler,0.0,0.0,0.0,0.0,0.30954000000000004,2070s,ssp585
6,HDH,3086.6666666666665,Boiler,0.0,0.0,0.0,0.0,0.26532,2070s,ssp585
5,HDH,3544.5,Boiler,0.0,0.0,0.0,0.0,0.22110000000000002,2070s,ssp585
4,HDH,3982.8333333333335,Boiler,0.0,0.0,0.0,0.0,0.17688,2070s,ssp585
3,HDH,4170.5,Boiler,0.0,0.0,0.0,0.0,0.13266,2070s,ssp585
2,HDH,4285.0,Boiler,0.0,0.0,0.0,0.0,0.08844,2070s,ssp585
1,HDH,4244.0,Boiler,0.0,0.0,0.0,0.0,0.04422,2070s,ssp585
25,HDH,1.0,HeatPump,0.9223552536453785,0.28542635112034,0.042813952668051,85.62790533610199,1.1055000000000001,2070s,ssp585
24,HDH,2.0,HeatPump,0.8733320609319157,0.2620583554971862,0.03930875332457793,78.61750664915586,1.06128,2070s,ssp585
23,HDH,3.5,HeatPump,0.8240177656297587,0.23947789130347447,0.03592168369552117,71.84336739104234,1.01706,2070s,ssp585
22,HDH,10.0,HeatPump,0.7743850768712165,0.21769375892053566,0.032654063838080345,65.3081276761607,0.97284,2070s,ssp585
21,HDH,13.75,HeatPump,0.7244031823863168,0.19671505292228564,0.029507257938342843,59.01451587668569,0.92862,2070s,ssp585
20,HDH,18.166666666666668,HeatPump,0.674037161602424,0.17655119744418882,0.026482679616628323,52.96535923325664,0.8844000000000001,2070s,ssp585
19,HDH,27.666666666666668,HeatPump,0.6232472773161936,0.15721198860253977,0.023581798290380963,47.16359658076193,0.84018,2070s,ssp585
18,HDH,51.166666666666664,HeatPump,0.5719881155809468,0.13870764572051006,0.020806146858076507,41.61229371615302,0.79596,2070s,ssp585
17,HDH,90.5,HeatPump,0.5202075344579039,0.12104887363767398,0.018157331045651096,36.314662091302196,0.7517400000000001,2070s,ssp585
16,HDH,150.5,HeatPump,0.46784537017155003,0.10424693908008438,0.015637040862012657,31.274081724025315,0.70752,2070s,ssp585
15,HDH,223.5,HeatPump,0.4148318327422878,0.08831376502044555,0.013247064753066832,26.494129506133664,0.6633,2070s,ssp585
14,HDH,342.5,HeatPump,0.36108550052725386,0.07326204826758313,0.01098930724013747,21.97861448027494,0.6190800000000001,2070s,ssp585
13,HDH,516.0,HeatPump,0.30651079159786904,0.05910540734652787,0.00886581110197918,17.73162220395836,0.57486,2070s,ssp585
12,HDH,706.8333333333334,HeatPump,0.25099474549308554,0.045858570298054215,0.006878785544708132,13.757571089416265,0.53064,2070s,ssp585
11,HDH,1084.5,HeatPump,0.19440288547356083,0.03353761569439834,0.00503064235415975,10.061284708319501,0.48642,2070s,ssp585
10,HDH,1514.6666666666667,HeatPump,0.13657383945208368,0.022160285486302726,0.0033240428229454086,6.648085645890817,0.44220000000000004,2070s,ssp585
9,HDH,2028.1666666666667,HeatPump,0.39798,0.06046687286342178,0.009070030929513266,18.140061859026535,0.39798,2070s,ssp585
8,HDH,2443.6666666666665,HeatPump,0.35376,0.05007218683651806,0.007510828025477709,15.021656050955418,0.35376,2070s,ssp585
7,HDH,2806.5,HeatPump,0.30954000000000004,0.040575454694412594,0.006086318204161889,12.172636408323779,0.30954000000000004,2070s,ssp585
6,HDH,3086.6666666666665,HeatPump,0.26532,0.03198553345388788,0.004797830018083182,9.595660036166365,0.26532,2070s,ssp585
5,HDH,3544.5,HeatPump,0.22110000000000002,0.024311396998185717,0.0036467095497278576,7.293419099455715,0.22110000000000002,2070s,ssp585
4,HDH,3982.8333333333335,HeatPump,0.17688,0.01756213801092173,0.0026343207016382595,5.268641403276519,0.17688,2070s,ssp585
3,HDH,4170.5,HeatPump,0.13266,0.011746969948530635,0.0017620454922795952,3.524090984559191,0.13266,2070s,ssp585
2,HDH,4285.0,HeatPump,0.08844,0.0068752290521405975,0.0010312843578210895,2.062568715642179,0.08844,2070s,ssp585
1,HDH,4244.0,HeatPump,0.04422,0.0029563763997994324,0.00044345645996991486,0.8869129199398297,0.04422,2070s,ssp585
25,HDH,1.0,BTES,0.15008442285979595,0.0,0.0,0.0,1.1055000000000001,2070s,ssp585
24,HDH,2.0,BTES,0.1548876155732585,0.0,0.0,0.0,1.06128,2070s,ssp585
23,HDH,3.5,BTES,0.15998191087541572,0.0,0.0,0.0,1.01706,2070s,ssp585
22,HDH,10.0,BTES,0.16539459963395778,0.0,0.0,0.0,0.97284,2070s,ssp585
21,HDH,13.75,BTES,0.17115649411885742,0.0,0.0,0.0,0.92862,2070s,ssp585
20,HDH,18.166666666666668,BTES,0.17730251490275034,0.0,0.0,0.0,0.8844000000000001,2070s,ssp585
19,HDH,27.666666666666668,BTES,0.1838723991889807,0.0,0.0,0.0,0.84018,2070s,ssp585
18,HDH,51.166666666666664,BTES,0.19091156092422754,0.0,0.0,0.0,0.79596,2070s,ssp585
17,HDH,90.5,BTES,0.1984721420472704,0.0,0.0,0.0,0.7517400000000001,2070s,ssp585
16,HDH,150.5,BTES,0.20661430633362426,0.0,0.0,0.0,0.70752,2070s,ssp585
15,HDH,223.5,BTES,0.21540784376288646,0.0,0.0,0.0,0.6633,2070s,ssp585
14,HDH,342.5,BTES,0.2249341759779205,0.0,0.0,0.0,0.6190800000000001,2070s,ssp585
13,HDH,516.0,BTES,0.23528888490730526,0.0,0.0,0.0,0.57486,2070s,ssp585
12,HDH,706.8333333333334,BTES,0.24658493101208875,0.0,0.0,0.0,0.53064,2070s,ssp585
11,HDH,1084.5,BTES,0.25895679103161345,0.0,0.0,0.0,0.48642,2070s,ssp585
10,HDH,1514.6666666666667,BTES,0.2725658370530907,0.0,0.0,0.0,0.44220000000000004,2070s,ssp585
9,HDH,2028.1666666666667,BTES,0.0,0.0,0.0,0.0,0.39798,2070s,ssp585
8,HDH,2443.6666666666665,BTES,0.0,0.0,0.0,0.0,0.35376,2070s,ssp585
7,HDH,2806.5,BTES,0.0,0.0,0.0,0.0,0.30954000000000004,2070s,ssp585
6,HDH,3086.6666666666665,BTES,0.0,0.0,0.0,0.0,0.26532,2070s,ssp585
5,HDH,3544.5,BTES,0.0,0.0,0.0,0.0,0.22110000000000002,2070s,ssp585
4,HDH,3982.8333333333335,BTES,0.0,0.0,0.0,0.0,0.17688,2070s,ssp585
3,HDH,4170.5,BTES,0.0,0.0,0.0,0.0,0.13266,2070s,ssp585
2,HDH,4285.0,BTES,0.0,0.0,0.0,0.0,0.08844,2070s,ssp585
1,HDH,4244.0,BTES,0.0,0.0,0.0,0.0,0.04422,2070s,ssp585
25,HDH,1.0,unmet_demand,0.0,0.0,0.0,0.0,1.1055000000000001,2070s,ssp585
24,HDH,2.0,unmet_demand,0.0,0.0,0.0,0.0,1.06128,2070s,ssp585
23,HDH,3.5,unmet_demand,0.0,0.0,0.0,0.0,1.01706,2070s,ssp585
22,HDH,10.0,unmet_demand,0.0,0.0,0.0,0.0,0.97284,2070s,ssp585
21,HDH,13.75,unmet_demand,0.0,0.0,0.0,0.0,0.92862,2070s,ssp585
20,HDH,18.166666666666668,unmet_demand,0.0,0.0,0.0,0.0,0.8844000000000001,2070s,ssp585
19,HDH,27.666666666666668,unmet_demand,0.0,0.0,0.0,0.0,0.84018,2070s,ssp585
18,HDH,51.166666666666664,unmet_demand,0.0,0.0,0.0,0.0,0.79596,2070s,ssp585
17,HDH,90.5,unmet_demand,0.0,0.0,0.0,0.0,0.7517400000000001,2070s,ssp585
16,HDH,150.5,unmet_demand,0.0,0.0,0.0,0.0,0.70752,2070s,ssp585
15,HDH,223.5,unmet_demand,0.0,0.0,0.0,0.0,0.6633,2070s,ssp585
14,HDH,342.5,unmet_demand,0.0,0.0,0.0,0.0,0.6190800000000001,2070s,ssp585
13,HDH,516.0,unmet_demand,0.0,0.0,0.0,0.0,0.57486,2070s,ssp585
12,HDH,706.8333333333334,unmet_demand,0.0,0.0,0.0,0.0,0.53064,2070s,ssp585
11,HDH,1084.5,unmet_demand,0.0,0.0,0.0,0.0,0.48642,2070s,ssp585
10,HDH,1514.6666666666667,unmet_demand,0.0,0.0,0.0,0.0,0.44220000000000004,2070s,ssp585
9,HDH,2028.1666666666667,unmet_demand,0.0,0.0,0.0,0.0,0.39798,2070s,ssp585
8,HDH,2443.6666666666665,unmet_demand,0.0,0.0,0.0,0.0,0.35376,2070s,ssp585
7,HDH,2806.5,unmet_demand,0.0,0.0,0.0,0.0,0.30954000000000004,2070s,ssp585
6,HDH,3086.6666666666665,unmet_demand,0.0,0.0,0.0,0.0,0.26532,2070s,ssp585
5,HDH,3544.5,unmet_demand,0.0,0.0,0.0,0.0,0.22110000000000002,2070s,ssp585
4,HDH,3982.8333333333335,unmet_demand,0.0,0.0,0.0,0.0,0.17688,2070s,ssp585
3,HDH,4170.5,unmet_demand,0.0,0.0,0.0,0.0,0.13266,2070s,ssp585
2,HDH,4285.0,unmet_demand,0.0,0.0,0.0,0.0,0.08844,2070s,ssp585
1,HDH,4244.0,unmet_demand,0.0,0.0,0.0,0.0,0.04422,2070s,ssp585
28,HDH,1.0,Geothermal,0.2310572522370674,0.044867778552856875,0.006730166782928531,14.90242342975712,1.2381600000000001,2080s,ssp126
27,HDH,1.0,Geothermal,0.22976598406637125,0.04357651038216073,0.00653647655732411,14.473540483871746,1.19394,2080s,ssp126
26,HDH,2.25,Geothermal,0.22848123374876714,0.04229176006455662,0.006343764009683493,14.046822383444812,1.14972,2080s,ssp126
25,HDH,5.2,Geothermal,0.22720295205885566,0.041013478374645154,0.006152021756196773,13.622252778708871,1.1055000000000001,2080s,ssp126
24,HDH,9.6,Geothermal,0.22593109026568553,0.03974161658147503,0.005961242487221254,13.1998154841229,1.06128,2080s,ssp126
23,HDH,17.0,Geothermal,0.224665600126561,0.03847612644235048,0.005771418966352572,12.779494476315495,1.01706,2080s,ssp126
22,HDH,25.8,Geothermal,0.223406433880942,0.03721696019673145,0.005582544029509718,12.361273892058877,0.97284,2080s,ssp126
21,HDH,41.5,Geothermal,0.22215354424443562,0.0359640705602251,0.005394610584033765,11.945138026273224,0.92862,2080s,ssp126
20,HDH,64.16666666666667,Geothermal,0.2209068844028774,0.03471741071866689,0.0052076116078000325,11.531071330060746,0.8844000000000001,2080s,ssp126
19,HDH,93.5,Geothermal,0.21966640800650025,0.0334769343222897,0.005021540148343455,11.119058408769037,0.84018,2080s,ssp126
18,HDH,141.5,Geothermal,0.21843206916419008,0.03224259547997956,0.004836389321996934,10.709084020083136,0.79596,2080s,ssp126
17,HDH,202.66666666666666,Geothermal,0.21720382243782693,0.031014348753616416,0.004652152313042462,10.301133072145884,0.7517400000000001,2080s,ssp126
16,HDH,291.5,Geothermal,0.21598162283670896,0.029792149152498455,0.004468822372874768,9.895190621706016,0.70752,2080s,ssp126
15,HDH,469.5,Geothermal,0.21476542581205915,0.028575952127848633,0.0042863928191772946,9.491241872293541,0.6633,2080s,ssp126
14,HDH,623.5,Geothermal,0.2135551872516124,0.02736571356740188,0.004104857035110282,9.089272172421943,0.6190800000000001,2080s,ssp126
13,HDH,914.0,Geothermal,0.1350910056429434,0.016643061384046812,0.0024964592076070218,5.5278410456697955,0.57486,2080s,ssp126
12,HDH,1264.1666666666667,Geothermal,0.0,0.0,0.0,0.0,0.53064,2080s,ssp126
11,HDH,1671.5,Geothermal,0.0,0.0,0.0,0.0,0.48642,2080s,ssp126
10,HDH,2135.3333333333335,Geothermal,0.0,0.0,0.0,0.0,0.44220000000000004,2080s,ssp126
9,HDH,2624.5,Geothermal,0.0,0.0,0.0,0.0,0.39798,2080s,ssp126
8,HDH,2902.0,Geothermal,0.0,0.0,0.0,0.0,0.35376,2080s,ssp126
7,HDH,3296.1666666666665,Geothermal,0.0,0.0,0.0,0.0,0.30954000000000004,2080s,ssp126
6,HDH,3609.1666666666665,Geothermal,0.0,0.0,0.0,0.0,0.26532,2080s,ssp126
5,HDH,4072.5,Geothermal,0.0,0.0,0.0,0.0,0.22110000000000002,2080s,ssp126
4,HDH,4361.666666666667,Geothermal,0.0,0.0,0.0,0.0,0.17688,2080s,ssp126
3,HDH,4325.0,Geothermal,0.0,0.0,0.0,0.0,0.13266,2080s,ssp126
2,HDH,4240.833333333333,Geothermal,0.0,0.0,0.0,0.0,0.08844,2080s,ssp126
1,HDH,4183.5,Geothermal,0.0,0.0,0.0,0.0,0.04422,2080s,ssp126
28,HDH,1.0,Boiler,0.41947437278903066,0.4660826364322563,0.09321652728645126,43.27787296109476,1.2381600000000001,2080s,ssp126
27,HDH,1.0,Boiler,0.4194743727890306,0.4660826364322562,0.09321652728645125,43.27787296109476,1.19394,2080s,ssp126
26,HDH,2.25,Boiler,0.4194743727890306,0.4660826364322562,0.09321652728645125,43.27787296109476,1.14972,2080s,ssp126
25,HDH,5.2,Boiler,0.2378514851323199,0.2642794279247999,0.05285588558495999,24.5395357259199,1.1055000000000001,2080s,ssp126
24,HDH,9.6,Boiler,0.17486924119500208,0.19429915688333563,0.038859831376667126,18.04155222861863,1.06128,2080s,ssp126
23,HDH,17.0,Boiler,0.11044961805146125,0.12272179783495694,0.02454435956699139,11.395271913396797,1.01706,2080s,ssp126
22,HDH,25.8,Boiler,0.04443366262310594,0.04937073624789549,0.009874147249579098,4.5842953251546295,0.97284,2080s,ssp126
21,HDH,41.5,Boiler,0.0,0.0,0.0,0.0,0.92862,2080s,ssp126
20,HDH,64.16666666666667,Boiler,0.0,0.0,0.0,0.0,0.8844000000000001,2080s,ssp126
19,HDH,93.5,Boiler,0.0,0.0,0.0,0.0,0.84018,2080s,ssp126
18,HDH,141.5,Boiler,0.0,0.0,0.0,0.0,0.79596,2080s,ssp126
17,HDH,202.66666666666666,Boiler,0.0,0.0,0.0,0.0,0.7517400000000001,2080s,ssp126
16,HDH,291.5,Boiler,0.0,0.0,0.0,0.0,0.70752,2080s,ssp126
15,HDH,469.5,Boiler,0.0,0.0,0.0,0.0,0.6633,2080s,ssp126
14,HDH,623.5,Boiler,0.0,0.0,0.0,0.0,0.6190800000000001,2080s,ssp126
13,HDH,914.0,Boiler,0.0,0.0,0.0,0.0,0.57486,2080s,ssp126
12,HDH,1264.1666666666667,Boiler,0.0,0.0,0.0,0.0,0.53064,2080s,ssp126
11,HDH,1671.5,Boiler,0.0,0.0,0.0,0.0,0.48642,2080s,ssp126
10,HDH,2135.3333333333335,Boiler,0.0,0.0,0.0,0.0,0.44220000000000004,2080s,ssp126
9,HDH,2624.5,Boiler,0.0,0.0,0.0,0.0,0.39798,2080s,ssp126
8,HDH,2902.0,Boiler,0.0,0.0,0.0,0.0,0.35376,2080s,ssp126
7,HDH,3296.1666666666665,Boiler,0.0,0.0,0.0,0.0,0.30954000000000004,2080s,ssp126
6,HDH,3609.1666666666665,Boiler,0.0,0.0,0.0,0.0,0.26532,2080s,ssp126
5,HDH,4072.5,Boiler,0.0,0.0,0.0,0.0,0.22110000000000002,2080s,ssp126
4,HDH,4361.666666666667,Boiler,0.0,0.0,0.0,0.0,0.17688,2080s,ssp126
3,HDH,4325.0,Boiler,0.0,0.0,0.0,0.0,0.13266,2080s,ssp126
2,HDH,4240.833333333333,Boiler,0.0,0.0,0.0,0.0,0.08844,2080s,ssp126
1,HDH,4183.5,Boiler,0.0,0.0,0.0,0.0,0.04422,2080s,ssp126
28,HDH,1.0,HeatPump,0.5876283749739021,0.19818832208226045,0.029728248312339067,65.82644360303125,1.2381600000000001,2080s,ssp126
27,HDH,1.0,HeatPump,0.5446996431445981,0.17869074356068626,0.026803611534102937,59.35050072475529,1.19394,2080s,ssp126
26,HDH,2.25,HeatPump,0.5017643934622023,0.1599536860232225,0.023993052903483372,53.127157955019975,1.14972,2080s,ssp126
25,HDH,5.2,HeatPump,0.6404455628088246,0.19818832208226045,0.029728248312339067,65.82644360303125,1.1055000000000001,2080s,ssp126
24,HDH,9.6,HeatPump,0.6604796685393124,0.19818832208226045,0.029728248312339067,65.82644360303125,1.06128,2080s,ssp126
23,HDH,17.0,HeatPump,0.6819447818219778,0.19818832208226045,0.029728248312339067,65.82644360303125,1.01706,2080s,ssp126
22,HDH,25.8,HeatPump,0.7049999034959521,0.19818832208226048,0.02972824831233907,65.82644360303127,0.97284,2080s,ssp126
21,HDH,41.5,HeatPump,0.7064664557555644,0.19184425139322864,0.028776637708984296,63.719318384766055,0.92862,2080s,ssp126
20,HDH,64.16666666666667,HeatPump,0.6634931155971227,0.17378938540445354,0.02606840781066803,57.72255931599966,0.8844000000000001,2080s,ssp126
19,HDH,93.5,HeatPump,0.6205135919934998,0.15652242585363388,0.02347836387804508,51.98749618449949,0.84018,2080s,ssp126
18,HDH,141.5,HeatPump,0.5775279308358099,0.14005105603061446,0.021007658404592167,46.516680924912066,0.79596,2080s,ssp126
17,HDH,202.66666666666666,HeatPump,0.5345361775621731,0.12438305469742249,0.018657458204613373,41.31269718209851,0.7517400000000001,2080s,ssp126
16,HDH,291.5,HeatPump,0.4915383771632911,0.10952629763307459,0.016428944644961186,36.37816082422816,0.70752,2080s,ssp126
15,HDH,469.5,HeatPump,0.44853457418794085,0.0954887592076089,0.014323313881141334,31.71572046557894,0.6633,2080s,ssp126
14,HDH,623.5,HeatPump,0.4055248127483877,0.08227851398600423,0.012341777097900635,27.328057999264495,0.6190800000000001,2080s,ssp126
13,HDH,914.0,HeatPump,0.43976899435705663,0.08480199151992095,0.012720298727988142,28.166208046778085,0.57486,2080s,ssp126
12,HDH,1264.1666666666667,HeatPump,0.53064,0.09695179751733034,0.01454276962759955,32.201655296512016,0.53064,2080s,ssp126
11,HDH,1671.5,HeatPump,0.48642,0.08391525149603754,0.01258728772440563,27.8716854353576,0.48642,2080s,ssp126
10,HDH,2135.3333333333335,HeatPump,0.44220000000000004,0.0717507707285413,0.010762615609281195,23.83136409458056,0.44220000000000004,2080s,ssp126
9,HDH,2624.5,HeatPump,0.39798,0.06046687286342178,0.009070030929513266,20.083520333471593,0.39798,2080s,ssp126
8,HDH,2902.0,HeatPump,0.35376,0.05007218683651806,0.007510828025477709,16.631020174369432,0.35376,2080s,ssp126
7,HDH,3296.1666666666665,HeatPump,0.30954000000000004,0.040575454694412594,0.006086318204161889,13.476767208314602,0.30954000000000004,2080s,ssp126
6,HDH,3609.1666666666665,HeatPump,0.26532,0.03198553345388788,0.004797830018083182,10.623703212650993,0.26532,2080s,ssp126
5,HDH,4072.5,HeatPump,0.22110000000000002,0.024311396998185717,0.0036467095497278576,8.074808780851063,0.22110000000000002,2080s,ssp126
4,HDH,4361.666666666667,HeatPump,0.17688,0.01756213801092173,0.0026343207016382595,5.833103964847924,0.17688,2080s,ssp126
3,HDH,4325.0,HeatPump,0.13266,0.011746969948530635,0.0017620454922795952,3.901648930165035,0.13266,2080s,ssp126
2,HDH,4240.833333333333,HeatPump,0.08844,0.0068752290521405975,0.0010312843578210895,2.2835446241419293,0.08844,2080s,ssp126
1,HDH,4183.5,HeatPump,0.04422,0.0029563763997994324,0.00044345645996991486,0.981933457562427,0.04422,2080s,ssp126
28,HDH,1.0,BTES,0.18618947368421052,0.0,0.0,0.0,1.2381600000000001,2080s,ssp126
27,HDH,1.0,BTES,0.18618947368421052,0.0,0.0,0.0,1.19394,2080s,ssp126
26,HDH,2.25,BTES,0.18618947368421052,0.0,0.0,0.0,1.14972,2080s,ssp126
25,HDH,5.2,BTES,0.18618947368421052,0.0,0.0,0.0,1.1055000000000001,2080s,ssp126
24,HDH,9.6,BTES,0.18618947368421052,0.0,0.0,0.0,1.06128,2080s,ssp126
23,HDH,17.0,BTES,0.18618947368421052,0.0,0.0,0.0,1.01706,2080s,ssp126
22,HDH,25.8,BTES,0.18618947368421052,0.0,0.0,0.0,0.97284,2080s,ssp126
21,HDH,41.5,BTES,0.18618947368421052,0.0,0.0,0.0,0.92862,2080s,ssp126
20,HDH,64.16666666666667,BTES,0.18618947368421052,0.0,0.0,0.0,0.8844000000000001,2080s,ssp126
19,HDH,93.5,BTES,0.18618947368421052,0.0,0.0,0.0,0.84018,2080s,ssp126
18,HDH,141.5,BTES,0.18618947368421052,0.0,0.0,0.0,0.79596,2080s,ssp126
17,HDH,202.66666666666666,BTES,0.18618947368421052,0.0,0.0,0.0,0.7517400000000001,2080s,ssp126
16,HDH,291.5,BTES,0.18618947368421052,0.0,0.0,0.0,0.70752,2080s,ssp126
15,HDH,469.5,BTES,0.18618947368421052,0.0,0.0,0.0,0.6633,2080s,ssp126
14,HDH,623.5,BTES,0.18618947368421052,0.0,0.0,0.0,0.6190800000000001,2080s,ssp126
13,HDH,914.0,BTES,0.1184479442588966,0.0,0.0,0.0,0.57486,2080s,ssp126
12,HDH,1264.1666666666667,BTES,0.0,0.0,0.0,0.0,0.53064,2080s,ssp126
11,HDH,1671.5,BTES,0.0,0.0,0.0,0.0,0.48642,2080s,ssp126
10,HDH,2135.3333333333335,BTES,0.0,0.0,0.0,0.0,0.44220000000000004,2080s,ssp126
9,HDH,2624.5,BTES,0.0,0.0,0.0,0.0,0.39798,2080s,ssp126
8,HDH,2902.0,BTES,0.0,0.0,0.0,0.0,0.35376,2080s,ssp126
7,HDH,3296.1666666666665,BTES,0.0,0.0,0.0,0.0,0.30954000000000004,2080s,ssp126
6,HDH,3609.1666666666665,BTES,0.0,0.0,0.0,0.0,0.26532,2080s,ssp126
5,HDH,4072.5,BTES,0.0,0.0,0.0,0.0,0.22110000000000002,2080s,ssp126
4,HDH,4361.666666666667,BTES,0.0,0.0,0.0,0.0,0.17688,2080s,ssp126
3,HDH,4325.0,BTES,0.0,0.0,0.0,0.0,0.13266,2080s,ssp126
2,HDH,4240.833333333333,BTES,0.0,0.0,0.0,0.0,0.08844,2080s,ssp126
1,HDH,4183.5,BTES,0.0,0.0,0.0,0.0,0.04422,2080s,ssp126
28,HDH,1.0,unmet_demand,0.0,0.0,0.0,0.0,1.2381600000000001,2080s,ssp126
27,HDH,1.0,unmet_demand,0.0,0.0,0.0,0.0,1.19394,2080s,ssp126
26,HDH,2.25,unmet_demand,0.0,0.0,0.0,0.0,1.14972,2080s,ssp126
25,HDH,5.2,unmet_demand,0.0,0.0,0.0,0.0,1.1055000000000001,2080s,ssp126
24,HDH,9.6,unmet_demand,0.0,0.0,0.0,0.0,1.06128,2080s,ssp126
23,HDH,17.0,unmet_demand,0.0,0.0,0.0,0.0,1.01706,2080s,ssp126
22,HDH,25.8,unmet_demand,0.0,0.0,0.0,0.0,0.97284,2080s,ssp126
21,HDH,41.5,unmet_demand,0.0,0.0,0.0,0.0,0.92862,2080s,ssp126
20,HDH,64.16666666666667,unmet_demand,0.0,0.0,0.0,0.0,0.8844000000000001,2080s,ssp126
19,HDH,93.5,unmet_demand,0.0,0.0,0.0,0.0,0.84018,2080s,ssp126
18,HDH,141.5,unmet_demand,0.0,0.0,0.0,0.0,0.79596,2080s,ssp126
17,HDH,202.66666666666666,unmet_demand,0.0,0.0,0.0,0.0,0.7517400000000001,2080s,ssp126
16,HDH,291.5,unmet_demand,0.0,0.0,0.0,0.0,0.70752,2080s,ssp126
15,HDH,469.5,unmet_demand,0.0,0.0,0.0,0.0,0.6633,2080s,ssp126
14,HDH,623.5,unmet_demand,0.0,0.0,0.0,0.0,0.6190800000000001,2080s,ssp126
13,HDH,914.0,unmet_demand,0.0,0.0,0.0,0.0,0.57486,2080s,ssp126
12,HDH,1264.1666666666667,unmet_demand,0.0,0.0,0.0,0.0,0.53064,2080s,ssp126
11,HDH,1671.5,unmet_demand,0.0,0.0,0.0,0.0,0.48642,2080s,ssp126
10,HDH,2135.3333333333335,unmet_demand,0.0,0.0,0.0,0.0,0.44220000000000004,2080s,ssp126
9,HDH,2624.5,unmet_demand,0.0,0.0,0.0,0.0,0.39798,2080s,ssp126
8,HDH,2902.0,unmet_demand,0.0,0.0,0.0,0.0,0.35376,2080s,ssp126
7,HDH,3296.1666666666665,unmet_demand,0.0,0.0,0.0,0.0,0.30954000000000004,2080s,ssp126
6,HDH,3609.1666666666665,unmet_demand,0.0,0.0,0.0,0.0,0.26532,2080s,ssp126
5,HDH,4072.5,unmet_demand,0.0,0.0,0.0,0.0,0.22110000000000002,2080s,ssp126
4,HDH,4361.666666666667,unmet_demand,0.0,0.0,0.0,0.0,0.17688,2080s,ssp126
3,HDH,4325.0,unmet_demand,0.0,0.0,0.0,0.0,0.13266,2080s,ssp126
2,HDH,4240.833333333333,unmet_demand,0.0,0.0,0.0,0.0,0.08844,2080s,ssp126
1,HDH,4183.5,unmet_demand,0.0,0.0,0.0,0.0,0.04422,2080s,ssp126
28,HDH,2.0,Geothermal,0.23957193884534136,0.046521200245914315,0.0069781800368871475,14.444936407002645,1.2381600000000001,2080s,ssp245
27,HDH,2.5,Geothermal,0.24529245826960602,0.046521200245914315,0.0069781800368871475,14.444936407002645,1.19394,2080s,ssp245
26,HDH,5.0,Geothermal,0.2513307843285521,0.04652120024591432,0.006978180036887148,14.444936407002647,1.14972,2080s,ssp245
25,HDH,6.5,Geothermal,0.25771415759086647,0.046521200245914315,0.0069781800368871475,14.444936407002645,1.1055000000000001,2080s,ssp245
24,HDH,8.0,Geothermal,0.26447302339802287,0.046521200245914315,0.0069781800368871475,14.444936407002645,1.06128,2080s,ssp245
23,HDH,14.666666666666666,Geothermal,0.27164151743591597,0.04652120024591431,0.006978180036887146,14.444936407002642,1.01706,2080s,ssp245
22,HDH,15.2,Geothermal,0.2792580423511775,0.04652120024591432,0.006978180036887148,14.444936407002647,0.97284,2080s,ssp245
21,HDH,22.833333333333332,Geothermal,0.2776919303055445,0.04495508820028137,0.006743263230042206,13.958655124795282,0.92862,2080s,ssp245
20,HDH,32.5,Geothermal,0.2761336055035968,0.043396763398333614,0.006509514509750042,13.474791799115776,0.8844000000000001,2080s,ssp245
19,HDH,64.83333333333333,Geothermal,0.27458301000812535,0.04184616790286213,0.0062769251854293195,12.993328440331574,0.84018,2080s,ssp245
18,HDH,109.16666666666667,Geothermal,0.2730400864552376,0.04030324434997445,0.0060454866524961666,12.514247236826156,0.79596,2080s,ssp245
17,HDH,146.0,Geothermal,0.2715047780472837,0.03876793594202052,0.005815190391303078,12.03753055280254,0.7517400000000001,2080s,ssp245
16,HDH,206.5,Geothermal,0.26997702854588623,0.037240186440623074,0.005586027966093461,11.563160926119181,0.70752,2080s,ssp245
15,HDH,287.0,Geothermal,0.26845678226507397,0.035719940159810795,0.005357991023971619,11.091121066157823,0.6633,2080s,ssp245
14,HDH,426.5,Geothermal,0.2669439840645155,0.03420714195925235,0.005131071293887852,10.621393851722639,0.6190800000000001,2080s,ssp245
13,HDH,648.8333333333334,Geothermal,0.2654385793428528,0.03270173723758967,0.004905260585638451,10.153962328970199,0.57486,2080s,ssp245
12,HDH,935.1666666666666,Geothermal,0.26394051403113183,0.031203671925868672,0.004680550788880301,9.6888097093697,0.53064,2080s,ssp245
11,HDH,1356.1666666666667,Geothermal,0.04232915492990325,0.004792238145064254,0.0007188357217596381,1.4880006295354549,0.48642,2080s,ssp245
10,HDH,1938.5,Geothermal,0.0,0.0,0.0,0.0,0.44220000000000004,2080s,ssp245
9,HDH,2427.1666666666665,Geothermal,0.0,0.0,0.0,0.0,0.39798,2080s,ssp245
8,HDH,2710.1666666666665,Geothermal,0.0,0.0,0.0,0.0,0.35376,2080s,ssp245
7,HDH,3044.0,Geothermal,0.0,0.0,0.0,0.0,0.30954000000000004,2080s,ssp245
6,HDH,3480.8333333333335,Geothermal,0.0,0.0,0.0,0.0,0.26532,2080s,ssp245
5,HDH,3836.6666666666665,Geothermal,0.0,0.0,0.0,0.0,0.22110000000000002,2080s,ssp245
4,HDH,4336.666666666667,Geothermal,0.0,0.0,0.0,0.0,0.17688,2080s,ssp245
3,HDH,4331.0,Geothermal,0.0,0.0,0.0,0.0,0.13266,2080s,ssp245
2,HDH,4125.0,Geothermal,0.0,0.0,0.0,0.0,0.08844,2080s,ssp245
1,HDH,4175.333333333333,Geothermal,0.0,0.0,0.0,0.0,0.04422,2080s,ssp245
28,HDH,2.0,Boiler,0.37937753617047165,0.4215305957449685,0.0843061191489937,26.97921133813913,1.2381600000000001,2080s,ssp245
27,HDH,2.5,Boiler,0.37937753617047165,0.4215305957449685,0.0843061191489937,26.97921133813913,1.19394,2080s,ssp245
26,HDH,5.0,Boiler,0.37937753617047165,0.4215305957449685,0.0843061191489937,26.97921133813913,1.14972,2080s,ssp245
25,HDH,6.5,Boiler,0.37937753617047165,0.4215305957449685,0.0843061191489937,26.97921133813913,1.1055000000000001,2080s,ssp245
24,HDH,8.0,Boiler,0.37937753617047165,0.4215305957449685,0.0843061191489937,26.97921133813913,1.06128,2080s,ssp245
23,HDH,14.666666666666666,Boiler,0.37937753617047165,0.4215305957449685,0.0843061191489937,26.97921133813913,1.01706,2080s,ssp245
22,HDH,15.2,Boiler,0.37937753617047165,0.4215305957449685,0.0843061191489937,26.97921133813913,0.97284,2080s,ssp245
21,HDH,22.833333333333332,Boiler,0.37937753617047165,0.4215305957449685,0.0843061191489937,26.97921133813913,0.92862,2080s,ssp245
20,HDH,32.5,Boiler,0.37937753617047165,0.4215305957449685,0.0843061191489937,26.97921133813913,0.8844000000000001,2080s,ssp245
19,HDH,64.83333333333333,Boiler,0.37937753617047165,0.4215305957449685,0.0843061191489937,26.97921133813913,0.84018,2080s,ssp245
18,HDH,109.16666666666667,Boiler,0.37937753617047165,0.4215305957449685,0.0843061191489937,26.97921133813913,0.79596,2080s,ssp245
17,HDH,146.0,Boiler,0.37937753617047165,0.4215305957449685,0.0843061191489937,26.97921133813913,0.7517400000000001,2080s,ssp245
16,HDH,206.5,Boiler,0.0,0.0,0.0,0.0,0.70752,2080s,ssp245
15,HDH,287.0,Boiler,0.0,0.0,0.0,0.0,0.6633,2080s,ssp245
14,HDH,426.5,Boiler,0.0,0.0,0.0,0.0,0.6190800000000001,2080s,ssp245
13,HDH,648.8333333333334,Boiler,0.0,0.0,0.0,0.0,0.57486,2080s,ssp245
12,HDH,935.1666666666666,Boiler,0.0,0.0,0.0,0.0,0.53064,2080s,ssp245
11,HDH,1356.1666666666667,Boiler,0.0,0.0,0.0,0.0,0.48642,2080s,ssp245
10,HDH,1938.5,Boiler,0.0,0.0,0.0,0.0,0.44220000000000004,2080s,ssp245
9,HDH,2427.1666666666665,Boiler,0.0,0.0,0.0,0.0,0.39798,2080s,ssp245
8,HDH,2710.1666666666665,Boiler,0.0,0.0,0.0,0.0,0.35376,2080s,ssp245
7,HDH,3044.0,Boiler,0.0,0.0,0.0,0.0,0.30954000000000004,2080s,ssp245
6,HDH,3480.8333333333335,Boiler,0.0,0.0,0.0,0.0,0.26532,2080s,ssp245
5,HDH,3836.6666666666665,Boiler,0.0,0.0,0.0,0.0,0.22110000000000002,2080s,ssp245
4,HDH,4336.666666666667,Boiler,0.0,0.0,0.0,0.0,0.17688,2080s,ssp245
3,HDH,4331.0,Boiler,0.0,0.0,0.0,0.0,0.13266,2080s,ssp245
2,HDH,4125.0,Boiler,0.0,0.0,0.0,0.0,0.08844,2080s,ssp245
1,HDH,4175.333333333333,Boiler,0.0,0.0,0.0,0.0,0.04422,2080s,ssp245
28,HDH,2.0,HeatPump,0.6192105249841872,0.20883997469955726,0.031325996204933586,64.84527780514613,1.2381600000000001,2080s,ssp245
27,HDH,2.5,HeatPump,0.5692700055599224,0.18675114232321,0.0280126713484815,57.9866460997163,1.19394,2080s,ssp245
26,HDH,5.0,HeatPump,0.5190116795009763,0.16545181823775273,0.02481777273566291,51.373158479013945,1.14972,2080s,ssp245
25,HDH,6.5,HeatPump,0.46840830623866203,0.14495073688338608,0.021742610532507912,45.00752700619695,1.1055000000000001,2080s,ssp245
24,HDH,8.0,HeatPump,0.41742944043150554,0.12525690695342398,0.018788536043013598,38.89254890062643,1.06128,2080s,ssp245
23,HDH,14.666666666666666,HeatPump,0.3660409463936125,0.10637964086378278,0.015956946129567415,33.03111568820877,1.01706,2080s,ssp245
22,HDH,15.2,HeatPump,0.3142044214783508,0.08832858951445127,0.01324928842716769,27.42622399490959,0.97284,2080s,ssp245
21,HDH,22.833333333333332,HeatPump,0.27155053352398384,0.07374081018981232,0.011061121528471848,22.89668598750825,0.92862,2080s,ssp245
20,HDH,32.5,HeatPump,0.22888885832593164,0.059953077250230934,0.00899296158753464,18.615564166570707,0.8844000000000001,2080s,ssp245
19,HDH,64.83333333333333,HeatPump,0.18621945382140304,0.046973218684257426,0.007045982802638614,14.585289139996293,0.84018,2080s,ssp245
18,HDH,109.16666666666667,HeatPump,0.14354237737429076,0.03480915893941365,0.005221373840912047,10.808321466410085,0.79596,2080s,ssp245
17,HDH,146.0,HeatPump,0.10085768578224474,0.023468920484524668,0.0035203380726787,7.2871521402703605,0.7517400000000001,2080s,ssp245
16,HDH,206.5,HeatPump,0.4375429714541138,0.09749485278302712,0.014624227917454068,30.272369178277916,0.70752,2080s,ssp245
15,HDH,287.0,HeatPump,0.39484321773492603,0.08405837835646944,0.012608756753470415,26.100313908852904,0.6633,2080s,ssp245
14,HDH,426.5,HeatPump,0.35213601593548455,0.07144625236557431,0.010716937854836146,22.184220666792037,0.6190800000000001,2080s,ssp245
13,HDH,648.8333333333334,HeatPump,0.30942142065714723,0.05966667279263647,0.00895000091889547,18.526634943877283,0.57486,2080s,ssp245
12,HDH,935.1666666666666,HeatPump,0.26669948596886817,0.048727940904624206,0.00730919113569363,15.13013430201205,0.53064,2080s,ssp245
11,HDH,1356.1666666666667,HeatPump,0.4440908450700968,0.07661279337022533,0.0114919190055338,23.788443168830987,0.48642,2080s,ssp245
10,HDH,1938.5,HeatPump,0.44220000000000004,0.0717507707285413,0.010762615609281195,22.278774297493108,0.44220000000000004,2080s,ssp245
9,HDH,2427.1666666666665,HeatPump,0.39798,0.06046687286342178,0.009070030929513266,18.775098850102232,0.39798,2080s,ssp245
8,HDH,2710.1666666666665,HeatPump,0.35376,0.05007218683651806,0.007510828025477709,15.547525661197458,0.35376,2080s,ssp245
7,HDH,3044.0,HeatPump,0.30954000000000004,0.040575454694412594,0.006086318204161889,12.598769155735216,0.30954000000000004,2080s,ssp245
6,HDH,3480.8333333333335,HeatPump,0.26532,0.03198553345388788,0.004797830018083182,9.931579457175408,0.26532,2080s,ssp245
5,HDH,3836.6666666666665,HeatPump,0.22110000000000002,0.024311396998185717,0.0036467095497278576,7.548742976274123,0.22110000000000002,2080s,ssp245
4,HDH,4336.666666666667,HeatPump,0.17688,0.01756213801092173,0.0026343207016382595,5.4530830115684275,0.17688,2080s,ssp245
3,HDH,4331.0,HeatPump,0.13266,0.011746969948530635,0.0017620454922795952,3.647460361825005,0.13266,2080s,ssp245
2,HDH,4125.0,HeatPump,0.08844,0.0068752290521405975,0.0010312843578210895,2.134773950731635,0.08844,2080s,ssp245
1,HDH,4175.333333333333,HeatPump,0.04422,0.0029563763997994324,0.00044345645996991486,0.9179614641180013,0.04422,2080s,ssp245
28,HDH,2.0,BTES,0.19305073859942704,0.0,0.0,0.0,1.2381600000000001,2080s,ssp245
27,HDH,2.5,BTES,0.19877125802369172,0.0,0.0,0.0,1.19394,2080s,ssp245
26,HDH,5.0,BTES,0.2048095840826378,0.0,0.0,0.0,1.14972,2080s,ssp245
25,HDH,6.5,BTES,0.21119295734495216,0.0,0.0,0.0,1.1055000000000001,2080s,ssp245
24,HDH,8.0,BTES,0.21795182315210854,0.0,0.0,0.0,1.06128,2080s,ssp245
23,HDH,14.666666666666666,BTES,0.22512031719000164,0.0,0.0,0.0,1.01706,2080s,ssp245
22,HDH,15.2,BTES,0.23273684210526316,0.0,0.0,0.0,0.97284,2080s,ssp245
21,HDH,22.833333333333332,BTES,0.23273684210526316,0.0,0.0,0.0,0.92862,2080s,ssp245
20,HDH,32.5,BTES,0.23273684210526316,0.0,0.0,0.0,0.8844000000000001,2080s,ssp245
19,HDH,64.83333333333333,BTES,0.23273684210526316,0.0,0.0,0.0,0.84018,2080s,ssp245
18,HDH,109.16666666666667,BTES,0.23273684210526316,0.0,0.0,0.0,0.79596,2080s,ssp245
17,HDH,146.0,BTES,0.23273684210526316,0.0,0.0,0.0,0.7517400000000001,2080s,ssp245
16,HDH,206.5,BTES,0.23273684210526316,0.0,0.0,0.0,0.70752,2080s,ssp245
15,HDH,287.0,BTES,0.23273684210526316,0.0,0.0,0.0,0.6633,2080s,ssp245
14,HDH,426.5,BTES,0.23273684210526316,0.0,0.0,0.0,0.6190800000000001,2080s,ssp245
13,HDH,648.8333333333334,BTES,0.23273684210526316,0.0,0.0,0.0,0.57486,2080s,ssp245
12,HDH,935.1666666666666,BTES,0.23273684210526316,0.0,0.0,0.0,0.53064,2080s,ssp245
11,HDH,1356.1666666666667,BTES,0.037536916784838996,0.0,0.0,0.0,0.48642,2080s,ssp245
10,HDH,1938.5,BTES,0.0,0.0,0.0,0.0,0.44220000000000004,2080s,ssp245
9,HDH,2427.1666666666665,BTES,0.0,0.0,0.0,0.0,0.39798,2080s,ssp245
8,HDH,2710.1666666666665,BTES,0.0,0.0,0.0,0.0,0.35376,2080s,ssp245
7,HDH,3044.0,BTES,0.0,0.0,0.0,0.0,0.30954000000000004,2080s,ssp245
6,HDH,3480.8333333333335,BTES,0.0,0.0,0.0,0.0,0.26532,2080s,ssp245
5,HDH,3836.6666666666665,BTES,0.0,0.0,0.0,0.0,0.22110000000000002,2080s,ssp245
4,HDH,4336.666666666667,BTES,0.0,0.0,0.0,0.0,0.17688,2080s,ssp245
3,HDH,4331.0,BTES,0.0,0.0,0.0,0.0,0.13266,2080s,ssp245
2,HDH,4125.0,BTES,0.0,0.0,0.0,0.0,0.08844,2080s,ssp245
1,HDH,4175.333333333333,BTES,0.0,0.0,0.0,0.0,0.04422,2080s,ssp245
28,HDH,2.0,unmet_demand,0.0,0.0,0.0,0.0,1.2381600000000001,2080s,ssp245
27,HDH,2.5,unmet_demand,0.0,0.0,0.0,0.0,1.19394,2080s,ssp245
26,HDH,5.0,unmet_demand,0.0,0.0,0.0,0.0,1.14972,2080s,ssp245
25,HDH,6.5,unmet_demand,0.0,0.0,0.0,0.0,1.1055000000000001,2080s,ssp245
24,HDH,8.0,unmet_demand,0.0,0.0,0.0,0.0,1.06128,2080s,ssp245
23,HDH,14.666666666666666,unmet_demand,0.0,0.0,0.0,0.0,1.01706,2080s,ssp245
22,HDH,15.2,unmet_demand,0.0,0.0,0.0,0.0,0.97284,2080s,ssp245
21,HDH,22.833333333333332,unmet_demand,0.0,0.0,0.0,0.0,0.92862,2080s,ssp245
20,HDH,32.5,unmet_demand,0.0,0.0,0.0,0.0,0.8844000000000001,2080s,ssp245
19,HDH,64.83333333333333,unmet_demand,0.0,0.0,0.0,0.0,0.84018,2080s,ssp245
18,HDH,109.16666666666667,unmet_demand,0.0,0.0,0.0,0.0,0.79596,2080s,ssp245
17,HDH,146.0,unmet_demand,0.0,0.0,0.0,0.0,0.7517400000000001,2080s,ssp245
16,HDH,206.5,unmet_demand,0.0,0.0,0.0,0.0,0.70752,2080s,ssp245
15,HDH,287.0,unmet_demand,0.0,0.0,0.0,0.0,0.6633,2080s,ssp245
14,HDH,426.5,unmet_demand,0.0,0.0,0.0,0.0,0.6190800000000001,2080s,ssp245
13,HDH,648.8333333333334,unmet_demand,0.0,0.0,0.0,0.0,0.57486,2080s,ssp245
12,HDH,935.1666666666666,unmet_demand,0.0,0.0,0.0,0.0,0.53064,2080s,ssp245
11,HDH,1356.1666666666667,unmet_demand,0.0,0.0,0.0,0.0,0.48642,2080s,ssp245
10,HDH,1938.5,unmet_demand,0.0,0.0,0.0,0.0,0.44220000000000004,2080s,ssp245
9,HDH,2427.1666666666665,unmet_demand,0.0,0.0,0.0,0.0,0.39798,2080s,ssp245
8,HDH,2710.1666666666665,unmet_demand,0.0,0.0,0.0,0.0,0.35376,2080s,ssp245
7,HDH,3044.0,unmet_demand,0.0,0.0,0.0,0.0,0.30954000000000004,2080s,ssp245
6,HDH,3480.8333333333335,unmet_demand,0.0,0.0,0.0,0.0,0.26532,2080s,ssp245
5,HDH,3836.6666666666665,unmet_demand,0.0,0.0,0.0,0.0,0.22110000000000002,2080s,ssp245
4,HDH,4336.666666666667,unmet_demand,0.0,0.0,0.0,0.0,0.17688,2080s,ssp245
3,HDH,4331.0,unmet_demand,0.0,0.0,0.0,0.0,0.13266,2080s,ssp245
2,HDH,4125.0,unmet_demand,0.0,0.0,0.0,0.0,0.08844,2080s,ssp245
1,HDH,4175.333333333333,unmet_demand,0.0,0.0,0.0,0.0,0.04422,2080s,ssp245
29,HDH,1.0,Geothermal,0.3185610975614286,0.06329350860917884,0.009494026291376826,19.28763919323528,1.28238,2080s,ssp370
28,HDH,1.0,Geothermal,0.316781752058252,0.06151416310600223,0.009227124465900334,18.745413381781383,1.2381600000000001,2080s,ssp370
26,HDH,2.0,Geothermal,0.31325000552289134,0.05798241657064162,0.008697362485596242,17.66917263620016,1.14972,2080s,ssp370
25,HDH,3.0,Geothermal,0.3114974688271867,0.05622987987493701,0.008434481981240551,17.135116360881693,1.1055000000000001,2080s,ssp370
24,HDH,5.666666666666667,Geothermal,0.30975373387268723,0.05448614492043751,0.008172921738065626,16.60374226912939,1.06128,2080s,ssp370
23,HDH,11.666666666666666,Geothermal,0.30801873451818523,0.05275114556593551,0.007912671834890327,16.07503020551537,1.01706,2080s,ssp370
22,HDH,11.75,Geothermal,0.30629240528351337,0.05102481633126362,0.0076537224496895425,15.548960216052713,0.97284,2080s,ssp370
21,HDH,16.8,Geothermal,0.3045746813413066,0.049307092389056895,0.007396063858358534,15.025512545685132,0.92862,2080s,ssp370
20,HDH,38.4,Geothermal,0.3028654985088877,0.04759790955663802,0.007139686433495703,14.504667635814132,0.8844000000000001,2080s,ssp370
19,HDH,52.0,Geothermal,0.30116479324027284,0.04589720428802308,0.006884580643203462,13.986406121862885,0.84018,2080s,ssp370
18,HDH,80.0,Geothermal,0.2994725026182958,0.04420491366604609,0.006630737049906914,13.470708830876328,0.79596,2080s,ssp370
17,HDH,114.5,Geothermal,0.2977885643468499,0.04252097539460019,0.006378146309190028,12.957556779156782,0.7517400000000001,2080s,ssp370
16,HDH,183.16666666666666,Geothermal,0.29611291674324297,0.04084532779099325,0.006126799168648988,12.446931169934464,0.70752,2080s,ssp370
15,HDH,274.6666666666667,Geothermal,0.2944454987306661,0.03917790977841638,0.005876686466762457,11.93881339107238,0.6633,2080s,ssp370
14,HDH,401.1666666666667,Geothermal,0.29278624983077256,0.03751866087852283,0.005627799131778425,11.433185012804879,0.6190800000000001,2080s,ssp370
13,HDH,542.1666666666666,Geothermal,0.2911351101563657,0.03586752120411598,0.0053801281806173966,10.930027785509425,0.57486,2080s,ssp370
12,HDH,746.3333333333334,Geothermal,0.28949202040419375,0.034224431451944023,0.0051336647177916035,10.429323637510917,0.53064,2080s,ssp370
11,HDH,1128.5,Geothermal,0.2878569218478497,0.0325893328956,0.00488839993434,9.93105467291808,0.48642,2080s,ssp370
10,HDH,1607.8333333333333,Geothermal,0.0,0.0,0.0,0.0,0.44220000000000004,2080s,ssp370
9,HDH,1955.5,Geothermal,0.0,0.0,0.0,0.0,0.39798,2080s,ssp370
8,HDH,2433.8333333333335,Geothermal,0.0,0.0,0.0,0.0,0.35376,2080s,ssp370
7,HDH,2723.1666666666665,Geothermal,0.0,0.0,0.0,0.0,0.30954000000000004,2080s,ssp370
6,HDH,3071.3333333333335,Geothermal,0.0,0.0,0.0,0.0,0.26532,2080s,ssp370
5,HDH,3526.5,Geothermal,0.0,0.0,0.0,0.0,0.22110000000000002,2080s,ssp370
4,HDH,3974.5,Geothermal,0.0,0.0,0.0,0.0,0.17688,2080s,ssp370
3,HDH,4121.5,Geothermal,0.0,0.0,0.0,0.0,0.13266,2080s,ssp370
2,HDH,4181.5,Geothermal,0.0,0.0,0.0,0.0,0.08844,2080s,ssp370
1,HDH,4216.166666666667,Geothermal,0.0,0.0,0.0,0.0,0.04422,2080s,ssp370
29,HDH,1.0,Boiler,0.3818205101758697,0.42424501130652187,0.08484900226130437,23.889684165157178,1.28238,2080s,ssp370
28,HDH,1.0,Boiler,0.3818205101758697,0.42424501130652187,0.08484900226130437,23.889684165157178,1.2381600000000001,2080s,ssp370
26,HDH,2.0,Boiler,0.3818205101758697,0.42424501130652187,0.08484900226130437,23.889684165157178,1.14972,2080s,ssp370
25,HDH,3.0,Boiler,0.3818205101758697,0.42424501130652187,0.08484900226130437,23.889684165157178,1.1055000000000001,2080s,ssp370
24,HDH,5.666666666666667,Boiler,0.3818205101758697,0.42424501130652187,0.08484900226130437,23.889684165157178,1.06128,2080s,ssp370
23,HDH,11.666666666666666,Boiler,0.3818205101758697,0.42424501130652187,0.08484900226130437,23.889684165157178,1.01706,2080s,ssp370
22,HDH,11.75,Boiler,0.3818205101758697,0.42424501130652187,0.08484900226130437,23.889684165157178,0.97284,2080s,ssp370
21,HDH,16.8,Boiler,0.3818205101758697,0.42424501130652187,0.08484900226130437,23.889684165157178,0.92862,2080s,ssp370
20,HDH,38.4,Boiler,0.3818205101758697,0.42424501130652187,0.08484900226130437,23.889684165157178,0.8844000000000001,2080s,ssp370
19,HDH,52.0,Boiler,0.3818205101758697,0.42424501130652187,0.08484900226130437,23.889684165157178,0.84018,2080s,ssp370
18,HDH,80.0,Boiler,0.3818205101758697,0.42424501130652187,0.08484900226130437,23.889684165157178,0.79596,2080s,ssp370
17,HDH,114.5,Boiler,0.3818205101758697,0.42424501130652187,0.08484900226130437,23.889684165157178,0.7517400000000001,2080s,ssp370
16,HDH,183.16666666666666,Boiler,0.3818205101758697,0.42424501130652187,0.08484900226130437,23.889684165157178,0.70752,2080s,ssp370
15,HDH,274.6666666666667,Boiler,0.3688545012693339,0.4098383347437043,0.08196766694874086,23.078429008861143,0.6633,2080s,ssp370
14,HDH,401.1666666666667,Boiler,0.0,0.0,0.0,0.0,0.6190800000000001,2080s,ssp370
13,HDH,542.1666666666666,Boiler,0.0,0.0,0.0,0.0,0.57486,2080s,ssp370
12,HDH,746.3333333333334,Boiler,0.0,0.0,0.0,0.0,0.53064,2080s,ssp370
11,HDH,1128.5,Boiler,0.0,0.0,0.0,0.0,0.48642,2080s,ssp370
10,HDH,1607.8333333333333,Boiler,0.0,0.0,0.0,0.0,0.44220000000000004,2080s,ssp370
9,HDH,1955.5,Boiler,0.0,0.0,0.0,0.0,0.39798,2080s,ssp370
8,HDH,2433.8333333333335,Boiler,0.0,0.0,0.0,0.0,0.35376,2080s,ssp370
7,HDH,2723.1666666666665,Boiler,0.0,0.0,0.0,0.0,0.30954000000000004,2080s,ssp370
6,HDH,3071.3333333333335,Boiler,0.0,0.0,0.0,0.0,0.26532,2080s,ssp370
5,HDH,3526.5,Boiler,0.0,0.0,0.0,0.0,0.22110000000000002,2080s,ssp370
4,HDH,3974.5,Boiler,0.0,0.0,0.0,0.0,0.17688,2080s,ssp370
3,HDH,4121.5,Boiler,0.0,0.0,0.0,0.0,0.13266,2080s,ssp370
2,HDH,4181.5,Boiler,0.0,0.0,0.0,0.0,0.08844,2080s,ssp370
1,HDH,4216.166666666667,Boiler,0.0,0.0,0.0,0.0,0.04422,2080s,ssp370
29,HDH,1.0,HeatPump,0.5819983922627018,0.20161949500159826,0.030242924250239736,61.44017229199996,1.28238,2080s,ssp370
28,HDH,1.0,HeatPump,0.5395577377658785,0.18197562825156108,0.027296344237734162,55.45403212438469,1.2381600000000001,2080s,ssp370
26,HDH,2.0,HeatPump,0.4546494843012391,0.14493427953456128,0.02174014193018419,44.166300017514374,1.14972,2080s,ssp370
25,HDH,3.0,HeatPump,0.4121820209969437,0.12755129846725785,0.019132694770088676,38.869126985138564,1.1055000000000001,2080s,ssp370
24,HDH,5.666666666666667,HeatPump,0.36970575595144306,0.11093659188361374,0.01664048878254206,33.80607276475165,1.06128,2080s,ssp370
23,HDH,11.666666666666666,HeatPump,0.3272207553059451,0.09509762985693564,0.014264644478540344,28.979413736378262,1.01706,2080s,ssp370
22,HDH,11.75,HeatPump,0.284727084540617,0.08004197285227405,0.012006295927841106,24.39145382541662,0.97284,2080s,ssp370
21,HDH,16.8,HeatPump,0.24222480848282368,0.06577727317931398,0.009866590976897096,20.044524945382697,0.92862,2080s,ssp370
20,HDH,38.4,HeatPump,0.1997139913152427,0.052311276472115545,0.00784669147081733,15.940987448836458,0.8844000000000001,2080s,ssp370
19,HDH,52.0,HeatPump,0.15719469658385743,0.03965182319630646,0.005947773479445969,12.083230586673562,0.84018,2080s,ssp370
18,HDH,80.0,HeatPump,0.11466698720583451,0.027806850184344922,0.004171027527651738,8.473672975971096,0.79596,2080s,ssp370
17,HDH,114.5,HeatPump,0.07213092547728045,0.01678439219948353,0.0025176588299225294,5.114763076579442,0.7517400000000001,2080s,ssp370
16,HDH,183.16666666666666,HeatPump,0.029586573080887357,0.006592583529085199,0.0009888875293627799,2.0089796766586727,0.70752,2080s,ssp370
15,HDH,274.6666666666667,HeatPump,0.0,0.0,0.0,0.0,0.6633,2080s,ssp370
14,HDH,401.1666666666667,HeatPump,0.3262937501692275,0.06620301407672938,0.009930452111509407,20.174262370271823,0.6190800000000001,2080s,ssp370
13,HDH,542.1666666666666,HeatPump,0.28372488984363436,0.05471153267111704,0.008206729900667556,16.672425420201396,0.57486,2080s,ssp370
12,HDH,746.3333333333334,HeatPump,0.24114797959580625,0.044059494364325935,0.0066089241546488904,13.426394728451868,0.53064,2080s,ssp370
11,HDH,1128.5,HeatPump,0.1985630781521503,0.03425531565512324,0.005138297348268486,10.438735082393356,0.48642,2080s,ssp370
10,HDH,1607.8333333333333,HeatPump,0.44220000000000004,0.0717507707285413,0.010762615609281195,21.86484851383255,0.44220000000000004,2080s,ssp370
9,HDH,1955.5,HeatPump,0.39798,0.06046687286342178,0.009070030929513266,18.42626917926583,0.39798,2080s,ssp370
8,HDH,2433.8333333333335,HeatPump,0.35376,0.05007218683651806,0.007510828025477709,15.258662294777073,0.35376,2080s,ssp370
7,HDH,2723.1666666666665,HeatPump,0.30954000000000004,0.040575454694412594,0.006086318204161889,12.364691852993612,0.30954000000000004,2080s,ssp370
6,HDH,3071.3333333333335,HeatPump,0.26532,0.03198553345388788,0.004797830018083182,9.747056881790234,0.26532,2080s,ssp370
5,HDH,3526.5,HeatPump,0.22110000000000002,0.024311396998185717,0.0036467095497278576,7.408492022142504,0.22110000000000002,2080s,ssp370
4,HDH,3974.5,HeatPump,0.17688,0.01756213801092173,0.0026343207016382595,5.351768117454907,0.17688,2080s,ssp370
3,HDH,4121.5,HeatPump,0.13266,0.011746969948530635,0.0017620454922795952,3.5796928146305835,0.13266,2080s,ssp370
2,HDH,4181.5,HeatPump,0.08844,0.0068752290521405975,0.0010312843578210895,2.095111177156422,0.08844,2080s,ssp370
1,HDH,4216.166666666667,HeatPump,0.04422,0.0029563763997994324,0.00044345645996991486,0.9009063104847068,0.04422,2080s,ssp370
29,HDH,1.0,BTES,0.2552675889522497,0.0,0.0,0.0,1.28238,2080s,ssp370
28,HDH,1.0,BTES,0.2552675889522497,0.0,0.0,0.0,1.2381600000000001,2080s,ssp370
26,HDH,2.0,BTES,0.2552675889522497,0.0,0.0,0.0,1.14972,2080s,ssp370
25,HDH,3.0,BTES,0.2552675889522497,0.0,0.0,0.0,1.1055000000000001,2080s,ssp370
24,HDH,5.666666666666667,BTES,0.2552675889522497,0.0,0.0,0.0,1.06128,2080s,ssp370
23,HDH,11.666666666666666,BTES,0.2552675889522497,0.0,0.0,0.0,1.01706,2080s,ssp370
22,HDH,11.75,BTES,0.2552675889522497,0.0,0.0,0.0,0.97284,2080s,ssp370
21,HDH,16.8,BTES,0.2552675889522497,0.0,0.0,0.0,0.92862,2080s,ssp370
20,HDH,38.4,BTES,0.2552675889522497,0.0,0.0,0.0,0.8844000000000001,2080s,ssp370
19,HDH,52.0,BTES,0.2552675889522497,0.0,0.0,0.0,0.84018,2080s,ssp370
18,HDH,80.0,BTES,0.2552675889522497,0.0,0.0,0.0,0.79596,2080s,ssp370
17,HDH,114.5,BTES,0.2552675889522497,0.0,0.0,0.0,0.7517400000000001,2080s,ssp370
16,HDH,183.16666666666666,BTES,0.2552675889522497,0.0,0.0,0.0,0.70752,2080s,ssp370
15,HDH,274.6666666666667,BTES,0.2552675889522497,0.0,0.0,0.0,0.6633,2080s,ssp370
14,HDH,401.1666666666667,BTES,0.2552675889522497,0.0,0.0,0.0,0.6190800000000001,2080s,ssp370
13,HDH,542.1666666666666,BTES,0.2552675889522497,0.0,0.0,0.0,0.57486,2080s,ssp370
12,HDH,746.3333333333334,BTES,0.2552675889522497,0.0,0.0,0.0,0.53064,2080s,ssp370
11,HDH,1128.5,BTES,0.2552675889522497,0.0,0.0,0.0,0.48642,2080s,ssp370
10,HDH,1607.8333333333333,BTES,0.0,0.0,0.0,0.0,0.44220000000000004,2080s,ssp370
9,HDH,1955.5,BTES,0.0,0.0,0.0,0.0,0.39798,2080s,ssp370
8,HDH,2433.8333333333335,BTES,0.0,0.0,0.0,0.0,0.35376,2080s,ssp370
7,HDH,2723.1666666666665,BTES,0.0,0.0,0.0,0.0,0.30954000000000004,2080s,ssp370
6,HDH,3071.3333333333335,BTES,0.0,0.0,0.0,0.0,0.26532,2080s,ssp370
5,HDH,3526.5,BTES,0.0,0.0,0.0,0.0,0.22110000000000002,2080s,ssp370
4,HDH,3974.5,BTES,0.0,0.0,0.0,0.0,0.17688,2080s,ssp370
3,HDH,4121.5,BTES,0.0,0.0,0.0,0.0,0.13266,2080s,ssp370
2,HDH,4181.5,BTES,0.0,0.0,0.0,0.0,0.08844,2080s,ssp370
1,HDH,4216.166666666667,BTES,0.0,0.0,0.0,0.0,0.04422,2080s,ssp370
29,HDH,1.0,unmet_demand,0.0,0.0,0.0,0.0,1.28238,2080s,ssp370
28,HDH,1.0,unmet_demand,0.0,0.0,0.0,0.0,1.2381600000000001,2080s,ssp370
26,HDH,2.0,unmet_demand,0.0,0.0,0.0,0.0,1.14972,2080s,ssp370
25,HDH,3.0,unmet_demand,0.0,0.0,0.0,0.0,1.1055000000000001,2080s,ssp370
24,HDH,5.666666666666667,unmet_demand,0.0,0.0,0.0,0.0,1.06128,2080s,ssp370
23,HDH,11.666666666666666,unmet_demand,0.0,0.0,0.0,0.0,1.01706,2080s,ssp370
22,HDH,11.75,unmet_demand,0.0,0.0,0.0,0.0,0.97284,2080s,ssp370
21,HDH,16.8,unmet_demand,0.0,0.0,0.0,0.0,0.92862,2080s,ssp370
20,HDH,38.4,unmet_demand,0.0,0.0,0.0,0.0,0.8844000000000001,2080s,ssp370
19,HDH,52.0,unmet_demand,0.0,0.0,0.0,0.0,0.84018,2080s,ssp370
18,HDH,80.0,unmet_demand,0.0,0.0,0.0,0.0,0.79596,2080s,ssp370
17,HDH,114.5,unmet_demand,0.0,0.0,0.0,0.0,0.7517400000000001,2080s,ssp370
16,HDH,183.16666666666666,unmet_demand,0.0,0.0,0.0,0.0,0.70752,2080s,ssp370
15,HDH,274.6666666666667,unmet_demand,0.0,0.0,0.0,0.0,0.6633,2080s,ssp370
14,HDH,401.1666666666667,unmet_demand,0.0,0.0,0.0,0.0,0.6190800000000001,2080s,ssp370
13,HDH,542.1666666666666,unmet_demand,0.0,0.0,0.0,0.0,0.57486,2080s,ssp370
12,HDH,746.3333333333334,unmet_demand,0.0,0.0,0.0,0.0,0.53064,2080s,ssp370
11,HDH,1128.5,unmet_demand,0.0,0.0,0.0,0.0,0.48642,2080s,ssp370
10,HDH,1607.8333333333333,unmet_demand,0.0,0.0,0.0,0.0,0.44220000000000004,2080s,ssp370
9,HDH,1955.5,unmet_demand,0.0,0.0,0.0,0.0,0.39798,2080s,ssp370
8,HDH,2433.8333333333335,unmet_demand,0.0,0.0,0.0,0.0,0.35376,2080s,ssp370
7,HDH,2723.1666666666665,unmet_demand,0.0,0.0,0.0,0.0,0.30954000000000004,2080s,ssp370
6,HDH,3071.3333333333335,unmet_demand,0.0,0.0,0.0,0.0,0.26532,2080s,ssp370
5,HDH,3526.5,unmet_demand,0.0,0.0,0.0,0.0,0.22110000000000002,2080s,ssp370
4,HDH,3974.5,unmet_demand,0.0,0.0,0.0,0.0,0.17688,2080s,ssp370
3,HDH,4121.5,unmet_demand,0.0,0.0,0.0,0.0,0.13266,2080s,ssp370
2,HDH,4181.5,unmet_demand,0.0,0.0,0.0,0.0,0.08844,2080s,ssp370
1,HDH,4216.166666666667,unmet_demand,0.0,0.0,0.0,0.0,0.04422,2080s,ssp370
25,HDH,1.0,Geothermal,0.3597191910531222,0.06493461079405477,0.009740191619108215,19.48038323821643,1.1055000000000001,2080s,ssp585
24,HDH,5.0,Geothermal,0.3691532623642013,0.06493461079405477,0.009740191619108215,19.48038323821643,1.06128,2080s,ssp585
23,HDH,6.0,Geothermal,0.37915909557292155,0.06493461079405477,0.009740191619108215,19.48038323821643,1.01706,2080s,ssp585
22,HDH,6.333333333333333,Geothermal,0.38979029335718685,0.06493461079405477,0.009740191619108215,19.48038323821643,0.97284,2080s,ssp585
21,HDH,17.5,Geothermal,0.38876870242776235,0.06293712348039393,0.009440568522059089,18.88113704411818,0.92862,2080s,ssp585
20,HDH,18.25,Geothermal,0.3865870477050355,0.06075546875766706,0.009113320313650058,18.226640627300117,0.8844000000000001,2080s,ssp585
19,HDH,27.4,Geothermal,0.38441621401137543,0.058584635064006976,0.008787695259601045,17.57539051920209,0.84018,2080s,ssp585
18,HDH,36.0,Geothermal,0.38225612103733264,0.05642454208996423,0.008463681313494634,16.927362626989268,0.79596,2080s,ssp585
17,HDH,62.5,Geothermal,0.3801066892661972,0.054275110318828736,0.00814126654782431,16.28253309564862,0.7517400000000001,2080s,ssp585
16,HDH,90.0,Geothermal,0.3779678399642407,0.0521362610168723,0.007820439152530844,15.64087830506169,0.70752,2080s,ssp585
15,HDH,161.0,Geothermal,0.37583949517110354,0.050007916223735106,0.007501187433560265,15.002374867120531,0.6633,2080s,ssp585
14,HDH,269.8333333333333,Geothermal,0.3737215776903217,0.047889998742953285,0.007183499811442992,14.366999622885986,0.6190800000000001,2080s,ssp585
13,HDH,391.5,Geothermal,0.371614011079994,0.04578243213262555,0.006867364819893832,13.734729639787664,0.57486,2080s,ssp585
12,HDH,570.0,Geothermal,0.36951671964358457,0.043685140696216145,0.006552771104432422,13.105542208864843,0.53064,2080s,ssp585
11,HDH,867.6666666666666,Geothermal,0.3674296284208607,0.041598049473492237,0.006239707421023835,12.479414842047671,0.48642,2080s,ssp585
10,HDH,1302.8333333333333,Geothermal,0.36535266317896137,0.03952108423159299,0.005928162634738949,11.856325269477898,0.44220000000000004,2080s,ssp585
9,HDH,1773.6666666666667,Geothermal,0.08280853874347285,0.008537425992327225,0.0012806138988490838,2.5612277976981677,0.39798,2080s,ssp585
8,HDH,2231.1666666666665,Geothermal,0.0,0.0,0.0,0.0,0.35376,2080s,ssp585
7,HDH,2654.8333333333335,Geothermal,0.0,0.0,0.0,0.0,0.30954000000000004,2080s,ssp585
6,HDH,3034.0,Geothermal,0.0,0.0,0.0,0.0,0.26532,2080s,ssp585
5,HDH,3452.5,Geothermal,0.0,0.0,0.0,0.0,0.22110000000000002,2080s,ssp585
4,HDH,3768.8333333333335,Geothermal,0.0,0.0,0.0,0.0,0.17688,2080s,ssp585
3,HDH,4023.0,Geothermal,0.0,0.0,0.0,0.0,0.13266,2080s,ssp585
2,HDH,4203.166666666667,Geothermal,0.0,0.0,0.0,0.0,0.08844,2080s,ssp585
1,HDH,4272.666666666667,Geothermal,0.0,0.0,0.0,0.0,0.04422,2080s,ssp585
25,HDH,1.0,Boiler,0.0,0.0,0.0,0.0,1.1055000000000001,2080s,ssp585
24,HDH,5.0,Boiler,0.0,0.0,0.0,0.0,1.06128,2080s,ssp585
23,HDH,6.0,Boiler,0.0,0.0,0.0,0.0,1.01706,2080s,ssp585
22,HDH,6.333333333333333,Boiler,0.0,0.0,0.0,0.0,0.97284,2080s,ssp585
21,HDH,17.5,Boiler,0.0,0.0,0.0,0.0,0.92862,2080s,ssp585
20,HDH,18.25,Boiler,0.0,0.0,0.0,0.0,0.8844000000000001,2080s,ssp585
19,HDH,27.4,Boiler,0.0,0.0,0.0,0.0,0.84018,2080s,ssp585
18,HDH,36.0,Boiler,0.0,0.0,0.0,0.0,0.79596,2080s,ssp585
17,HDH,62.5,Boiler,0.0,0.0,0.0,0.0,0.7517400000000001,2080s,ssp585
16,HDH,90.0,Boiler,0.0,0.0,0.0,0.0,0.70752,2080s,ssp585
15,HDH,161.0,Boiler,0.0,0.0,0.0,0.0,0.6633,2080s,ssp585
14,HDH,269.8333333333333,Boiler,0.0,0.0,0.0,0.0,0.6190800000000001,2080s,ssp585
13,HDH,391.5,Boiler,0.0,0.0,0.0,0.0,0.57486,2080s,ssp585
12,HDH,570.0,Boiler,0.0,0.0,0.0,0.0,0.53064,2080s,ssp585
11,HDH,867.6666666666666,Boiler,0.0,0.0,0.0,0.0,0.48642,2080s,ssp585
10,HDH,1302.8333333333333,Boiler,0.0,0.0,0.0,0.0,0.44220000000000004,2080s,ssp585
9,HDH,1773.6666666666667,Boiler,0.0,0.0,0.0,0.0,0.39798,2080s,ssp585
8,HDH,2231.1666666666665,Boiler,0.0,0.0,0.0,0.0,0.35376,2080s,ssp585
7,HDH,2654.8333333333335,Boiler,0.0,0.0,0.0,0.0,0.30954000000000004,2080s,ssp585
6,HDH,3034.0,Boiler,0.0,0.0,0.0,0.0,0.26532,2080s,ssp585
5,HDH,3452.5,Boiler,0.0,0.0,0.0,0.0,0.22110000000000002,2080s,ssp585
4,HDH,3768.8333333333335,Boiler,0.0,0.0,0.0,0.0,0.17688,2080s,ssp585
3,HDH,4023.0,Boiler,0.0,0.0,0.0,0.0,0.13266,2080s,ssp585
2,HDH,4203.166666666667,Boiler,0.0,0.0,0.0,0.0,0.08844,2080s,ssp585
1,HDH,4272.666666666667,Boiler,0.0,0.0,0.0,0.0,0.04422,2080s,ssp585
25,HDH,1.0,HeatPump,0.7457808089468779,0.23078471575023302,0.03461770736253495,69.2354147250699,1.1055000000000001,2080s,ssp585
24,HDH,5.0,HeatPump,0.6921267376357987,0.2076845712808543,0.031152685692128142,62.30537138425629,1.06128,2080s,ssp585
23,HDH,6.0,HeatPump,0.6379009044270785,0.18538819164417666,0.027808228746626498,55.616457493253,1.01706,2080s,ssp585
22,HDH,6.333333333333333,HeatPump,0.5830497066428132,0.16390589910308664,0.024585884865462995,49.171769730925995,0.97284,2080s,ssp585
21,HDH,17.5,HeatPump,0.5398512975722376,0.14659913036584865,0.021989869554877296,43.9797391097546,0.92862,2080s,ssp585
20,HDH,18.25,HeatPump,0.4978129522949646,0.13039262200611992,0.01955889330091799,39.117786601835974,0.8844000000000001,2080s,ssp585
19,HDH,27.4,HeatPump,0.4557637859886246,0.1149648522121708,0.01724472783182562,34.48945566365124,0.84018,2080s,ssp585
18,HDH,36.0,HeatPump,0.41370387896266736,0.10032357231421107,0.01504853584713166,30.09707169426332,0.79596,2080s,ssp585
17,HDH,62.5,HeatPump,0.3716333107338029,0.08647662844300243,0.012971494266450364,25.942988532900728,0.7517400000000001,2080s,ssp585
16,HDH,90.0,HeatPump,0.3295521600357593,0.07343196308293222,0.011014794462439833,22.029588924879665,0.70752,2080s,ssp585
15,HDH,161.0,HeatPump,0.28746050482889646,0.06119761665419053,0.00917964249812858,18.35928499625716,0.6633,2080s,ssp585
14,HDH,269.8333333333333,HeatPump,0.24535842230967836,0.04978172912471449,0.007467259368707174,14.934518737414347,0.6190800000000001,2080s,ssp585
13,HDH,391.5,HeatPump,0.20324598892000606,0.03919254165258032,0.0058788812478870476,11.757762495774097,0.57486,2080s,ssp585
12,HDH,570.0,HeatPump,0.16112328035641543,0.029438398259541754,0.0044157597389312625,8.831519477862527,0.53064,2080s,ssp585
11,HDH,867.6666666666666,HeatPump,0.11899037157913933,0.020527747536430316,0.0030791621304645475,6.158324260929095,0.48642,2080s,ssp585
10,HDH,1302.8333333333333,HeatPump,0.07684733682103867,0.012469144381151822,0.0018703716571727732,3.7407433143455466,0.44220000000000004,2080s,ssp585
9,HDH,1773.6666666666667,HeatPump,0.3151714612565272,0.04788540297999219,0.007182810446998828,14.365620893997658,0.39798,2080s,ssp585
8,HDH,2231.1666666666665,HeatPump,0.35376,0.05007218683651806,0.007510828025477709,15.021656050955418,0.35376,2080s,ssp585
7,HDH,2654.8333333333335,HeatPump,0.30954000000000004,0.040575454694412594,0.006086318204161889,12.172636408323779,0.30954000000000004,2080s,ssp585
6,HDH,3034.0,HeatPump,0.26532,0.03198553345388788,0.004797830018083182,9.595660036166365,0.26532,2080s,ssp585
5,HDH,3452.5,HeatPump,0.22110000000000002,0.024311396998185717,0.0036467095497278576,7.293419099455715,0.22110000000000002,2080s,ssp585
4,HDH,3768.8333333333335,HeatPump,0.17688,0.01756213801092173,0.0026343207016382595,5.268641403276519,0.17688,2080s,ssp585
3,HDH,4023.0,HeatPump,0.13266,0.011746969948530635,0.0017620454922795952,3.524090984559191,0.13266,2080s,ssp585
2,HDH,4203.166666666667,HeatPump,0.08844,0.0068752290521405975,0.0010312843578210895,2.062568715642179,0.08844,2080s,ssp585
1,HDH,4272.666666666667,HeatPump,0.04422,0.0029563763997994324,0.00044345645996991486,0.8869129199398297,0.04422,2080s,ssp585
25,HDH,1.0,BTES,0.29478458025906745,0.0,0.0,0.0,1.1055000000000001,2080s,ssp585
24,HDH,5.0,BTES,0.30421865157014655,0.0,0.0,0.0,1.06128,2080s,ssp585
23,HDH,6.0,BTES,0.3142244847788668,0.0,0.0,0.0,1.01706,2080s,ssp585
22,HDH,6.333333333333333,BTES,0.3248556825631321,0.0,0.0,0.0,0.97284,2080s,ssp585
21,HDH,17.5,BTES,0.3258315789473684,0.0,0.0,0.0,0.92862,2080s,ssp585
20,HDH,18.25,BTES,0.3258315789473684,0.0,0.0,0.0,0.8844000000000001,2080s,ssp585
19,HDH,27.4,BTES,0.3258315789473684,0.0,0.0,0.0,0.84018,2080s,ssp585
18,HDH,36.0,BTES,0.3258315789473684,0.0,0.0,0.0,0.79596,2080s,ssp585
17,HDH,62.5,BTES,0.3258315789473684,0.0,0.0,0.0,0.7517400000000001,2080s,ssp585
16,HDH,90.0,BTES,0.3258315789473684,0.0,0.0,0.0,0.70752,2080s,ssp585
15,HDH,161.0,BTES,0.3258315789473684,0.0,0.0,0.0,0.6633,2080s,ssp585
14,HDH,269.8333333333333,BTES,0.3258315789473684,0.0,0.0,0.0,0.6190800000000001,2080s,ssp585
13,HDH,391.5,BTES,0.3258315789473684,0.0,0.0,0.0,0.57486,2080s,ssp585
12,HDH,570.0,BTES,0.3258315789473684,0.0,0.0,0.0,0.53064,2080s,ssp585
11,HDH,867.6666666666666,BTES,0.3258315789473684,0.0,0.0,0.0,0.48642,2080s,ssp585
10,HDH,1302.8333333333333,BTES,0.3258315789473684,0.0,0.0,0.0,0.44220000000000004,2080s,ssp585
9,HDH,1773.6666666666667,BTES,0.07427111275114563,0.0,0.0,0.0,0.39798,2080s,ssp585
8,HDH,2231.1666666666665,BTES,0.0,0.0,0.0,0.0,0.35376,2080s,ssp585
7,HDH,2654.8333333333335,BTES,0.0,0.0,0.0,0.0,0.30954000000000004,2080s,ssp585
6,HDH,3034.0,BTES,0.0,0.0,0.0,0.0,0.26532,2080s,ssp585
5,HDH,3452.5,BTES,0.0,0.0,0.0,0.0,0.22110000000000002,2080s,ssp585
4,HDH,3768.8333333333335,BTES,0.0,0.0,0.0,0.0,0.17688,2080s,ssp585
3,HDH,4023.0,BTES,0.0,0.0,0.0,0.0,0.13266,2080s,ssp585
2,HDH,4203.166666666667,BTES,0.0,0.0,0.0,0.0,0.08844,2080s,ssp585
1,HDH,4272.666666666667,BTES,0.0,0.0,0.0,0.0,0.04422,2080s,ssp585
25,HDH,1.0,unmet_demand,0.0,0.0,0.0,0.0,1.1055000000000001,2080s,ssp585
24,HDH,5.0,unmet_demand,0.0,0.0,0.0,0.0,1.06128,2080s,ssp585
23,HDH,6.0,unmet_demand,0.0,0.0,0.0,0.0,1.01706,2080s,ssp585
22,HDH,6.333333333333333,unmet_demand,0.0,0.0,0.0,0.0,0.97284,2080s,ssp585
21,HDH,17.5,unmet_demand,0.0,0.0,0.0,0.0,0.92862,2080s,ssp585
20,HDH,18.25,unmet_demand,0.0,0.0,0.0,0.0,0.8844000000000001,2080s,ssp585
19,HDH,27.4,unmet_demand,0.0,0.0,0.0,0.0,0.84018,2080s,ssp585
18,HDH,36.0,unmet_demand,0.0,0.0,0.0,0.0,0.79596,2080s,ssp585
17,HDH,62.5,unmet_demand,0.0,0.0,0.0,0.0,0.7517400000000001,2080s,ssp585
16,HDH,90.0,unmet_demand,0.0,0.0,0.0,0.0,0.70752,2080s,ssp585
15,HDH,161.0,unmet_demand,0.0,0.0,0.0,0.0,0.6633,2080s,ssp585
14,HDH,269.8333333333333,unmet_demand,0.0,0.0,0.0,0.0,0.6190800000000001,2080s,ssp585
13,HDH,391.5,unmet_demand,0.0,0.0,0.0,0.0,0.57486,2080s,ssp585
12,HDH,570.0,unmet_demand,0.0,0.0,0.0,0.0,0.53064,2080s,ssp585
11,HDH,867.6666666666666,unmet_demand,0.0,0.0,0.0,0.0,0.48642,2080s,ssp585
10,HDH,1302.8333333333333,unmet_demand,0.0,0.0,0.0,0.0,0.44220000000000004,2080s,ssp585
9,HDH,1773.6666666666667,unmet_demand,0.0,0.0,0.0,0.0,0.39798,2080s,ssp585
8,HDH,2231.1666666666665,unmet_demand,0.0,0.0,0.0,0.0,0.35376,2080s,ssp585
7,HDH,2654.8333333333335,unmet_demand,0.0,0.0,0.0,0.0,0.30954000000000004,2080s,ssp585
6,HDH,3034.0,unmet_demand,0.0,0.0,0.0,0.0,0.26532,2080s,ssp585
5,HDH,3452.5,unmet_demand,0.0,0.0,0.0,0.0,0.22110000000000002,2080s,ssp585
4,HDH,3768.8333333333335,unmet_demand,0.0,0.0,0.0,0.0,0.17688,2080s,ssp585
3,HDH,4023.0,unmet_demand,0.0,0.0,0.0,0.0,0.13266,2080s,ssp585
2,HDH,4203.166666666667,unmet_demand,0.0,0.0,0.0,0.0,0.08844,2080s,ssp585
1,HDH,4272.666666666667,unmet_demand,0.0,0.0,0.0,0.0,0.04422,2080s,ssp585
29,HDH,3.0,Geothermal,0.23235508798699017,0.04616561430277965,0.006924842145416947,14.97740411350352,1.28238,2090s,ssp126
28,HDH,10.0,Geothermal,0.2310572522370674,0.044867778552856875,0.006730166782928531,14.556350244880464,1.2381600000000001,2090s,ssp126
27,HDH,12.666666666666666,Geothermal,0.22976598406637125,0.04357651038216073,0.00653647655732411,14.137427080887038,1.19394,2090s,ssp126
26,HDH,7.0,Geothermal,0.22848123374876714,0.04229176006455662,0.006343764009683493,13.720618488987716,1.14972,2090s,ssp126
25,HDH,9.0,Geothermal,0.22720295205885566,0.041013478374645154,0.006152021756196773,13.305908499099345,1.1055000000000001,2090s,ssp126
24,HDH,15.0,Geothermal,0.22593109026568553,0.03974161658147503,0.005961242487221254,12.893281301551424,1.06128,2090s,ssp126
23,HDH,19.5,Geothermal,0.224665600126561,0.03847612644235048,0.005771418966352572,12.482721245077077,1.01706,2090s,ssp126
22,HDH,28.833333333333332,Geothermal,0.223406433880942,0.03721696019673145,0.005582544029509718,12.074212834834093,0.97284,2090s,ssp126
21,HDH,57.833333333333336,Geothermal,0.22215354424443562,0.0359640705602251,0.005394610584033765,11.667740730455613,0.92862,2090s,ssp126
20,HDH,85.5,Geothermal,0.2209068844028774,0.03471741071866689,0.0052076116078000325,11.263289744129857,0.8844000000000001,2090s,ssp126
19,HDH,116.5,Geothermal,0.21966640800650025,0.0334769343222897,0.005021540148343455,10.860844838708442,0.84018,2090s,ssp126
18,HDH,153.0,Geothermal,0.21843206916419008,0.03224259547997956,0.004836389321996934,10.460391125842762,0.79596,2090s,ssp126
17,HDH,231.66666666666666,Geothermal,0.21720382243782693,0.031014348753616416,0.004652152313042462,10.06191386414799,0.7517400000000001,2090s,ssp126
16,HDH,330.8333333333333,Geothermal,0.21598162283670896,0.029792149152498455,0.004468822372874768,9.665398457394172,0.70752,2090s,ssp126
15,HDH,487.5,Geothermal,0.21476542581205915,0.028575952127848633,0.0042863928191772946,9.27083045272399,0.6633,2090s,ssp126
14,HDH,636.0,Geothermal,0.2135551872516124,0.02736571356740188,0.004104857035110282,8.878195538896701,0.6190800000000001,2090s,ssp126
13,HDH,874.6666666666666,Geothermal,0.06873281140255144,0.008467805786376794,0.001270170867956519,2.7471907637887205,0.57486,2090s,ssp126
12,HDH,1129.5,Geothermal,0.0,0.0,0.0,0.0,0.53064,2090s,ssp126
11,HDH,1616.1666666666667,Geothermal,0.0,0.0,0.0,0.0,0.48642,2090s,ssp126
10,HDH,2134.5,Geothermal,0.0,0.0,0.0,0.0,0.44220000000000004,2090s,ssp126
9,HDH,2535.8333333333335,Geothermal,0.0,0.0,0.0,0.0,0.39798,2090s,ssp126
8,HDH,2886.6666666666665,Geothermal,0.0,0.0,0.0,0.0,0.35376,2090s,ssp126
7,HDH,3334.5,Geothermal,0.0,0.0,0.0,0.0,0.30954000000000004,2090s,ssp126
6,HDH,3568.8333333333335,Geothermal,0.0,0.0,0.0,0.0,0.26532,2090s,ssp126
5,HDH,4033.8333333333335,Geothermal,0.0,0.0,0.0,0.0,0.22110000000000002,2090s,ssp126
4,HDH,4271.666666666667,Geothermal,0.0,0.0,0.0,0.0,0.17688,2090s,ssp126
3,HDH,4256.0,Geothermal,0.0,0.0,0.0,0.0,0.13266,2090s,ssp126
2,HDH,4323.166666666667,Geothermal,0.0,0.0,0.0,0.0,0.08844,2090s,ssp126
1,HDH,4250.166666666667,Geothermal,0.0,0.0,0.0,0.0,0.04422,2090s,ssp126
29,HDH,3.0,Boiler,0.6108570431763496,0.6787300479737217,0.13574600959474434,56.04292196084306,1.28238,2090s,ssp126
28,HDH,10.0,Boiler,0.6108570431763496,0.6787300479737217,0.13574600959474434,56.04292196084306,1.2381600000000001,2090s,ssp126
27,HDH,12.666666666666666,Boiler,0.6108570431763496,0.6787300479737217,0.13574600959474434,56.04292196084306,1.19394,2090s,ssp126
26,HDH,7.0,Boiler,0.6108570431763496,0.6787300479737217,0.13574600959474434,56.04292196084306,1.14972,2090s,ssp126
25,HDH,9.0,Boiler,0.6108570431763496,0.6787300479737217,0.13574600959474434,56.04292196084306,1.1055000000000001,2090s,ssp126
24,HDH,15.0,Boiler,0.6108570431763496,0.6787300479737217,0.13574600959474434,56.04292196084306,1.06128,2090s,ssp126
23,HDH,19.5,Boiler,0.6108570431763496,0.6787300479737217,0.13574600959474434,56.04292196084306,1.01706,2090s,ssp126
22,HDH,28.833333333333332,Boiler,0.2082404143680852,0.23137823818676134,0.04627564763735227,19.104963136448717,0.97284,2090s,ssp126
21,HDH,57.833333333333336,Boiler,0.1462136357678519,0.16245959529761322,0.032491919059522645,13.414332322895463,0.92862,2090s,ssp126
20,HDH,85.5,Boiler,0.08265585391373134,0.0918398376819237,0.01836796753638474,7.583240010472939,0.8844000000000001,2090s,ssp126
19,HDH,116.5,Boiler,0.017376518473122854,0.01930724274791428,0.0038614485495828566,1.5942042080363386,0.84018,2090s,ssp126
18,HDH,153.0,Boiler,0.0,0.0,0.0,0.0,0.79596,2090s,ssp126
17,HDH,231.66666666666666,Boiler,0.0,0.0,0.0,0.0,0.7517400000000001,2090s,ssp126
16,HDH,330.8333333333333,Boiler,0.0,0.0,0.0,0.0,0.70752,2090s,ssp126
15,HDH,487.5,Boiler,0.0,0.0,0.0,0.0,0.6633,2090s,ssp126
14,HDH,636.0,Boiler,0.0,0.0,0.0,0.0,0.6190800000000001,2090s,ssp126
13,HDH,874.6666666666666,Boiler,0.0,0.0,0.0,0.0,0.57486,2090s,ssp126
12,HDH,1129.5,Boiler,0.0,0.0,0.0,0.0,0.53064,2090s,ssp126
11,HDH,1616.1666666666667,Boiler,0.0,0.0,0.0,0.0,0.48642,2090s,ssp126
10,HDH,2134.5,Boiler,0.0,0.0,0.0,0.0,0.44220000000000004,2090s,ssp126
9,HDH,2535.8333333333335,Boiler,0.0,0.0,0.0,0.0,0.39798,2090s,ssp126
8,HDH,2886.6666666666665,Boiler,0.0,0.0,0.0,0.0,0.35376,2090s,ssp126
7,HDH,3334.5,Boiler,0.0,0.0,0.0,0.0,0.30954000000000004,2090s,ssp126
6,HDH,3568.8333333333335,Boiler,0.0,0.0,0.0,0.0,0.26532,2090s,ssp126
5,HDH,4033.8333333333335,Boiler,0.0,0.0,0.0,0.0,0.22110000000000002,2090s,ssp126
4,HDH,4271.666666666667,Boiler,0.0,0.0,0.0,0.0,0.17688,2090s,ssp126
3,HDH,4256.0,Boiler,0.0,0.0,0.0,0.0,0.13266,2090s,ssp126
2,HDH,4323.166666666667,Boiler,0.0,0.0,0.0,0.0,0.08844,2090s,ssp126
1,HDH,4250.166666666667,Boiler,0.0,0.0,0.0,0.0,0.04422,2090s,ssp126
29,HDH,3.0,HeatPump,0.4391678688366603,0.15213925865246777,0.022820888797870167,49.35818991646448,1.28238,2090s,ssp126
28,HDH,10.0,HeatPump,0.39624570458658315,0.13364104707810565,0.020046157061715846,43.35685766278258,1.2381600000000001,2090s,ssp126
27,HDH,12.666666666666666,HeatPump,0.35331697275727914,0.11590694682693048,0.01738604202403957,37.603424288990304,1.19394,2090s,ssp126
26,HDH,7.0,HeatPump,0.3103817230748833,0.09894424819087237,0.014841637228630855,32.10025496773813,1.14972,2090s,ssp126
25,HDH,9.0,HeatPump,0.2674400047647949,0.08276032949552682,0.012414049424329023,26.849743432236256,1.1055000000000001,2090s,ssp126
24,HDH,15.0,HeatPump,0.22449186655796488,0.06736265849429336,0.010104398774144005,21.85431242855172,1.06128,2090s,ssp126
23,HDH,19.5,HeatPump,0.18153735669708948,0.05275879378814164,0.007913819068221245,17.116414176219873,1.01706,2090s,ssp126
22,HDH,28.833333333333332,HeatPump,0.5411931517509728,0.15213925865246777,0.022820888797870167,49.35818991646448,0.97284,2090s,ssp126
21,HDH,57.833333333333336,HeatPump,0.5602528199877125,0.15213925865246777,0.022820888797870167,49.35818991646448,0.92862,2090s,ssp126
20,HDH,85.5,HeatPump,0.5808372616833913,0.15213925865246775,0.02282088879787016,49.35818991646447,0.8844000000000001,2090s,ssp126
19,HDH,116.5,HeatPump,0.6031370735203769,0.15213925865246777,0.022820888797870167,49.35818991646448,0.84018,2090s,ssp126
18,HDH,153.0,HeatPump,0.5775279308358099,0.14005105603061446,0.021007658404592167,45.43644213063444,0.79596,2090s,ssp126
17,HDH,231.66666666666666,HeatPump,0.5345361775621731,0.12438305469742249,0.018657458204613373,40.35330847884203,0.7517400000000001,2090s,ssp126
16,HDH,330.8333333333333,HeatPump,0.4915383771632911,0.10952629763307459,0.016428944644961186,35.53336494014013,0.70752,2090s,ssp126
15,HDH,487.5,HeatPump,0.44853457418794085,0.0954887592076089,0.014323313881141334,30.979198621067138,0.6633,2090s,ssp126
14,HDH,636.0,HeatPump,0.4055248127483877,0.08227851398600423,0.012341777097900635,26.6934291341757,0.6190800000000001,2090s,ssp126
13,HDH,874.6666666666666,HeatPump,0.5061271885974485,0.09759804375975227,0.01463970656396284,31.663508959073827,0.57486,2090s,ssp126
12,HDH,1129.5,HeatPump,0.53064,0.09695179751733034,0.01454276962759955,31.45384877636499,0.53064,2090s,ssp126
11,HDH,1616.1666666666667,HeatPump,0.48642,0.08391525149603754,0.01258728772440563,27.22443212169627,0.48642,2090s,ssp126
10,HDH,2134.5,HeatPump,0.44220000000000004,0.0717507707285413,0.010762615609281195,23.27793759243875,0.44220000000000004,2090s,ssp126
9,HDH,2535.8333333333335,HeatPump,0.39798,0.06046687286342178,0.009070030929513266,19.617128549739217,0.39798,2090s,ssp126
8,HDH,2886.6666666666665,HeatPump,0.35376,0.05007218683651806,0.007510828025477709,16.244804459414016,0.35376,2090s,ssp126
7,HDH,3334.5,HeatPump,0.30954000000000004,0.040575454694412594,0.006086318204161889,13.163801483537936,0.30954000000000004,2090s,ssp126
6,HDH,3568.8333333333335,HeatPump,0.26532,0.03198553345388788,0.004797830018083182,10.376993083703436,0.26532,2090s,ssp126
5,HDH,4033.8333333333335,HeatPump,0.22110000000000002,0.024311396998185717,0.0036467095497278576,7.887290636219694,0.22110000000000002,2090s,ssp126
4,HDH,4271.666666666667,HeatPump,0.17688,0.01756213801092173,0.0026343207016382595,5.69764405952805,0.17688,2090s,ssp126
3,HDH,4256.0,HeatPump,0.13266,0.011746969948530635,0.0017620454922795952,3.8110424541178824,0.13266,2090s,ssp126
2,HDH,4323.166666666667,HeatPump,0.08844,0.0068752290521405975,0.0010312843578210895,2.2305147552343834,0.08844,2090s,ssp126
1,HDH,4250.166666666667,HeatPump,0.04422,0.0029563763997994324,0.00044345645996991486,0.9591303986775868,0.04422,2090s,ssp126
29,HDH,3.0,BTES,0.18618947368421052,0.0,0.0,0.0,1.28238,2090s,ssp126
28,HDH,10.0,BTES,0.18618947368421052,0.0,0.0,0.0,1.2381600000000001,2090s,ssp126
27,HDH,12.666666666666666,BTES,0.18618947368421052,0.0,0.0,0.0,1.19394,2090s,ssp126
26,HDH,7.0,BTES,0.18618947368421052,0.0,0.0,0.0,1.14972,2090s,ssp126
25,HDH,9.0,BTES,0.18618947368421052,0.0,0.0,0.0,1.1055000000000001,2090s,ssp126
24,HDH,15.0,BTES,0.18618947368421052,0.0,0.0,0.0,1.06128,2090s,ssp126
23,HDH,19.5,BTES,0.18618947368421052,0.0,0.0,0.0,1.01706,2090s,ssp126
22,HDH,28.833333333333332,BTES,0.18618947368421052,0.0,0.0,0.0,0.97284,2090s,ssp126
21,HDH,57.833333333333336,BTES,0.18618947368421052,0.0,0.0,0.0,0.92862,2090s,ssp126
20,HDH,85.5,BTES,0.18618947368421052,0.0,0.0,0.0,0.8844000000000001,2090s,ssp126
19,HDH,116.5,BTES,0.18618947368421052,0.0,0.0,0.0,0.84018,2090s,ssp126
18,HDH,153.0,BTES,0.18618947368421052,0.0,0.0,0.0,0.79596,2090s,ssp126
17,HDH,231.66666666666666,BTES,0.18618947368421052,0.0,0.0,0.0,0.7517400000000001,2090s,ssp126
16,HDH,330.8333333333333,BTES,0.18618947368421052,0.0,0.0,0.0,0.70752,2090s,ssp126
15,HDH,487.5,BTES,0.18618947368421052,0.0,0.0,0.0,0.6633,2090s,ssp126
14,HDH,636.0,BTES,0.18618947368421052,0.0,0.0,0.0,0.6190800000000001,2090s,ssp126
13,HDH,874.6666666666666,BTES,0.06026500561617465,0.0,0.0,0.0,0.57486,2090s,ssp126
12,HDH,1129.5,BTES,0.0,0.0,0.0,0.0,0.53064,2090s,ssp126
11,HDH,1616.1666666666667,BTES,0.0,0.0,0.0,0.0,0.48642,2090s,ssp126
10,HDH,2134.5,BTES,0.0,0.0,0.0,0.0,0.44220000000000004,2090s,ssp126
9,HDH,2535.8333333333335,BTES,0.0,0.0,0.0,0.0,0.39798,2090s,ssp126
8,HDH,2886.6666666666665,BTES,0.0,0.0,0.0,0.0,0.35376,2090s,ssp126
7,HDH,3334.5,BTES,0.0,0.0,0.0,0.0,0.30954000000000004,2090s,ssp126
6,HDH,3568.8333333333335,BTES,0.0,0.0,0.0,0.0,0.26532,2090s,ssp126
5,HDH,4033.8333333333335,BTES,0.0,0.0,0.0,0.0,0.22110000000000002,2090s,ssp126
4,HDH,4271.666666666667,BTES,0.0,0.0,0.0,0.0,0.17688,2090s,ssp126
3,HDH,4256.0,BTES,0.0,0.0,0.0,0.0,0.13266,2090s,ssp126
2,HDH,4323.166666666667,BTES,0.0,0.0,0.0,0.0,0.08844,2090s,ssp126
1,HDH,4250.166666666667,BTES,0.0,0.0,0.0,0.0,0.04422,2090s,ssp126
29,HDH,3.0,unmet_demand,0.0,0.0,0.0,0.0,1.28238,2090s,ssp126
28,HDH,10.0,unmet_demand,0.0,0.0,0.0,0.0,1.2381600000000001,2090s,ssp126
27,HDH,12.666666666666666,unmet_demand,0.0,0.0,0.0,0.0,1.19394,2090s,ssp126
26,HDH,7.0,unmet_demand,0.0,0.0,0.0,0.0,1.14972,2090s,ssp126
25,HDH,9.0,unmet_demand,0.0,0.0,0.0,0.0,1.1055000000000001,2090s,ssp126
24,HDH,15.0,unmet_demand,0.0,0.0,0.0,0.0,1.06128,2090s,ssp126
23,HDH,19.5,unmet_demand,0.0,0.0,0.0,0.0,1.01706,2090s,ssp126
22,HDH,28.833333333333332,unmet_demand,0.0,0.0,0.0,0.0,0.97284,2090s,ssp126
21,HDH,57.833333333333336,unmet_demand,0.0,0.0,0.0,0.0,0.92862,2090s,ssp126
20,HDH,85.5,unmet_demand,0.0,0.0,0.0,0.0,0.8844000000000001,2090s,ssp126
19,HDH,116.5,unmet_demand,0.0,0.0,0.0,0.0,0.84018,2090s,ssp126
18,HDH,153.0,unmet_demand,0.0,0.0,0.0,0.0,0.79596,2090s,ssp126
17,HDH,231.66666666666666,unmet_demand,0.0,0.0,0.0,0.0,0.7517400000000001,2090s,ssp126
16,HDH,330.8333333333333,unmet_demand,0.0,0.0,0.0,0.0,0.70752,2090s,ssp126
15,HDH,487.5,unmet_demand,0.0,0.0,0.0,0.0,0.6633,2090s,ssp126
14,HDH,636.0,unmet_demand,0.0,0.0,0.0,0.0,0.6190800000000001,2090s,ssp126
13,HDH,874.6666666666666,unmet_demand,0.0,0.0,0.0,0.0,0.57486,2090s,ssp126
12,HDH,1129.5,unmet_demand,0.0,0.0,0.0,0.0,0.53064,2090s,ssp126
11,HDH,1616.1666666666667,unmet_demand,0.0,0.0,0.0,0.0,0.48642,2090s,ssp126
10,HDH,2134.5,unmet_demand,0.0,0.0,0.0,0.0,0.44220000000000004,2090s,ssp126
9,HDH,2535.8333333333335,unmet_demand,0.0,0.0,0.0,0.0,0.39798,2090s,ssp126
8,HDH,2886.6666666666665,unmet_demand,0.0,0.0,0.0,0.0,0.35376,2090s,ssp126
7,HDH,3334.5,unmet_demand,0.0,0.0,0.0,0.0,0.30954000000000004,2090s,ssp126
6,HDH,3568.8333333333335,unmet_demand,0.0,0.0,0.0,0.0,0.26532,2090s,ssp126
5,HDH,4033.8333333333335,unmet_demand,0.0,0.0,0.0,0.0,0.22110000000000002,2090s,ssp126
4,HDH,4271.666666666667,unmet_demand,0.0,0.0,0.0,0.0,0.17688,2090s,ssp126
3,HDH,4256.0,unmet_demand,0.0,0.0,0.0,0.0,0.13266,2090s,ssp126
2,HDH,4323.166666666667,unmet_demand,0.0,0.0,0.0,0.0,0.08844,2090s,ssp126
1,HDH,4250.166666666667,unmet_demand,0.0,0.0,0.0,0.0,0.04422,2090s,ssp126
26,HDH,1.0,Geothermal,0.2856015421859589,0.05286470008069577,0.007929705012104365,16.76376778332287,1.14972,2090s,ssp245
25,HDH,2.0,Geothermal,0.28400369007356957,0.05126684796830644,0.0076900271952459655,16.25707765317366,1.1055000000000001,2090s,ssp245
24,HDH,4.75,Geothermal,0.28241386283210695,0.049677020726843796,0.007451553109026569,15.752932265972028,1.06128,2090s,ssp245
23,HDH,8.6,Geothermal,0.28083200015820126,0.048095158052938104,0.007214273707940715,15.251312499095784,1.01706,2090s,ssp245
22,HDH,22.2,Geothermal,0.2792580423511775,0.04652120024591432,0.006978180036887148,14.752199421041459,0.97284,2090s,ssp245
21,HDH,38.0,Geothermal,0.2776919303055445,0.04495508820028137,0.006743263230042206,14.255574289042602,0.92862,2090s,ssp245
20,HDH,41.5,Geothermal,0.2761336055035968,0.043396763398333614,0.006509514509750042,13.761418546723652,0.8844000000000001,2090s,ssp245
19,HDH,72.66666666666667,Geothermal,0.27458301000812535,0.04184616790286213,0.0062769251854293195,13.26971382178864,0.84018,2090s,ssp245
18,HDH,114.16666666666667,Geothermal,0.2730400864552376,0.04030324434997445,0.0060454866524961666,12.780441923744267,0.79596,2090s,ssp245
17,HDH,179.5,Geothermal,0.2715047780472837,0.03876793594202052,0.005815190391303078,12.293584841656683,0.7517400000000001,2090s,ssp245
16,HDH,232.16666666666666,Geothermal,0.26997702854588623,0.037240186440623074,0.005586027966093461,11.80912474194137,0.70752,2090s,ssp245
15,HDH,365.0,Geothermal,0.26845678226507397,0.035719940159810795,0.005357991023971619,11.327043966185611,0.6633,2090s,ssp245
14,HDH,497.3333333333333,Geothermal,0.2669439840645155,0.03420714195925235,0.005131071293887852,10.847325029002969,0.6190800000000001,2090s,ssp245
13,HDH,695.0,Geothermal,0.2654385793428528,0.03270173723758967,0.004905260585638451,10.369950615919214,0.57486,2090s,ssp245
12,HDH,978.1666666666666,Geothermal,0.18707441647072803,0.02211638004382835,0.003317457006574252,7.013259484996872,0.53064,2090s,ssp245
11,HDH,1377.6666666666667,Geothermal,0.0,0.0,0.0,0.0,0.48642,2090s,ssp245
10,HDH,1977.3333333333333,Geothermal,0.0,0.0,0.0,0.0,0.44220000000000004,2090s,ssp245
9,HDH,2327.8333333333335,Geothermal,0.0,0.0,0.0,0.0,0.39798,2090s,ssp245
8,HDH,2658.6666666666665,Geothermal,0.0,0.0,0.0,0.0,0.35376,2090s,ssp245
7,HDH,3053.0,Geothermal,0.0,0.0,0.0,0.0,0.30954000000000004,2090s,ssp245
6,HDH,3374.3333333333335,Geothermal,0.0,0.0,0.0,0.0,0.26532,2090s,ssp245
5,HDH,3744.8333333333335,Geothermal,0.0,0.0,0.0,0.0,0.22110000000000002,2090s,ssp245
4,HDH,4164.333333333333,Geothermal,0.0,0.0,0.0,0.0,0.17688,2090s,ssp245
3,HDH,4216.666666666667,Geothermal,0.0,0.0,0.0,0.0,0.13266,2090s,ssp245
2,HDH,4216.0,Geothermal,0.0,0.0,0.0,0.0,0.08844,2090s,ssp245
1,HDH,4176.333333333333,Geothermal,0.0,0.0,0.0,0.0,0.04422,2090s,ssp245
26,HDH,1.0,Boiler,0.20900093072828485,0.23222325636476093,0.04644465127295219,16.908028298596967,1.14972,2090s,ssp245
25,HDH,2.0,Boiler,0.20900093072828485,0.23222325636476093,0.04644465127295219,16.908028298596967,1.1055000000000001,2090s,ssp245
24,HDH,4.75,Boiler,0.20900093072828485,0.23222325636476093,0.04644465127295219,16.908028298596967,1.06128,2090s,ssp245
23,HDH,8.6,Boiler,0.20900093072828485,0.23222325636476093,0.04644465127295219,16.908028298596967,1.01706,2090s,ssp245
22,HDH,22.2,Boiler,0.20900093072828485,0.23222325636476093,0.04644465127295219,16.908028298596967,0.97284,2090s,ssp245
21,HDH,38.0,Boiler,0.20900093072828485,0.23222325636476093,0.04644465127295219,16.908028298596967,0.92862,2090s,ssp245
20,HDH,41.5,Boiler,0.20900093072828485,0.23222325636476093,0.04644465127295219,16.908028298596967,0.8844000000000001,2090s,ssp245
19,HDH,72.66666666666667,Boiler,0.0,0.0,0.0,0.0,0.84018,2090s,ssp245
18,HDH,114.16666666666667,Boiler,0.0,0.0,0.0,0.0,0.79596,2090s,ssp245
17,HDH,179.5,Boiler,0.0,0.0,0.0,0.0,0.7517400000000001,2090s,ssp245
16,HDH,232.16666666666666,Boiler,0.0,0.0,0.0,0.0,0.70752,2090s,ssp245
15,HDH,365.0,Boiler,0.0,0.0,0.0,0.0,0.6633,2090s,ssp245
14,HDH,497.3333333333333,Boiler,0.0,0.0,0.0,0.0,0.6190800000000001,2090s,ssp245
13,HDH,695.0,Boiler,0.0,0.0,0.0,0.0,0.57486,2090s,ssp245
12,HDH,978.1666666666666,Boiler,0.0,0.0,0.0,0.0,0.53064,2090s,ssp245
11,HDH,1377.6666666666667,Boiler,0.0,0.0,0.0,0.0,0.48642,2090s,ssp245
10,HDH,1977.3333333333333,Boiler,0.0,0.0,0.0,0.0,0.44220000000000004,2090s,ssp245
9,HDH,2327.8333333333335,Boiler,0.0,0.0,0.0,0.0,0.39798,2090s,ssp245
8,HDH,2658.6666666666665,Boiler,0.0,0.0,0.0,0.0,0.35376,2090s,ssp245
7,HDH,3053.0,Boiler,0.0,0.0,0.0,0.0,0.30954000000000004,2090s,ssp245
6,HDH,3374.3333333333335,Boiler,0.0,0.0,0.0,0.0,0.26532,2090s,ssp245
5,HDH,3744.8333333333335,Boiler,0.0,0.0,0.0,0.0,0.22110000000000002,2090s,ssp245
4,HDH,4164.333333333333,Boiler,0.0,0.0,0.0,0.0,0.17688,2090s,ssp245
3,HDH,4216.666666666667,Boiler,0.0,0.0,0.0,0.0,0.13266,2090s,ssp245
2,HDH,4216.0,Boiler,0.0,0.0,0.0,0.0,0.08844,2090s,ssp245
1,HDH,4176.333333333333,Boiler,0.0,0.0,0.0,0.0,0.04422,2090s,ssp245
26,HDH,1.0,HeatPump,0.6551175270857563,0.20883997469955728,0.03132599620493359,66.22462313026188,1.14972,2090s,ssp245
25,HDH,2.0,HeatPump,0.6124953791981458,0.18953903116142531,0.028430854674213794,60.10415834036663,1.1055000000000001,2090s,ssp245
24,HDH,4.75,HeatPump,0.5698652064396081,0.17099788904494426,0.02564968335674164,54.22463191907183,1.06128,2090s,ssp245
23,HDH,8.6,HeatPump,0.5272270691135139,0.15322391338604383,0.022983587007906574,48.58837937101201,1.01706,2090s,ssp245
22,HDH,22.2,HeatPump,0.48458102692053767,0.13622455855957644,0.020433683783936465,43.19776453082171,0.97284,2090s,ssp245
21,HDH,38.0,HeatPump,0.44192713896617064,0.12000736971246997,0.018001105456870496,38.0551800175983,0.92862,2090s,ssp245
20,HDH,41.5,HeatPump,0.39926546376811844,0.10457998422340575,0.015686997633510863,33.16304769777613,0.8844000000000001,2090s,ssp245
19,HDH,72.66666666666667,HeatPump,0.5655969899918747,0.1426699013064795,0.021400485195971923,45.2416279960088,0.84018,2090s,ssp245
18,HDH,114.16666666666667,HeatPump,0.5229199135447624,0.12680856145848002,0.019021284218772003,40.2118857003304,0.79596,2090s,ssp245
17,HDH,179.5,HeatPump,0.4802352219527164,0.11174757927928249,0.016762136891892373,35.43594244414181,0.7517400000000001,2090s,ssp245
16,HDH,232.16666666666666,HeatPump,0.4375429714541138,0.09749485278302712,0.014624227917454068,30.916302743212412,0.70752,2090s,ssp245
15,HDH,365.0,HeatPump,0.39484321773492603,0.08405837835646944,0.012608756753470415,26.655502307959008,0.6633,2090s,ssp245
14,HDH,497.3333333333333,HeatPump,0.35213601593548455,0.07144625236557431,0.010716937854836146,22.656108552908044,0.6190800000000001,2090s,ssp245
13,HDH,695.0,HeatPump,0.30942142065714723,0.05966667279263647,0.00895000091889547,18.92072111583806,0.57486,2090s,ssp245
12,HDH,978.1666666666666,HeatPump,0.34356558352927197,0.06277193744959561,0.009415790617439341,19.905422353820335,0.53064,2090s,ssp245
11,HDH,1377.6666666666667,HeatPump,0.48642,0.08391525149603754,0.01258728772440563,26.610115775014076,0.48642,2090s,ssp245
10,HDH,1977.3333333333333,HeatPump,0.44220000000000004,0.0717507707285413,0.010762615609281195,22.752673465122506,0.44220000000000004,2090s,ssp245
9,HDH,2327.8333333333335,HeatPump,0.39798,0.06046687286342178,0.009070030929513266,19.17447017988963,0.39798,2090s,ssp245
8,HDH,2658.6666666666665,HeatPump,0.35376,0.05007218683651806,0.007510828025477709,15.87824221549045,0.35376,2090s,ssp245
7,HDH,3053.0,HeatPump,0.30954000000000004,0.040575454694412594,0.006086318204161889,12.866761736311325,0.30954000000000004,2090s,ssp245
6,HDH,3374.3333333333335,HeatPump,0.26532,0.03198553345388788,0.004797830018083182,10.142837364596744,0.26532,2090s,ssp245
5,HDH,3744.8333333333335,HeatPump,0.22110000000000002,0.024311396998185717,0.0036467095497278576,7.7093147817664525,0.22110000000000002,2090s,ssp245
4,HDH,4164.333333333333,HeatPump,0.17688,0.01756213801092173,0.0026343207016382595,5.569077341673342,0.17688,2090s,ssp245
3,HDH,4216.666666666667,HeatPump,0.13266,0.011746969948530635,0.0017620454922795952,3.7250466960796955,0.13266,2090s,ssp245
2,HDH,4216.0,HeatPump,0.08844,0.0068752290521405975,0.0010312843578210895,2.180183432636682,0.08844,2090s,ssp245
1,HDH,4176.333333333333,HeatPump,0.04422,0.0029563763997994324,0.00044345645996991486,0.9374877256597027,0.04422,2090s,ssp245
26,HDH,1.0,BTES,0.23273684210526316,0.0,0.0,0.0,1.14972,2090s,ssp245
25,HDH,2.0,BTES,0.23273684210526316,0.0,0.0,0.0,1.1055000000000001,2090s,ssp245
24,HDH,4.75,BTES,0.23273684210526316,0.0,0.0,0.0,1.06128,2090s,ssp245
23,HDH,8.6,BTES,0.23273684210526316,0.0,0.0,0.0,1.01706,2090s,ssp245
22,HDH,22.2,BTES,0.23273684210526316,0.0,0.0,0.0,0.97284,2090s,ssp245
21,HDH,38.0,BTES,0.23273684210526316,0.0,0.0,0.0,0.92862,2090s,ssp245
20,HDH,41.5,BTES,0.23273684210526316,0.0,0.0,0.0,0.8844000000000001,2090s,ssp245
19,HDH,72.66666666666667,BTES,0.23273684210526316,0.0,0.0,0.0,0.84018,2090s,ssp245
18,HDH,114.16666666666667,BTES,0.23273684210526316,0.0,0.0,0.0,0.79596,2090s,ssp245
17,HDH,179.5,BTES,0.23273684210526316,0.0,0.0,0.0,0.7517400000000001,2090s,ssp245
16,HDH,232.16666666666666,BTES,0.23273684210526316,0.0,0.0,0.0,0.70752,2090s,ssp245
15,HDH,365.0,BTES,0.23273684210526316,0.0,0.0,0.0,0.6633,2090s,ssp245
14,HDH,497.3333333333333,BTES,0.23273684210526316,0.0,0.0,0.0,0.6190800000000001,2090s,ssp245
13,HDH,695.0,BTES,0.23273684210526316,0.0,0.0,0.0,0.57486,2090s,ssp245
12,HDH,978.1666666666666,BTES,0.16495803642689968,0.0,0.0,0.0,0.53064,2090s,ssp245
11,HDH,1377.6666666666667,BTES,0.0,0.0,0.0,0.0,0.48642,2090s,ssp245
10,HDH,1977.3333333333333,BTES,0.0,0.0,0.0,0.0,0.44220000000000004,2090s,ssp245
9,HDH,2327.8333333333335,BTES,0.0,0.0,0.0,0.0,0.39798,2090s,ssp245
8,HDH,2658.6666666666665,BTES,0.0,0.0,0.0,0.0,0.35376,2090s,ssp245
7,HDH,3053.0,BTES,0.0,0.0,0.0,0.0,0.30954000000000004,2090s,ssp245
6,HDH,3374.3333333333335,BTES,0.0,0.0,0.0,0.0,0.26532,2090s,ssp245
5,HDH,3744.8333333333335,BTES,0.0,0.0,0.0,0.0,0.22110000000000002,2090s,ssp245
4,HDH,4164.333333333333,BTES,0.0,0.0,0.0,0.0,0.17688,2090s,ssp245
3,HDH,4216.666666666667,BTES,0.0,0.0,0.0,0.0,0.13266,2090s,ssp245
2,HDH,4216.0,BTES,0.0,0.0,0.0,0.0,0.08844,2090s,ssp245
1,HDH,4176.333333333333,BTES,0.0,0.0,0.0,0.0,0.04422,2090s,ssp245
26,HDH,1.0,unmet_demand,0.0,0.0,0.0,0.0,1.14972,2090s,ssp245
25,HDH,2.0,unmet_demand,0.0,0.0,0.0,0.0,1.1055000000000001,2090s,ssp245
24,HDH,4.75,unmet_demand,0.0,0.0,0.0,0.0,1.06128,2090s,ssp245
23,HDH,8.6,unmet_demand,0.0,0.0,0.0,0.0,1.01706,2090s,ssp245
22,HDH,22.2,unmet_demand,0.0,0.0,0.0,0.0,0.97284,2090s,ssp245
21,HDH,38.0,unmet_demand,0.0,0.0,0.0,0.0,0.92862,2090s,ssp245
20,HDH,41.5,unmet_demand,0.0,0.0,0.0,0.0,0.8844000000000001,2090s,ssp245
19,HDH,72.66666666666667,unmet_demand,0.0,0.0,0.0,0.0,0.84018,2090s,ssp245
18,HDH,114.16666666666667,unmet_demand,0.0,0.0,0.0,0.0,0.79596,2090s,ssp245
17,HDH,179.5,unmet_demand,0.0,0.0,0.0,0.0,0.7517400000000001,2090s,ssp245
16,HDH,232.16666666666666,unmet_demand,0.0,0.0,0.0,0.0,0.70752,2090s,ssp245
15,HDH,365.0,unmet_demand,0.0,0.0,0.0,0.0,0.6633,2090s,ssp245
14,HDH,497.3333333333333,unmet_demand,0.0,0.0,0.0,0.0,0.6190800000000001,2090s,ssp245
13,HDH,695.0,unmet_demand,0.0,0.0,0.0,0.0,0.57486,2090s,ssp245
12,HDH,978.1666666666666,unmet_demand,0.0,0.0,0.0,0.0,0.53064,2090s,ssp245
11,HDH,1377.6666666666667,unmet_demand,0.0,0.0,0.0,0.0,0.48642,2090s,ssp245
10,HDH,1977.3333333333333,unmet_demand,0.0,0.0,0.0,0.0,0.44220000000000004,2090s,ssp245
9,HDH,2327.8333333333335,unmet_demand,0.0,0.0,0.0,0.0,0.39798,2090s,ssp245
8,HDH,2658.6666666666665,unmet_demand,0.0,0.0,0.0,0.0,0.35376,2090s,ssp245
7,HDH,3053.0,unmet_demand,0.0,0.0,0.0,0.0,0.30954000000000004,2090s,ssp245
6,HDH,3374.3333333333335,unmet_demand,0.0,0.0,0.0,0.0,0.26532,2090s,ssp245
5,HDH,3744.8333333333335,unmet_demand,0.0,0.0,0.0,0.0,0.22110000000000002,2090s,ssp245
4,HDH,4164.333333333333,unmet_demand,0.0,0.0,0.0,0.0,0.17688,2090s,ssp245
3,HDH,4216.666666666667,unmet_demand,0.0,0.0,0.0,0.0,0.13266,2090s,ssp245
2,HDH,4216.0,unmet_demand,0.0,0.0,0.0,0.0,0.08844,2090s,ssp245
1,HDH,4176.333333333333,unmet_demand,0.0,0.0,0.0,0.0,0.04422,2090s,ssp245
24,HDH,2.0,Geothermal,0.36070005705672453,0.06344767934155225,0.009517151901232838,19.39463959053338,1.06128,2090s,ssp370
23,HDH,2.0,Geothermal,0.35867969604819677,0.061427318333024526,0.009214097749953678,18.77705713503922,1.01706,2090s,ssp370
22,HDH,3.6666666666666665,Geothermal,0.35666943116564087,0.05941705345046858,0.008912558017570286,18.162560855848362,0.97284,2090s,ssp370
21,HDH,5.5,Geothermal,0.3546691869192993,0.05741680920412699,0.008612521380619048,17.551127677307715,0.92862,2090s,ssp370
20,HDH,12.25,Geothermal,0.35267888857013635,0.05542651085496407,0.00831397662824461,16.942734753244245,0.8844000000000001,2090s,ssp370
19,HDH,22.166666666666668,Geothermal,0.35069846212052913,0.053446084405356795,0.008016912660803519,16.337359464119398,0.84018,2090s,ssp370
18,HDH,46.2,Geothermal,0.34872783430509635,0.051475456589924085,0.007721318488488612,15.734979414225796,0.79596,2090s,ssp370
17,HDH,70.83333333333333,Geothermal,0.3467669325816641,0.04951455486649178,0.007427183229973767,15.135572428925412,0.7517400000000001,2090s,ssp370
16,HDH,113.0,Geothermal,0.3448156851223633,0.047563307407191086,0.0071344961110786625,14.539116551928554,0.70752,2090s,ssp370
15,HDH,161.16666666666666,Geothermal,0.34287402080486046,0.045621643089688184,0.006843246463453227,13.945590042612942,0.6633,2090s,ssp370
14,HDH,281.1666666666667,Geothermal,0.340941869203715,0.04368949148854269,0.006553423723281404,13.354971373382162,0.6190800000000001,2090s,ssp370
13,HDH,374.3333333333333,Geothermal,0.3390191605818652,0.04176678286669292,0.006265017430003938,12.767239227062891,0.57486,2090s,ssp370
12,HDH,585.8333333333334,Geothermal,0.33710582588223786,0.03985344816706558,0.0059780172250598375,12.182372494340152,0.53064,2090s,ssp370
11,HDH,885.3333333333334,Geothermal,0.33520179671948025,0.037949419004307976,0.005692412850646196,11.600350271230024,0.48642,2090s,ssp370
10,HDH,1283.5,Geothermal,0.3333070053718127,0.03605462765664046,0.0054081941484960695,11.021151856589105,0.44220000000000004,2090s,ssp370
9,HDH,1789.0,Geothermal,0.0,0.0,0.0,0.0,0.39798,2090s,ssp370
8,HDH,2239.5,Geothermal,0.0,0.0,0.0,0.0,0.35376,2090s,ssp370
7,HDH,2640.3333333333335,Geothermal,0.0,0.0,0.0,0.0,0.30954000000000004,2090s,ssp370
6,HDH,3019.3333333333335,Geothermal,0.0,0.0,0.0,0.0,0.26532,2090s,ssp370
5,HDH,3446.1666666666665,Geothermal,0.0,0.0,0.0,0.0,0.22110000000000002,2090s,ssp370
4,HDH,3971.0,Geothermal,0.0,0.0,0.0,0.0,0.17688,2090s,ssp370
3,HDH,4182.0,Geothermal,0.0,0.0,0.0,0.0,0.13266,2090s,ssp370
2,HDH,4289.666666666667,Geothermal,0.0,0.0,0.0,0.0,0.08844,2090s,ssp370
1,HDH,4364.5,Geothermal,0.0,0.0,0.0,0.0,0.04422,2090s,ssp370
24,HDH,2.0,Boiler,0.07350541152717688,0.08167267947464098,0.016334535894928195,4.702087679788449,1.06128,2090s,ssp370
23,HDH,2.0,Boiler,0.07350541152717688,0.08167267947464098,0.016334535894928195,4.702087679788449,1.01706,2090s,ssp370
22,HDH,3.6666666666666665,Boiler,0.07350541152717688,0.08167267947464098,0.016334535894928195,4.702087679788449,0.97284,2090s,ssp370
21,HDH,5.5,Boiler,0.07350541152717688,0.08167267947464098,0.016334535894928195,4.702087679788449,0.92862,2090s,ssp370
20,HDH,12.25,Boiler,0.07350541152717688,0.08167267947464098,0.016334535894928195,4.702087679788449,0.8844000000000001,2090s,ssp370
19,HDH,22.166666666666668,Boiler,0.07350541152717688,0.08167267947464098,0.016334535894928195,4.702087679788449,0.84018,2090s,ssp370
18,HDH,46.2,Boiler,0.07350541152717688,0.08167267947464098,0.016334535894928195,4.702087679788449,0.79596,2090s,ssp370
17,HDH,70.83333333333333,Boiler,0.07350541152717688,0.08167267947464098,0.016334535894928195,4.702087679788449,0.7517400000000001,2090s,ssp370
16,HDH,113.0,Boiler,0.07350541152717688,0.08167267947464098,0.016334535894928195,4.702087679788449,0.70752,2090s,ssp370
15,HDH,161.16666666666666,Boiler,0.07350541152717688,0.08167267947464098,0.016334535894928195,4.702087679788449,0.6633,2090s,ssp370
14,HDH,281.1666666666667,Boiler,0.0,0.0,0.0,0.0,0.6190800000000001,2090s,ssp370
13,HDH,374.3333333333333,Boiler,0.0,0.0,0.0,0.0,0.57486,2090s,ssp370
12,HDH,585.8333333333334,Boiler,0.0,0.0,0.0,0.0,0.53064,2090s,ssp370
11,HDH,885.3333333333334,Boiler,0.0,0.0,0.0,0.0,0.48642,2090s,ssp370
10,HDH,1283.5,Boiler,0.0,0.0,0.0,0.0,0.44220000000000004,2090s,ssp370
9,HDH,1789.0,Boiler,0.0,0.0,0.0,0.0,0.39798,2090s,ssp370
8,HDH,2239.5,Boiler,0.0,0.0,0.0,0.0,0.35376,2090s,ssp370
7,HDH,2640.3333333333335,Boiler,0.0,0.0,0.0,0.0,0.30954000000000004,2090s,ssp370
6,HDH,3019.3333333333335,Boiler,0.0,0.0,0.0,0.0,0.26532,2090s,ssp370
5,HDH,3446.1666666666665,Boiler,0.0,0.0,0.0,0.0,0.22110000000000002,2090s,ssp370
4,HDH,3971.0,Boiler,0.0,0.0,0.0,0.0,0.17688,2090s,ssp370
3,HDH,4182.0,Boiler,0.0,0.0,0.0,0.0,0.13266,2090s,ssp370
2,HDH,4289.666666666667,Boiler,0.0,0.0,0.0,0.0,0.08844,2090s,ssp370
1,HDH,4364.5,Boiler,0.0,0.0,0.0,0.0,0.04422,2090s,ssp370
24,HDH,2.0,HeatPump,0.6270745314160986,0.1881645342342269,0.028224680135134034,57.51799534775748,1.06128,2090s,ssp370
23,HDH,2.0,HeatPump,0.5848748924246263,0.16997765309968904,0.025496647964953354,51.958643003577585,1.01706,2090s,ssp370
22,HDH,3.6666666666666665,HeatPump,0.5426651573071823,0.1525530662428437,0.022882959936426556,46.63230820915211,0.97284,2090s,ssp370
21,HDH,5.5,HeatPump,0.5004454015535238,0.13589827604983676,0.020384741407475513,41.54128428831697,0.92862,2090s,ssp370
20,HDH,12.25,HeatPump,0.4582156999026868,0.12002087587162419,0.018003131380743626,36.68789237096384,0.8844000000000001,2090s,ssp370
19,HDH,22.166666666666668,HeatPump,0.4159761263522941,0.10492855149986924,0.015739282724980385,32.074481844191226,0.84018,2090s,ssp370
18,HDH,46.2,HeatPump,0.3737267541677267,0.09062908267022737,0.013594362400534106,27.703430811827573,0.79596,2090s,ssp370
17,HDH,70.83333333333333,HeatPump,0.33146765589115906,0.07713034459363795,0.011569551689045691,23.577146562515317,0.7517400000000001,2090s,ssp370
16,HDH,113.0,HeatPump,0.2891989033504599,0.06444030951625719,0.009666046427438579,19.698066046550068,0.70752,2090s,ssp370
15,HDH,161.16666666666666,HeatPump,0.2469205676679626,0.0525670483086833,0.007885057246302495,16.06865636167375,0.6633,2090s,ssp370
14,HDH,281.1666666666667,HeatPump,0.2781381307962851,0.056432532277531276,0.008464879841629691,17.250254635981207,0.6190800000000001,2090s,ssp370
13,HDH,374.3333333333333,HeatPump,0.23584083941813483,0.0454779057209966,0.00682168585814949,13.901652510296625,0.57486,2090s,ssp370
12,HDH,585.8333333333334,HeatPump,0.19353417411776214,0.03536010489550171,0.0053040157343252564,10.808850653779208,0.53064,2090s,ssp370
11,HDH,885.3333333333334,HeatPump,0.15121820328051977,0.02608756539423491,0.003913134809135236,7.974427652301878,0.48642,2090s,ssp370
10,HDH,1283.5,HeatPump,0.10889299462818736,0.01766882924358062,0.002650324386537093,5.400994626158047,0.44220000000000004,2090s,ssp370
9,HDH,1789.0,HeatPump,0.39798,0.06046687286342178,0.009070030929513266,18.48346887582126,0.39798,2090s,ssp370
8,HDH,2239.5,HeatPump,0.35376,0.05007218683651806,0.007510828025477709,15.306028956178347,0.35376,2090s,ssp370
7,HDH,2640.3333333333335,HeatPump,0.30954000000000004,0.040575454694412594,0.006086318204161889,12.40307491443225,0.30954000000000004,2090s,ssp370
6,HDH,3019.3333333333335,HeatPump,0.26532,0.03198553345388788,0.004797830018083182,9.777314156907774,0.26532,2090s,ssp370
5,HDH,3446.1666666666665,HeatPump,0.22110000000000002,0.024311396998185717,0.0036467095497278576,7.431489813582385,0.22110000000000002,2090s,ssp370
4,HDH,3971.0,HeatPump,0.17688,0.01756213801092173,0.0026343207016382595,5.368381329243753,0.17688,2090s,ssp370
3,HDH,4182.0,HeatPump,0.13266,0.011746969948530635,0.0017620454922795952,3.59080506642537,0.13266,2090s,ssp370
2,HDH,4289.666666666667,HeatPump,0.08844,0.0068752290521405975,0.0010312843578210895,2.1016149203948027,0.08844,2090s,ssp370
1,HDH,4364.5,HeatPump,0.04422,0.0029563763997994324,0.00044345645996991486,0.903702946476684,0.04422,2090s,ssp370
24,HDH,2.0,BTES,0.29725237771517227,0.0,0.0,0.0,1.06128,2090s,ssp370
23,HDH,2.0,BTES,0.29725237771517227,0.0,0.0,0.0,1.01706,2090s,ssp370
22,HDH,3.6666666666666665,BTES,0.29725237771517227,0.0,0.0,0.0,0.97284,2090s,ssp370
21,HDH,5.5,BTES,0.29725237771517227,0.0,0.0,0.0,0.92862,2090s,ssp370
20,HDH,12.25,BTES,0.29725237771517227,0.0,0.0,0.0,0.8844000000000001,2090s,ssp370
19,HDH,22.166666666666668,BTES,0.29725237771517227,0.0,0.0,0.0,0.84018,2090s,ssp370
18,HDH,46.2,BTES,0.29725237771517227,0.0,0.0,0.0,0.79596,2090s,ssp370
17,HDH,70.83333333333333,BTES,0.29725237771517227,0.0,0.0,0.0,0.7517400000000001,2090s,ssp370
16,HDH,113.0,BTES,0.29725237771517227,0.0,0.0,0.0,0.70752,2090s,ssp370
15,HDH,161.16666666666666,BTES,0.29725237771517227,0.0,0.0,0.0,0.6633,2090s,ssp370
14,HDH,281.1666666666667,BTES,0.29725237771517227,0.0,0.0,0.0,0.6190800000000001,2090s,ssp370
13,HDH,374.3333333333333,BTES,0.29725237771517227,0.0,0.0,0.0,0.57486,2090s,ssp370
12,HDH,585.8333333333334,BTES,0.29725237771517227,0.0,0.0,0.0,0.53064,2090s,ssp370
11,HDH,885.3333333333334,BTES,0.29725237771517227,0.0,0.0,0.0,0.48642,2090s,ssp370
10,HDH,1283.5,BTES,0.29725237771517227,0.0,0.0,0.0,0.44220000000000004,2090s,ssp370
9,HDH,1789.0,BTES,0.0,0.0,0.0,0.0,0.39798,2090s,ssp370
8,HDH,2239.5,BTES,0.0,0.0,0.0,0.0,0.35376,2090s,ssp370
7,HDH,2640.3333333333335,BTES,0.0,0.0,0.0,0.0,0.30954000000000004,2090s,ssp370
6,HDH,3019.3333333333335,BTES,0.0,0.0,0.0,0.0,0.26532,2090s,ssp370
5,HDH,3446.1666666666665,BTES,0.0,0.0,0.0,0.0,0.22110000000000002,2090s,ssp370
4,HDH,3971.0,BTES,0.0,0.0,0.0,0.0,0.17688,2090s,ssp370
3,HDH,4182.0,BTES,0.0,0.0,0.0,0.0,0.13266,2090s,ssp370
2,HDH,4289.666666666667,BTES,0.0,0.0,0.0,0.0,0.08844,2090s,ssp370
1,HDH,4364.5,BTES,0.0,0.0,0.0,0.0,0.04422,2090s,ssp370
24,HDH,2.0,unmet_demand,0.0,0.0,0.0,0.0,1.06128,2090s,ssp370
23,HDH,2.0,unmet_demand,0.0,0.0,0.0,0.0,1.01706,2090s,ssp370
22,HDH,3.6666666666666665,unmet_demand,0.0,0.0,0.0,0.0,0.97284,2090s,ssp370
21,HDH,5.5,unmet_demand,0.0,0.0,0.0,0.0,0.92862,2090s,ssp370
20,HDH,12.25,unmet_demand,0.0,0.0,0.0,0.0,0.8844000000000001,2090s,ssp370
19,HDH,22.166666666666668,unmet_demand,0.0,0.0,0.0,0.0,0.84018,2090s,ssp370
18,HDH,46.2,unmet_demand,0.0,0.0,0.0,0.0,0.79596,2090s,ssp370
17,HDH,70.83333333333333,unmet_demand,0.0,0.0,0.0,0.0,0.7517400000000001,2090s,ssp370
16,HDH,113.0,unmet_demand,0.0,0.0,0.0,0.0,0.70752,2090s,ssp370
15,HDH,161.16666666666666,unmet_demand,0.0,0.0,0.0,0.0,0.6633,2090s,ssp370
14,HDH,281.1666666666667,unmet_demand,0.0,0.0,0.0,0.0,0.6190800000000001,2090s,ssp370
13,HDH,374.3333333333333,unmet_demand,0.0,0.0,0.0,0.0,0.57486,2090s,ssp370
12,HDH,585.8333333333334,unmet_demand,0.0,0.0,0.0,0.0,0.53064,2090s,ssp370
11,HDH,885.3333333333334,unmet_demand,0.0,0.0,0.0,0.0,0.48642,2090s,ssp370
10,HDH,1283.5,unmet_demand,0.0,0.0,0.0,0.0,0.44220000000000004,2090s,ssp370
9,HDH,1789.0,unmet_demand,0.0,0.0,0.0,0.0,0.39798,2090s,ssp370
8,HDH,2239.5,unmet_demand,0.0,0.0,0.0,0.0,0.35376,2090s,ssp370
7,HDH,2640.3333333333335,unmet_demand,0.0,0.0,0.0,0.0,0.30954000000000004,2090s,ssp370
6,HDH,3019.3333333333335,unmet_demand,0.0,0.0,0.0,0.0,0.26532,2090s,ssp370
5,HDH,3446.1666666666665,unmet_demand,0.0,0.0,0.0,0.0,0.22110000000000002,2090s,ssp370
4,HDH,3971.0,unmet_demand,0.0,0.0,0.0,0.0,0.17688,2090s,ssp370
3,HDH,4182.0,unmet_demand,0.0,0.0,0.0,0.0,0.13266,2090s,ssp370
2,HDH,4289.666666666667,unmet_demand,0.0,0.0,0.0,0.0,0.08844,2090s,ssp370
1,HDH,4364.5,unmet_demand,0.0,0.0,0.0,0.0,0.04422,2090s,ssp370
23,HDH,6.0,Geothermal,0.23958427804004553,0.04103109230017907,0.00615466384502686,12.30932769005372,1.01706,2090s,ssp585
22,HDH,5.0,Geothermal,0.24630195374816863,0.04103109230017907,0.00615466384502686,12.30932769005372,0.97284,2090s,ssp585
21,HDH,8.25,Geothermal,0.25345302788907387,0.041031092300179074,0.006154663845026861,12.309327690053722,0.92862,2090s,ssp585
20,HDH,8.833333333333334,Geothermal,0.2610808403060394,0.04103109230017907,0.00615466384502686,12.30932769005372,0.8844000000000001,2090s,ssp585
19,HDH,19.0,Geothermal,0.2692347087517612,0.04103109230017907,0.00615466384502686,12.30932769005372,0.84018,2090s,ssp585
18,HDH,29.166666666666668,Geothermal,0.27797099637217737,0.04103109230017907,0.00615466384502686,12.30932769005372,0.79596,2090s,ssp585
17,HDH,50.5,Geothermal,0.2873544164089207,0.04103109230017907,0.00615466384502686,12.30932769005372,0.7517400000000001,2090s,ssp585
16,HDH,87.83333333333333,Geothermal,0.29745963798695196,0.04103109230017907,0.00615466384502686,12.30932769005372,0.70752,2090s,ssp585
15,HDH,123.5,Geothermal,0.30837327729122577,0.04103109230017907,0.00615466384502686,12.30932769005372,0.6633,2090s,ssp585
14,HDH,173.83333333333334,Geothermal,0.32019638653752236,0.04103109230017906,0.006154663845026859,12.309327690053719,0.6190800000000001,2090s,ssp585
13,HDH,284.0,Geothermal,0.3330475922400186,0.04103109230017907,0.00615466384502686,12.30932769005372,0.57486,2090s,ssp585
12,HDH,397.0,Geothermal,0.3470670893700146,0.04103109230017907,0.00615466384502686,12.30932769005372,0.53064,2090s,ssp585
11,HDH,610.3333333333334,Geothermal,0.36242177670286735,0.04103109230017907,0.00615466384502686,12.30932769005372,0.48642,2090s,ssp585
10,HDH,994.5,Geothermal,0.3793119327690053,0.04103109230017907,0.00615466384502686,12.30932769005372,0.44220000000000004,2090s,ssp585
9,HDH,1340.6666666666667,Geothermal,0.39798,0.04103109230017907,0.00615466384502686,12.30932769005372,0.39798,2090s,ssp585
8,HDH,1793.3333333333333,Geothermal,0.3317036602504371,0.0325040333415421,0.004875605001231315,9.751210002462631,0.35376,2090s,ssp585
7,HDH,2275.1666666666665,Geothermal,0.0,0.0,0.0,0.0,0.30954000000000004,2090s,ssp585
6,HDH,2693.1666666666665,Geothermal,0.0,0.0,0.0,0.0,0.26532,2090s,ssp585
5,HDH,3057.6666666666665,Geothermal,0.0,0.0,0.0,0.0,0.22110000000000002,2090s,ssp585
4,HDH,3396.3333333333335,Geothermal,0.0,0.0,0.0,0.0,0.17688,2090s,ssp585
3,HDH,3791.0,Geothermal,0.0,0.0,0.0,0.0,0.13266,2090s,ssp585
2,HDH,4124.333333333333,Geothermal,0.0,0.0,0.0,0.0,0.08844,2090s,ssp585
1,HDH,4352.833333333333,Geothermal,0.0,0.0,0.0,0.0,0.04422,2090s,ssp585
23,HDH,6.0,Boiler,0.0,0.0,0.0,0.0,1.01706,2090s,ssp585
22,HDH,5.0,Boiler,0.0,0.0,0.0,0.0,0.97284,2090s,ssp585
21,HDH,8.25,Boiler,0.0,0.0,0.0,0.0,0.92862,2090s,ssp585
20,HDH,8.833333333333334,Boiler,0.0,0.0,0.0,0.0,0.8844000000000001,2090s,ssp585
19,HDH,19.0,Boiler,0.0,0.0,0.0,0.0,0.84018,2090s,ssp585
18,HDH,29.166666666666668,Boiler,0.0,0.0,0.0,0.0,0.79596,2090s,ssp585
17,HDH,50.5,Boiler,0.0,0.0,0.0,0.0,0.7517400000000001,2090s,ssp585
16,HDH,87.83333333333333,Boiler,0.0,0.0,0.0,0.0,0.70752,2090s,ssp585
15,HDH,123.5,Boiler,0.0,0.0,0.0,0.0,0.6633,2090s,ssp585
14,HDH,173.83333333333334,Boiler,0.0,0.0,0.0,0.0,0.6190800000000001,2090s,ssp585
13,HDH,284.0,Boiler,0.0,0.0,0.0,0.0,0.57486,2090s,ssp585
12,HDH,397.0,Boiler,0.0,0.0,0.0,0.0,0.53064,2090s,ssp585
11,HDH,610.3333333333334,Boiler,0.0,0.0,0.0,0.0,0.48642,2090s,ssp585
10,HDH,994.5,Boiler,0.0,0.0,0.0,0.0,0.44220000000000004,2090s,ssp585
9,HDH,1340.6666666666667,Boiler,0.0,0.0,0.0,0.0,0.39798,2090s,ssp585
8,HDH,1793.3333333333333,Boiler,0.0,0.0,0.0,0.0,0.35376,2090s,ssp585
7,HDH,2275.1666666666665,Boiler,0.0,0.0,0.0,0.0,0.30954000000000004,2090s,ssp585
6,HDH,2693.1666666666665,Boiler,0.0,0.0,0.0,0.0,0.26532,2090s,ssp585
5,HDH,3057.6666666666665,Boiler,0.0,0.0,0.0,0.0,0.22110000000000002,2090s,ssp585
4,HDH,3396.3333333333335,Boiler,0.0,0.0,0.0,0.0,0.17688,2090s,ssp585
3,HDH,3791.0,Boiler,0.0,0.0,0.0,0.0,0.13266,2090s,ssp585
2,HDH,4124.333333333333,Boiler,0.0,0.0,0.0,0.0,0.08844,2090s,ssp585
1,HDH,4352.833333333333,Boiler,0.0,0.0,0.0,0.0,0.04422,2090s,ssp585
23,HDH,6.0,HeatPump,0.7774757219599545,0.22595173817923847,0.03389276072688577,67.78552145377154,1.01706,2090s,ssp585
22,HDH,5.0,HeatPump,0.7265380462518314,0.2042430865615019,0.03063646298422528,61.272925968450565,0.97284,2090s,ssp585
21,HDH,8.25,HeatPump,0.6751669721109261,0.18334473105524132,0.0275017096582862,55.0034193165724,0.92862,2090s,ssp585
20,HDH,8.833333333333334,HeatPump,0.6233191596939607,0.1632665827685999,0.024489987415289984,48.97997483057997,0.8844000000000001,2090s,ssp585
19,HDH,19.0,HeatPump,0.5709452912482389,0.14401899195919632,0.021602848793879446,43.2056975877589,0.84018,2090s,ssp585
18,HDH,29.166666666666668,HeatPump,0.5179890036278226,0.1256128112545724,0.01884192168818586,37.683843376371726,0.79596,2090s,ssp585
17,HDH,50.5,HeatPump,0.4643855835910794,0.10805947262154263,0.016208920893231393,32.41784178646279,0.7517400000000001,2090s,ssp585
16,HDH,87.83333333333333,HeatPump,0.4100603620130481,0.09137108177912898,0.013705662266869346,27.411324533738693,0.70752,2090s,ssp585
15,HDH,123.5,HeatPump,0.35492672270877423,0.0755605349318802,0.01133408023978203,22.668160479564058,0.6633,2090s,ssp585
14,HDH,173.83333333333334,HeatPump,0.2988836134624777,0.060641664325773684,0.009096249648866052,18.192499297732105,0.6190800000000001,2090s,ssp585
13,HDH,284.0,HeatPump,0.24181240775998142,0.04662942139032264,0.006994413208548396,13.988826417096792,0.57486,2090s,ssp585
12,HDH,397.0,HeatPump,0.18357291062998538,0.03354010941705359,0.005031016412558038,10.062032825116077,0.53064,2090s,ssp585
11,HDH,610.3333333333334,HeatPump,0.12399822329713267,0.02139168227671705,0.0032087523415075575,6.417504683015115,0.48642,2090s,ssp585
10,HDH,994.5,HeatPump,0.06288806723099472,0.010204132278272712,0.0015306198417409068,3.0612396834818134,0.44220000000000004,2090s,ssp585
9,HDH,1340.6666666666667,HeatPump,0.0,0.0,0.0,0.0,0.39798,2090s,ssp585
8,HDH,1793.3333333333333,HeatPump,0.022056339749562892,0.003121916454290573,0.0004682874681435859,0.9365749362871718,0.35376,2090s,ssp585
7,HDH,2275.1666666666665,HeatPump,0.30954000000000004,0.040575454694412594,0.006086318204161889,12.172636408323779,0.30954000000000004,2090s,ssp585
6,HDH,2693.1666666666665,HeatPump,0.26532,0.03198553345388788,0.004797830018083182,9.595660036166365,0.26532,2090s,ssp585
5,HDH,3057.6666666666665,HeatPump,0.22110000000000002,0.024311396998185717,0.0036467095497278576,7.293419099455715,0.22110000000000002,2090s,ssp585
4,HDH,3396.3333333333335,HeatPump,0.17688,0.01756213801092173,0.0026343207016382595,5.268641403276519,0.17688,2090s,ssp585
3,HDH,3791.0,HeatPump,0.13266,0.011746969948530635,0.0017620454922795952,3.524090984559191,0.13266,2090s,ssp585
2,HDH,4124.333333333333,HeatPump,0.08844,0.0068752290521405975,0.0010312843578210895,2.062568715642179,0.08844,2090s,ssp585
1,HDH,4352.833333333333,HeatPump,0.04422,0.0029563763997994324,0.00044345645996991486,0.8869129199398297,0.04422,2090s,ssp585
23,HDH,6.0,BTES,0.19855318573986647,0.0,0.0,0.0,1.01706,2090s,ssp585
22,HDH,5.0,BTES,0.20527086144798956,0.0,0.0,0.0,0.97284,2090s,ssp585
21,HDH,8.25,BTES,0.2124219355888948,0.0,0.0,0.0,0.92862,2090s,ssp585
20,HDH,8.833333333333334,BTES,0.22004974800586033,0.0,0.0,0.0,0.8844000000000001,2090s,ssp585
19,HDH,19.0,BTES,0.2282036164515821,0.0,0.0,0.0,0.84018,2090s,ssp585
18,HDH,29.166666666666668,BTES,0.23693990407199833,0.0,0.0,0.0,0.79596,2090s,ssp585
17,HDH,50.5,BTES,0.2463233241087416,0.0,0.0,0.0,0.7517400000000001,2090s,ssp585
16,HDH,87.83333333333333,BTES,0.2564285456867729,0.0,0.0,0.0,0.70752,2090s,ssp585
15,HDH,123.5,BTES,0.26734218499104667,0.0,0.0,0.0,0.6633,2090s,ssp585
14,HDH,173.83333333333334,BTES,0.2791652942373433,0.0,0.0,0.0,0.6190800000000001,2090s,ssp585
13,HDH,284.0,BTES,0.2920164999398395,0.0,0.0,0.0,0.57486,2090s,ssp585
12,HDH,397.0,BTES,0.3060359970698356,0.0,0.0,0.0,0.53064,2090s,ssp585
11,HDH,610.3333333333334,BTES,0.32139068440268825,0.0,0.0,0.0,0.48642,2090s,ssp585
10,HDH,994.5,BTES,0.3382808404688263,0.0,0.0,0.0,0.44220000000000004,2090s,ssp585
9,HDH,1340.6666666666667,BTES,0.35694890769982096,0.0,0.0,0.0,0.39798,2090s,ssp585
8,HDH,1793.3333333333333,BTES,0.299199626908895,0.0,0.0,0.0,0.35376,2090s,ssp585
7,HDH,2275.1666666666665,BTES,0.0,0.0,0.0,0.0,0.30954000000000004,2090s,ssp585
6,HDH,2693.1666666666665,BTES,0.0,0.0,0.0,0.0,0.26532,2090s,ssp585
5,HDH,3057.6666666666665,BTES,0.0,0.0,0.0,0.0,0.22110000000000002,2090s,ssp585
4,HDH,3396.3333333333335,BTES,0.0,0.0,0.0,0.0,0.17688,2090s,ssp585
3,HDH,3791.0,BTES,0.0,0.0,0.0,0.0,0.13266,2090s,ssp585
2,HDH,4124.333333333333,BTES,0.0,0.0,0.0,0.0,0.08844,2090s,ssp585
1,HDH,4352.833333333333,BTES,0.0,0.0,0.0,0.0,0.04422,2090s,ssp585
23,HDH,6.0,unmet_demand,0.0,0.0,0.0,0.0,1.01706,2090s,ssp585
22,HDH,5.0,unmet_demand,0.0,0.0,0.0,0.0,0.97284,2090s,ssp585
21,HDH,8.25,unmet_demand,0.0,0.0,0.0,0.0,0.92862,2090s,ssp585
20,HDH,8.833333333333334,unmet_demand,0.0,0.0,0.0,0.0,0.8844000000000001,2090s,ssp585
19,HDH,19.0,unmet_demand,0.0,0.0,0.0,0.0,0.84018,2090s,ssp585
18,HDH,29.166666666666668,unmet_demand,0.0,0.0,0.0,0.0,0.79596,2090s,ssp585
17,HDH,50.5,unmet_demand,0.0,0.0,0.0,0.0,0.7517400000000001,2090s,ssp585
16,HDH,87.83333333333333,unmet_demand,0.0,0.0,0.0,0.0,0.70752,2090s,ssp585
15,HDH,123.5,unmet_demand,0.0,0.0,0.0,0.0,0.6633,2090s,ssp585
14,HDH,173.83333333333334,unmet_demand,0.0,0.0,0.0,0.0,0.6190800000000001,2090s,ssp585
13,HDH,284.0,unmet_demand,0.0,0.0,0.0,0.0,0.57486,2090s,ssp585
12,HDH,397.0,unmet_demand,0.0,0.0,0.0,0.0,0.53064,2090s,ssp585
11,HDH,610.3333333333334,unmet_demand,0.0,0.0,0.0,0.0,0.48642,2090s,ssp585
10,HDH,994.5,unmet_demand,0.0,0.0,0.0,0.0,0.44220000000000004,2090s,ssp585
9,HDH,1340.6666666666667,unmet_demand,0.0,0.0,0.0,0.0,0.39798,2090s,ssp585
8,HDH,1793.3333333333333,unmet_demand,0.0,0.0,0.0,0.0,0.35376,2090s,ssp585
7,HDH,2275.1666666666665,unmet_demand,0.0,0.0,0.0,0.0,0.30954000000000004,2090s,ssp585
6,HDH,2693.1666666666665,unmet_demand,0.0,0.0,0.0,0.0,0.26532,2090s,ssp585
5,HDH,3057.6666666666665,unmet_demand,0.0,0.0,0.0,0.0,0.22110000000000002,2090s,ssp585
4,HDH,3396.3333333333335,unmet_demand,0.0,0.0,0.0,0.0,0.17688,2090s,ssp585
3,HDH,3791.0,unmet_demand,0.0,0.0,0.0,0.0,0.13266,2090s,ssp585
2,HDH,4124.333333333333,unmet_demand,0.0,0.0,0.0,0.0,0.08844,2090s,ssp585
1,HDH,4352.833333333333,unmet_demand,0.0,0.0,0.0,0.0,0.04422,2090s,ssp585
