node,value,variable,i1,i2
27,0.0,C_heat_prod,HeatPump,15
27,0.05506481170654362,C_heat_prod,Geothermal,9
27,0.149024620056153,C_heat_prod,Geothermal,17
27,0.0,C_heat_prod,HeatPump,3
27,0.13338111877441475,C_heat_prod,Geothermal,16
27,0.007164611816406825,C_heat_prod,Geothermal,3
27,0.022084655761719325,C_heat_prod,Geothermal,5
27,0.0,C_heat_prod,HeatPump,17
27,0.18786434173584052,C_heat_prod,Geothermal,19
27,0.0,C_heat_prod,HeatPump,6
27,0.09490620930989654,C_heat_prod,Geothermal,13
27,0.014553680419922456,C_heat_prod,Geothermal,4
27,0.25281719207763753,C_heat_prod,Geothermal,21
27,0.21399482727050848,C_heat_prod,Geothermal,20
27,0.0,C_heat_prod,HeatPump,19
27,8.646647141397078e-7,C_heat_prod,HeatPump,2
27,0.0,C_heat_prod,HeatPump,12
27,8.646647141397078e-7,C_heat_prod,Geothermal,2
27,0.0,C_heat_prod,HeatPump,16
27,0.04622634887695372,C_heat_prod,Geothermal,8
27,0.16683003743489652,C_heat_prod,Geothermal,18
27,0.0,C_heat_prod,HeatPump,18
27,0.0,C_heat_prod,HeatPump,4
27,0.0,C_heat_prod,HeatPump,1
27,0.0,C_heat_prod,Geothermal,22
27,0.0,C_heat_prod,HeatPump,7
27,0.06419891357421925,C_heat_prod,Geothermal,10
27,0.0,C_heat_prod,HeatPump,22
27,0.0,C_heat_prod,HeatPump,13
27,0.0,C_heat_prod,HeatPump,8
27,0.0,C_heat_prod,HeatPump,9
27,0.0,C_heat_prod,HeatPump,14
27,0.1193006261189785,C_heat_prod,Geothermal,15
27,0.0,C_heat_prod,HeatPump,10
27,0.037912216186524,C_heat_prod,Geothermal,7
27,0.08419937133789125,C_heat_prod,Geothermal,12
27,0.029816029866536958,C_heat_prod,Geothermal,6
27,0.10652679443359411,C_heat_prod,Geothermal,14
27,0.0,C_heat_prod,HeatPump,11
27,0.0,C_heat_prod,HeatPump,20
27,0.0,C_heat_prod,Geothermal,1
27,0.0,C_heat_prod,HeatPump,21
27,0.07401997884114651,C_heat_prod,Geothermal,11
27,0.0,C_heat_prod,HeatPump,5
27,0.0,H_heat_unmet,4
27,0.0,H_heat_unmet,1
27,0.0,H_heat_unmet,12
27,0.0,H_heat_unmet,20
27,0.0,H_heat_unmet,2
27,0.0,H_heat_unmet,6
27,0.0,H_heat_unmet,22
27,0.0,H_heat_unmet,11
27,0.0,H_heat_unmet,13
27,0.0,H_heat_unmet,5
27,0.0,H_heat_unmet,15
27,0.0,H_heat_unmet,16
27,0.0,H_heat_unmet,14
27,0.0,H_heat_unmet,21
27,0.0,H_heat_unmet,7
27,0.0,H_heat_unmet,8
27,0.0,H_heat_unmet,17
27,0.0,H_heat_unmet,10
27,0.0,H_heat_unmet,19
27,0.0,H_heat_unmet,9
27,0.0,H_heat_unmet,18
27,0.0,H_heat_unmet,3
27,1.0757887475238545e7,scenario_obj,
27,1.0,admin,HeatPump
27,1.0,admin,Geothermal
27,1.0,admin,Boiler
27,0.02928446827306419,invest_cumulative,HeatPump
27,0.01126288564581623,invest_cumulative,Geothermal
27,0.738798901146277,invest_cumulative,Boiler
27,0.2841512298583975,H_heat_prod,Boiler,19
27,0.20304644266764293,H_heat_prod,HeatPump,15
27,0.6553356893480968,H_heat_prod,Boiler,22
27,0.0,H_heat_prod,Boiler,12
27,0.0,H_heat_prod,Boiler,5
27,0.0,H_heat_prod,Geothermal,9
27,0.12448225263196289,H_heat_prod,Geothermal,17
27,0.015547714233397875,H_heat_prod,HeatPump,3
27,0.028377593681446284,H_heat_prod,Geothermal,16
27,0.259215189615885,H_heat_prod,Boiler,18
27,0.0,H_heat_prod,Boiler,2
27,0.0,H_heat_prod,Boiler,8
27,0.0,H_heat_prod,Geothermal,3
27,0.0,H_heat_prod,Boiler,14
27,0.0,H_heat_prod,Geothermal,5
27,0.0,H_heat_prod,HeatPump,17
27,0.0,H_heat_prod,Boiler,4
27,0.0,H_heat_prod,Boiler,13
27,0.0,H_heat_prod,Geothermal,19
27,0.0607692972819005,H_heat_prod,HeatPump,6
27,0.373728459676105,H_heat_prod,Boiler,21
27,0.0,H_heat_prod,Geothermal,13
27,0.0,H_heat_prod,Geothermal,4
27,0.0,H_heat_prod,Geothermal,21
27,0.0,H_heat_prod,Geothermal,20
27,0.0,H_heat_prod,HeatPump,19
27,6.612141921547027e-7,H_heat_prod,HeatPump,2
27,0.152301177978515,H_heat_prod,HeatPump,12
27,0.0,H_heat_prod,Geothermal,2
27,0.19204670237975097,H_heat_prod,HeatPump,16
27,0.0,H_heat_prod,Geothermal,8
27,0.0,H_heat_prod,Geothermal,18
27,0.0,H_heat_prod,HeatPump,18
27,0.0,H_heat_prod,Boiler,1
27,0.03084172566731725,H_heat_prod,HeatPump,4
27,0.0,H_heat_prod,Boiler,3
27,0.0,H_heat_prod,HeatPump,1
27,0.06240806016967727,H_heat_prod,Geothermal,22
27,0.07578445434570251,H_heat_prod,HeatPump,7
27,0.0,H_heat_prod,Geothermal,10
27,0.0,H_heat_prod,Boiler,16
27,0.07799767504277347,H_heat_prod,HeatPump,22
27,0.16864334106445264,H_heat_prod,HeatPump,13
27,0.09087005615234325,H_heat_prod,HeatPump,8
27,0.0,H_heat_prod,Boiler,6
27,0.11405435320299763,H_heat_prod,Boiler,17
27,0.0,H_heat_prod,Boiler,9
27,0.3196834818522125,H_heat_prod,Boiler,20
27,0.10595718383788999,H_heat_prod,HeatPump,9
27,0.18560399373372358,H_heat_prod,HeatPump,14
27,0.0,H_heat_prod,Geothermal,15
27,0.12118545532226499,H_heat_prod,HeatPump,10
27,0.0,H_heat_prod,Geothermal,7
27,0.0,H_heat_prod,Boiler,11
27,0.0,H_heat_prod,Geothermal,12
27,0.0,H_heat_prod,Geothermal,6
27,0.0,H_heat_prod,Boiler,7
27,0.0,H_heat_prod,Geothermal,14
27,0.13662137349446551,H_heat_prod,HeatPump,11
27,0.0,H_heat_prod,HeatPump,20
27,0.0,H_heat_prod,Boiler,15
27,0.0,H_heat_prod,Geothermal,1
27,0.0,H_heat_prod,HeatPump,21
27,0.0,H_heat_prod,Geothermal,11
27,0.04587875366210875,H_heat_prod,HeatPump,5
27,0.0,H_heat_prod,Boiler,10
27,0.0,C_heat_unmet,4
27,0.0,C_heat_unmet,1
27,0.0,C_heat_unmet,12
27,0.0,C_heat_unmet,20
27,-8.64664714139708e-7,C_heat_unmet,2
27,0.0,C_heat_unmet,6
27,0.5082563781738275,C_heat_unmet,22
27,0.0,C_heat_unmet,11
27,0.0,C_heat_unmet,13
27,0.0,C_heat_unmet,5
27,0.0,C_heat_unmet,15
27,0.0,C_heat_unmet,16
27,0.0,C_heat_unmet,14
27,0.0,C_heat_unmet,21
27,0.0,C_heat_unmet,7
27,0.0,C_heat_unmet,8
27,0.0,C_heat_unmet,17
27,0.0,C_heat_unmet,10
27,0.0,C_heat_unmet,19
27,0.0,C_heat_unmet,9
27,0.0,C_heat_unmet,18
27,0.0,C_heat_unmet,3
27,0.0,invest_master,HeatPump
27,0.0,invest_master,Geothermal
27,0.0,invest_master,Boiler
27,414073.07865711185,obj,
27,0.02928446827306432,invest,HeatPump
27,0.013306168004086185,invest,Geothermal
27,0.7281507659423299,invest,Boiler
23,0.0,C_heat_prod,HeatPump,15
23,0.05506481170654351,C_heat_prod,Geothermal,9
23,0.149024620056153,C_heat_prod,Geothermal,17
23,0.0,C_heat_prod,HeatPump,3
23,0.13338111877441475,C_heat_prod,Geothermal,16
23,0.007164611816406825,C_heat_prod,Geothermal,3
23,0.022084655761719325,C_heat_prod,Geothermal,5
23,0.0,C_heat_prod,HeatPump,17
23,0.18786434173584052,C_heat_prod,Geothermal,19
23,0.0,C_heat_prod,HeatPump,6
23,0.09490620930989652,C_heat_prod,Geothermal,13
23,0.01455368041992245,C_heat_prod,Geothermal,4
23,0.25281719207763753,C_heat_prod,Geothermal,21
23,0.21399482727050853,C_heat_prod,Geothermal,20
23,0.0,C_heat_prod,HeatPump,19
23,8.646647141397078e-7,C_heat_prod,HeatPump,2
23,0.0,C_heat_prod,HeatPump,12
23,8.646647141397078e-7,C_heat_prod,Geothermal,2
23,0.0,C_heat_prod,HeatPump,16
23,0.04622634887695375,C_heat_prod,Geothermal,8
23,0.16683003743489652,C_heat_prod,Geothermal,18
23,0.0,C_heat_prod,HeatPump,18
23,0.0,C_heat_prod,HeatPump,4
23,0.0,C_heat_prod,HeatPump,1
23,0.25281719207763753,C_heat_prod,Geothermal,22
23,0.0,C_heat_prod,HeatPump,7
23,0.06419891357421925,C_heat_prod,Geothermal,10
23,0.25543918609619,C_heat_prod,HeatPump,22
23,0.0,C_heat_prod,HeatPump,13
23,0.0,C_heat_prod,HeatPump,8
23,0.0,C_heat_prod,HeatPump,9
23,0.0,C_heat_prod,HeatPump,14
23,0.1193006261189785,C_heat_prod,Geothermal,15
23,0.0,C_heat_prod,HeatPump,10
23,0.037912216186524,C_heat_prod,Geothermal,7
23,0.08419937133789125,C_heat_prod,Geothermal,12
23,0.029816029866537003,C_heat_prod,Geothermal,6
23,0.10652679443359425,C_heat_prod,Geothermal,14
23,0.0,C_heat_prod,HeatPump,11
23,0.0,C_heat_prod,HeatPump,20
23,0.0,C_heat_prod,Geothermal,1
23,0.0,C_heat_prod,HeatPump,21
23,0.07401997884114651,C_heat_prod,Geothermal,11
23,0.0,C_heat_prod,HeatPump,5
23,0.0,H_heat_unmet,4
23,0.0,H_heat_unmet,1
23,0.0,H_heat_unmet,12
23,0.0,H_heat_unmet,20
23,0.0,H_heat_unmet,2
23,0.0,H_heat_unmet,6
23,0.0,H_heat_unmet,22
23,0.0,H_heat_unmet,11
23,0.0,H_heat_unmet,13
23,0.0,H_heat_unmet,5
23,0.0,H_heat_unmet,15
23,0.0,H_heat_unmet,16
23,0.0,H_heat_unmet,14
23,0.0,H_heat_unmet,21
23,0.0,H_heat_unmet,7
23,0.0,H_heat_unmet,8
23,0.0,H_heat_unmet,17
23,0.0,H_heat_unmet,10
23,0.0,H_heat_unmet,19
23,0.0,H_heat_unmet,9
23,0.0,H_heat_unmet,18
23,0.0,H_heat_unmet,3
23,1.0,admin,HeatPump
23,1.0,admin,Geothermal
23,1.0,admin,Boiler
23,0.055040847727496955,invest_cumulative,HeatPump
23,0.013306168004086183,invest_cumulative,Geothermal
23,0.495921291332624,invest_cumulative,Boiler
23,0.2841512298583975,H_heat_prod,Boiler,19
23,0.20304644266764274,H_heat_prod,HeatPump,15
23,0.5867348974118125,H_heat_prod,Boiler,22
23,0.0,H_heat_prod,Boiler,12
23,0.0,H_heat_prod,Boiler,5
23,0.0,H_heat_prod,Geothermal,9
23,0.12448225263196289,H_heat_prod,Geothermal,17
23,0.015547714233397875,H_heat_prod,HeatPump,3
23,0.09493087780335728,H_heat_prod,Geothermal,16
23,0.259215189615885,H_heat_prod,Boiler,18
23,0.0,H_heat_prod,Boiler,2
23,0.0,H_heat_prod,Boiler,8
23,0.0,H_heat_prod,Geothermal,3
23,0.0,H_heat_prod,Boiler,14
23,0.0,H_heat_prod,Geothermal,5
23,0.0,H_heat_prod,HeatPump,17
23,0.0,H_heat_prod,Boiler,4
23,0.0,H_heat_prod,Boiler,13
23,0.0,H_heat_prod,Geothermal,19
23,0.0607692972819005,H_heat_prod,HeatPump,6
23,0.373728459676105,H_heat_prod,Boiler,21
23,0.0,H_heat_prod,Geothermal,13
23,0.0,H_heat_prod,Geothermal,4
23,0.0,H_heat_prod,Geothermal,21
23,0.0,H_heat_prod,Geothermal,20
23,0.0,H_heat_prod,HeatPump,19
23,6.612141921547027e-7,H_heat_prod,HeatPump,2
23,0.152301177978515,H_heat_prod,HeatPump,12
23,0.0,H_heat_prod,Geothermal,2
23,0.12549341825784,H_heat_prod,HeatPump,16
23,0.0,H_heat_prod,Geothermal,8
23,0.0,H_heat_prod,Geothermal,18
23,0.0,H_heat_prod,HeatPump,18
23,0.0,H_heat_prod,Boiler,1
23,0.03084172566731725,H_heat_prod,HeatPump,4
23,0.0,H_heat_prod,Boiler,3
23,0.0,H_heat_prod,HeatPump,1
23,0.06240806016967727,H_heat_prod,Geothermal,22
23,0.07578445434570251,H_heat_prod,HeatPump,7
23,0.0,H_heat_prod,Geothermal,10
23,0.0,H_heat_prod,Boiler,16
23,0.14659846697905776,H_heat_prod,HeatPump,22
23,0.1686433410644525,H_heat_prod,HeatPump,13
23,0.09087005615234325,H_heat_prod,HeatPump,8
23,0.0,H_heat_prod,Boiler,6
23,0.11405435320299763,H_heat_prod,Boiler,17
23,0.0,H_heat_prod,Boiler,9
23,0.3196834818522125,H_heat_prod,Boiler,20
23,0.10595718383788999,H_heat_prod,HeatPump,9
23,0.1856039937337235,H_heat_prod,HeatPump,14
23,0.0,H_heat_prod,Geothermal,15
23,0.12118545532226499,H_heat_prod,HeatPump,10
23,0.0,H_heat_prod,Geothermal,7
23,0.0,H_heat_prod,Boiler,11
23,0.0,H_heat_prod,Geothermal,12
23,0.0,H_heat_prod,Geothermal,6
23,0.0,H_heat_prod,Boiler,7
23,0.0,H_heat_prod,Geothermal,14
23,0.13662137349446551,H_heat_prod,HeatPump,11
23,0.0,H_heat_prod,HeatPump,20
23,0.0,H_heat_prod,Boiler,15
23,0.0,H_heat_prod,Geothermal,1
23,0.0,H_heat_prod,HeatPump,21
23,0.0,H_heat_prod,Geothermal,11
23,0.04587875366210875,H_heat_prod,HeatPump,5
23,0.0,H_heat_prod,Boiler,10
23,0.0,C_heat_unmet,4
23,0.0,C_heat_unmet,1
23,0.0,C_heat_unmet,12
23,0.0,C_heat_unmet,20
23,-8.64664714139708e-7,C_heat_unmet,2
23,0.0,C_heat_unmet,6
23,0.0,C_heat_unmet,22
23,0.0,C_heat_unmet,11
23,0.0,C_heat_unmet,13
23,0.0,C_heat_unmet,5
23,0.0,C_heat_unmet,15
23,0.0,C_heat_unmet,16
23,0.0,C_heat_unmet,14
23,0.0,C_heat_unmet,21
23,0.0,C_heat_unmet,7
23,0.0,C_heat_unmet,8
23,0.0,C_heat_unmet,17
23,0.0,C_heat_unmet,10
23,0.0,C_heat_unmet,19
23,0.0,C_heat_unmet,9
23,0.0,C_heat_unmet,18
23,0.0,C_heat_unmet,3
23,0.0,invest_master,HeatPump
23,0.0,invest_master,Geothermal
23,0.0,invest_master,Boiler
23,372460.2384245938,obj,
23,0.055040847727496955,invest,HeatPump
23,0.013306168004086185,invest,Geothermal
23,0.6519276637909028,invest,Boiler
2,0.0,C_heat_prod,HeatPump,15
2,0.055064811706543704,C_heat_prod,Geothermal,9
2,0.149024620056153,C_heat_prod,Geothermal,17
2,0.0,C_heat_prod,HeatPump,3
2,0.13338111877441475,C_heat_prod,Geothermal,16
2,0.007164611816406825,C_heat_prod,Geothermal,3
2,0.022084655761719325,C_heat_prod,Geothermal,5
2,0.0,C_heat_prod,HeatPump,17
2,0.18786434173584052,C_heat_prod,Geothermal,19
2,0.0,C_heat_prod,HeatPump,6
2,0.09490620930989652,C_heat_prod,Geothermal,13
2,0.014553680419922476,C_heat_prod,Geothermal,4
2,0.2528171920776378,C_heat_prod,Geothermal,21
2,0.21399482727050853,C_heat_prod,Geothermal,20
2,0.0,C_heat_prod,HeatPump,19
2,8.646647141397078e-7,C_heat_prod,HeatPump,2
2,0.0,C_heat_prod,HeatPump,12
2,8.646647141397078e-7,C_heat_prod,Geothermal,2
2,0.0,C_heat_prod,HeatPump,16
2,0.04622634887695375,C_heat_prod,Geothermal,8
2,0.16683003743489652,C_heat_prod,Geothermal,18
2,0.0,C_heat_prod,HeatPump,18
2,0.0,C_heat_prod,HeatPump,4
2,0.0,C_heat_prod,HeatPump,1
2,0.2528171920776378,C_heat_prod,Geothermal,22
2,0.0,C_heat_prod,HeatPump,7
2,0.06419891357421925,C_heat_prod,Geothermal,10
2,0.1359063504611362,C_heat_prod,HeatPump,22
2,0.0,C_heat_prod,HeatPump,13
2,0.0,C_heat_prod,HeatPump,8
2,0.0,C_heat_prod,HeatPump,9
2,0.0,C_heat_prod,HeatPump,14
2,0.11930062611897868,C_heat_prod,Geothermal,15
2,0.0,C_heat_prod,HeatPump,10
2,0.037912216186524,C_heat_prod,Geothermal,7
2,0.08419937133789125,C_heat_prod,Geothermal,12
2,0.029816029866537003,C_heat_prod,Geothermal,6
2,0.10652679443359425,C_heat_prod,Geothermal,14
2,0.0,C_heat_prod,HeatPump,11
2,0.0,C_heat_prod,HeatPump,20
2,0.0,C_heat_prod,Geothermal,1
2,0.0,C_heat_prod,HeatPump,21
2,0.07401997884114651,C_heat_prod,Geothermal,11
2,0.0,C_heat_prod,HeatPump,5
2,0.0,H_heat_unmet,4
2,0.0,H_heat_unmet,1
2,0.0,H_heat_unmet,12
2,0.0,H_heat_unmet,20
2,0.0,H_heat_unmet,2
2,0.0,H_heat_unmet,6
2,0.0,H_heat_unmet,22
2,0.0,H_heat_unmet,11
2,0.0,H_heat_unmet,13
2,0.0,H_heat_unmet,5
2,0.0,H_heat_unmet,15
2,0.0,H_heat_unmet,16
2,0.0,H_heat_unmet,14
2,0.0,H_heat_unmet,21
2,0.0,H_heat_unmet,7
2,0.0,H_heat_unmet,8
2,0.0,H_heat_unmet,17
2,0.0,H_heat_unmet,10
2,0.0,H_heat_unmet,19
2,0.0,H_heat_unmet,9
2,0.0,H_heat_unmet,18
2,0.0,H_heat_unmet,3
2,1.0,admin,HeatPump
2,1.0,admin,Geothermal
2,1.0,admin,Boiler
2,0.02928446827306426,invest_cumulative,HeatPump
2,0.013306168004086199,invest_cumulative,Geothermal
2,0.7281507659423299,invest_cumulative,Boiler
2,0.2841512298583975,H_heat_prod,Boiler,19
2,0.20304644266764255,H_heat_prod,HeatPump,15
2,0.6553356893480968,H_heat_prod,Boiler,22
2,0.0,H_heat_prod,Boiler,12
2,0.0,H_heat_prod,Boiler,5
2,0.0,H_heat_prod,Geothermal,9
2,0.12448225263196301,H_heat_prod,Geothermal,17
2,0.015547714233397875,H_heat_prod,HeatPump,3
2,0.08654452277670044,H_heat_prod,Geothermal,16
2,0.259215189615885,H_heat_prod,Boiler,18
2,0.0,H_heat_prod,Boiler,2
2,0.0,H_heat_prod,Boiler,8
2,0.0,H_heat_prod,Geothermal,3
2,0.0,H_heat_prod,Boiler,14
2,0.0,H_heat_prod,Geothermal,5
2,0.0,H_heat_prod,HeatPump,17
2,0.0,H_heat_prod,Boiler,4
2,0.0,H_heat_prod,Boiler,13
2,0.0,H_heat_prod,Geothermal,19
2,0.0607692972819005,H_heat_prod,HeatPump,6
2,0.373728459676105,H_heat_prod,Boiler,21
2,0.0,H_heat_prod,Geothermal,13
2,0.0,H_heat_prod,Geothermal,4
2,0.0,H_heat_prod,Geothermal,21
2,0.0,H_heat_prod,Geothermal,20
2,0.0,H_heat_prod,HeatPump,19
2,6.612141921547027e-7,H_heat_prod,HeatPump,2
2,0.1523011779785147,H_heat_prod,HeatPump,12
2,0.0,H_heat_prod,Geothermal,2
2,0.13387977328449682,H_heat_prod,HeatPump,16
2,0.0,H_heat_prod,Geothermal,8
2,0.0,H_heat_prod,Geothermal,18
2,0.0,H_heat_prod,HeatPump,18
2,0.0,H_heat_prod,Boiler,1
2,0.03084172566731725,H_heat_prod,HeatPump,4
2,0.0,H_heat_prod,Boiler,3
2,0.0,H_heat_prod,HeatPump,1
2,0.06240806016967733,H_heat_prod,Geothermal,22
2,0.07578445434570251,H_heat_prod,HeatPump,7
2,0.0,H_heat_prod,Geothermal,10
2,0.0,H_heat_prod,Boiler,16
2,0.07799767504277332,H_heat_prod,HeatPump,22
2,0.16864334106445228,H_heat_prod,HeatPump,13
2,0.09087005615234325,H_heat_prod,HeatPump,8
2,0.0,H_heat_prod,Boiler,6
2,0.1140543532029975,H_heat_prod,Boiler,17
2,0.0,H_heat_prod,Boiler,9
2,0.3196834818522125,H_heat_prod,Boiler,20
2,0.10595718383788999,H_heat_prod,HeatPump,9
2,0.18560399373372324,H_heat_prod,HeatPump,14
2,0.0,H_heat_prod,Geothermal,15
2,0.12118545532226499,H_heat_prod,HeatPump,10
2,0.0,H_heat_prod,Geothermal,7
2,0.0,H_heat_prod,Boiler,11
2,0.0,H_heat_prod,Geothermal,12
2,0.0,H_heat_prod,Geothermal,6
2,0.0,H_heat_prod,Boiler,7
2,0.0,H_heat_prod,Geothermal,14
2,0.13662137349446551,H_heat_prod,HeatPump,11
2,0.0,H_heat_prod,HeatPump,20
2,0.0,H_heat_prod,Boiler,15
2,0.0,H_heat_prod,Geothermal,1
2,0.0,H_heat_prod,HeatPump,21
2,0.0,H_heat_prod,Geothermal,11
2,0.04587875366210875,H_heat_prod,HeatPump,5
2,0.0,H_heat_prod,Boiler,10
2,0.0,C_heat_unmet,4
2,0.0,C_heat_unmet,1
2,0.0,C_heat_unmet,12
2,0.0,C_heat_unmet,20
2,-8.646647022128189e-7,C_heat_unmet,2
2,0.0,C_heat_unmet,6
2,0.11953283563505351,C_heat_unmet,22
2,0.0,C_heat_unmet,11
2,0.0,C_heat_unmet,13
2,0.0,C_heat_unmet,5
2,0.0,C_heat_unmet,15
2,0.0,C_heat_unmet,16
2,0.0,C_heat_unmet,14
2,0.0,C_heat_unmet,21
2,0.0,C_heat_unmet,7
2,0.0,C_heat_unmet,8
2,0.0,C_heat_unmet,17
2,0.0,C_heat_unmet,10
2,0.0,C_heat_unmet,19
2,0.0,C_heat_unmet,9
2,0.0,C_heat_unmet,18
2,0.0,C_heat_unmet,3
2,0.0,invest_master,HeatPump
2,0.0,invest_master,Geothermal
2,0.0,invest_master,Boiler
2,389140.6859837253,obj,
2,0.02928446827306426,invest,HeatPump
2,0.013306168004086199,invest,Geothermal
2,0.7281507659423299,invest,Boiler
24,0.0,C_heat_prod,HeatPump,15
24,0.055064811706543496,C_heat_prod,Geothermal,9
24,0.149024620056153,C_heat_prod,Geothermal,17
24,0.0,C_heat_prod,HeatPump,3
24,0.13338111877441475,C_heat_prod,Geothermal,16
24,0.007164611816406778,C_heat_prod,Geothermal,3
24,0.022084655761719325,C_heat_prod,Geothermal,5
24,0.0,C_heat_prod,HeatPump,17
24,0.18786434173584052,C_heat_prod,Geothermal,19
24,0.0,C_heat_prod,HeatPump,6
24,0.09490620930989652,C_heat_prod,Geothermal,13
24,0.014553680419922457,C_heat_prod,Geothermal,4
24,0.2528171920776375,C_heat_prod,Geothermal,21
24,0.21399482727050853,C_heat_prod,Geothermal,20
24,0.0,C_heat_prod,HeatPump,19
24,8.646647141397078e-7,C_heat_prod,HeatPump,2
24,0.0,C_heat_prod,HeatPump,12
24,8.646647141397078e-7,C_heat_prod,Geothermal,2
24,0.0,C_heat_prod,HeatPump,16
24,0.04622634887695375,C_heat_prod,Geothermal,8
24,0.16683003743489652,C_heat_prod,Geothermal,18
24,0.0,C_heat_prod,HeatPump,18
24,0.0,C_heat_prod,HeatPump,4
24,0.0,C_heat_prod,HeatPump,1
24,0.2528171920776375,C_heat_prod,Geothermal,22
24,0.0,C_heat_prod,HeatPump,7
24,0.06419891357421925,C_heat_prod,Geothermal,10
24,0.25543918609619004,C_heat_prod,HeatPump,22
24,0.0,C_heat_prod,HeatPump,13
24,0.0,C_heat_prod,HeatPump,8
24,0.0,C_heat_prod,HeatPump,9
24,0.0,C_heat_prod,HeatPump,14
24,0.11930062611897851,C_heat_prod,Geothermal,15
24,0.0,C_heat_prod,HeatPump,10
24,0.037912216186524,C_heat_prod,Geothermal,7
24,0.08419937133789125,C_heat_prod,Geothermal,12
24,0.02981602986653696,C_heat_prod,Geothermal,6
24,0.10652679443359425,C_heat_prod,Geothermal,14
24,0.0,C_heat_prod,HeatPump,11
24,0.0,C_heat_prod,HeatPump,20
24,0.0,C_heat_prod,Geothermal,1
24,0.0,C_heat_prod,HeatPump,21
24,0.07401997884114651,C_heat_prod,Geothermal,11
24,0.0,C_heat_prod,HeatPump,5
24,0.0,H_heat_unmet,4
24,0.0,H_heat_unmet,1
24,0.0,H_heat_unmet,12
24,0.0,H_heat_unmet,20
24,0.0,H_heat_unmet,2
24,0.0,H_heat_unmet,6
24,0.7957414245605475,H_heat_unmet,22
24,0.0,H_heat_unmet,11
24,0.0,H_heat_unmet,13
24,0.0,H_heat_unmet,5
24,0.0,H_heat_unmet,15
24,0.0,H_heat_unmet,16
24,0.0,H_heat_unmet,14
24,0.0,H_heat_unmet,21
24,0.0,H_heat_unmet,7
24,0.0,H_heat_unmet,8
24,0.0,H_heat_unmet,17
24,0.0,H_heat_unmet,10
24,0.0,H_heat_unmet,19
24,0.0,H_heat_unmet,9
24,0.0,H_heat_unmet,18
24,0.0,H_heat_unmet,3
24,1.0,admin,HeatPump
24,1.0,admin,Geothermal
24,1.0,admin,Boiler
24,0.055040847727496955,invest_cumulative,HeatPump
24,0.013306168004086186,invest_cumulative,Geothermal
24,0.4152538440845612,invest_cumulative,Boiler
24,0.2841512298583975,H_heat_prod,Boiler,19
24,0.2030464426676427,H_heat_prod,HeatPump,15
24,0.0,H_heat_prod,Boiler,22
24,0.0,H_heat_prod,Boiler,12
24,0.0,H_heat_prod,Boiler,5
24,0.0,H_heat_prod,Geothermal,9
24,0.12448225263196286,H_heat_prod,Geothermal,17
24,0.015547714233397875,H_heat_prod,HeatPump,3
24,0.12896768817727414,H_heat_prod,Geothermal,16
24,0.24574929489636102,H_heat_prod,Boiler,18
24,0.0,H_heat_prod,Boiler,2
24,0.0,H_heat_prod,Boiler,8
24,0.0,H_heat_prod,Geothermal,3
24,0.0,H_heat_prod,Boiler,14
24,0.0,H_heat_prod,Geothermal,5
24,0.0,H_heat_prod,HeatPump,17
24,0.0,H_heat_prod,Boiler,4
24,0.0,H_heat_prod,Boiler,13
24,0.0,H_heat_prod,Geothermal,19
24,0.0607692972819005,H_heat_prod,HeatPump,6
24,0.373728459676105,H_heat_prod,Boiler,21
24,0.0,H_heat_prod,Geothermal,13
24,0.0,H_heat_prod,Geothermal,4
24,0.0,H_heat_prod,Geothermal,21
24,0.0,H_heat_prod,Geothermal,20
24,0.0,H_heat_prod,HeatPump,19
24,6.612141921547027e-7,H_heat_prod,HeatPump,2
24,0.152301177978515,H_heat_prod,HeatPump,12
24,0.0,H_heat_prod,Geothermal,2
24,0.09145660788392312,H_heat_prod,HeatPump,16
24,0.0,H_heat_prod,Geothermal,8
24,0.013465894719523997,H_heat_prod,Geothermal,18
24,0.0,H_heat_prod,HeatPump,18
24,0.0,H_heat_prod,Boiler,1
24,0.03084172566731725,H_heat_prod,HeatPump,4
24,0.0,H_heat_prod,Boiler,3
24,0.0,H_heat_prod,HeatPump,1
24,0.0,H_heat_prod,Geothermal,22
24,0.07578445434570251,H_heat_prod,HeatPump,7
24,0.0,H_heat_prod,Geothermal,10
24,0.0,H_heat_prod,Boiler,16
24,0.0,H_heat_prod,HeatPump,22
24,0.1686433410644525,H_heat_prod,HeatPump,13
24,0.09087005615234325,H_heat_prod,HeatPump,8
24,0.0,H_heat_prod,Boiler,6
24,0.11405435320299764,H_heat_prod,Boiler,17
24,0.0,H_heat_prod,Boiler,9
24,0.3196834818522125,H_heat_prod,Boiler,20
24,0.10595718383789005,H_heat_prod,HeatPump,9
24,0.1856039937337235,H_heat_prod,HeatPump,14
24,0.0,H_heat_prod,Geothermal,15
24,0.12118545532226499,H_heat_prod,HeatPump,10
24,0.0,H_heat_prod,Geothermal,7
24,0.0,H_heat_prod,Boiler,11
24,0.0,H_heat_prod,Geothermal,12
24,0.0,H_heat_prod,Geothermal,6
24,0.0,H_heat_prod,Boiler,7
24,0.0,H_heat_prod,Geothermal,14
24,0.13662137349446551,H_heat_prod,HeatPump,11
24,0.0,H_heat_prod,HeatPump,20
24,0.0,H_heat_prod,Boiler,15
24,0.0,H_heat_prod,Geothermal,1
24,0.0,H_heat_prod,HeatPump,21
24,0.0,H_heat_prod,Geothermal,11
24,0.04587875366210875,H_heat_prod,HeatPump,5
24,0.0,H_heat_prod,Boiler,10
24,0.0,C_heat_unmet,4
24,0.0,C_heat_unmet,1
24,0.0,C_heat_unmet,12
24,0.0,C_heat_unmet,20
24,-8.64664714139708e-7,C_heat_unmet,2
24,0.0,C_heat_unmet,6
24,0.0,C_heat_unmet,22
24,0.0,C_heat_unmet,11
24,0.0,C_heat_unmet,13
24,0.0,C_heat_unmet,5
24,0.0,C_heat_unmet,15
24,0.0,C_heat_unmet,16
24,0.0,C_heat_unmet,14
24,0.0,C_heat_unmet,21
24,0.0,C_heat_unmet,7
24,0.0,C_heat_unmet,8
24,0.0,C_heat_unmet,17
24,0.0,C_heat_unmet,10
24,0.0,C_heat_unmet,19
24,0.0,C_heat_unmet,9
24,0.0,C_heat_unmet,18
24,0.0,C_heat_unmet,3
24,0.0,invest_master,HeatPump
24,0.0,invest_master,Geothermal
24,0.0,invest_master,Boiler
24,348145.17779104057,obj,
24,0.05504084772749696,invest,HeatPump
24,0.013306168004086183,invest,Geothermal
24,10.0,invest,Boiler
1,0.0,C_heat_prod,HeatPump,15
1,0.0,C_heat_prod,Geothermal,9
1,0.0,C_heat_prod,Geothermal,17
1,0.0,C_heat_prod,HeatPump,3
1,0.0,C_heat_prod,Geothermal,16
1,0.0,C_heat_prod,Geothermal,3
1,0.0,C_heat_prod,Geothermal,5
1,0.0,C_heat_prod,HeatPump,17
1,0.0,C_heat_prod,Geothermal,19
1,0.0,C_heat_prod,HeatPump,6
1,0.0,C_heat_prod,Geothermal,13
1,0.0,C_heat_prod,Geothermal,4
1,0.0,C_heat_prod,Geothermal,21
1,0.0,C_heat_prod,Geothermal,20
1,0.0,C_heat_prod,HeatPump,19
1,8.646647141397078e-7,C_heat_prod,HeatPump,2
1,0.0,C_heat_prod,HeatPump,12
1,8.646647141397078e-7,C_heat_prod,Geothermal,2
1,0.0,C_heat_prod,HeatPump,16
1,0.0,C_heat_prod,Geothermal,8
1,0.0,C_heat_prod,Geothermal,18
1,0.0,C_heat_prod,HeatPump,18
1,0.0,C_heat_prod,HeatPump,4
1,0.0,C_heat_prod,HeatPump,1
1,0.0,C_heat_prod,Geothermal,22
1,0.0,C_heat_prod,HeatPump,7
1,0.0,C_heat_prod,Geothermal,10
1,0.0,C_heat_prod,HeatPump,22
1,0.0,C_heat_prod,HeatPump,13
1,0.0,C_heat_prod,HeatPump,8
1,0.0,C_heat_prod,HeatPump,9
1,0.0,C_heat_prod,HeatPump,14
1,0.0,C_heat_prod,Geothermal,15
1,0.0,C_heat_prod,HeatPump,10
1,0.0,C_heat_prod,Geothermal,7
1,0.0,C_heat_prod,Geothermal,12
1,0.0,C_heat_prod,Geothermal,6
1,0.0,C_heat_prod,Geothermal,14
1,0.0,C_heat_prod,HeatPump,11
1,0.0,C_heat_prod,HeatPump,20
1,0.0,C_heat_prod,Geothermal,1
1,0.0,C_heat_prod,HeatPump,21
1,0.0,C_heat_prod,Geothermal,11
1,0.0,C_heat_prod,HeatPump,5
1,0.015293948464991238,H_heat_unmet,4
1,0.0,H_heat_unmet,1
1,0.13675346374511713,H_heat_unmet,12
1,0.30413576761881467,H_heat_unmet,20
1,0.0,H_heat_unmet,2
1,0.04522158304850263,H_heat_unmet,6
1,0.7801937103271497,H_heat_unmet,22
1,0.12107365926106764,H_heat_unmet,11
1,0.15309562683105463,H_heat_unmet,13
1,0.030331039428710876,H_heat_unmet,5
1,0.18749872843424487,H_heat_unmet,15
1,0.2048765818277994,H_heat_unmet,16
1,0.17005627950032562,H_heat_unmet,14
1,0.35818074544270717,H_heat_unmet,21
1,0.060236740112304635,H_heat_unmet,7
1,0.07532234191894538,H_heat_unmet,8
1,0.22298889160156263,H_heat_unmet,17
1,0.10563774108886712,H_heat_unmet,10
1,0.2686035156249996,H_heat_unmet,19
1,0.09040946960449212,H_heat_unmet,9
1,0.24366747538248715,H_heat_unmet,18
1,0.0,H_heat_unmet,3
1,-0.0,admin,HeatPump
1,0.0,admin,Geothermal
1,1.0,admin,Boiler
1,0.0,invest_cumulative,HeatPump
1,0.0,invest_cumulative,Geothermal
1,0.0,invest_cumulative,Boiler
1,0.015547714233397876,H_heat_prod,Boiler,19
1,0.0,H_heat_prod,HeatPump,15
1,0.015547714233397876,H_heat_prod,Boiler,22
1,0.015547714233397876,H_heat_prod,Boiler,12
1,0.015547714233397876,H_heat_prod,Boiler,5
1,0.0,H_heat_prod,Geothermal,9
1,0.0,H_heat_prod,Geothermal,17
1,0.0,H_heat_prod,HeatPump,3
1,0.0,H_heat_prod,Geothermal,16
1,0.015547714233397876,H_heat_prod,Boiler,18
1,0.0,H_heat_prod,Boiler,2
1,0.015547714233397876,H_heat_prod,Boiler,8
1,0.0,H_heat_prod,Geothermal,3
1,0.015547714233397876,H_heat_prod,Boiler,14
1,0.0,H_heat_prod,Geothermal,5
1,0.0,H_heat_prod,HeatPump,17
1,0.015547714233397876,H_heat_prod,Boiler,4
1,0.015547714233397876,H_heat_prod,Boiler,13
1,0.0,H_heat_prod,Geothermal,19
1,0.0,H_heat_prod,HeatPump,6
1,0.015547714233397876,H_heat_prod,Boiler,21
1,0.0,H_heat_prod,Geothermal,13
1,6.296892813730344e-8,H_heat_prod,Geothermal,4
1,0.0,H_heat_prod,Geothermal,21
1,0.0,H_heat_prod,Geothermal,20
1,0.0,H_heat_prod,HeatPump,19
1,0.0,H_heat_prod,HeatPump,2
1,0.0,H_heat_prod,HeatPump,12
1,0.0,H_heat_prod,Geothermal,2
1,0.0,H_heat_prod,HeatPump,16
1,0.0,H_heat_prod,Geothermal,8
1,0.0,H_heat_prod,Geothermal,18
1,0.0,H_heat_prod,HeatPump,18
1,0.0,H_heat_prod,Boiler,1
1,0.0,H_heat_prod,HeatPump,4
1,0.015547714233397875,H_heat_prod,Boiler,3
1,0.0,H_heat_prod,HeatPump,1
1,0.0,H_heat_prod,Geothermal,22
1,0.0,H_heat_prod,HeatPump,7
1,0.0,H_heat_prod,Geothermal,10
1,0.015547714233397876,H_heat_prod,Boiler,16
1,0.0,H_heat_prod,HeatPump,22
1,0.0,H_heat_prod,HeatPump,13
1,0.0,H_heat_prod,HeatPump,8
1,0.015547714233397876,H_heat_prod,Boiler,6
1,0.015547714233397876,H_heat_prod,Boiler,17
1,0.015547714233397876,H_heat_prod,Boiler,9
1,0.015547714233397876,H_heat_prod,Boiler,20
1,0.0,H_heat_prod,HeatPump,9
1,0.0,H_heat_prod,HeatPump,14
1,0.0,H_heat_prod,Geothermal,15
1,0.0,H_heat_prod,HeatPump,10
1,0.0,H_heat_prod,Geothermal,7
1,0.015547714233397876,H_heat_prod,Boiler,11
1,0.0,H_heat_prod,Geothermal,12
1,0.0,H_heat_prod,Geothermal,6
1,0.015547714233397876,H_heat_prod,Boiler,7
1,0.0,H_heat_prod,Geothermal,14
1,0.0,H_heat_prod,HeatPump,11
1,0.0,H_heat_prod,HeatPump,20
1,0.015547714233397876,H_heat_prod,Boiler,15
1,0.0,H_heat_prod,Geothermal,1
1,0.0,H_heat_prod,HeatPump,21
1,0.0,H_heat_prod,Geothermal,11
1,0.0,H_heat_prod,HeatPump,5
1,0.015547714233397876,H_heat_prod,Boiler,10
1,0.01455368041992245,C_heat_unmet,4
1,0.0,C_heat_unmet,1
1,0.08419937133789125,C_heat_unmet,12
1,0.21399482727050853,C_heat_unmet,20
1,-8.646647080822949e-7,C_heat_unmet,2
1,0.029816029866537003,C_heat_unmet,6
1,0.5082563781738275,C_heat_unmet,22
1,0.07401997884114651,C_heat_unmet,11
1,0.09490620930989652,C_heat_unmet,13
1,0.022084655761719325,C_heat_unmet,5
1,0.1193006261189785,C_heat_unmet,15
1,0.13338111877441475,C_heat_unmet,16
1,0.10652679443359425,C_heat_unmet,14
1,0.25281719207763753,C_heat_unmet,21
1,0.037912216186524,C_heat_unmet,7
1,0.04622634887695375,C_heat_unmet,8
1,0.149024620056153,C_heat_unmet,17
1,0.06419891357421925,C_heat_unmet,10
1,0.18786434173584052,C_heat_unmet,19
1,0.05506481170654351,C_heat_unmet,9
1,0.16683003743489652,C_heat_unmet,18
1,0.007164611816406825,C_heat_unmet,3
1,0.02928446827306426,invest_master,HeatPump
1,0.013306168004086199,invest_master,Geothermal
1,0.7281507659423299,invest_master,Boiler
1,7.610696532782358e6,obj,
1,0.0,invest,HeatPump
1,0.0,invest,Geothermal
1,0.017275238037108752,invest,Boiler
11,0.0,C_heat_prod,HeatPump,15
11,0.055064811706543516,C_heat_prod,Geothermal,9
11,0.149024620056153,C_heat_prod,Geothermal,17
11,0.0,C_heat_prod,HeatPump,3
11,0.13338111877441475,C_heat_prod,Geothermal,16
11,0.007164611816406779,C_heat_prod,Geothermal,3
11,0.022084655761719325,C_heat_prod,Geothermal,5
11,0.0,C_heat_prod,HeatPump,17
11,0.18786434173584052,C_heat_prod,Geothermal,19
11,0.0,C_heat_prod,HeatPump,6
11,0.09490620930989652,C_heat_prod,Geothermal,13
11,0.014553680419922463,C_heat_prod,Geothermal,4
11,0.21886584674984078,C_heat_prod,Geothermal,21
11,0.21399482727050853,C_heat_prod,Geothermal,20
11,0.0,C_heat_prod,HeatPump,19
11,8.646647141397078e-7,C_heat_prod,HeatPump,2
11,0.0,C_heat_prod,HeatPump,12
11,8.646647141397078e-7,C_heat_prod,Geothermal,2
11,0.0,C_heat_prod,HeatPump,16
11,0.04622634887695375,C_heat_prod,Geothermal,8
11,0.16683003743489652,C_heat_prod,Geothermal,18
11,0.0,C_heat_prod,HeatPump,18
11,0.0,C_heat_prod,HeatPump,4
11,0.0,C_heat_prod,HeatPump,1
11,0.0,C_heat_prod,Geothermal,22
11,0.0,C_heat_prod,HeatPump,7
11,0.06419891357421925,C_heat_prod,Geothermal,10
11,0.0,C_heat_prod,HeatPump,22
11,0.0,C_heat_prod,HeatPump,13
11,0.0,C_heat_prod,HeatPump,8
11,0.0,C_heat_prod,HeatPump,9
11,0.0,C_heat_prod,HeatPump,14
11,0.11930062611897856,C_heat_prod,Geothermal,15
11,0.0,C_heat_prod,HeatPump,10
11,0.037912216186524,C_heat_prod,Geothermal,7
11,0.08419937133789125,C_heat_prod,Geothermal,12
11,0.029816029866536968,C_heat_prod,Geothermal,6
11,0.10652679443359428,C_heat_prod,Geothermal,14
11,0.0,C_heat_prod,HeatPump,11
11,0.0,C_heat_prod,HeatPump,20
11,0.0,C_heat_prod,Geothermal,1
11,0.033951345327796756,C_heat_prod,HeatPump,21
11,0.07401997884114651,C_heat_prod,Geothermal,11
11,0.0,C_heat_prod,HeatPump,5
11,0.0,H_heat_unmet,4
11,0.0,H_heat_unmet,1
11,0.0,H_heat_unmet,12
11,0.0,H_heat_unmet,20
11,0.0,H_heat_unmet,2
11,0.0,H_heat_unmet,6
11,0.7957414245605475,H_heat_unmet,22
11,0.0,H_heat_unmet,11
11,0.0,H_heat_unmet,13
11,0.0,H_heat_unmet,5
11,0.0,H_heat_unmet,15
11,0.0,H_heat_unmet,16
11,0.0,H_heat_unmet,14
11,0.0,H_heat_unmet,21
11,0.0,H_heat_unmet,7
11,0.0,H_heat_unmet,8
11,0.0,H_heat_unmet,17
11,0.0,H_heat_unmet,10
11,0.0,H_heat_unmet,19
11,0.0,H_heat_unmet,9
11,0.0,H_heat_unmet,18
11,0.0,H_heat_unmet,3
11,1.0,admin,HeatPump
11,1.0,admin,Geothermal
11,1.0,admin,Boiler
11,0.07997392568956715,invest_cumulative,HeatPump
11,0.013306168004086199,invest_cumulative,Geothermal
11,0.7281507659423299,invest_cumulative,Boiler
11,0.2841512298583975,H_heat_prod,Boiler,19
11,0.20304644266764274,H_heat_prod,HeatPump,15
11,0.0,H_heat_prod,Boiler,22
11,0.0,H_heat_prod,Boiler,12
11,0.0,H_heat_prod,Boiler,5
11,0.0,H_heat_prod,Geothermal,9
11,0.10776527262139486,H_heat_prod,Geothermal,17
11,0.015547714233397875,H_heat_prod,HeatPump,3
11,0.11164834971990528,H_heat_prod,Geothermal,16
11,0.259215189615885,H_heat_prod,Boiler,18
11,0.0,H_heat_prod,Boiler,2
11,0.0,H_heat_prod,Boiler,8
11,0.0,H_heat_prod,Geothermal,3
11,0.0,H_heat_prod,Boiler,14
11,0.0,H_heat_prod,Geothermal,5
11,0.0,H_heat_prod,HeatPump,17
11,0.0,H_heat_prod,Boiler,4
11,0.0,H_heat_prod,Boiler,13
11,0.0,H_heat_prod,Geothermal,19
11,0.0607692972819005,H_heat_prod,HeatPump,6
11,0.373728459676105,H_heat_prod,Boiler,21
11,0.0,H_heat_prod,Geothermal,13
11,0.0,H_heat_prod,Geothermal,4
11,0.0,H_heat_prod,Geothermal,21
11,0.0,H_heat_prod,Geothermal,20
11,0.0,H_heat_prod,HeatPump,19
11,6.612141921547027e-7,H_heat_prod,HeatPump,2
11,0.152301177978515,H_heat_prod,HeatPump,12
11,0.0,H_heat_prod,Geothermal,2
11,0.10877594634129198,H_heat_prod,HeatPump,16
11,0.0,H_heat_prod,Geothermal,8
11,0.0,H_heat_prod,Geothermal,18
11,0.0,H_heat_prod,HeatPump,18
11,0.0,H_heat_prod,Boiler,1
11,0.03084172566731725,H_heat_prod,HeatPump,4
11,0.0,H_heat_prod,Boiler,3
11,0.0,H_heat_prod,HeatPump,1
11,0.0,H_heat_prod,Geothermal,22
11,0.07578445434570251,H_heat_prod,HeatPump,7
11,0.0,H_heat_prod,Geothermal,10
11,0.0,H_heat_prod,Boiler,16
11,0.0,H_heat_prod,HeatPump,22
11,0.1686433410644525,H_heat_prod,HeatPump,13
11,0.09087005615234325,H_heat_prod,HeatPump,8
11,0.0,H_heat_prod,Boiler,6
11,0.13077133321356565,H_heat_prod,Boiler,17
11,0.0,H_heat_prod,Boiler,9
11,0.3196834818522125,H_heat_prod,Boiler,20
11,0.10595718383788999,H_heat_prod,HeatPump,9
11,0.1856039937337235,H_heat_prod,HeatPump,14
11,0.0,H_heat_prod,Geothermal,15
11,0.121185455322265,H_heat_prod,HeatPump,10
11,0.0,H_heat_prod,Geothermal,7
11,0.0,H_heat_prod,Boiler,11
11,0.0,H_heat_prod,Geothermal,12
11,0.0,H_heat_prod,Geothermal,6
11,0.0,H_heat_prod,Boiler,7
11,0.0,H_heat_prod,Geothermal,14
11,0.13662137349446551,H_heat_prod,HeatPump,11
11,0.0,H_heat_prod,HeatPump,20
11,0.0,H_heat_prod,Boiler,15
11,0.0,H_heat_prod,Geothermal,1
11,0.0,H_heat_prod,HeatPump,21
11,0.0,H_heat_prod,Geothermal,11
11,0.04587875366210875,H_heat_prod,HeatPump,5
11,0.0,H_heat_prod,Boiler,10
11,0.0,C_heat_unmet,4
11,0.0,C_heat_unmet,1
11,0.0,C_heat_unmet,12
11,0.0,C_heat_unmet,20
11,-8.64664714139708e-7,C_heat_unmet,2
11,0.0,C_heat_unmet,6
11,0.5082563781738275,C_heat_unmet,22
11,0.0,C_heat_unmet,11
11,0.0,C_heat_unmet,13
11,0.0,C_heat_unmet,5
11,0.0,C_heat_unmet,15
11,0.0,C_heat_unmet,16
11,0.0,C_heat_unmet,14
11,0.0,C_heat_unmet,21
11,0.0,C_heat_unmet,7
11,0.0,C_heat_unmet,8
11,0.0,C_heat_unmet,17
11,0.0,C_heat_unmet,10
11,0.0,C_heat_unmet,19
11,0.0,C_heat_unmet,9
11,0.0,C_heat_unmet,18
11,0.0,C_heat_unmet,3
11,0.0,invest_master,HeatPump
11,0.0,invest_master,Geothermal
11,0.08666408338085928,invest_master,Boiler
11,369147.02691804897,obj,
11,10.0,invest,HeatPump
11,0.011519255092096885,invest,Geothermal
11,10.0,invest,Boiler
21,0.0,C_heat_prod,HeatPump,15
21,0.05506481170654351,C_heat_prod,Geothermal,9
21,0.149024620056153,C_heat_prod,Geothermal,17
21,0.0,C_heat_prod,HeatPump,3
21,0.13338111877441475,C_heat_prod,Geothermal,16
21,0.007164611816406825,C_heat_prod,Geothermal,3
21,0.022084655761719325,C_heat_prod,Geothermal,5
21,0.0,C_heat_prod,HeatPump,17
21,0.18786434173584052,C_heat_prod,Geothermal,19
21,0.0,C_heat_prod,HeatPump,6
21,0.09490620930989652,C_heat_prod,Geothermal,13
21,0.01455368041992245,C_heat_prod,Geothermal,4
21,0.25281719207763753,C_heat_prod,Geothermal,21
21,0.21399482727050853,C_heat_prod,Geothermal,20
21,0.0,C_heat_prod,HeatPump,19
21,8.646647141397078e-7,C_heat_prod,HeatPump,2
21,0.0,C_heat_prod,HeatPump,12
21,8.646647141397078e-7,C_heat_prod,Geothermal,2
21,0.0,C_heat_prod,HeatPump,16
21,0.04622634887695375,C_heat_prod,Geothermal,8
21,0.16683003743489652,C_heat_prod,Geothermal,18
21,0.0,C_heat_prod,HeatPump,18
21,0.0,C_heat_prod,HeatPump,4
21,0.0,C_heat_prod,HeatPump,1
21,0.25281719207763753,C_heat_prod,Geothermal,22
21,0.0,C_heat_prod,HeatPump,7
21,0.06419891357421925,C_heat_prod,Geothermal,10
21,0.25543918609619,C_heat_prod,HeatPump,22
21,0.0,C_heat_prod,HeatPump,13
21,0.0,C_heat_prod,HeatPump,8
21,0.0,C_heat_prod,HeatPump,9
21,0.0,C_heat_prod,HeatPump,14
21,0.1193006261189785,C_heat_prod,Geothermal,15
21,0.0,C_heat_prod,HeatPump,10
21,0.037912216186524,C_heat_prod,Geothermal,7
21,0.08419937133789125,C_heat_prod,Geothermal,12
21,0.029816029866537003,C_heat_prod,Geothermal,6
21,0.10652679443359425,C_heat_prod,Geothermal,14
21,0.0,C_heat_prod,HeatPump,11
21,0.0,C_heat_prod,HeatPump,20
21,0.0,C_heat_prod,Geothermal,1
21,0.0,C_heat_prod,HeatPump,21
21,0.07401997884114651,C_heat_prod,Geothermal,11
21,0.0,C_heat_prod,HeatPump,5
21,0.0,H_heat_unmet,4
21,0.0,H_heat_unmet,1
21,0.0,H_heat_unmet,12
21,0.0,H_heat_unmet,20
21,0.0,H_heat_unmet,2
21,0.0,H_heat_unmet,6
21,0.0,H_heat_unmet,22
21,0.0,H_heat_unmet,11
21,0.0,H_heat_unmet,13
21,0.0,H_heat_unmet,5
21,0.0,H_heat_unmet,15
21,0.0,H_heat_unmet,16
21,0.0,H_heat_unmet,14
21,0.0,H_heat_unmet,21
21,0.0,H_heat_unmet,7
21,0.0,H_heat_unmet,8
21,0.0,H_heat_unmet,17
21,0.0,H_heat_unmet,10
21,0.0,H_heat_unmet,19
21,0.0,H_heat_unmet,9
21,0.0,H_heat_unmet,18
21,0.0,H_heat_unmet,3
21,1.0,admin,HeatPump
21,1.0,admin,Geothermal
21,1.0,admin,Boiler
21,0.10573030514399986,invest_cumulative,HeatPump
21,0.013306168004086183,invest_cumulative,Geothermal
21,0.5019179274654205,invest_cumulative,Boiler
21,0.2841512298583975,H_heat_prod,Boiler,19
21,0.14439996872331223,H_heat_prod,HeatPump,15
21,0.5867348974118125,H_heat_prod,Boiler,22
21,0.0,H_heat_prod,Boiler,12
21,0.0,H_heat_prod,Boiler,5
21,0.0,H_heat_prod,Geothermal,9
21,0.12448225263196289,H_heat_prod,Geothermal,17
21,0.015547714233397875,H_heat_prod,HeatPump,3
21,0.12896768817727416,H_heat_prod,Geothermal,16
21,0.1394637955943656,H_heat_prod,Boiler,18
21,0.0,H_heat_prod,Boiler,2
21,0.0,H_heat_prod,Boiler,8
21,0.0,H_heat_prod,Geothermal,3
21,0.0,H_heat_prod,Boiler,14
21,0.0,H_heat_prod,Geothermal,5
21,0.0,H_heat_prod,HeatPump,17
21,0.0,H_heat_prod,Boiler,4
21,0.0,H_heat_prod,Boiler,13
21,0.0,H_heat_prod,Geothermal,19
21,0.0607692972819005,H_heat_prod,HeatPump,6
21,0.373728459676105,H_heat_prod,Boiler,21
21,0.0,H_heat_prod,Geothermal,13
21,0.0,H_heat_prod,Geothermal,4
21,0.0,H_heat_prod,Geothermal,21
21,0.0,H_heat_prod,Geothermal,20
21,0.0,H_heat_prod,HeatPump,19
21,6.612141921547027e-7,H_heat_prod,HeatPump,2
21,0.152301177978515,H_heat_prod,HeatPump,12
21,0.0,H_heat_prod,Geothermal,2
21,0.0914566078839231,H_heat_prod,HeatPump,16
21,0.0,H_heat_prod,Geothermal,8
21,0.11975139402151942,H_heat_prod,Geothermal,18
21,0.0,H_heat_prod,HeatPump,18
21,0.0,H_heat_prod,Boiler,1
21,0.03084172566731725,H_heat_prod,HeatPump,4
21,0.0,H_heat_prod,Boiler,3
21,0.0,H_heat_prod,HeatPump,1
21,0.06240806016967727,H_heat_prod,Geothermal,22
21,0.07578445434570251,H_heat_prod,HeatPump,7
21,0.0,H_heat_prod,Geothermal,10
21,0.0,H_heat_prod,Boiler,16
21,0.14659846697905776,H_heat_prod,HeatPump,22
21,0.1686433410644525,H_heat_prod,HeatPump,13
21,0.09087005615234325,H_heat_prod,HeatPump,8
21,0.0,H_heat_prod,Boiler,6
21,0.11405435320299763,H_heat_prod,Boiler,17
21,0.0,H_heat_prod,Boiler,9
21,0.3196834818522125,H_heat_prod,Boiler,20
21,0.10595718383788999,H_heat_prod,HeatPump,9
21,0.1856039937337235,H_heat_prod,HeatPump,14
21,0.05864647394433052,H_heat_prod,Geothermal,15
21,0.12118545532226499,H_heat_prod,HeatPump,10
21,0.0,H_heat_prod,Geothermal,7
21,0.0,H_heat_prod,Boiler,11
21,0.0,H_heat_prod,Geothermal,12
21,0.0,H_heat_prod,Geothermal,6
21,0.0,H_heat_prod,Boiler,7
21,0.0,H_heat_prod,Geothermal,14
21,0.13662137349446551,H_heat_prod,HeatPump,11
21,0.0,H_heat_prod,HeatPump,20
21,0.0,H_heat_prod,Boiler,15
21,0.0,H_heat_prod,Geothermal,1
21,0.0,H_heat_prod,HeatPump,21
21,0.0,H_heat_prod,Geothermal,11
21,0.04587875366210875,H_heat_prod,HeatPump,5
21,0.0,H_heat_prod,Boiler,10
21,0.0,C_heat_unmet,4
21,0.0,C_heat_unmet,1
21,0.0,C_heat_unmet,12
21,0.0,C_heat_unmet,20
21,-8.646647141099801e-7,C_heat_unmet,2
21,0.0,C_heat_unmet,6
21,0.0,C_heat_unmet,22
21,0.0,C_heat_unmet,11
21,0.0,C_heat_unmet,13
21,0.0,C_heat_unmet,5
21,0.0,C_heat_unmet,15
21,0.0,C_heat_unmet,16
21,0.0,C_heat_unmet,14
21,0.0,C_heat_unmet,21
21,0.0,C_heat_unmet,7
21,0.0,C_heat_unmet,8
21,0.0,C_heat_unmet,17
21,0.0,C_heat_unmet,10
21,0.0,C_heat_unmet,19
21,0.0,C_heat_unmet,9
21,0.0,C_heat_unmet,18
21,0.0,C_heat_unmet,3
21,0.0,invest_master,HeatPump
21,0.0,invest_master,Geothermal
21,0.0,invest_master,Boiler
21,325780.9029048331,obj,
21,0.055040847727496955,invest,HeatPump
21,0.013306168004086185,invest,Geothermal
21,0.6519276637909028,invest,Boiler
17,0.0,C_heat_prod,HeatPump,15
17,0.05506481170654362,C_heat_prod,Geothermal,9
17,0.149024620056153,C_heat_prod,Geothermal,17
17,0.0,C_heat_prod,HeatPump,3
17,0.13338111877441475,C_heat_prod,Geothermal,16
17,0.007164611816406825,C_heat_prod,Geothermal,3
17,0.022084655761719325,C_heat_prod,Geothermal,5
17,0.0,C_heat_prod,HeatPump,17
17,0.18786434173584052,C_heat_prod,Geothermal,19
17,0.0,C_heat_prod,HeatPump,6
17,0.09490620930989654,C_heat_prod,Geothermal,13
17,0.014553680419922456,C_heat_prod,Geothermal,4
17,0.21399482727050853,C_heat_prod,Geothermal,21
17,0.21399482727050853,C_heat_prod,Geothermal,20
17,0.0,C_heat_prod,HeatPump,19
17,8.646647141397078e-7,C_heat_prod,HeatPump,2
17,0.0,C_heat_prod,HeatPump,12
17,8.646647141397078e-7,C_heat_prod,Geothermal,2
17,0.0,C_heat_prod,HeatPump,16
17,0.04622634887695372,C_heat_prod,Geothermal,8
17,0.16683003743489652,C_heat_prod,Geothermal,18
17,0.0,C_heat_prod,HeatPump,18
17,0.0,C_heat_prod,HeatPump,4
17,0.0,C_heat_prod,HeatPump,1
17,0.0,C_heat_prod,Geothermal,22
17,0.0,C_heat_prod,HeatPump,7
17,0.06419891357421925,C_heat_prod,Geothermal,10
17,0.0,C_heat_prod,HeatPump,22
17,0.0,C_heat_prod,HeatPump,13
17,0.0,C_heat_prod,HeatPump,8
17,0.0,C_heat_prod,HeatPump,9
17,0.0,C_heat_prod,HeatPump,14
17,0.1193006261189785,C_heat_prod,Geothermal,15
17,0.0,C_heat_prod,HeatPump,10
17,0.037912216186524,C_heat_prod,Geothermal,7
17,0.08419937133789125,C_heat_prod,Geothermal,12
17,0.029816029866536958,C_heat_prod,Geothermal,6
17,0.10652679443359411,C_heat_prod,Geothermal,14
17,0.0,C_heat_prod,HeatPump,11
17,0.0,C_heat_prod,HeatPump,20
17,0.0,C_heat_prod,Geothermal,1
17,0.03882236480712903,C_heat_prod,HeatPump,21
17,0.07401997884114651,C_heat_prod,Geothermal,11
17,0.0,C_heat_prod,HeatPump,5
17,0.0,H_heat_unmet,4
17,0.0,H_heat_unmet,1
17,0.0,H_heat_unmet,12
17,0.0,H_heat_unmet,20
17,0.0,H_heat_unmet,2
17,0.0,H_heat_unmet,6
17,0.0,H_heat_unmet,22
17,0.0,H_heat_unmet,11
17,0.0,H_heat_unmet,13
17,0.0,H_heat_unmet,5
17,0.0,H_heat_unmet,15
17,0.0,H_heat_unmet,16
17,0.0,H_heat_unmet,14
17,0.0,H_heat_unmet,21
17,0.0,H_heat_unmet,7
17,0.0,H_heat_unmet,8
17,0.0,H_heat_unmet,17
17,0.0,H_heat_unmet,10
17,0.0,H_heat_unmet,19
17,0.0,H_heat_unmet,9
17,0.0,H_heat_unmet,18
17,0.0,H_heat_unmet,3
17,1.0,admin,HeatPump
17,1.0,admin,Geothermal
17,1.0,admin,Boiler
17,0.02928446827306419,invest_cumulative,HeatPump
17,0.01126288564581623,invest_cumulative,Geothermal
17,0.8254629845271364,invest_cumulative,Boiler
17,0.2841512298583975,H_heat_prod,Boiler,19
17,0.20304644266764277,H_heat_prod,HeatPump,15
17,0.7429166860744227,H_heat_prod,Boiler,22
17,0.0,H_heat_prod,Boiler,12
17,0.0,H_heat_prod,Boiler,5
17,0.0,H_heat_prod,Geothermal,9
17,0.10536687766882673,H_heat_prod,Geothermal,17
17,0.015547714233397875,H_heat_prod,HeatPump,3
17,0.08797652952356096,H_heat_prod,Geothermal,16
17,0.259215189615885,H_heat_prod,Boiler,18
17,0.0,H_heat_prod,Boiler,2
17,0.0,H_heat_prod,Boiler,8
17,0.0,H_heat_prod,Geothermal,3
17,0.0,H_heat_prod,Boiler,14
17,0.0,H_heat_prod,Geothermal,5
17,0.0,H_heat_prod,HeatPump,17
17,0.0,H_heat_prod,Boiler,4
17,0.0,H_heat_prod,Boiler,13
17,0.0,H_heat_prod,Geothermal,19
17,0.0607692972819005,H_heat_prod,HeatPump,6
17,0.373728459676105,H_heat_prod,Boiler,21
17,0.0,H_heat_prod,Geothermal,13
17,0.0,H_heat_prod,Geothermal,4
17,0.0,H_heat_prod,Geothermal,21
17,0.0,H_heat_prod,Geothermal,20
17,0.0,H_heat_prod,HeatPump,19
17,6.612141921547027e-7,H_heat_prod,HeatPump,2
17,0.152301177978515,H_heat_prod,HeatPump,12
17,0.0,H_heat_prod,Geothermal,2
17,0.1324477665376363,H_heat_prod,HeatPump,16
17,0.0,H_heat_prod,Geothermal,8
17,0.0,H_heat_prod,Geothermal,18
17,0.0,H_heat_prod,HeatPump,18
17,0.0,H_heat_prod,Boiler,1
17,0.03084172566731725,H_heat_prod,HeatPump,4
17,0.0,H_heat_prod,Boiler,3
17,0.0,H_heat_prod,HeatPump,1
17,0.05282473848612482,H_heat_prod,Geothermal,22
17,0.07578445434570251,H_heat_prod,HeatPump,7
17,0.0,H_heat_prod,Geothermal,10
17,0.0,H_heat_prod,Boiler,16
17,0.0,H_heat_prod,HeatPump,22
17,0.1686433410644525,H_heat_prod,HeatPump,13
17,0.09087005615234325,H_heat_prod,HeatPump,8
17,0.0,H_heat_prod,Boiler,6
17,0.1331697281661338,H_heat_prod,Boiler,17
17,0.0,H_heat_prod,Boiler,9
17,0.3196834818522125,H_heat_prod,Boiler,20
17,0.10595718383788999,H_heat_prod,HeatPump,9
17,0.1856039937337235,H_heat_prod,HeatPump,14
17,0.0,H_heat_prod,Geothermal,15
17,0.12118545532226499,H_heat_prod,HeatPump,10
17,0.0,H_heat_prod,Geothermal,7
17,0.0,H_heat_prod,Boiler,11
17,0.0,H_heat_prod,Geothermal,12
17,0.0,H_heat_prod,Geothermal,6
17,0.0,H_heat_prod,Boiler,7
17,0.0,H_heat_prod,Geothermal,14
17,0.13662137349446551,H_heat_prod,HeatPump,11
17,0.0,H_heat_prod,HeatPump,20
17,0.0,H_heat_prod,Boiler,15
17,0.0,H_heat_prod,Geothermal,1
17,0.0,H_heat_prod,HeatPump,21
17,0.0,H_heat_prod,Geothermal,11
17,0.04587875366210875,H_heat_prod,HeatPump,5
17,0.0,H_heat_prod,Boiler,10
17,0.0,C_heat_unmet,4
17,0.0,C_heat_unmet,1
17,0.0,C_heat_unmet,12
17,0.0,C_heat_unmet,20
17,-8.64664714139708e-7,C_heat_unmet,2
17,0.0,C_heat_unmet,6
17,0.5082563781738275,C_heat_unmet,22
17,0.0,C_heat_unmet,11
17,0.0,C_heat_unmet,13
17,0.0,C_heat_unmet,5
17,0.0,C_heat_unmet,15
17,0.0,C_heat_unmet,16
17,0.0,C_heat_unmet,14
17,0.0,C_heat_unmet,21
17,0.0,C_heat_unmet,7
17,0.0,C_heat_unmet,8
17,0.0,C_heat_unmet,17
17,0.0,C_heat_unmet,10
17,0.0,C_heat_unmet,19
17,0.0,C_heat_unmet,9
17,0.0,C_heat_unmet,18
17,0.0,C_heat_unmet,3
17,0.0,invest_master,HeatPump
17,0.0,invest_master,Geothermal
17,0.0,invest_master,Boiler
17,408644.4497434732,obj,
17,10.0,invest,HeatPump
17,0.011262885645816238,invest,Geothermal
17,0.8254629845271364,invest,Boiler
12,0.0,C_heat_prod,HeatPump,15
12,0.05506481170654364,C_heat_prod,Geothermal,9
12,0.149024620056153,C_heat_prod,Geothermal,17
12,0.0,C_heat_prod,HeatPump,3
12,0.13338111877441475,C_heat_prod,Geothermal,16
12,0.007164611816406825,C_heat_prod,Geothermal,3
12,0.022084655761719325,C_heat_prod,Geothermal,5
12,0.0,C_heat_prod,HeatPump,17
12,0.18786434173584052,C_heat_prod,Geothermal,19
12,0.0,C_heat_prod,HeatPump,6
12,0.09490620930989652,C_heat_prod,Geothermal,13
12,0.014553680419922463,C_heat_prod,Geothermal,4
12,0.25281719207763753,C_heat_prod,Geothermal,21
12,0.21399482727050853,C_heat_prod,Geothermal,20
12,0.0,C_heat_prod,HeatPump,19
12,8.646647141397078e-7,C_heat_prod,HeatPump,2
12,0.0,C_heat_prod,HeatPump,12
12,8.646647141397078e-7,C_heat_prod,Geothermal,2
12,0.0,C_heat_prod,HeatPump,16
12,0.04622634887695375,C_heat_prod,Geothermal,8
12,0.16683003743489652,C_heat_prod,Geothermal,18
12,0.0,C_heat_prod,HeatPump,18
12,0.0,C_heat_prod,HeatPump,4
12,0.0,C_heat_prod,HeatPump,1
12,0.0,C_heat_prod,Geothermal,22
12,0.0,C_heat_prod,HeatPump,7
12,0.06419891357421925,C_heat_prod,Geothermal,10
12,0.0,C_heat_prod,HeatPump,22
12,0.0,C_heat_prod,HeatPump,13
12,0.0,C_heat_prod,HeatPump,8
12,0.0,C_heat_prod,HeatPump,9
12,0.0,C_heat_prod,HeatPump,14
12,0.11930062611897856,C_heat_prod,Geothermal,15
12,0.0,C_heat_prod,HeatPump,10
12,0.037912216186524,C_heat_prod,Geothermal,7
12,0.08419937133789125,C_heat_prod,Geothermal,12
12,0.029816029866536968,C_heat_prod,Geothermal,6
12,0.10652679443359414,C_heat_prod,Geothermal,14
12,0.0,C_heat_prod,HeatPump,11
12,0.0,C_heat_prod,HeatPump,20
12,0.0,C_heat_prod,Geothermal,1
12,0.0,C_heat_prod,HeatPump,21
12,0.07401997884114651,C_heat_prod,Geothermal,11
12,0.0,C_heat_prod,HeatPump,5
12,0.0,H_heat_unmet,4
12,0.0,H_heat_unmet,1
12,0.0,H_heat_unmet,12
12,0.0,H_heat_unmet,20
12,0.0,H_heat_unmet,2
12,0.0,H_heat_unmet,6
12,0.0,H_heat_unmet,22
12,0.0,H_heat_unmet,11
12,0.0,H_heat_unmet,13
12,0.0,H_heat_unmet,5
12,0.0,H_heat_unmet,15
12,0.0,H_heat_unmet,16
12,0.0,H_heat_unmet,14
12,0.0,H_heat_unmet,21
12,0.0,H_heat_unmet,7
12,0.0,H_heat_unmet,8
12,0.0,H_heat_unmet,17
12,0.0,H_heat_unmet,10
12,0.0,H_heat_unmet,19
12,0.0,H_heat_unmet,9
12,0.0,H_heat_unmet,18
12,0.0,H_heat_unmet,3
12,1.0,admin,HeatPump
12,1.0,admin,Geothermal
12,1.0,admin,Boiler
12,0.02928446827306426,invest_cumulative,HeatPump
12,0.013306168004086199,invest_cumulative,Geothermal
12,0.8148148493231893,invest_cumulative,Boiler
12,0.2841512298583975,H_heat_prod,Boiler,19
12,0.20304644266764277,H_heat_prod,HeatPump,15
12,0.7333333643908703,H_heat_prod,Boiler,22
12,0.0,H_heat_prod,Boiler,12
12,0.0,H_heat_prod,Boiler,5
12,0.0,H_heat_prod,Geothermal,9
12,0.1244822526319629,H_heat_prod,Geothermal,17
12,0.015547714233397875,H_heat_prod,HeatPump,3
12,0.050457070716497805,H_heat_prod,Geothermal,16
12,0.259215189615885,H_heat_prod,Boiler,18
12,0.0,H_heat_prod,Boiler,2
12,0.0,H_heat_prod,Boiler,8
12,0.0,H_heat_prod,Geothermal,3
12,0.0,H_heat_prod,Boiler,14
12,0.0,H_heat_prod,Geothermal,5
12,0.0,H_heat_prod,HeatPump,17
12,0.0,H_heat_prod,Boiler,4
12,0.0,H_heat_prod,Boiler,13
12,0.0,H_heat_prod,Geothermal,19
12,0.0607692972819005,H_heat_prod,HeatPump,6
12,0.373728459676105,H_heat_prod,Boiler,21
12,0.0,H_heat_prod,Geothermal,13
12,0.0,H_heat_prod,Geothermal,4
12,0.0,H_heat_prod,Geothermal,21
12,0.0,H_heat_prod,Geothermal,20
12,0.0,H_heat_prod,HeatPump,19
12,6.612141921547027e-7,H_heat_prod,HeatPump,2
12,0.152301177978515,H_heat_prod,HeatPump,12
12,0.0,H_heat_prod,Geothermal,2
12,0.16996722534469946,H_heat_prod,HeatPump,16
12,0.0,H_heat_prod,Geothermal,8
12,0.0,H_heat_prod,Geothermal,18
12,0.0,H_heat_prod,HeatPump,18
12,0.0,H_heat_prod,Boiler,1
12,0.03084172566731725,H_heat_prod,HeatPump,4
12,0.0,H_heat_prod,Boiler,3
12,0.0,H_heat_prod,HeatPump,1
12,0.062408060169677274,H_heat_prod,Geothermal,22
12,0.07578445434570251,H_heat_prod,HeatPump,7
12,0.0,H_heat_prod,Geothermal,10
12,0.0,H_heat_prod,Boiler,16
12,0.0,H_heat_prod,HeatPump,22
12,0.1686433410644525,H_heat_prod,HeatPump,13
12,0.09087005615234325,H_heat_prod,HeatPump,8
12,0.0,H_heat_prod,Boiler,6
12,0.11405435320299762,H_heat_prod,Boiler,17
12,0.0,H_heat_prod,Boiler,9
12,0.3196834818522125,H_heat_prod,Boiler,20
12,0.10595718383788999,H_heat_prod,HeatPump,9
12,0.1856039937337235,H_heat_prod,HeatPump,14
12,0.0,H_heat_prod,Geothermal,15
12,0.12118545532226499,H_heat_prod,HeatPump,10
12,0.0,H_heat_prod,Geothermal,7
12,0.0,H_heat_prod,Boiler,11
12,0.0,H_heat_prod,Geothermal,12
12,0.0,H_heat_prod,Geothermal,6
12,0.0,H_heat_prod,Boiler,7
12,0.0,H_heat_prod,Geothermal,14
12,0.13662137349446551,H_heat_prod,HeatPump,11
12,0.0,H_heat_prod,HeatPump,20
12,0.0,H_heat_prod,Boiler,15
12,0.0,H_heat_prod,Geothermal,1
12,0.0,H_heat_prod,HeatPump,21
12,0.0,H_heat_prod,Geothermal,11
12,0.04587875366210875,H_heat_prod,HeatPump,5
12,0.0,H_heat_prod,Boiler,10
12,0.0,C_heat_unmet,4
12,0.0,C_heat_unmet,1
12,0.0,C_heat_unmet,12
12,0.0,C_heat_unmet,20
12,-8.64664714139708e-7,C_heat_unmet,2
12,0.0,C_heat_unmet,6
12,0.5082563781738275,C_heat_unmet,22
12,0.0,C_heat_unmet,11
12,0.0,C_heat_unmet,13
12,0.0,C_heat_unmet,5
12,0.0,C_heat_unmet,15
12,0.0,C_heat_unmet,16
12,0.0,C_heat_unmet,14
12,0.0,C_heat_unmet,21
12,0.0,C_heat_unmet,7
12,0.0,C_heat_unmet,8
12,0.0,C_heat_unmet,17
12,0.0,C_heat_unmet,10
12,0.0,C_heat_unmet,19
12,0.0,C_heat_unmet,9
12,0.0,C_heat_unmet,18
12,0.0,C_heat_unmet,3
12,0.02928446827306419,invest_master,HeatPump
12,0.01126288564581623,invest_master,Geothermal
12,0.738798901146277,invest_master,Boiler
12,414363.27011373243,obj,
12,10.0,invest,HeatPump
12,0.013306168004086186,invest,Geothermal
12,0.8148148493231893,invest,Boiler
15,0.0,C_heat_prod,HeatPump,15
15,0.05506481170654364,C_heat_prod,Geothermal,9
15,0.149024620056153,C_heat_prod,Geothermal,17
15,0.0,C_heat_prod,HeatPump,3
15,0.13338111877441475,C_heat_prod,Geothermal,16
15,0.007164611816406825,C_heat_prod,Geothermal,3
15,0.022084655761719325,C_heat_prod,Geothermal,5
15,0.0,C_heat_prod,HeatPump,17
15,0.18786434173584052,C_heat_prod,Geothermal,19
15,0.0,C_heat_prod,HeatPump,6
15,0.09490620930989652,C_heat_prod,Geothermal,13
15,0.014553680419922463,C_heat_prod,Geothermal,4
15,0.23328638980276956,C_heat_prod,Geothermal,21
15,0.21399482727050853,C_heat_prod,Geothermal,20
15,0.0,C_heat_prod,HeatPump,19
15,8.646647141397078e-7,C_heat_prod,HeatPump,2
15,0.0,C_heat_prod,HeatPump,12
15,8.646647141397078e-7,C_heat_prod,Geothermal,2
15,0.0,C_heat_prod,HeatPump,16
15,0.04622634887695375,C_heat_prod,Geothermal,8
15,0.16683003743489652,C_heat_prod,Geothermal,18
15,0.0,C_heat_prod,HeatPump,18
15,0.0,C_heat_prod,HeatPump,4
15,0.0,C_heat_prod,HeatPump,1
15,0.0,C_heat_prod,Geothermal,22
15,0.0,C_heat_prod,HeatPump,7
15,0.06419891357421925,C_heat_prod,Geothermal,10
15,0.0,C_heat_prod,HeatPump,22
15,0.0,C_heat_prod,HeatPump,13
15,0.0,C_heat_prod,HeatPump,8
15,0.0,C_heat_prod,HeatPump,9
15,0.0,C_heat_prod,HeatPump,14
15,0.11930062611897856,C_heat_prod,Geothermal,15
15,0.0,C_heat_prod,HeatPump,10
15,0.037912216186524,C_heat_prod,Geothermal,7
15,0.08419937133789125,C_heat_prod,Geothermal,12
15,0.029816029866536968,C_heat_prod,Geothermal,6
15,0.10652679443359414,C_heat_prod,Geothermal,14
15,0.0,C_heat_prod,HeatPump,11
15,0.0,C_heat_prod,HeatPump,20
15,0.0,C_heat_prod,Geothermal,1
15,0.019530802274867975,C_heat_prod,HeatPump,21
15,0.07401997884114651,C_heat_prod,Geothermal,11
15,0.0,C_heat_prod,HeatPump,5
15,0.0,H_heat_unmet,4
15,0.0,H_heat_unmet,1
15,0.0,H_heat_unmet,12
15,0.0,H_heat_unmet,20
15,0.0,H_heat_unmet,2
15,0.0,H_heat_unmet,6
15,0.0,H_heat_unmet,22
15,0.0,H_heat_unmet,11
15,0.0,H_heat_unmet,13
15,0.0,H_heat_unmet,5
15,0.0,H_heat_unmet,15
15,0.0,H_heat_unmet,16
15,0.0,H_heat_unmet,14
15,0.0,H_heat_unmet,21
15,0.0,H_heat_unmet,7
15,0.0,H_heat_unmet,8
15,0.0,H_heat_unmet,17
15,0.0,H_heat_unmet,10
15,0.0,H_heat_unmet,19
15,0.0,H_heat_unmet,9
15,0.0,H_heat_unmet,18
15,0.0,H_heat_unmet,3
15,1.0,admin,HeatPump
15,1.0,admin,Geothermal
15,1.0,admin,Boiler
15,0.02928446827306426,invest_cumulative,HeatPump
15,0.013306168004086199,invest_cumulative,Geothermal
15,0.8148148493231894,invest_cumulative,Boiler
15,0.2841512298583975,H_heat_prod,Boiler,19
15,0.20304644266764274,H_heat_prod,HeatPump,15
15,0.7381545534623702,H_heat_prod,Boiler,22
15,0.0,H_heat_prod,Boiler,12
15,0.0,H_heat_prod,Boiler,5
15,0.0,H_heat_prod,Geothermal,9
15,0.11486566665968288,H_heat_prod,Geothermal,17
15,0.015547714233397875,H_heat_prod,HeatPump,3
15,0.11900459034782095,H_heat_prod,Geothermal,16
15,0.259215189615885,H_heat_prod,Boiler,18
15,0.0,H_heat_prod,Boiler,2
15,0.0,H_heat_prod,Boiler,8
15,0.0,H_heat_prod,Geothermal,3
15,0.0,H_heat_prod,Boiler,14
15,0.0,H_heat_prod,Geothermal,5
15,0.0,H_heat_prod,HeatPump,17
15,0.0,H_heat_prod,Boiler,4
15,0.0,H_heat_prod,Boiler,13
15,0.0,H_heat_prod,Geothermal,19
15,0.0607692972819005,H_heat_prod,HeatPump,6
15,0.373728459676105,H_heat_prod,Boiler,21
15,0.0,H_heat_prod,Geothermal,13
15,0.0,H_heat_prod,Geothermal,4
15,0.0,H_heat_prod,Geothermal,21
15,0.0,H_heat_prod,Geothermal,20
15,0.0,H_heat_prod,HeatPump,19
15,6.612141921547027e-7,H_heat_prod,HeatPump,2
15,0.152301177978515,H_heat_prod,HeatPump,12
15,0.0,H_heat_prod,Geothermal,2
15,0.10141970571337632,H_heat_prod,HeatPump,16
15,0.0,H_heat_prod,Geothermal,8
15,0.0,H_heat_prod,Geothermal,18
15,0.0,H_heat_prod,HeatPump,18
15,0.0,H_heat_prod,Boiler,1
15,0.03084172566731725,H_heat_prod,HeatPump,4
15,0.0,H_heat_prod,Boiler,3
15,0.0,H_heat_prod,HeatPump,1
15,0.05758687109817724,H_heat_prod,Geothermal,22
15,0.07578445434570251,H_heat_prod,HeatPump,7
15,0.0,H_heat_prod,Geothermal,10
15,0.0,H_heat_prod,Boiler,16
15,0.0,H_heat_prod,HeatPump,22
15,0.1686433410644525,H_heat_prod,HeatPump,13
15,0.09087005615234325,H_heat_prod,HeatPump,8
15,0.0,H_heat_prod,Boiler,6
15,0.12367093917527762,H_heat_prod,Boiler,17
15,0.0,H_heat_prod,Boiler,9
15,0.3196834818522125,H_heat_prod,Boiler,20
15,0.10595718383788999,H_heat_prod,HeatPump,9
15,0.1856039937337235,H_heat_prod,HeatPump,14
15,0.0,H_heat_prod,Geothermal,15
15,0.121185455322265,H_heat_prod,HeatPump,10
15,0.0,H_heat_prod,Geothermal,7
15,0.0,H_heat_prod,Boiler,11
15,0.0,H_heat_prod,Geothermal,12
15,0.0,H_heat_prod,Geothermal,6
15,0.0,H_heat_prod,Boiler,7
15,0.0,H_heat_prod,Geothermal,14
15,0.13662137349446551,H_heat_prod,HeatPump,11
15,0.0,H_heat_prod,HeatPump,20
15,0.0,H_heat_prod,Boiler,15
15,0.0,H_heat_prod,Geothermal,1
15,0.0,H_heat_prod,HeatPump,21
15,0.0,H_heat_prod,Geothermal,11
15,0.04587875366210875,H_heat_prod,HeatPump,5
15,0.0,H_heat_prod,Boiler,10
15,0.0,C_heat_unmet,4
15,0.0,C_heat_unmet,1
15,0.0,C_heat_unmet,12
15,0.0,C_heat_unmet,20
15,-8.64664713685369e-7,C_heat_unmet,2
15,0.0,C_heat_unmet,6
15,0.5082563781738275,C_heat_unmet,22
15,0.0,C_heat_unmet,11
15,0.0,C_heat_unmet,13
15,0.0,C_heat_unmet,5
15,0.0,C_heat_unmet,15
15,0.0,C_heat_unmet,16
15,0.0,C_heat_unmet,14
15,0.0,C_heat_unmet,21
15,0.0,C_heat_unmet,7
15,0.0,C_heat_unmet,8
15,0.0,C_heat_unmet,17
15,0.0,C_heat_unmet,10
15,0.0,C_heat_unmet,19
15,0.0,C_heat_unmet,9
15,0.0,C_heat_unmet,18
15,0.0,C_heat_unmet,3
15,0.10573030514399982,invest_master,HeatPump
15,0.013306168004086186,invest_master,Geothermal
15,0.4152538440845612,invest_master,Boiler
15,376813.0131237392,obj,
15,10.0,invest,HeatPump
15,0.01227823104225103,invest,Geothermal
15,0.8201717260693003,invest,Boiler
4,0.0,C_heat_prod,HeatPump,15
4,0.05506481170654364,C_heat_prod,Geothermal,9
4,0.149024620056153,C_heat_prod,Geothermal,17
4,0.0,C_heat_prod,HeatPump,3
4,0.13338111877441475,C_heat_prod,Geothermal,16
4,0.007164611816406825,C_heat_prod,Geothermal,3
4,0.022084655761719325,C_heat_prod,Geothermal,5
4,0.0,C_heat_prod,HeatPump,17
4,0.18786434173584052,C_heat_prod,Geothermal,19
4,0.0,C_heat_prod,HeatPump,6
4,0.09490620930989652,C_heat_prod,Geothermal,13
4,0.014553680419922463,C_heat_prod,Geothermal,4
4,0.25281719207763753,C_heat_prod,Geothermal,21
4,0.21399482727050853,C_heat_prod,Geothermal,20
4,0.0,C_heat_prod,HeatPump,19
4,8.646647141397078e-7,C_heat_prod,HeatPump,2
4,0.0,C_heat_prod,HeatPump,12
4,8.646647141397078e-7,C_heat_prod,Geothermal,2
4,0.0,C_heat_prod,HeatPump,16
4,0.04622634887695375,C_heat_prod,Geothermal,8
4,0.16683003743489652,C_heat_prod,Geothermal,18
4,0.0,C_heat_prod,HeatPump,18
4,0.0,C_heat_prod,HeatPump,4
4,0.0,C_heat_prod,HeatPump,1
4,0.0,C_heat_prod,Geothermal,22
4,0.0,C_heat_prod,HeatPump,7
4,0.06419891357421925,C_heat_prod,Geothermal,10
4,0.0,C_heat_prod,HeatPump,22
4,0.0,C_heat_prod,HeatPump,13
4,0.0,C_heat_prod,HeatPump,8
4,0.0,C_heat_prod,HeatPump,9
4,0.0,C_heat_prod,HeatPump,14
4,0.11930062611897856,C_heat_prod,Geothermal,15
4,0.0,C_heat_prod,HeatPump,10
4,0.037912216186524,C_heat_prod,Geothermal,7
4,0.08419937133789125,C_heat_prod,Geothermal,12
4,0.029816029866536968,C_heat_prod,Geothermal,6
4,0.10652679443359414,C_heat_prod,Geothermal,14
4,0.0,C_heat_prod,HeatPump,11
4,0.0,C_heat_prod,HeatPump,20
4,0.0,C_heat_prod,Geothermal,1
4,0.0,C_heat_prod,HeatPump,21
4,0.07401997884114651,C_heat_prod,Geothermal,11
4,0.0,C_heat_prod,HeatPump,5
4,0.0,H_heat_unmet,4
4,0.0,H_heat_unmet,1
4,0.0,H_heat_unmet,12
4,0.0,H_heat_unmet,20
4,0.0,H_heat_unmet,2
4,0.0,H_heat_unmet,6
4,0.0,H_heat_unmet,22
4,0.0,H_heat_unmet,11
4,0.0,H_heat_unmet,13
4,0.0,H_heat_unmet,5
4,0.0,H_heat_unmet,15
4,0.0,H_heat_unmet,16
4,0.0,H_heat_unmet,14
4,0.0,H_heat_unmet,21
4,0.0,H_heat_unmet,7
4,0.0,H_heat_unmet,8
4,0.0,H_heat_unmet,17
4,0.0,H_heat_unmet,10
4,0.0,H_heat_unmet,19
4,0.0,H_heat_unmet,9
4,0.0,H_heat_unmet,18
4,0.0,H_heat_unmet,3
4,1.0,admin,HeatPump
4,1.0,admin,Geothermal
4,1.0,admin,Boiler
4,0.02928446827306426,invest_cumulative,HeatPump
4,0.013306168004086199,invest_cumulative,Geothermal
4,0.7281507659423299,invest_cumulative,Boiler
4,0.2841512298583975,H_heat_prod,Boiler,19
4,0.20304644266764274,H_heat_prod,HeatPump,15
4,0.373728459676105,H_heat_prod,Boiler,22
4,0.0,H_heat_prod,Boiler,12
4,0.0,H_heat_prod,Boiler,5
4,0.0,H_heat_prod,Geothermal,9
4,0.12448225263196289,H_heat_prod,Geothermal,17
4,0.015547714233397875,H_heat_prod,HeatPump,3
4,0.10481930176967713,H_heat_prod,Geothermal,16
4,0.259215189615885,H_heat_prod,Boiler,18
4,0.0,H_heat_prod,Boiler,2
4,0.0,H_heat_prod,Boiler,8
4,0.0,H_heat_prod,Geothermal,3
4,0.0,H_heat_prod,Boiler,14
4,0.0,H_heat_prod,Geothermal,5
4,0.0,H_heat_prod,HeatPump,17
4,0.0,H_heat_prod,Boiler,4
4,0.0,H_heat_prod,Boiler,13
4,0.0,H_heat_prod,Geothermal,19
4,0.0607692972819005,H_heat_prod,HeatPump,6
4,0.373728459676105,H_heat_prod,Boiler,21
4,0.0,H_heat_prod,Geothermal,13
4,0.0,H_heat_prod,Geothermal,4
4,0.0,H_heat_prod,Geothermal,21
4,0.0,H_heat_prod,Geothermal,20
4,0.0,H_heat_prod,HeatPump,19
4,6.612141921547027e-7,H_heat_prod,HeatPump,2
4,0.152301177978515,H_heat_prod,HeatPump,12
4,0.0,H_heat_prod,Geothermal,2
4,0.11560499429152013,H_heat_prod,HeatPump,16
4,0.0,H_heat_prod,Geothermal,8
4,0.0,H_heat_prod,Geothermal,18
4,0.0,H_heat_prod,HeatPump,18
4,0.0,H_heat_prod,Boiler,1
4,0.03084172566731725,H_heat_prod,HeatPump,4
4,0.0,H_heat_prod,Boiler,3
4,0.0,H_heat_prod,HeatPump,1
4,0.06240806016967727,H_heat_prod,Geothermal,22
4,0.07578445434570251,H_heat_prod,HeatPump,7
4,0.0,H_heat_prod,Geothermal,10
4,0.0,H_heat_prod,Boiler,16
4,0.35960490471476525,H_heat_prod,HeatPump,22
4,0.1686433410644525,H_heat_prod,HeatPump,13
4,0.09087005615234325,H_heat_prod,HeatPump,8
4,0.0,H_heat_prod,Boiler,6
4,0.11405435320299763,H_heat_prod,Boiler,17
4,0.0,H_heat_prod,Boiler,9
4,0.3196834818522125,H_heat_prod,Boiler,20
4,0.10595718383788999,H_heat_prod,HeatPump,9
4,0.1856039937337235,H_heat_prod,HeatPump,14
4,0.0,H_heat_prod,Geothermal,15
4,0.121185455322265,H_heat_prod,HeatPump,10
4,0.0,H_heat_prod,Geothermal,7
4,0.0,H_heat_prod,Boiler,11
4,0.0,H_heat_prod,Geothermal,12
4,0.0,H_heat_prod,Geothermal,6
4,0.0,H_heat_prod,Boiler,7
4,0.0,H_heat_prod,Geothermal,14
4,0.13662137349446551,H_heat_prod,HeatPump,11
4,0.0,H_heat_prod,HeatPump,20
4,0.0,H_heat_prod,Boiler,15
4,0.0,H_heat_prod,Geothermal,1
4,0.0,H_heat_prod,HeatPump,21
4,0.0,H_heat_prod,Geothermal,11
4,0.04587875366210875,H_heat_prod,HeatPump,5
4,0.0,H_heat_prod,Boiler,10
4,0.0,C_heat_unmet,4
4,0.0,C_heat_unmet,1
4,0.0,C_heat_unmet,12
4,0.0,C_heat_unmet,20
4,-8.64664714139708e-7,C_heat_unmet,2
4,0.0,C_heat_unmet,6
4,0.5082563781738275,C_heat_unmet,22
4,0.0,C_heat_unmet,11
4,0.0,C_heat_unmet,13
4,0.0,C_heat_unmet,5
4,0.0,C_heat_unmet,15
4,0.0,C_heat_unmet,16
4,0.0,C_heat_unmet,14
4,0.0,C_heat_unmet,21
4,0.0,C_heat_unmet,7
4,0.0,C_heat_unmet,8
4,0.0,C_heat_unmet,17
4,0.0,C_heat_unmet,10
4,0.0,C_heat_unmet,19
4,0.0,C_heat_unmet,9
4,0.0,C_heat_unmet,18
4,0.0,C_heat_unmet,3
4,0.0,invest_master,HeatPump
4,0.0,invest_master,Geothermal
4,0.3995610052386281,invest_master,Boiler
4,422349.5267142424,obj,
4,10.0,invest,HeatPump
4,0.013306168004086185,invest,Geothermal
4,0.4152538440845612,invest,Boiler
14,0.0,C_heat_prod,HeatPump,15
14,0.05506481170654351,C_heat_prod,Geothermal,9
14,0.149024620056153,C_heat_prod,Geothermal,17
14,0.0,C_heat_prod,HeatPump,3
14,0.13338111877441475,C_heat_prod,Geothermal,16
14,0.007164611816406825,C_heat_prod,Geothermal,3
14,0.022084655761719325,C_heat_prod,Geothermal,5
14,0.0,C_heat_prod,HeatPump,17
14,0.18786434173584052,C_heat_prod,Geothermal,19
14,0.0,C_heat_prod,HeatPump,6
14,0.09490620930989652,C_heat_prod,Geothermal,13
14,0.01455368041992245,C_heat_prod,Geothermal,4
14,0.21399482727050853,C_heat_prod,Geothermal,21
14,0.21399482727050853,C_heat_prod,Geothermal,20
14,0.0,C_heat_prod,HeatPump,19
14,8.646647141397078e-7,C_heat_prod,HeatPump,2
14,0.0,C_heat_prod,HeatPump,12
14,8.646647141397078e-7,C_heat_prod,Geothermal,2
14,0.0,C_heat_prod,HeatPump,16
14,0.04622634887695375,C_heat_prod,Geothermal,8
14,0.16683003743489652,C_heat_prod,Geothermal,18
14,0.0,C_heat_prod,HeatPump,18
14,0.0,C_heat_prod,HeatPump,4
14,0.0,C_heat_prod,HeatPump,1
14,0.0,C_heat_prod,Geothermal,22
14,0.0,C_heat_prod,HeatPump,7
14,0.06419891357421925,C_heat_prod,Geothermal,10
14,0.0,C_heat_prod,HeatPump,22
14,0.0,C_heat_prod,HeatPump,13
14,0.0,C_heat_prod,HeatPump,8
14,0.0,C_heat_prod,HeatPump,9
14,0.0,C_heat_prod,HeatPump,14
14,0.1193006261189785,C_heat_prod,Geothermal,15
14,0.0,C_heat_prod,HeatPump,10
14,0.037912216186524,C_heat_prod,Geothermal,7
14,0.08419937133789125,C_heat_prod,Geothermal,12
14,0.029816029866537003,C_heat_prod,Geothermal,6
14,0.10652679443359425,C_heat_prod,Geothermal,14
14,0.0,C_heat_prod,HeatPump,11
14,0.0,C_heat_prod,HeatPump,20
14,0.0,C_heat_prod,Geothermal,1
14,0.03882236480712903,C_heat_prod,HeatPump,21
14,0.07401997884114651,C_heat_prod,Geothermal,11
14,0.0,C_heat_prod,HeatPump,5
14,0.0,H_heat_unmet,4
14,0.0,H_heat_unmet,1
14,0.0,H_heat_unmet,12
14,0.0,H_heat_unmet,20
14,0.0,H_heat_unmet,2
14,0.0,H_heat_unmet,6
14,0.0,H_heat_unmet,22
14,0.0,H_heat_unmet,11
14,0.0,H_heat_unmet,13
14,0.0,H_heat_unmet,5
14,0.0,H_heat_unmet,15
14,0.0,H_heat_unmet,16
14,0.0,H_heat_unmet,14
14,0.0,H_heat_unmet,21
14,0.0,H_heat_unmet,7
14,0.0,H_heat_unmet,8
14,0.0,H_heat_unmet,17
14,0.0,H_heat_unmet,10
14,0.0,H_heat_unmet,19
14,0.0,H_heat_unmet,9
14,0.0,H_heat_unmet,18
14,0.0,H_heat_unmet,3
14,1.0,admin,HeatPump
14,1.0,admin,Geothermal
14,1.0,admin,Boiler
14,0.02928446827306426,invest_cumulative,HeatPump
14,0.013306168004086199,invest_cumulative,Geothermal
14,1.127711771180958,invest_cumulative,Boiler
14,0.2841512298583975,H_heat_prod,Boiler,19
14,0.20304644266764277,H_heat_prod,HeatPump,15
14,0.7957414245605476,H_heat_prod,Boiler,22
14,0.0,H_heat_prod,Boiler,12
14,0.0,H_heat_prod,Boiler,5
14,0.0,H_heat_prod,Geothermal,9
14,0.10536687766882673,H_heat_prod,Geothermal,17
14,0.015547714233397875,H_heat_prod,HeatPump,3
14,0.0831333668655057,H_heat_prod,Geothermal,16
14,0.259215189615885,H_heat_prod,Boiler,18
14,0.0,H_heat_prod,Boiler,2
14,0.0,H_heat_prod,Boiler,8
14,0.0,H_heat_prod,Geothermal,3
14,0.0,H_heat_prod,Boiler,14
14,0.0,H_heat_prod,Geothermal,5
14,0.0,H_heat_prod,HeatPump,17
14,0.0,H_heat_prod,Boiler,4
14,0.0,H_heat_prod,Boiler,13
14,0.0,H_heat_prod,Geothermal,19
14,0.0607692972819005,H_heat_prod,HeatPump,6
14,0.373728459676105,H_heat_prod,Boiler,21
14,0.0,H_heat_prod,Geothermal,13
14,0.0,H_heat_prod,Geothermal,4
14,0.0,H_heat_prod,Geothermal,21
14,0.0,H_heat_prod,Geothermal,20
14,0.0,H_heat_prod,HeatPump,19
14,6.612141921547027e-7,H_heat_prod,HeatPump,2
14,0.152301177978515,H_heat_prod,HeatPump,12
14,0.0,H_heat_prod,Geothermal,2
14,0.13729092919569158,H_heat_prod,HeatPump,16
14,0.0,H_heat_prod,Geothermal,8
14,0.0,H_heat_prod,Geothermal,18
14,0.0,H_heat_prod,HeatPump,18
14,0.0,H_heat_prod,Boiler,1
14,0.03084172566731725,H_heat_prod,HeatPump,4
14,0.0,H_heat_prod,Boiler,3
14,0.0,H_heat_prod,HeatPump,1
14,0.0,H_heat_prod,Geothermal,22
14,0.07578445434570251,H_heat_prod,HeatPump,7
14,0.0,H_heat_prod,Geothermal,10
14,0.0,H_heat_prod,Boiler,16
14,0.0,H_heat_prod,HeatPump,22
14,0.1686433410644525,H_heat_prod,HeatPump,13
14,0.09087005615234325,H_heat_prod,HeatPump,8
14,0.0,H_heat_prod,Boiler,6
14,0.1331697281661338,H_heat_prod,Boiler,17
14,0.0,H_heat_prod,Boiler,9
14,0.3196834818522125,H_heat_prod,Boiler,20
14,0.10595718383788999,H_heat_prod,HeatPump,9
14,0.1856039937337235,H_heat_prod,HeatPump,14
14,0.0,H_heat_prod,Geothermal,15
14,0.12118545532226499,H_heat_prod,HeatPump,10
14,0.0,H_heat_prod,Geothermal,7
14,0.0,H_heat_prod,Boiler,11
14,0.0,H_heat_prod,Geothermal,12
14,0.0,H_heat_prod,Geothermal,6
14,0.0,H_heat_prod,Boiler,7
14,0.0,H_heat_prod,Geothermal,14
14,0.13662137349446551,H_heat_prod,HeatPump,11
14,0.0,H_heat_prod,HeatPump,20
14,0.0,H_heat_prod,Boiler,15
14,0.0,H_heat_prod,Geothermal,1
14,0.0,H_heat_prod,HeatPump,21
14,0.0,H_heat_prod,Geothermal,11
14,0.04587875366210875,H_heat_prod,HeatPump,5
14,0.0,H_heat_prod,Boiler,10
14,0.0,C_heat_unmet,4
14,0.0,C_heat_unmet,1
14,0.0,C_heat_unmet,12
14,0.0,C_heat_unmet,20
14,-8.64664714139708e-7,C_heat_unmet,2
14,0.0,C_heat_unmet,6
14,0.5082563781738275,C_heat_unmet,22
14,0.0,C_heat_unmet,11
14,0.0,C_heat_unmet,13
14,0.0,C_heat_unmet,5
14,0.0,C_heat_unmet,15
14,0.0,C_heat_unmet,16
14,0.0,C_heat_unmet,14
14,0.0,C_heat_unmet,21
14,0.0,C_heat_unmet,7
14,0.0,C_heat_unmet,8
14,0.0,C_heat_unmet,17
14,0.0,C_heat_unmet,10
14,0.0,C_heat_unmet,19
14,0.0,C_heat_unmet,9
14,0.0,C_heat_unmet,18
14,0.0,C_heat_unmet,3
14,0.055040847727496955,invest_master,HeatPump
14,0.013306168004086186,invest_master,Geothermal
14,0.4152538440845612,invest_master,Boiler
14,368373.3491725937,obj,
14,10.0,invest,HeatPump
14,0.011262885645816238,invest,Geothermal
14,10.0,invest,Boiler
10,0.0,C_heat_prod,HeatPump,15
10,0.05506481170654351,C_heat_prod,Geothermal,9
10,0.149024620056153,C_heat_prod,Geothermal,17
10,0.0,C_heat_prod,HeatPump,3
10,0.13338111877441475,C_heat_prod,Geothermal,16
10,0.007164611816406825,C_heat_prod,Geothermal,3
10,0.022084655761719325,C_heat_prod,Geothermal,5
10,0.0,C_heat_prod,HeatPump,17
10,0.18786434173584052,C_heat_prod,Geothermal,19
10,0.0,C_heat_prod,HeatPump,6
10,0.09490620930989652,C_heat_prod,Geothermal,13
10,0.01455368041992245,C_heat_prod,Geothermal,4
10,0.21399482727050853,C_heat_prod,Geothermal,21
10,0.21399482727050853,C_heat_prod,Geothermal,20
10,0.0,C_heat_prod,HeatPump,19
10,8.646647141397078e-7,C_heat_prod,HeatPump,2
10,0.0,C_heat_prod,HeatPump,12
10,8.646647141397078e-7,C_heat_prod,Geothermal,2
10,0.0,C_heat_prod,HeatPump,16
10,0.04622634887695375,C_heat_prod,Geothermal,8
10,0.16683003743489652,C_heat_prod,Geothermal,18
10,0.0,C_heat_prod,HeatPump,18
10,0.0,C_heat_prod,HeatPump,4
10,0.0,C_heat_prod,HeatPump,1
10,0.0,C_heat_prod,Geothermal,22
10,0.0,C_heat_prod,HeatPump,7
10,0.06419891357421925,C_heat_prod,Geothermal,10
10,0.0,C_heat_prod,HeatPump,22
10,0.0,C_heat_prod,HeatPump,13
10,0.0,C_heat_prod,HeatPump,8
10,0.0,C_heat_prod,HeatPump,9
10,0.0,C_heat_prod,HeatPump,14
10,0.1193006261189785,C_heat_prod,Geothermal,15
10,0.0,C_heat_prod,HeatPump,10
10,0.037912216186524,C_heat_prod,Geothermal,7
10,0.08419937133789125,C_heat_prod,Geothermal,12
10,0.029816029866537003,C_heat_prod,Geothermal,6
10,0.10652679443359425,C_heat_prod,Geothermal,14
10,0.0,C_heat_prod,HeatPump,11
10,0.0,C_heat_prod,HeatPump,20
10,0.0,C_heat_prod,Geothermal,1
10,0.03882236480712903,C_heat_prod,HeatPump,21
10,0.07401997884114651,C_heat_prod,Geothermal,11
10,0.0,C_heat_prod,HeatPump,5
10,0.0,H_heat_unmet,4
10,0.0,H_heat_unmet,1
10,0.0,H_heat_unmet,12
10,0.0,H_heat_unmet,20
10,0.0,H_heat_unmet,2
10,0.0,H_heat_unmet,6
10,0.0,H_heat_unmet,22
10,0.0,H_heat_unmet,11
10,0.0,H_heat_unmet,13
10,0.0,H_heat_unmet,5
10,0.0,H_heat_unmet,15
10,0.0,H_heat_unmet,16
10,0.0,H_heat_unmet,14
10,0.0,H_heat_unmet,21
10,0.0,H_heat_unmet,7
10,0.0,H_heat_unmet,8
10,0.0,H_heat_unmet,17
10,0.0,H_heat_unmet,10
10,0.0,H_heat_unmet,19
10,0.0,H_heat_unmet,9
10,0.0,H_heat_unmet,18
10,0.0,H_heat_unmet,3
10,1.0,admin,HeatPump
10,1.0,admin,Geothermal
10,1.0,admin,Boiler
10,0.02928446827306426,invest_cumulative,HeatPump
10,0.013306168004086199,invest_cumulative,Geothermal
10,0.7281507659423299,invest_cumulative,Boiler
10,0.2841512298583975,H_heat_prod,Boiler,19
10,0.20304644266764274,H_heat_prod,HeatPump,15
10,0.373728459676105,H_heat_prod,Boiler,22
10,0.0,H_heat_prod,Boiler,12
10,0.0,H_heat_prod,Boiler,5
10,0.0,H_heat_prod,Geothermal,9
10,0.10536687766882673,H_heat_prod,Geothermal,17
10,0.015547714233397875,H_heat_prod,HeatPump,3
10,0.1091635340467566,H_heat_prod,Geothermal,16
10,0.22476175557153083,H_heat_prod,Boiler,18
10,0.0,H_heat_prod,Boiler,2
10,0.0,H_heat_prod,Boiler,8
10,0.0,H_heat_prod,Geothermal,3
10,0.0,H_heat_prod,Boiler,14
10,0.0,H_heat_prod,Geothermal,5
10,0.0,H_heat_prod,HeatPump,17
10,0.0,H_heat_prod,Boiler,4
10,0.0,H_heat_prod,Boiler,13
10,0.0,H_heat_prod,Geothermal,19
10,0.0607692972819005,H_heat_prod,HeatPump,6
10,0.373728459676105,H_heat_prod,Boiler,21
10,0.0,H_heat_prod,Geothermal,13
10,0.0,H_heat_prod,Geothermal,4
10,0.0,H_heat_prod,Geothermal,21
10,0.0,H_heat_prod,Geothermal,20
10,0.0,H_heat_prod,HeatPump,19
10,6.612141921547027e-7,H_heat_prod,HeatPump,2
10,0.152301177978515,H_heat_prod,HeatPump,12
10,0.0,H_heat_prod,Geothermal,2
10,0.11126076201444066,H_heat_prod,HeatPump,16
10,0.0,H_heat_prod,Geothermal,8
10,0.034453434044354185,H_heat_prod,Geothermal,18
10,0.0,H_heat_prod,HeatPump,18
10,0.0,H_heat_prod,Boiler,1
10,0.03084172566731725,H_heat_prod,HeatPump,4
10,0.0,H_heat_prod,Boiler,3
10,0.0,H_heat_prod,HeatPump,1
10,0.05282473848612482,H_heat_prod,Geothermal,22
10,0.07578445434570251,H_heat_prod,HeatPump,7
10,0.0,H_heat_prod,Geothermal,10
10,0.0,H_heat_prod,Boiler,16
10,0.3691882263983177,H_heat_prod,HeatPump,22
10,0.1686433410644525,H_heat_prod,HeatPump,13
10,0.09087005615234325,H_heat_prod,HeatPump,8
10,0.0,H_heat_prod,Boiler,6
10,0.1331697281661338,H_heat_prod,Boiler,17
10,0.0,H_heat_prod,Boiler,9
10,0.3196834818522125,H_heat_prod,Boiler,20
10,0.10595718383788999,H_heat_prod,HeatPump,9
10,0.1856039937337235,H_heat_prod,HeatPump,14
10,0.0,H_heat_prod,Geothermal,15
10,0.121185455322265,H_heat_prod,HeatPump,10
10,0.0,H_heat_prod,Geothermal,7
10,0.0,H_heat_prod,Boiler,11
10,0.0,H_heat_prod,Geothermal,12
10,0.0,H_heat_prod,Geothermal,6
10,0.0,H_heat_prod,Boiler,7
10,0.0,H_heat_prod,Geothermal,14
10,0.13662137349446551,H_heat_prod,HeatPump,11
10,0.0,H_heat_prod,HeatPump,20
10,0.0,H_heat_prod,Boiler,15
10,0.0,H_heat_prod,Geothermal,1
10,0.0,H_heat_prod,HeatPump,21
10,0.0,H_heat_prod,Geothermal,11
10,0.04587875366210875,H_heat_prod,HeatPump,5
10,0.0,H_heat_prod,Boiler,10
10,0.0,C_heat_unmet,4
10,0.0,C_heat_unmet,1
10,0.0,C_heat_unmet,12
10,0.0,C_heat_unmet,20
10,-8.64664714139708e-7,C_heat_unmet,2
10,0.0,C_heat_unmet,6
10,0.5082563781738275,C_heat_unmet,22
10,0.0,C_heat_unmet,11
10,0.0,C_heat_unmet,13
10,0.0,C_heat_unmet,5
10,0.0,C_heat_unmet,15
10,0.0,C_heat_unmet,16
10,0.0,C_heat_unmet,14
10,0.0,C_heat_unmet,21
10,0.0,C_heat_unmet,7
10,0.0,C_heat_unmet,8
10,0.0,C_heat_unmet,17
10,0.0,C_heat_unmet,10
10,0.0,C_heat_unmet,19
10,0.0,C_heat_unmet,9
10,0.0,C_heat_unmet,18
10,0.0,C_heat_unmet,3
10,0.0,invest_master,HeatPump
10,0.0,invest_master,Geothermal
10,0.08666408338085949,invest_master,Boiler
10,369432.67506990815,obj,
10,10.0,invest,HeatPump
10,0.011262885645816238,invest,Geothermal
10,0.4152538440845612,invest,Boiler
9,0.0,C_heat_prod,HeatPump,15
9,0.05506481170654351,C_heat_prod,Geothermal,9
9,0.149024620056153,C_heat_prod,Geothermal,17
9,0.0,C_heat_prod,HeatPump,3
9,0.13338111877441475,C_heat_prod,Geothermal,16
9,0.007164611816406825,C_heat_prod,Geothermal,3
9,0.022084655761719325,C_heat_prod,Geothermal,5
9,0.0,C_heat_prod,HeatPump,17
9,0.18786434173584052,C_heat_prod,Geothermal,19
9,0.0,C_heat_prod,HeatPump,6
9,0.09490620930989652,C_heat_prod,Geothermal,13
9,0.01455368041992245,C_heat_prod,Geothermal,4
9,0.21399482727050853,C_heat_prod,Geothermal,21
9,0.21399482727050853,C_heat_prod,Geothermal,20
9,0.0,C_heat_prod,HeatPump,19
9,8.646647141397078e-7,C_heat_prod,HeatPump,2
9,0.0,C_heat_prod,HeatPump,12
9,8.646647141397078e-7,C_heat_prod,Geothermal,2
9,0.0,C_heat_prod,HeatPump,16
9,0.04622634887695375,C_heat_prod,Geothermal,8
9,0.16683003743489652,C_heat_prod,Geothermal,18
9,0.0,C_heat_prod,HeatPump,18
9,0.0,C_heat_prod,HeatPump,4
9,0.0,C_heat_prod,HeatPump,1
9,0.0,C_heat_prod,Geothermal,22
9,0.0,C_heat_prod,HeatPump,7
9,0.06419891357421925,C_heat_prod,Geothermal,10
9,0.0,C_heat_prod,HeatPump,22
9,0.0,C_heat_prod,HeatPump,13
9,0.0,C_heat_prod,HeatPump,8
9,0.0,C_heat_prod,HeatPump,9
9,0.0,C_heat_prod,HeatPump,14
9,0.1193006261189785,C_heat_prod,Geothermal,15
9,0.0,C_heat_prod,HeatPump,10
9,0.037912216186524,C_heat_prod,Geothermal,7
9,0.08419937133789125,C_heat_prod,Geothermal,12
9,0.029816029866537003,C_heat_prod,Geothermal,6
9,0.10652679443359425,C_heat_prod,Geothermal,14
9,0.0,C_heat_prod,HeatPump,11
9,0.0,C_heat_prod,HeatPump,20
9,0.0,C_heat_prod,Geothermal,1
9,0.03882236480712903,C_heat_prod,HeatPump,21
9,0.07401997884114651,C_heat_prod,Geothermal,11
9,0.0,C_heat_prod,HeatPump,5
9,0.0,H_heat_unmet,4
9,0.0,H_heat_unmet,1
9,0.0,H_heat_unmet,12
9,0.0,H_heat_unmet,20
9,0.0,H_heat_unmet,2
9,0.0,H_heat_unmet,6
9,0.0,H_heat_unmet,22
9,0.0,H_heat_unmet,11
9,0.0,H_heat_unmet,13
9,0.0,H_heat_unmet,5
9,0.0,H_heat_unmet,15
9,0.0,H_heat_unmet,16
9,0.0,H_heat_unmet,14
9,0.0,H_heat_unmet,21
9,0.0,H_heat_unmet,7
9,0.0,H_heat_unmet,8
9,0.0,H_heat_unmet,17
9,0.0,H_heat_unmet,10
9,0.0,H_heat_unmet,19
9,0.0,H_heat_unmet,9
9,0.0,H_heat_unmet,18
9,0.0,H_heat_unmet,3
9,1.0,admin,HeatPump
9,1.0,admin,Geothermal
9,1.0,admin,Boiler
9,0.02928446827306426,invest_cumulative,HeatPump
9,0.013306168004086199,invest_cumulative,Geothermal
9,1.127711771180958,invest_cumulative,Boiler
9,0.2841512298583975,H_heat_prod,Boiler,19
9,0.20304644266764277,H_heat_prod,HeatPump,15
9,0.7957414245605476,H_heat_prod,Boiler,22
9,0.0,H_heat_prod,Boiler,12
9,0.0,H_heat_prod,Boiler,5
9,0.0,H_heat_prod,Geothermal,9
9,0.10536687766882673,H_heat_prod,Geothermal,17
9,0.015547714233397875,H_heat_prod,HeatPump,3
9,0.08575890325169763,H_heat_prod,Geothermal,16
9,0.259215189615885,H_heat_prod,Boiler,18
9,0.0,H_heat_prod,Boiler,2
9,0.0,H_heat_prod,Boiler,8
9,0.0,H_heat_prod,Geothermal,3
9,0.0,H_heat_prod,Boiler,14
9,0.0,H_heat_prod,Geothermal,5
9,0.0,H_heat_prod,HeatPump,17
9,0.0,H_heat_prod,Boiler,4
9,0.0,H_heat_prod,Boiler,13
9,0.0,H_heat_prod,Geothermal,19
9,0.0607692972819005,H_heat_prod,HeatPump,6
9,0.373728459676105,H_heat_prod,Boiler,21
9,0.0,H_heat_prod,Geothermal,13
9,0.0,H_heat_prod,Geothermal,4
9,0.0,H_heat_prod,Geothermal,21
9,0.0,H_heat_prod,Geothermal,20
9,0.0,H_heat_prod,HeatPump,19
9,6.612141921547027e-7,H_heat_prod,HeatPump,2
9,0.152301177978515,H_heat_prod,HeatPump,12
9,0.0,H_heat_prod,Geothermal,2
9,0.13466539280949963,H_heat_prod,HeatPump,16
9,0.0,H_heat_prod,Geothermal,8
9,0.0,H_heat_prod,Geothermal,18
9,0.0,H_heat_prod,HeatPump,18
9,0.0,H_heat_prod,Boiler,1
9,0.03084172566731725,H_heat_prod,HeatPump,4
9,0.0,H_heat_prod,Boiler,3
9,0.0,H_heat_prod,HeatPump,1
9,0.0,H_heat_prod,Geothermal,22
9,0.07578445434570251,H_heat_prod,HeatPump,7
9,0.0,H_heat_prod,Geothermal,10
9,0.0,H_heat_prod,Boiler,16
9,0.0,H_heat_prod,HeatPump,22
9,0.1686433410644525,H_heat_prod,HeatPump,13
9,0.09087005615234325,H_heat_prod,HeatPump,8
9,0.0,H_heat_prod,Boiler,6
9,0.1331697281661338,H_heat_prod,Boiler,17
9,0.0,H_heat_prod,Boiler,9
9,0.3196834818522125,H_heat_prod,Boiler,20
9,0.10595718383788999,H_heat_prod,HeatPump,9
9,0.1856039937337235,H_heat_prod,HeatPump,14
9,0.0,H_heat_prod,Geothermal,15
9,0.12118545532226499,H_heat_prod,HeatPump,10
9,0.0,H_heat_prod,Geothermal,7
9,0.0,H_heat_prod,Boiler,11
9,0.0,H_heat_prod,Geothermal,12
9,0.0,H_heat_prod,Geothermal,6
9,0.0,H_heat_prod,Boiler,7
9,0.0,H_heat_prod,Geothermal,14
9,0.13662137349446551,H_heat_prod,HeatPump,11
9,0.0,H_heat_prod,HeatPump,20
9,0.0,H_heat_prod,Boiler,15
9,0.0,H_heat_prod,Geothermal,1
9,0.0,H_heat_prod,HeatPump,21
9,0.0,H_heat_prod,Geothermal,11
9,0.04587875366210875,H_heat_prod,HeatPump,5
9,0.0,H_heat_prod,Boiler,10
9,0.0,C_heat_unmet,4
9,0.0,C_heat_unmet,1
9,0.0,C_heat_unmet,12
9,0.0,C_heat_unmet,20
9,-8.64664714139708e-7,C_heat_unmet,2
9,0.0,C_heat_unmet,6
9,0.5082563781738275,C_heat_unmet,22
9,0.0,C_heat_unmet,11
9,0.0,C_heat_unmet,13
9,0.0,C_heat_unmet,5
9,0.0,C_heat_unmet,15
9,0.0,C_heat_unmet,16
9,0.0,C_heat_unmet,14
9,0.0,C_heat_unmet,21
9,0.0,C_heat_unmet,7
9,0.0,C_heat_unmet,8
9,0.0,C_heat_unmet,17
9,0.0,C_heat_unmet,10
9,0.0,C_heat_unmet,19
9,0.0,C_heat_unmet,9
9,0.0,C_heat_unmet,18
9,0.0,C_heat_unmet,3
9,0.0,invest_master,HeatPump
9,0.0,invest_master,Geothermal
9,0.0,invest_master,Boiler
9,414754.324924172,obj,
9,10.0,invest,HeatPump
9,0.011262885645816238,invest,Geothermal
9,10.0,invest,Boiler
20,0.0,C_heat_prod,HeatPump,15
20,0.05506481170654351,C_heat_prod,Geothermal,9
20,0.149024620056153,C_heat_prod,Geothermal,17
20,0.0,C_heat_prod,HeatPump,3
20,0.13338111877441475,C_heat_prod,Geothermal,16
20,0.007164611816406825,C_heat_prod,Geothermal,3
20,0.022084655761719325,C_heat_prod,Geothermal,5
20,0.0,C_heat_prod,HeatPump,17
20,0.18786434173584052,C_heat_prod,Geothermal,19
20,0.0,C_heat_prod,HeatPump,6
20,0.09490620930989652,C_heat_prod,Geothermal,13
20,0.01455368041992245,C_heat_prod,Geothermal,4
20,0.25281719207763753,C_heat_prod,Geothermal,21
20,0.21399482727050853,C_heat_prod,Geothermal,20
20,0.0,C_heat_prod,HeatPump,19
20,8.646647141397078e-7,C_heat_prod,HeatPump,2
20,0.0,C_heat_prod,HeatPump,12
20,8.646647141397078e-7,C_heat_prod,Geothermal,2
20,0.0,C_heat_prod,HeatPump,16
20,0.04622634887695375,C_heat_prod,Geothermal,8
20,0.16683003743489652,C_heat_prod,Geothermal,18
20,0.0,C_heat_prod,HeatPump,18
20,0.0,C_heat_prod,HeatPump,4
20,0.0,C_heat_prod,HeatPump,1
20,0.0,C_heat_prod,Geothermal,22
20,0.0,C_heat_prod,HeatPump,7
20,0.06419891357421925,C_heat_prod,Geothermal,10
20,0.0,C_heat_prod,HeatPump,22
20,0.0,C_heat_prod,HeatPump,13
20,0.0,C_heat_prod,HeatPump,8
20,0.0,C_heat_prod,HeatPump,9
20,0.0,C_heat_prod,HeatPump,14
20,0.1193006261189785,C_heat_prod,Geothermal,15
20,0.0,C_heat_prod,HeatPump,10
20,0.037912216186524,C_heat_prod,Geothermal,7
20,0.08419937133789125,C_heat_prod,Geothermal,12
20,0.029816029866537003,C_heat_prod,Geothermal,6
20,0.10652679443359425,C_heat_prod,Geothermal,14
20,0.0,C_heat_prod,HeatPump,11
20,0.0,C_heat_prod,HeatPump,20
20,0.0,C_heat_prod,Geothermal,1
20,0.0,C_heat_prod,HeatPump,21
20,0.07401997884114651,C_heat_prod,Geothermal,11
20,0.0,C_heat_prod,HeatPump,5
20,0.0,H_heat_unmet,4
20,0.0,H_heat_unmet,1
20,0.0,H_heat_unmet,12
20,0.0,H_heat_unmet,20
20,0.0,H_heat_unmet,2
20,0.0,H_heat_unmet,6
20,0.0,H_heat_unmet,22
20,0.0,H_heat_unmet,11
20,0.0,H_heat_unmet,13
20,0.0,H_heat_unmet,5
20,0.0,H_heat_unmet,15
20,0.0,H_heat_unmet,16
20,0.0,H_heat_unmet,14
20,0.0,H_heat_unmet,21
20,0.0,H_heat_unmet,7
20,0.0,H_heat_unmet,8
20,0.0,H_heat_unmet,17
20,0.0,H_heat_unmet,10
20,0.0,H_heat_unmet,19
20,0.0,H_heat_unmet,9
20,0.0,H_heat_unmet,18
20,0.0,H_heat_unmet,3
20,1.0,admin,HeatPump
20,1.0,admin,Geothermal
20,1.0,admin,Boiler
20,0.10573030514399982,invest_cumulative,HeatPump
20,0.013306168004086186,invest_cumulative,Geothermal
20,0.5019179274654206,invest_cumulative,Boiler
20,0.2841512298583975,H_heat_prod,Boiler,19
20,0.20304644266764277,H_heat_prod,HeatPump,15
20,0.7333333643908703,H_heat_prod,Boiler,22
20,0.0,H_heat_prod,Boiler,12
20,0.0,H_heat_prod,Boiler,5
20,0.0,H_heat_prod,Geothermal,9
20,0.12448225263196289,H_heat_prod,Geothermal,17
20,0.015547714233397875,H_heat_prod,HeatPump,3
20,0.12896768817727416,H_heat_prod,Geothermal,16
20,0.2485716255122643,H_heat_prod,Boiler,18
20,0.0,H_heat_prod,Boiler,2
20,0.0,H_heat_prod,Boiler,8
20,0.0,H_heat_prod,Geothermal,3
20,0.0,H_heat_prod,Boiler,14
20,0.0,H_heat_prod,Geothermal,5
20,0.0,H_heat_prod,HeatPump,17
20,0.0,H_heat_prod,Boiler,4
20,0.0,H_heat_prod,Boiler,13
20,0.0,H_heat_prod,Geothermal,19
20,0.0607692972819005,H_heat_prod,HeatPump,6
20,0.373728459676105,H_heat_prod,Boiler,21
20,0.0,H_heat_prod,Geothermal,13
20,0.0,H_heat_prod,Geothermal,4
20,0.0,H_heat_prod,Geothermal,21
20,0.0,H_heat_prod,Geothermal,20
20,0.0,H_heat_prod,HeatPump,19
20,6.612141921547027e-7,H_heat_prod,HeatPump,2
20,0.152301177978515,H_heat_prod,HeatPump,12
20,0.0,H_heat_prod,Geothermal,2
20,0.0914566078839231,H_heat_prod,HeatPump,16
20,0.0,H_heat_prod,Geothermal,8
20,0.010643564103620714,H_heat_prod,Geothermal,18
20,0.0,H_heat_prod,HeatPump,18
20,0.0,H_heat_prod,Boiler,1
20,0.03084172566731725,H_heat_prod,HeatPump,4
20,0.0,H_heat_prod,Boiler,3
20,0.0,H_heat_prod,HeatPump,1
20,0.06240806016967727,H_heat_prod,Geothermal,22
20,0.07578445434570251,H_heat_prod,HeatPump,7
20,0.0,H_heat_prod,Geothermal,10
20,0.0,H_heat_prod,Boiler,16
20,0.0,H_heat_prod,HeatPump,22
20,0.1686433410644525,H_heat_prod,HeatPump,13
20,0.09087005615234325,H_heat_prod,HeatPump,8
20,0.0,H_heat_prod,Boiler,6
20,0.11405435320299763,H_heat_prod,Boiler,17
20,0.0,H_heat_prod,Boiler,9
20,0.3196834818522125,H_heat_prod,Boiler,20
20,0.10595718383788999,H_heat_prod,HeatPump,9
20,0.1856039937337235,H_heat_prod,HeatPump,14
20,0.0,H_heat_prod,Geothermal,15
20,0.12118545532226499,H_heat_prod,HeatPump,10
20,0.0,H_heat_prod,Geothermal,7
20,0.0,H_heat_prod,Boiler,11
20,0.0,H_heat_prod,Geothermal,12
20,0.0,H_heat_prod,Geothermal,6
20,0.0,H_heat_prod,Boiler,7
20,0.0,H_heat_prod,Geothermal,14
20,0.13662137349446551,H_heat_prod,HeatPump,11
20,0.0,H_heat_prod,HeatPump,20
20,0.0,H_heat_prod,Boiler,15
20,0.0,H_heat_prod,Geothermal,1
20,0.0,H_heat_prod,HeatPump,21
20,0.0,H_heat_prod,Geothermal,11
20,0.04587875366210875,H_heat_prod,HeatPump,5
20,0.0,H_heat_prod,Boiler,10
20,0.0,C_heat_unmet,4
20,0.0,C_heat_unmet,1
20,0.0,C_heat_unmet,12
20,0.0,C_heat_unmet,20
20,-8.646647141036596e-7,C_heat_unmet,2
20,0.0,C_heat_unmet,6
20,0.5082563781738275,C_heat_unmet,22
20,0.0,C_heat_unmet,11
20,0.0,C_heat_unmet,13
20,0.0,C_heat_unmet,5
20,0.0,C_heat_unmet,15
20,0.0,C_heat_unmet,16
20,0.0,C_heat_unmet,14
20,0.0,C_heat_unmet,21
20,0.0,C_heat_unmet,7
20,0.0,C_heat_unmet,8
20,0.0,C_heat_unmet,17
20,0.0,C_heat_unmet,10
20,0.0,C_heat_unmet,19
20,0.0,C_heat_unmet,9
20,0.0,C_heat_unmet,18
20,0.0,C_heat_unmet,3
20,0.0,invest_master,HeatPump
20,0.0,invest_master,Geothermal
20,0.0,invest_master,Boiler
20,352466.360130759,obj,
20,10.0,invest,HeatPump
20,0.013306168004086185,invest,Geothermal
20,0.8148148493231893,invest,Boiler
6,0.0,C_heat_prod,HeatPump,15
6,0.05506481170654351,C_heat_prod,Geothermal,9
6,0.149024620056153,C_heat_prod,Geothermal,17
6,0.0,C_heat_prod,HeatPump,3
6,0.13338111877441475,C_heat_prod,Geothermal,16
6,0.007164611816406825,C_heat_prod,Geothermal,3
6,0.022084655761719325,C_heat_prod,Geothermal,5
6,0.0,C_heat_prod,HeatPump,17
6,0.18786434173584052,C_heat_prod,Geothermal,19
6,0.0,C_heat_prod,HeatPump,6
6,0.09490620930989652,C_heat_prod,Geothermal,13
6,0.01455368041992245,C_heat_prod,Geothermal,4
6,0.21399482727050853,C_heat_prod,Geothermal,21
6,0.21399482727050853,C_heat_prod,Geothermal,20
6,0.0,C_heat_prod,HeatPump,19
6,8.646647141397078e-7,C_heat_prod,HeatPump,2
6,0.0,C_heat_prod,HeatPump,12
6,8.646647141397078e-7,C_heat_prod,Geothermal,2
6,0.0,C_heat_prod,HeatPump,16
6,0.04622634887695375,C_heat_prod,Geothermal,8
6,0.16683003743489652,C_heat_prod,Geothermal,18
6,0.0,C_heat_prod,HeatPump,18
6,0.0,C_heat_prod,HeatPump,4
6,0.0,C_heat_prod,HeatPump,1
6,0.21399482727050853,C_heat_prod,Geothermal,22
6,0.0,C_heat_prod,HeatPump,7
6,0.06419891357421925,C_heat_prod,Geothermal,10
6,0.294261550903319,C_heat_prod,HeatPump,22
6,0.0,C_heat_prod,HeatPump,13
6,0.0,C_heat_prod,HeatPump,8
6,0.0,C_heat_prod,HeatPump,9
6,0.0,C_heat_prod,HeatPump,14
6,0.1193006261189785,C_heat_prod,Geothermal,15
6,0.0,C_heat_prod,HeatPump,10
6,0.037912216186524,C_heat_prod,Geothermal,7
6,0.08419937133789125,C_heat_prod,Geothermal,12
6,0.029816029866537003,C_heat_prod,Geothermal,6
6,0.10652679443359425,C_heat_prod,Geothermal,14
6,0.0,C_heat_prod,HeatPump,11
6,0.0,C_heat_prod,HeatPump,20
6,0.0,C_heat_prod,Geothermal,1
6,0.03882236480712903,C_heat_prod,HeatPump,21
6,0.07401997884114651,C_heat_prod,Geothermal,11
6,0.0,C_heat_prod,HeatPump,5
6,0.0,H_heat_unmet,4
6,0.0,H_heat_unmet,1
6,0.0,H_heat_unmet,12
6,0.0,H_heat_unmet,20
6,0.0,H_heat_unmet,2
6,0.0,H_heat_unmet,6
6,0.0,H_heat_unmet,22
6,0.0,H_heat_unmet,11
6,0.0,H_heat_unmet,13
6,0.0,H_heat_unmet,5
6,0.0,H_heat_unmet,15
6,0.0,H_heat_unmet,16
6,0.0,H_heat_unmet,14
6,0.0,H_heat_unmet,21
6,0.0,H_heat_unmet,7
6,0.0,H_heat_unmet,8
6,0.0,H_heat_unmet,17
6,0.0,H_heat_unmet,10
6,0.0,H_heat_unmet,19
6,0.0,H_heat_unmet,9
6,0.0,H_heat_unmet,18
6,0.0,H_heat_unmet,3
6,1.0,admin,HeatPump
6,1.0,admin,Geothermal
6,1.0,admin,Boiler
6,0.02928446827306426,invest_cumulative,HeatPump
6,0.013306168004086199,invest_cumulative,Geothermal
6,0.7281507659423299,invest_cumulative,Boiler
6,0.2841512298583975,H_heat_prod,Boiler,19
6,0.20304644266764274,H_heat_prod,HeatPump,15
6,0.5740377724176039,H_heat_prod,Boiler,22
6,0.0,H_heat_prod,Boiler,12
6,0.0,H_heat_prod,Boiler,5
6,0.0,H_heat_prod,Geothermal,9
6,0.10536687766882673,H_heat_prod,Geothermal,17
6,0.015547714233397875,H_heat_prod,HeatPump,3
6,0.1091635340467566,H_heat_prod,Geothermal,16
6,0.22837624944291596,H_heat_prod,Boiler,18
6,0.0,H_heat_prod,Boiler,2
6,0.0,H_heat_prod,Boiler,8
6,0.0,H_heat_prod,Geothermal,3
6,0.0,H_heat_prod,Boiler,14
6,0.0,H_heat_prod,Geothermal,5
6,0.0,H_heat_prod,HeatPump,17
6,0.0,H_heat_prod,Boiler,4
6,0.0,H_heat_prod,Boiler,13
6,0.0,H_heat_prod,Geothermal,19
6,0.0607692972819005,H_heat_prod,HeatPump,6
6,0.373728459676105,H_heat_prod,Boiler,21
6,0.0,H_heat_prod,Geothermal,13
6,0.0,H_heat_prod,Geothermal,4
6,0.0,H_heat_prod,Geothermal,21
6,0.0,H_heat_prod,Geothermal,20
6,0.0,H_heat_prod,HeatPump,19
6,6.612141921547027e-7,H_heat_prod,HeatPump,2
6,0.152301177978515,H_heat_prod,HeatPump,12
6,0.0,H_heat_prod,Geothermal,2
6,0.11126076201444066,H_heat_prod,HeatPump,16
6,0.0,H_heat_prod,Geothermal,8
6,0.030838940172969082,H_heat_prod,Geothermal,18
6,0.0,H_heat_prod,HeatPump,18
6,0.0,H_heat_prod,Boiler,1
6,0.03084172566731725,H_heat_prod,HeatPump,4
6,0.0,H_heat_prod,Boiler,3
6,0.0,H_heat_prod,HeatPump,1
6,0.05282473848612482,H_heat_prod,Geothermal,22
6,0.07578445434570251,H_heat_prod,HeatPump,7
6,0.0,H_heat_prod,Geothermal,10
6,0.0,H_heat_prod,Boiler,16
6,0.1688789136568188,H_heat_prod,HeatPump,22
6,0.1686433410644525,H_heat_prod,HeatPump,13
6,0.09087005615234325,H_heat_prod,HeatPump,8
6,0.0,H_heat_prod,Boiler,6
6,0.1331697281661338,H_heat_prod,Boiler,17
6,0.0,H_heat_prod,Boiler,9
6,0.3196834818522125,H_heat_prod,Boiler,20
6,0.10595718383788999,H_heat_prod,HeatPump,9
6,0.1856039937337235,H_heat_prod,HeatPump,14
6,0.0,H_heat_prod,Geothermal,15
6,0.12118545532226499,H_heat_prod,HeatPump,10
6,0.0,H_heat_prod,Geothermal,7
6,0.0,H_heat_prod,Boiler,11
6,0.0,H_heat_prod,Geothermal,12
6,0.0,H_heat_prod,Geothermal,6
6,0.0,H_heat_prod,Boiler,7
6,0.0,H_heat_prod,Geothermal,14
6,0.13662137349446551,H_heat_prod,HeatPump,11
6,0.0,H_heat_prod,HeatPump,20
6,0.0,H_heat_prod,Boiler,15
6,0.0,H_heat_prod,Geothermal,1
6,0.0,H_heat_prod,HeatPump,21
6,0.0,H_heat_prod,Geothermal,11
6,0.04587875366210875,H_heat_prod,HeatPump,5
6,0.0,H_heat_prod,Boiler,10
6,0.0,C_heat_unmet,4
6,0.0,C_heat_unmet,1
6,0.0,C_heat_unmet,12
6,0.0,C_heat_unmet,20
6,-8.64664714139708e-7,C_heat_unmet,2
6,0.0,C_heat_unmet,6
6,0.0,C_heat_unmet,22
6,0.0,C_heat_unmet,11
6,0.0,C_heat_unmet,13
6,0.0,C_heat_unmet,5
6,0.0,C_heat_unmet,15
6,0.0,C_heat_unmet,16
6,0.0,C_heat_unmet,14
6,0.0,C_heat_unmet,21
6,0.0,C_heat_unmet,7
6,0.0,C_heat_unmet,8
6,0.0,C_heat_unmet,17
6,0.0,C_heat_unmet,10
6,0.0,C_heat_unmet,19
6,0.0,C_heat_unmet,9
6,0.0,C_heat_unmet,18
6,0.0,C_heat_unmet,3
6,0.0506894574165029,invest_master,HeatPump
6,0.0,invest_master,Geothermal
6,0.0,invest_master,Boiler
6,361272.3808027704,obj,
6,0.06340611032650113,invest,HeatPump
6,0.011262885645816238,invest,Geothermal
6,0.637819747130671,invest,Boiler
18,0.0,C_heat_prod,HeatPump,15
18,0.05506481170654351,C_heat_prod,Geothermal,9
18,0.149024620056153,C_heat_prod,Geothermal,17
18,0.0,C_heat_prod,HeatPump,3
18,0.13338111877441475,C_heat_prod,Geothermal,16
18,0.007164611816406825,C_heat_prod,Geothermal,3
18,0.022084655761719325,C_heat_prod,Geothermal,5
18,0.0,C_heat_prod,HeatPump,17
18,0.18786434173584052,C_heat_prod,Geothermal,19
18,0.0,C_heat_prod,HeatPump,6
18,0.09490620930989652,C_heat_prod,Geothermal,13
18,0.01455368041992245,C_heat_prod,Geothermal,4
18,0.25281719207763753,C_heat_prod,Geothermal,21
18,0.21399482727050853,C_heat_prod,Geothermal,20
18,0.0,C_heat_prod,HeatPump,19
18,8.646647141397078e-7,C_heat_prod,HeatPump,2
18,0.0,C_heat_prod,HeatPump,12
18,8.646647141397078e-7,C_heat_prod,Geothermal,2
18,0.0,C_heat_prod,HeatPump,16
18,0.04622634887695375,C_heat_prod,Geothermal,8
18,0.16683003743489652,C_heat_prod,Geothermal,18
18,0.0,C_heat_prod,HeatPump,18
18,0.0,C_heat_prod,HeatPump,4
18,0.0,C_heat_prod,HeatPump,1
18,0.0,C_heat_prod,Geothermal,22
18,0.0,C_heat_prod,HeatPump,7
18,0.06419891357421925,C_heat_prod,Geothermal,10
18,0.0,C_heat_prod,HeatPump,22
18,0.0,C_heat_prod,HeatPump,13
18,0.0,C_heat_prod,HeatPump,8
18,0.0,C_heat_prod,HeatPump,9
18,0.0,C_heat_prod,HeatPump,14
18,0.1193006261189785,C_heat_prod,Geothermal,15
18,0.0,C_heat_prod,HeatPump,10
18,0.037912216186524,C_heat_prod,Geothermal,7
18,0.08419937133789125,C_heat_prod,Geothermal,12
18,0.029816029866537003,C_heat_prod,Geothermal,6
18,0.10652679443359425,C_heat_prod,Geothermal,14
18,0.0,C_heat_prod,HeatPump,11
18,0.0,C_heat_prod,HeatPump,20
18,0.0,C_heat_prod,Geothermal,1
18,0.0,C_heat_prod,HeatPump,21
18,0.07401997884114651,C_heat_prod,Geothermal,11
18,0.0,C_heat_prod,HeatPump,5
18,0.0,H_heat_unmet,4
18,0.0,H_heat_unmet,1
18,0.0,H_heat_unmet,12
18,0.0,H_heat_unmet,20
18,0.0,H_heat_unmet,2
18,0.0,H_heat_unmet,6
18,0.0,H_heat_unmet,22
18,0.0,H_heat_unmet,11
18,0.0,H_heat_unmet,13
18,0.0,H_heat_unmet,5
18,0.0,H_heat_unmet,15
18,0.0,H_heat_unmet,16
18,0.0,H_heat_unmet,14
18,0.0,H_heat_unmet,21
18,0.0,H_heat_unmet,7
18,0.0,H_heat_unmet,8
18,0.0,H_heat_unmet,17
18,0.0,H_heat_unmet,10
18,0.0,H_heat_unmet,19
18,0.0,H_heat_unmet,9
18,0.0,H_heat_unmet,18
18,0.0,H_heat_unmet,3
18,1.0,admin,HeatPump
18,1.0,admin,Geothermal
18,1.0,admin,Boiler
18,0.055040847727496955,invest_cumulative,HeatPump
18,0.013306168004086183,invest_cumulative,Geothermal
18,0.6519276637909028,invest_cumulative,Boiler
18,0.2841512298583975,H_heat_prod,Boiler,19
18,0.20304644266764274,H_heat_prod,HeatPump,15
18,0.6553356893480969,H_heat_prod,Boiler,22
18,0.0,H_heat_prod,Boiler,12
18,0.0,H_heat_prod,Boiler,5
18,0.0,H_heat_prod,Geothermal,9
18,0.12448225263196283,H_heat_prod,Geothermal,17
18,0.015547714233397875,H_heat_prod,HeatPump,3
18,0.08186562053394758,H_heat_prod,Geothermal,16
18,0.259215189615885,H_heat_prod,Boiler,18
18,0.0,H_heat_prod,Boiler,2
18,0.0,H_heat_prod,Boiler,8
18,0.0,H_heat_prod,Geothermal,3
18,0.0,H_heat_prod,Boiler,14
18,0.0,H_heat_prod,Geothermal,5
18,0.0,H_heat_prod,HeatPump,17
18,0.0,H_heat_prod,Boiler,4
18,0.0,H_heat_prod,Boiler,13
18,0.0,H_heat_prod,Geothermal,19
18,0.0607692972819005,H_heat_prod,HeatPump,6
18,0.373728459676105,H_heat_prod,Boiler,21
18,0.0,H_heat_prod,Geothermal,13
18,0.0,H_heat_prod,Geothermal,4
18,0.0,H_heat_prod,Geothermal,21
18,0.0,H_heat_prod,Geothermal,20
18,0.0,H_heat_prod,HeatPump,19
18,6.612141921547027e-7,H_heat_prod,HeatPump,2
18,0.152301177978515,H_heat_prod,HeatPump,12
18,0.0,H_heat_prod,Geothermal,2
18,0.13855867552724968,H_heat_prod,HeatPump,16
18,0.0,H_heat_prod,Geothermal,8
18,0.0,H_heat_prod,Geothermal,18
18,0.0,H_heat_prod,HeatPump,18
18,0.0,H_heat_prod,Boiler,1
18,0.03084172566731725,H_heat_prod,HeatPump,4
18,0.0,H_heat_prod,Boiler,3
18,0.0,H_heat_prod,HeatPump,1
18,0.06240806016967723,H_heat_prod,Geothermal,22
18,0.07578445434570251,H_heat_prod,HeatPump,7
18,0.0,H_heat_prod,Geothermal,10
18,0.0,H_heat_prod,Boiler,16
18,0.0779976750427734,H_heat_prod,HeatPump,22
18,0.1686433410644525,H_heat_prod,HeatPump,13
18,0.09087005615234325,H_heat_prod,HeatPump,8
18,0.0,H_heat_prod,Boiler,6
18,0.11405435320299767,H_heat_prod,Boiler,17
18,0.0,H_heat_prod,Boiler,9
18,0.3196834818522125,H_heat_prod,Boiler,20
18,0.10595718383788999,H_heat_prod,HeatPump,9
18,0.1856039937337235,H_heat_prod,HeatPump,14
18,0.0,H_heat_prod,Geothermal,15
18,0.12118545532226499,H_heat_prod,HeatPump,10
18,0.0,H_heat_prod,Geothermal,7
18,0.0,H_heat_prod,Boiler,11
18,0.0,H_heat_prod,Geothermal,12
18,0.0,H_heat_prod,Geothermal,6
18,0.0,H_heat_prod,Boiler,7
18,0.0,H_heat_prod,Geothermal,14
18,0.13662137349446551,H_heat_prod,HeatPump,11
18,0.0,H_heat_prod,HeatPump,20
18,0.0,H_heat_prod,Boiler,15
18,0.0,H_heat_prod,Geothermal,1
18,0.0,H_heat_prod,HeatPump,21
18,0.0,H_heat_prod,Geothermal,11
18,0.04587875366210875,H_heat_prod,HeatPump,5
18,0.0,H_heat_prod,Boiler,10
18,0.0,C_heat_unmet,4
18,0.0,C_heat_unmet,1
18,0.0,C_heat_unmet,12
18,0.0,C_heat_unmet,20
18,-8.64664714099781e-7,C_heat_unmet,2
18,0.0,C_heat_unmet,6
18,0.5082563781738275,C_heat_unmet,22
18,0.0,C_heat_unmet,11
18,0.0,C_heat_unmet,13
18,0.0,C_heat_unmet,5
18,0.0,C_heat_unmet,15
18,0.0,C_heat_unmet,16
18,0.0,C_heat_unmet,14
18,0.0,C_heat_unmet,21
18,0.0,C_heat_unmet,7
18,0.0,C_heat_unmet,8
18,0.0,C_heat_unmet,17
18,0.0,C_heat_unmet,10
18,0.0,C_heat_unmet,19
18,0.0,C_heat_unmet,9
18,0.0,C_heat_unmet,18
18,0.0,C_heat_unmet,3
18,0.0,invest_master,HeatPump
18,0.0,invest_master,Geothermal
18,0.0,invest_master,Boiler
18,383871.1677498624,obj,
18,0.02928446827306429,invest,HeatPump
18,0.01330616800408618,invest,Geothermal
18,0.7281507659423299,invest,Boiler
29,0.0,C_heat_prod,HeatPump,15
29,0.055064811706543516,C_heat_prod,Geothermal,9
29,0.149024620056153,C_heat_prod,Geothermal,17
29,0.0,C_heat_prod,HeatPump,3
29,0.13338111877441475,C_heat_prod,Geothermal,16
29,0.007164611816406779,C_heat_prod,Geothermal,3
29,0.022084655761719325,C_heat_prod,Geothermal,5
29,0.0,C_heat_prod,HeatPump,17
29,0.18786434173584052,C_heat_prod,Geothermal,19
29,0.0,C_heat_prod,HeatPump,6
29,0.09490620930989652,C_heat_prod,Geothermal,13
29,0.014553680419922463,C_heat_prod,Geothermal,4
29,0.25281719207763753,C_heat_prod,Geothermal,21
29,0.21399482727050853,C_heat_prod,Geothermal,20
29,0.0,C_heat_prod,HeatPump,19
29,8.646647141397078e-7,C_heat_prod,HeatPump,2
29,0.0,C_heat_prod,HeatPump,12
29,8.646647141397078e-7,C_heat_prod,Geothermal,2
29,0.0,C_heat_prod,HeatPump,16
29,0.04622634887695375,C_heat_prod,Geothermal,8
29,0.16683003743489652,C_heat_prod,Geothermal,18
29,0.0,C_heat_prod,HeatPump,18
29,0.0,C_heat_prod,HeatPump,4
29,0.0,C_heat_prod,HeatPump,1
29,0.25281719207763753,C_heat_prod,Geothermal,22
29,0.0,C_heat_prod,HeatPump,7
29,0.06419891357421925,C_heat_prod,Geothermal,10
29,0.25543918609619,C_heat_prod,HeatPump,22
29,0.0,C_heat_prod,HeatPump,13
29,0.0,C_heat_prod,HeatPump,8
29,0.0,C_heat_prod,HeatPump,9
29,0.0,C_heat_prod,HeatPump,14
29,0.11930062611897856,C_heat_prod,Geothermal,15
29,0.0,C_heat_prod,HeatPump,10
29,0.037912216186524,C_heat_prod,Geothermal,7
29,0.08419937133789125,C_heat_prod,Geothermal,12
29,0.029816029866536968,C_heat_prod,Geothermal,6
29,0.10652679443359428,C_heat_prod,Geothermal,14
29,0.0,C_heat_prod,HeatPump,11
29,0.0,C_heat_prod,HeatPump,20
29,0.0,C_heat_prod,Geothermal,1
29,0.0,C_heat_prod,HeatPump,21
29,0.07401997884114651,C_heat_prod,Geothermal,11
29,0.0,C_heat_prod,HeatPump,5
29,0.0,H_heat_unmet,4
29,0.0,H_heat_unmet,1
29,0.0,H_heat_unmet,12
29,0.0,H_heat_unmet,20
29,0.0,H_heat_unmet,2
29,0.0,H_heat_unmet,6
29,0.7957414245605475,H_heat_unmet,22
29,0.0,H_heat_unmet,11
29,0.0,H_heat_unmet,13
29,0.0,H_heat_unmet,5
29,0.0,H_heat_unmet,15
29,0.0,H_heat_unmet,16
29,0.0,H_heat_unmet,14
29,0.0,H_heat_unmet,21
29,0.0,H_heat_unmet,7
29,0.0,H_heat_unmet,8
29,0.0,H_heat_unmet,17
29,0.0,H_heat_unmet,10
29,0.0,H_heat_unmet,19
29,0.0,H_heat_unmet,9
29,0.0,H_heat_unmet,18
29,0.0,H_heat_unmet,3
29,1.0565797583237186e7,scenario_obj,
29,1.0,admin,HeatPump
29,1.0,admin,Geothermal
29,1.0,admin,Boiler
29,0.055040847727496955,invest_cumulative,HeatPump
29,0.013306168004086186,invest_cumulative,Geothermal
29,0.4152538440845612,invest_cumulative,Boiler
29,0.2841512298583975,H_heat_prod,Boiler,19
29,0.20304644266764274,H_heat_prod,HeatPump,15
29,0.0,H_heat_prod,Boiler,22
29,0.0,H_heat_prod,Boiler,12
29,0.0,H_heat_prod,Boiler,5
29,0.0,H_heat_prod,Geothermal,9
29,0.12448225263196289,H_heat_prod,Geothermal,17
29,0.015547714233397875,H_heat_prod,HeatPump,3
29,0.12896768817727416,H_heat_prod,Geothermal,16
29,0.14705176599384337,H_heat_prod,Boiler,18
29,0.0,H_heat_prod,Boiler,2
29,0.0,H_heat_prod,Boiler,8
29,0.0,H_heat_prod,Geothermal,3
29,0.0,H_heat_prod,Boiler,14
29,0.0,H_heat_prod,Geothermal,5
29,0.0,H_heat_prod,HeatPump,17
29,0.0,H_heat_prod,Boiler,4
29,0.0,H_heat_prod,Boiler,13
29,0.0,H_heat_prod,Geothermal,19
29,0.0607692972819005,H_heat_prod,HeatPump,6
29,0.373728459676105,H_heat_prod,Boiler,21
29,0.0,H_heat_prod,Geothermal,13
29,0.0,H_heat_prod,Geothermal,4
29,0.0,H_heat_prod,Geothermal,21
29,0.0,H_heat_prod,Geothermal,20
29,0.0,H_heat_prod,HeatPump,19
29,6.612141921547027e-7,H_heat_prod,HeatPump,2
29,0.152301177978515,H_heat_prod,HeatPump,12
29,0.0,H_heat_prod,Geothermal,2
29,0.0914566078839231,H_heat_prod,HeatPump,16
29,0.0,H_heat_prod,Geothermal,8
29,0.11216342362204164,H_heat_prod,Geothermal,18
29,0.0,H_heat_prod,HeatPump,18
29,0.0,H_heat_prod,Boiler,1
29,0.03084172566731725,H_heat_prod,HeatPump,4
29,0.0,H_heat_prod,Boiler,3
29,0.0,H_heat_prod,HeatPump,1
29,0.0,H_heat_prod,Geothermal,22
29,0.07578445434570251,H_heat_prod,HeatPump,7
29,0.0,H_heat_prod,Geothermal,10
29,0.0,H_heat_prod,Boiler,16
29,0.0,H_heat_prod,HeatPump,22
29,0.1686433410644525,H_heat_prod,HeatPump,13
29,0.09087005615234325,H_heat_prod,HeatPump,8
29,0.0,H_heat_prod,Boiler,6
29,0.11405435320299763,H_heat_prod,Boiler,17
29,0.0,H_heat_prod,Boiler,9
29,0.3196834818522125,H_heat_prod,Boiler,20
29,0.10595718383788999,H_heat_prod,HeatPump,9
29,0.1856039937337235,H_heat_prod,HeatPump,14
29,0.0,H_heat_prod,Geothermal,15
29,0.121185455322265,H_heat_prod,HeatPump,10
29,0.0,H_heat_prod,Geothermal,7
29,0.0,H_heat_prod,Boiler,11
29,0.0,H_heat_prod,Geothermal,12
29,0.0,H_heat_prod,Geothermal,6
29,0.0,H_heat_prod,Boiler,7
29,0.0,H_heat_prod,Geothermal,14
29,0.13662137349446551,H_heat_prod,HeatPump,11
29,0.0,H_heat_prod,HeatPump,20
29,0.0,H_heat_prod,Boiler,15
29,0.0,H_heat_prod,Geothermal,1
29,0.0,H_heat_prod,HeatPump,21
29,0.0,H_heat_prod,Geothermal,11
29,0.04587875366210875,H_heat_prod,HeatPump,5
29,0.0,H_heat_prod,Boiler,10
29,0.0,C_heat_unmet,4
29,0.0,C_heat_unmet,1
29,0.0,C_heat_unmet,12
29,0.0,C_heat_unmet,20
29,-8.646647133933884e-7,C_heat_unmet,2
29,0.0,C_heat_unmet,6
29,0.0,C_heat_unmet,22
29,0.0,C_heat_unmet,11
29,0.0,C_heat_unmet,13
29,0.0,C_heat_unmet,5
29,0.0,C_heat_unmet,15
29,0.0,C_heat_unmet,16
29,0.0,C_heat_unmet,14
29,0.0,C_heat_unmet,21
29,0.0,C_heat_unmet,7
29,0.0,C_heat_unmet,8
29,0.0,C_heat_unmet,17
29,0.0,C_heat_unmet,10
29,0.0,C_heat_unmet,19
29,0.0,C_heat_unmet,9
29,0.0,C_heat_unmet,18
29,0.0,C_heat_unmet,3
29,0.0,invest_master,HeatPump
29,0.0,invest_master,Geothermal
29,0.0,invest_master,Boiler
29,333308.540657226,obj,
29,10.0,invest,HeatPump
29,0.013306168004086185,invest,Geothermal
29,10.0,invest,Boiler
30,0.0,C_heat_prod,HeatPump,15
30,0.05506481170654351,C_heat_prod,Geothermal,9
30,0.149024620056153,C_heat_prod,Geothermal,17
30,0.0,C_heat_prod,HeatPump,3
30,0.13338111877441475,C_heat_prod,Geothermal,16
30,0.007164611816406825,C_heat_prod,Geothermal,3
30,0.022084655761719325,C_heat_prod,Geothermal,5
30,0.0,C_heat_prod,HeatPump,17
30,0.18786434173584052,C_heat_prod,Geothermal,19
30,0.0,C_heat_prod,HeatPump,6
30,0.09490620930989652,C_heat_prod,Geothermal,13
30,0.01455368041992245,C_heat_prod,Geothermal,4
30,0.25281719207763753,C_heat_prod,Geothermal,21
30,0.21399482727050853,C_heat_prod,Geothermal,20
30,0.0,C_heat_prod,HeatPump,19
30,8.646647141397078e-7,C_heat_prod,HeatPump,2
30,0.0,C_heat_prod,HeatPump,12
30,8.646647141397078e-7,C_heat_prod,Geothermal,2
30,0.0,C_heat_prod,HeatPump,16
30,0.04622634887695375,C_heat_prod,Geothermal,8
30,0.16683003743489652,C_heat_prod,Geothermal,18
30,0.0,C_heat_prod,HeatPump,18
30,0.0,C_heat_prod,HeatPump,4
30,0.0,C_heat_prod,HeatPump,1
30,0.25281719207763753,C_heat_prod,Geothermal,22
30,0.0,C_heat_prod,HeatPump,7
30,0.06419891357421925,C_heat_prod,Geothermal,10
30,0.25543918609619,C_heat_prod,HeatPump,22
30,0.0,C_heat_prod,HeatPump,13
30,0.0,C_heat_prod,HeatPump,8
30,0.0,C_heat_prod,HeatPump,9
30,0.0,C_heat_prod,HeatPump,14
30,0.1193006261189785,C_heat_prod,Geothermal,15
30,0.0,C_heat_prod,HeatPump,10
30,0.037912216186524,C_heat_prod,Geothermal,7
30,0.08419937133789125,C_heat_prod,Geothermal,12
30,0.029816029866537003,C_heat_prod,Geothermal,6
30,0.10652679443359425,C_heat_prod,Geothermal,14
30,0.0,C_heat_prod,HeatPump,11
30,0.0,C_heat_prod,HeatPump,20
30,0.0,C_heat_prod,Geothermal,1
30,0.0,C_heat_prod,HeatPump,21
30,0.07401997884114651,C_heat_prod,Geothermal,11
30,0.0,C_heat_prod,HeatPump,5
30,0.0,H_heat_unmet,4
30,0.0,H_heat_unmet,1
30,0.0,H_heat_unmet,12
30,0.0,H_heat_unmet,20
30,0.0,H_heat_unmet,2
30,0.0,H_heat_unmet,6
30,0.0,H_heat_unmet,22
30,0.0,H_heat_unmet,11
30,0.0,H_heat_unmet,13
30,0.0,H_heat_unmet,5
30,0.0,H_heat_unmet,15
30,0.0,H_heat_unmet,16
30,0.0,H_heat_unmet,14
30,0.0,H_heat_unmet,21
30,0.0,H_heat_unmet,7
30,0.0,H_heat_unmet,8
30,0.0,H_heat_unmet,17
30,0.0,H_heat_unmet,10
30,0.0,H_heat_unmet,19
30,0.0,H_heat_unmet,9
30,0.0,H_heat_unmet,18
30,0.0,H_heat_unmet,3
30,1.0396884842756717e7,scenario_obj,
30,1.0,admin,HeatPump
30,1.0,admin,Geothermal
30,1.0,admin,Boiler
30,0.10573030514399982,invest_cumulative,HeatPump
30,0.013306168004086186,invest_cumulative,Geothermal
30,0.4152538440845612,invest_cumulative,Boiler
30,0.2841512298583975,H_heat_prod,Boiler,19
30,0.17236648573880953,H_heat_prod,HeatPump,15
30,0.373728459676105,H_heat_prod,Boiler,22
30,0.0,H_heat_prod,Boiler,12
30,0.0,H_heat_prod,Boiler,5
30,0.0,H_heat_prod,Geothermal,9
30,0.12448225263196289,H_heat_prod,Geothermal,17
30,0.015547714233397875,H_heat_prod,HeatPump,3
30,0.12896768817727416,H_heat_prod,Geothermal,16
30,0.1394637955943656,H_heat_prod,Boiler,18
30,0.0,H_heat_prod,Boiler,2
30,0.0,H_heat_prod,Boiler,8
30,0.0,H_heat_prod,Geothermal,3
30,0.0,H_heat_prod,Boiler,14
30,0.0,H_heat_prod,Geothermal,5
30,0.0,H_heat_prod,HeatPump,17
30,0.0,H_heat_prod,Boiler,4
30,0.0,H_heat_prod,Boiler,13
30,0.0,H_heat_prod,Geothermal,19
30,0.0607692972819005,H_heat_prod,HeatPump,6
30,0.373728459676105,H_heat_prod,Boiler,21
30,0.0,H_heat_prod,Geothermal,13
30,0.0,H_heat_prod,Geothermal,4
30,0.0,H_heat_prod,Geothermal,21
30,0.0,H_heat_prod,Geothermal,20
30,0.0,H_heat_prod,HeatPump,19
30,6.612141921547027e-7,H_heat_prod,HeatPump,2
30,0.152301177978515,H_heat_prod,HeatPump,12
30,0.0,H_heat_prod,Geothermal,2
30,0.0914566078839231,H_heat_prod,HeatPump,16
30,0.0,H_heat_prod,Geothermal,8
30,0.11975139402151942,H_heat_prod,Geothermal,18
30,0.0,H_heat_prod,HeatPump,18
30,0.0,H_heat_prod,Boiler,1
30,0.03084172566731725,H_heat_prod,HeatPump,4
30,0.0,H_heat_prod,Boiler,3
30,0.0,H_heat_prod,HeatPump,1
30,0.06240806016967727,H_heat_prod,Geothermal,22
30,0.07578445434570251,H_heat_prod,HeatPump,7
30,0.0,H_heat_prod,Geothermal,10
30,0.0,H_heat_prod,Boiler,16
30,0.3596049047147652,H_heat_prod,HeatPump,22
30,0.1686433410644525,H_heat_prod,HeatPump,13
30,0.09087005615234325,H_heat_prod,HeatPump,8
30,0.0,H_heat_prod,Boiler,6
30,0.11405435320299763,H_heat_prod,Boiler,17
30,0.0,H_heat_prod,Boiler,9
30,0.3196834818522125,H_heat_prod,Boiler,20
30,0.10595718383788999,H_heat_prod,HeatPump,9
30,0.1856039937337235,H_heat_prod,HeatPump,14
30,0.030679956928833203,H_heat_prod,Geothermal,15
30,0.12118545532226499,H_heat_prod,HeatPump,10
30,0.0,H_heat_prod,Geothermal,7
30,0.0,H_heat_prod,Boiler,11
30,0.0,H_heat_prod,Geothermal,12
30,0.0,H_heat_prod,Geothermal,6
30,0.0,H_heat_prod,Boiler,7
30,0.0,H_heat_prod,Geothermal,14
30,0.13662137349446551,H_heat_prod,HeatPump,11
30,0.0,H_heat_prod,HeatPump,20
30,0.0,H_heat_prod,Boiler,15
30,0.0,H_heat_prod,Geothermal,1
30,0.0,H_heat_prod,HeatPump,21
30,0.0,H_heat_prod,Geothermal,11
30,0.04587875366210875,H_heat_prod,HeatPump,5
30,0.0,H_heat_prod,Boiler,10
30,0.0,C_heat_unmet,4
30,0.0,C_heat_unmet,1
30,0.0,C_heat_unmet,12
30,0.0,C_heat_unmet,20
30,-8.646647131683217e-7,C_heat_unmet,2
30,0.0,C_heat_unmet,6
30,0.0,C_heat_unmet,22
30,0.0,C_heat_unmet,11
30,0.0,C_heat_unmet,13
30,0.0,C_heat_unmet,5
30,0.0,C_heat_unmet,15
30,0.0,C_heat_unmet,16
30,0.0,C_heat_unmet,14
30,0.0,C_heat_unmet,21
30,0.0,C_heat_unmet,7
30,0.0,C_heat_unmet,8
30,0.0,C_heat_unmet,17
30,0.0,C_heat_unmet,10
30,0.0,C_heat_unmet,19
30,0.0,C_heat_unmet,9
30,0.0,C_heat_unmet,18
30,0.0,C_heat_unmet,3
30,0.0,invest_master,HeatPump
30,0.0,invest_master,Geothermal
30,0.0,invest_master,Boiler
30,282234.24759571336,obj,
30,0.13501477341706414,invest,HeatPump
30,0.013306168004086185,invest,Geothermal
30,0.4152538440845612,invest,Boiler
7,0.0,C_heat_prod,HeatPump,15
7,0.05506481170654351,C_heat_prod,Geothermal,9
7,0.149024620056153,C_heat_prod,Geothermal,17
7,0.0,C_heat_prod,HeatPump,3
7,0.13338111877441475,C_heat_prod,Geothermal,16
7,0.007164611816406825,C_heat_prod,Geothermal,3
7,0.022084655761719325,C_heat_prod,Geothermal,5
7,0.0,C_heat_prod,HeatPump,17
7,0.18786434173584052,C_heat_prod,Geothermal,19
7,0.0,C_heat_prod,HeatPump,6
7,0.09490620930989652,C_heat_prod,Geothermal,13
7,0.01455368041992245,C_heat_prod,Geothermal,4
7,0.21399482727050853,C_heat_prod,Geothermal,21
7,0.21399482727050853,C_heat_prod,Geothermal,20
7,0.0,C_heat_prod,HeatPump,19
7,8.646647141397078e-7,C_heat_prod,HeatPump,2
7,0.0,C_heat_prod,HeatPump,12
7,8.646647141397078e-7,C_heat_prod,Geothermal,2
7,0.0,C_heat_prod,HeatPump,16
7,0.04622634887695375,C_heat_prod,Geothermal,8
7,0.16683003743489652,C_heat_prod,Geothermal,18
7,0.0,C_heat_prod,HeatPump,18
7,0.0,C_heat_prod,HeatPump,4
7,0.0,C_heat_prod,HeatPump,1
7,0.0,C_heat_prod,Geothermal,22
7,0.0,C_heat_prod,HeatPump,7
7,0.06419891357421925,C_heat_prod,Geothermal,10
7,0.0,C_heat_prod,HeatPump,22
7,0.0,C_heat_prod,HeatPump,13
7,0.0,C_heat_prod,HeatPump,8
7,0.0,C_heat_prod,HeatPump,9
7,0.0,C_heat_prod,HeatPump,14
7,0.1193006261189785,C_heat_prod,Geothermal,15
7,0.0,C_heat_prod,HeatPump,10
7,0.037912216186524,C_heat_prod,Geothermal,7
7,0.08419937133789125,C_heat_prod,Geothermal,12
7,0.029816029866537003,C_heat_prod,Geothermal,6
7,0.10652679443359425,C_heat_prod,Geothermal,14
7,0.0,C_heat_prod,HeatPump,11
7,0.0,C_heat_prod,HeatPump,20
7,0.0,C_heat_prod,Geothermal,1
7,0.03882236480712903,C_heat_prod,HeatPump,21
7,0.07401997884114651,C_heat_prod,Geothermal,11
7,0.0,C_heat_prod,HeatPump,5
7,0.0,H_heat_unmet,4
7,0.0,H_heat_unmet,1
7,0.0,H_heat_unmet,12
7,0.0,H_heat_unmet,20
7,0.0,H_heat_unmet,2
7,0.0,H_heat_unmet,6
7,0.0,H_heat_unmet,22
7,0.0,H_heat_unmet,11
7,0.0,H_heat_unmet,13
7,0.0,H_heat_unmet,5
7,0.0,H_heat_unmet,15
7,0.0,H_heat_unmet,16
7,0.0,H_heat_unmet,14
7,0.0,H_heat_unmet,21
7,0.0,H_heat_unmet,7
7,0.0,H_heat_unmet,8
7,0.0,H_heat_unmet,17
7,0.0,H_heat_unmet,10
7,0.0,H_heat_unmet,19
7,0.0,H_heat_unmet,9
7,0.0,H_heat_unmet,18
7,0.0,H_heat_unmet,3
7,1.0,admin,HeatPump
7,1.0,admin,Geothermal
7,1.0,admin,Boiler
7,0.02928446827306426,invest_cumulative,HeatPump
7,0.013306168004086199,invest_cumulative,Geothermal
7,0.7281507659423299,invest_cumulative,Boiler
7,0.2841512298583975,H_heat_prod,Boiler,19
7,0.20304644266764277,H_heat_prod,HeatPump,15
7,0.7429166860744227,H_heat_prod,Boiler,22
7,0.0,H_heat_prod,Boiler,12
7,0.0,H_heat_prod,Boiler,5
7,0.0,H_heat_prod,Geothermal,9
7,0.10536687766882673,H_heat_prod,Geothermal,17
7,0.015547714233397875,H_heat_prod,HeatPump,3
7,0.07422113026876129,H_heat_prod,Geothermal,16
7,0.259215189615885,H_heat_prod,Boiler,18
7,0.0,H_heat_prod,Boiler,2
7,0.0,H_heat_prod,Boiler,8
7,0.0,H_heat_prod,Geothermal,3
7,0.0,H_heat_prod,Boiler,14
7,0.0,H_heat_prod,Geothermal,5
7,0.0,H_heat_prod,HeatPump,17
7,0.0,H_heat_prod,Boiler,4
7,0.0,H_heat_prod,Boiler,13
7,0.0,H_heat_prod,Geothermal,19
7,0.0607692972819005,H_heat_prod,HeatPump,6
7,0.373728459676105,H_heat_prod,Boiler,21
7,0.0,H_heat_prod,Geothermal,13
7,0.0,H_heat_prod,Geothermal,4
7,0.0,H_heat_prod,Geothermal,21
7,0.0,H_heat_prod,Geothermal,20
7,0.0,H_heat_prod,HeatPump,19
7,6.612141921547027e-7,H_heat_prod,HeatPump,2
7,0.152301177978515,H_heat_prod,HeatPump,12
7,0.0,H_heat_prod,Geothermal,2
7,0.14620316579243597,H_heat_prod,HeatPump,16
7,0.0,H_heat_prod,Geothermal,8
7,0.0,H_heat_prod,Geothermal,18
7,0.0,H_heat_prod,HeatPump,18
7,0.0,H_heat_prod,Boiler,1
7,0.03084172566731725,H_heat_prod,HeatPump,4
7,0.0,H_heat_prod,Boiler,3
7,0.0,H_heat_prod,HeatPump,1
7,0.05282473848612482,H_heat_prod,Geothermal,22
7,0.07578445434570251,H_heat_prod,HeatPump,7
7,0.0,H_heat_prod,Geothermal,10
7,0.0,H_heat_prod,Boiler,16
7,0.0,H_heat_prod,HeatPump,22
7,0.1686433410644525,H_heat_prod,HeatPump,13
7,0.09087005615234325,H_heat_prod,HeatPump,8
7,0.0,H_heat_prod,Boiler,6
7,0.1331697281661338,H_heat_prod,Boiler,17
7,0.0,H_heat_prod,Boiler,9
7,0.3196834818522125,H_heat_prod,Boiler,20
7,0.10595718383788999,H_heat_prod,HeatPump,9
7,0.1856039937337235,H_heat_prod,HeatPump,14
7,0.0,H_heat_prod,Geothermal,15
7,0.12118545532226499,H_heat_prod,HeatPump,10
7,0.0,H_heat_prod,Geothermal,7
7,0.0,H_heat_prod,Boiler,11
7,0.0,H_heat_prod,Geothermal,12
7,0.0,H_heat_prod,Geothermal,6
7,0.0,H_heat_prod,Boiler,7
7,0.0,H_heat_prod,Geothermal,14
7,0.13662137349446551,H_heat_prod,HeatPump,11
7,0.0,H_heat_prod,HeatPump,20
7,0.0,H_heat_prod,Boiler,15
7,0.0,H_heat_prod,Geothermal,1
7,0.0,H_heat_prod,HeatPump,21
7,0.0,H_heat_prod,Geothermal,11
7,0.04587875366210875,H_heat_prod,HeatPump,5
7,0.0,H_heat_prod,Boiler,10
7,0.0,C_heat_unmet,4
7,0.0,C_heat_unmet,1
7,0.0,C_heat_unmet,12
7,0.0,C_heat_unmet,20
7,-8.646647136472185e-7,C_heat_unmet,2
7,0.0,C_heat_unmet,6
7,0.5082563781738275,C_heat_unmet,22
7,0.0,C_heat_unmet,11
7,0.0,C_heat_unmet,13
7,0.0,C_heat_unmet,5
7,0.0,C_heat_unmet,15
7,0.0,C_heat_unmet,16
7,0.0,C_heat_unmet,14
7,0.0,C_heat_unmet,21
7,0.0,C_heat_unmet,7
7,0.0,C_heat_unmet,8
7,0.0,C_heat_unmet,17
7,0.0,C_heat_unmet,10
7,0.0,C_heat_unmet,19
7,0.0,C_heat_unmet,9
7,0.0,C_heat_unmet,18
7,0.0,C_heat_unmet,3
7,0.0,invest_master,HeatPump
7,0.0,invest_master,Geothermal
7,0.0866640833808594,invest_master,Boiler
7,409570.1734870983,obj,
7,10.0,invest,HeatPump
7,0.011262885645816238,invest,Geothermal
7,0.8254629845271364,invest,Boiler
26,0.0,C_heat_prod,HeatPump,15
26,0.05506481170654351,C_heat_prod,Geothermal,9
26,0.149024620056153,C_heat_prod,Geothermal,17
26,0.0,C_heat_prod,HeatPump,3
26,0.13338111877441475,C_heat_prod,Geothermal,16
26,0.007164611816406825,C_heat_prod,Geothermal,3
26,0.022084655761719325,C_heat_prod,Geothermal,5
26,0.0,C_heat_prod,HeatPump,17
26,0.18786434173584052,C_heat_prod,Geothermal,19
26,0.0,C_heat_prod,HeatPump,6
26,0.09490620930989652,C_heat_prod,Geothermal,13
26,0.01455368041992245,C_heat_prod,Geothermal,4
26,0.25281719207763753,C_heat_prod,Geothermal,21
26,0.21399482727050853,C_heat_prod,Geothermal,20
26,0.0,C_heat_prod,HeatPump,19
26,8.646647141397078e-7,C_heat_prod,HeatPump,2
26,0.0,C_heat_prod,HeatPump,12
26,8.646647141397078e-7,C_heat_prod,Geothermal,2
26,0.0,C_heat_prod,HeatPump,16
26,0.04622634887695375,C_heat_prod,Geothermal,8
26,0.16683003743489652,C_heat_prod,Geothermal,18
26,0.0,C_heat_prod,HeatPump,18
26,0.0,C_heat_prod,HeatPump,4
26,0.0,C_heat_prod,HeatPump,1
26,0.3446159659619221,C_heat_prod,Geothermal,22
26,0.0,C_heat_prod,HeatPump,7
26,0.06419891357421925,C_heat_prod,Geothermal,10
26,0.1636404122119054,C_heat_prod,HeatPump,22
26,0.0,C_heat_prod,HeatPump,13
26,0.0,C_heat_prod,HeatPump,8
26,0.0,C_heat_prod,HeatPump,9
26,0.0,C_heat_prod,HeatPump,14
26,0.1193006261189785,C_heat_prod,Geothermal,15
26,0.0,C_heat_prod,HeatPump,10
26,0.037912216186524,C_heat_prod,Geothermal,7
26,0.08419937133789125,C_heat_prod,Geothermal,12
26,0.029816029866537003,C_heat_prod,Geothermal,6
26,0.10652679443359425,C_heat_prod,Geothermal,14
26,0.0,C_heat_prod,HeatPump,11
26,0.0,C_heat_prod,HeatPump,20
26,0.0,C_heat_prod,Geothermal,1
26,0.0,C_heat_prod,HeatPump,21
26,0.07401997884114651,C_heat_prod,Geothermal,11
26,0.0,C_heat_prod,HeatPump,5
26,0.0,H_heat_unmet,4
26,0.0,H_heat_unmet,1
26,0.0,H_heat_unmet,12
26,0.0,H_heat_unmet,20
26,0.0,H_heat_unmet,2
26,0.0,H_heat_unmet,6
26,0.7957414245605475,H_heat_unmet,22
26,0.0,H_heat_unmet,11
26,0.0,H_heat_unmet,13
26,0.0,H_heat_unmet,5
26,0.0,H_heat_unmet,15
26,0.0,H_heat_unmet,16
26,0.0,H_heat_unmet,14
26,0.0,H_heat_unmet,21
26,0.0,H_heat_unmet,7
26,0.0,H_heat_unmet,8
26,0.0,H_heat_unmet,17
26,0.0,H_heat_unmet,10
26,0.0,H_heat_unmet,19
26,0.0,H_heat_unmet,9
26,0.0,H_heat_unmet,18
26,0.0,H_heat_unmet,3
26,1.0,admin,HeatPump
26,1.0,admin,Geothermal
26,1.0,admin,Boiler
26,0.05504084772749696,invest_cumulative,HeatPump
26,0.013306168004086183,invest_cumulative,Geothermal
26,0.5019179274654205,invest_cumulative,Boiler
26,0.2841512298583975,H_heat_prod,Boiler,19
26,0.20304644266764274,H_heat_prod,HeatPump,15
26,0.0,H_heat_prod,Boiler,22
26,0.0,H_heat_prod,Boiler,12
26,0.0,H_heat_prod,Boiler,5
26,0.0,H_heat_prod,Geothermal,9
26,0.16968217779551248,H_heat_prod,Geothermal,17
26,0.015547714233397875,H_heat_prod,HeatPump,3
26,0.17579629009343206,H_heat_prod,Geothermal,16
26,0.09598166112491271,H_heat_prod,Boiler,18
26,0.0,H_heat_prod,Boiler,2
26,0.0,H_heat_prod,Boiler,8
26,0.0,H_heat_prod,Geothermal,3
26,0.0,H_heat_prod,Boiler,14
26,0.0,H_heat_prod,Geothermal,5
26,0.0,H_heat_prod,HeatPump,17
26,0.0,H_heat_prod,Boiler,4
26,0.0,H_heat_prod,Boiler,13
26,0.0,H_heat_prod,Geothermal,19
26,0.0607692972819005,H_heat_prod,HeatPump,6
26,0.373728459676105,H_heat_prod,Boiler,21
26,0.0,H_heat_prod,Geothermal,13
26,0.0,H_heat_prod,Geothermal,4
26,0.0,H_heat_prod,Geothermal,21
26,0.0,H_heat_prod,Geothermal,20
26,0.0,H_heat_prod,HeatPump,19
26,6.612141921547027e-7,H_heat_prod,HeatPump,2
26,0.152301177978515,H_heat_prod,HeatPump,12
26,0.0,H_heat_prod,Geothermal,2
26,0.0446280059677652,H_heat_prod,HeatPump,16
26,0.0,H_heat_prod,Geothermal,8
26,0.1632335284909723,H_heat_prod,Geothermal,18
26,0.0,H_heat_prod,HeatPump,18
26,0.0,H_heat_prod,Boiler,1
26,0.03084172566731725,H_heat_prod,HeatPump,4
26,0.0,H_heat_prod,Boiler,3
26,0.0,H_heat_prod,HeatPump,1
26,0.0,H_heat_prod,Geothermal,22
26,0.07578445434570251,H_heat_prod,HeatPump,7
26,0.0,H_heat_prod,Geothermal,10
26,0.0,H_heat_prod,Boiler,16
26,0.0,H_heat_prod,HeatPump,22
26,0.1686433410644525,H_heat_prod,HeatPump,13
26,0.09087005615234325,H_heat_prod,HeatPump,8
26,0.0,H_heat_prod,Boiler,6
26,0.06885442803944802,H_heat_prod,Boiler,17
26,0.0,H_heat_prod,Boiler,9
26,0.3196834818522125,H_heat_prod,Boiler,20
26,0.10595718383788999,H_heat_prod,HeatPump,9
26,0.18560399373372347,H_heat_prod,HeatPump,14
26,0.0,H_heat_prod,Geothermal,15
26,0.121185455322265,H_heat_prod,HeatPump,10
26,0.0,H_heat_prod,Geothermal,7
26,0.0,H_heat_prod,Boiler,11
26,0.0,H_heat_prod,Geothermal,12
26,0.0,H_heat_prod,Geothermal,6
26,0.0,H_heat_prod,Boiler,7
26,0.0,H_heat_prod,Geothermal,14
26,0.13662137349446551,H_heat_prod,HeatPump,11
26,0.0,H_heat_prod,HeatPump,20
26,0.0,H_heat_prod,Boiler,15
26,0.0,H_heat_prod,Geothermal,1
26,0.0,H_heat_prod,HeatPump,21
26,0.0,H_heat_prod,Geothermal,11
26,0.04587875366210875,H_heat_prod,HeatPump,5
26,0.0,H_heat_prod,Boiler,10
26,0.0,C_heat_unmet,4
26,0.0,C_heat_unmet,1
26,0.0,C_heat_unmet,12
26,0.0,C_heat_unmet,20
26,-8.646647127469286e-7,C_heat_unmet,2
26,0.0,C_heat_unmet,6
26,0.0,C_heat_unmet,22
26,0.0,C_heat_unmet,11
26,0.0,C_heat_unmet,13
26,0.0,C_heat_unmet,5
26,0.0,C_heat_unmet,15
26,0.0,C_heat_unmet,16
26,0.0,C_heat_unmet,14
26,0.0,C_heat_unmet,21
26,0.0,C_heat_unmet,7
26,0.0,C_heat_unmet,8
26,0.0,C_heat_unmet,17
26,0.0,C_heat_unmet,10
26,0.0,C_heat_unmet,19
26,0.0,C_heat_unmet,9
26,0.0,C_heat_unmet,18
26,0.0,C_heat_unmet,3
26,0.0,invest_master,HeatPump
26,0.0,invest_master,Geothermal
26,0.0,invest_master,Boiler
26,291623.75367907534,obj,
26,10.0,invest,HeatPump
26,0.01813768241904853,invest,Geothermal
26,10.0,invest,Boiler
22,0.0,C_heat_prod,HeatPump,15
22,0.05506481170654362,C_heat_prod,Geothermal,9
22,0.149024620056153,C_heat_prod,Geothermal,17
22,0.0,C_heat_prod,HeatPump,3
22,0.13338111877441475,C_heat_prod,Geothermal,16
22,0.007164611816406825,C_heat_prod,Geothermal,3
22,0.022084655761719325,C_heat_prod,Geothermal,5
22,0.0,C_heat_prod,HeatPump,17
22,0.18786434173584052,C_heat_prod,Geothermal,19
22,0.0,C_heat_prod,HeatPump,6
22,0.09490620930989654,C_heat_prod,Geothermal,13
22,0.014553680419922456,C_heat_prod,Geothermal,4
22,0.21399482727050853,C_heat_prod,Geothermal,21
22,0.21399482727050853,C_heat_prod,Geothermal,20
22,0.0,C_heat_prod,HeatPump,19
22,8.646647141397078e-7,C_heat_prod,HeatPump,2
22,0.0,C_heat_prod,HeatPump,12
22,8.646647141397078e-7,C_heat_prod,Geothermal,2
22,0.0,C_heat_prod,HeatPump,16
22,0.04622634887695372,C_heat_prod,Geothermal,8
22,0.16683003743489652,C_heat_prod,Geothermal,18
22,0.0,C_heat_prod,HeatPump,18
22,0.0,C_heat_prod,HeatPump,4
22,0.0,C_heat_prod,HeatPump,1
22,0.0,C_heat_prod,Geothermal,22
22,0.0,C_heat_prod,HeatPump,7
22,0.06419891357421925,C_heat_prod,Geothermal,10
22,0.0,C_heat_prod,HeatPump,22
22,0.0,C_heat_prod,HeatPump,13
22,0.0,C_heat_prod,HeatPump,8
22,0.0,C_heat_prod,HeatPump,9
22,0.0,C_heat_prod,HeatPump,14
22,0.1193006261189785,C_heat_prod,Geothermal,15
22,0.0,C_heat_prod,HeatPump,10
22,0.037912216186524,C_heat_prod,Geothermal,7
22,0.08419937133789125,C_heat_prod,Geothermal,12
22,0.029816029866536958,C_heat_prod,Geothermal,6
22,0.10652679443359411,C_heat_prod,Geothermal,14
22,0.0,C_heat_prod,HeatPump,11
22,0.0,C_heat_prod,HeatPump,20
22,0.0,C_heat_prod,Geothermal,1
22,0.03882236480712903,C_heat_prod,HeatPump,21
22,0.07401997884114651,C_heat_prod,Geothermal,11
22,0.0,C_heat_prod,HeatPump,5
22,0.0,H_heat_unmet,4
22,0.0,H_heat_unmet,1
22,0.0,H_heat_unmet,12
22,0.0,H_heat_unmet,20
22,0.0,H_heat_unmet,2
22,0.0,H_heat_unmet,6
22,0.0,H_heat_unmet,22
22,0.0,H_heat_unmet,11
22,0.0,H_heat_unmet,13
22,0.0,H_heat_unmet,5
22,0.0,H_heat_unmet,15
22,0.0,H_heat_unmet,16
22,0.0,H_heat_unmet,14
22,0.0,H_heat_unmet,21
22,0.0,H_heat_unmet,7
22,0.0,H_heat_unmet,8
22,0.0,H_heat_unmet,17
22,0.0,H_heat_unmet,10
22,0.0,H_heat_unmet,19
22,0.0,H_heat_unmet,9
22,0.0,H_heat_unmet,18
22,0.0,H_heat_unmet,3
22,1.0,admin,HeatPump
22,1.0,admin,Geothermal
22,1.0,admin,Boiler
22,0.02928446827306419,invest_cumulative,HeatPump
22,0.01126288564581623,invest_cumulative,Geothermal
22,0.8254629845271364,invest_cumulative,Boiler
22,0.2841512298583975,H_heat_prod,Boiler,19
22,0.20304644266764255,H_heat_prod,HeatPump,15
22,0.7429166860744227,H_heat_prod,Boiler,22
22,0.0,H_heat_prod,Boiler,12
22,0.0,H_heat_prod,Boiler,5
22,0.0,H_heat_prod,Geothermal,9
22,0.10536687766882673,H_heat_prod,Geothermal,17
22,0.015547714233397875,H_heat_prod,HeatPump,3
22,0.06089887617721296,H_heat_prod,Geothermal,16
22,0.259215189615885,H_heat_prod,Boiler,18
22,0.0,H_heat_prod,Boiler,2
22,0.0,H_heat_prod,Boiler,8
22,0.0,H_heat_prod,Geothermal,3
22,0.0,H_heat_prod,Boiler,14
22,0.0,H_heat_prod,Geothermal,5
22,0.0,H_heat_prod,HeatPump,17
22,0.0,H_heat_prod,Boiler,4
22,0.0,H_heat_prod,Boiler,13
22,0.0,H_heat_prod,Geothermal,19
22,0.0607692972819005,H_heat_prod,HeatPump,6
22,0.373728459676105,H_heat_prod,Boiler,21
22,0.0,H_heat_prod,Geothermal,13
22,0.0,H_heat_prod,Geothermal,4
22,0.0,H_heat_prod,Geothermal,21
22,0.0,H_heat_prod,Geothermal,20
22,0.0,H_heat_prod,HeatPump,19
22,6.612141921547027e-7,H_heat_prod,HeatPump,2
22,0.1523011779785147,H_heat_prod,HeatPump,12
22,0.0,H_heat_prod,Geothermal,2
22,0.1595254198839843,H_heat_prod,HeatPump,16
22,0.0,H_heat_prod,Geothermal,8
22,0.0,H_heat_prod,Geothermal,18
22,0.0,H_heat_prod,HeatPump,18
22,0.0,H_heat_prod,Boiler,1
22,0.03084172566731725,H_heat_prod,HeatPump,4
22,0.0,H_heat_prod,Boiler,3
22,0.0,H_heat_prod,HeatPump,1
22,0.05282473848612482,H_heat_prod,Geothermal,22
22,0.07578445434570251,H_heat_prod,HeatPump,7
22,0.0,H_heat_prod,Geothermal,10
22,0.0,H_heat_prod,Boiler,16
22,0.0,H_heat_prod,HeatPump,22
22,0.16864334106445228,H_heat_prod,HeatPump,13
22,0.09087005615234325,H_heat_prod,HeatPump,8
22,0.0,H_heat_prod,Boiler,6
22,0.1331697281661338,H_heat_prod,Boiler,17
22,0.0,H_heat_prod,Boiler,9
22,0.3196834818522125,H_heat_prod,Boiler,20
22,0.10595718383788999,H_heat_prod,HeatPump,9
22,0.18560399373372324,H_heat_prod,HeatPump,14
22,0.0,H_heat_prod,Geothermal,15
22,0.12118545532226499,H_heat_prod,HeatPump,10
22,0.0,H_heat_prod,Geothermal,7
22,0.0,H_heat_prod,Boiler,11
22,0.0,H_heat_prod,Geothermal,12
22,0.0,H_heat_prod,Geothermal,6
22,0.0,H_heat_prod,Boiler,7
22,0.0,H_heat_prod,Geothermal,14
22,0.13662137349446551,H_heat_prod,HeatPump,11
22,0.0,H_heat_prod,HeatPump,20
22,0.0,H_heat_prod,Boiler,15
22,0.0,H_heat_prod,Geothermal,1
22,0.0,H_heat_prod,HeatPump,21
22,0.0,H_heat_prod,Geothermal,11
22,0.04587875366210875,H_heat_prod,HeatPump,5
22,0.0,H_heat_prod,Boiler,10
22,0.0,C_heat_unmet,4
22,0.0,C_heat_unmet,1
22,0.0,C_heat_unmet,12
22,0.0,C_heat_unmet,20
22,-8.64664699545168e-7,C_heat_unmet,2
22,0.0,C_heat_unmet,6
22,0.5082563781738275,C_heat_unmet,22
22,0.0,C_heat_unmet,11
22,0.0,C_heat_unmet,13
22,0.0,C_heat_unmet,5
22,0.0,C_heat_unmet,15
22,0.0,C_heat_unmet,16
22,0.0,C_heat_unmet,14
22,0.0,C_heat_unmet,21
22,0.0,C_heat_unmet,7
22,0.0,C_heat_unmet,8
22,0.0,C_heat_unmet,17
22,0.0,C_heat_unmet,10
22,0.0,C_heat_unmet,19
22,0.0,C_heat_unmet,9
22,0.0,C_heat_unmet,18
22,0.0,C_heat_unmet,3
22,0.0,invest_master,HeatPump
22,0.0,invest_master,Geothermal
22,0.0,invest_master,Boiler
22,413622.9611830546,obj,
22,0.02928446827306426,invest,HeatPump
22,0.011262885645816238,invest,Geothermal
22,0.8254629845271364,invest,Boiler
3,0.0,C_heat_prod,HeatPump,15
3,0.05506481170654351,C_heat_prod,Geothermal,9
3,0.149024620056153,C_heat_prod,Geothermal,17
3,0.0,C_heat_prod,HeatPump,3
3,0.13338111877441475,C_heat_prod,Geothermal,16
3,0.007164611816406825,C_heat_prod,Geothermal,3
3,0.022084655761719325,C_heat_prod,Geothermal,5
3,0.0,C_heat_prod,HeatPump,17
3,0.18786434173584052,C_heat_prod,Geothermal,19
3,0.0,C_heat_prod,HeatPump,6
3,0.09490620930989652,C_heat_prod,Geothermal,13
3,0.01455368041992245,C_heat_prod,Geothermal,4
3,0.25281719207763753,C_heat_prod,Geothermal,21
3,0.21399482727050853,C_heat_prod,Geothermal,20
3,0.0,C_heat_prod,HeatPump,19
3,8.646647141397078e-7,C_heat_prod,HeatPump,2
3,0.0,C_heat_prod,HeatPump,12
3,8.646647141397078e-7,C_heat_prod,Geothermal,2
3,0.0,C_heat_prod,HeatPump,16
3,0.04622634887695375,C_heat_prod,Geothermal,8
3,0.16683003743489652,C_heat_prod,Geothermal,18
3,0.0,C_heat_prod,HeatPump,18
3,0.0,C_heat_prod,HeatPump,4
3,0.0,C_heat_prod,HeatPump,1
3,0.0,C_heat_prod,Geothermal,22
3,0.0,C_heat_prod,HeatPump,7
3,0.06419891357421925,C_heat_prod,Geothermal,10
3,0.0,C_heat_prod,HeatPump,22
3,0.0,C_heat_prod,HeatPump,13
3,0.0,C_heat_prod,HeatPump,8
3,0.0,C_heat_prod,HeatPump,9
3,0.0,C_heat_prod,HeatPump,14
3,0.1193006261189785,C_heat_prod,Geothermal,15
3,0.0,C_heat_prod,HeatPump,10
3,0.037912216186524,C_heat_prod,Geothermal,7
3,0.08419937133789125,C_heat_prod,Geothermal,12
3,0.029816029866537003,C_heat_prod,Geothermal,6
3,0.10652679443359425,C_heat_prod,Geothermal,14
3,0.0,C_heat_prod,HeatPump,11
3,0.0,C_heat_prod,HeatPump,20
3,0.0,C_heat_prod,Geothermal,1
3,0.0,C_heat_prod,HeatPump,21
3,0.07401997884114651,C_heat_prod,Geothermal,11
3,0.0,C_heat_prod,HeatPump,5
3,0.0,H_heat_unmet,4
3,0.0,H_heat_unmet,1
3,0.0,H_heat_unmet,12
3,0.0,H_heat_unmet,20
3,0.0,H_heat_unmet,2
3,0.0,H_heat_unmet,6
3,0.0,H_heat_unmet,22
3,0.0,H_heat_unmet,11
3,0.0,H_heat_unmet,13
3,0.0,H_heat_unmet,5
3,0.0,H_heat_unmet,15
3,0.0,H_heat_unmet,16
3,0.0,H_heat_unmet,14
3,0.0,H_heat_unmet,21
3,0.0,H_heat_unmet,7
3,0.0,H_heat_unmet,8
3,0.0,H_heat_unmet,17
3,0.0,H_heat_unmet,10
3,0.0,H_heat_unmet,19
3,0.0,H_heat_unmet,9
3,0.0,H_heat_unmet,18
3,0.0,H_heat_unmet,3
3,1.0,admin,HeatPump
3,1.0,admin,Geothermal
3,1.0,admin,Boiler
3,0.02928446827306426,invest_cumulative,HeatPump
3,0.013306168004086199,invest_cumulative,Geothermal
3,0.7281507659423299,invest_cumulative,Boiler
3,0.2841512298583975,H_heat_prod,Boiler,19
3,0.20304644266764277,H_heat_prod,HeatPump,15
3,0.7333333643908703,H_heat_prod,Boiler,22
3,0.0,H_heat_prod,Boiler,12
3,0.0,H_heat_prod,Boiler,5
3,0.0,H_heat_prod,Geothermal,9
3,0.12448225263196291,H_heat_prod,Geothermal,17
3,0.015547714233397875,H_heat_prod,HeatPump,3
3,0.11521060161193367,H_heat_prod,Geothermal,16
3,0.25921518961588497,H_heat_prod,Boiler,18
3,0.0,H_heat_prod,Boiler,2
3,0.0,H_heat_prod,Boiler,8
3,0.0,H_heat_prod,Geothermal,3
3,0.0,H_heat_prod,Boiler,14
3,0.0,H_heat_prod,Geothermal,5
3,0.0,H_heat_prod,HeatPump,17
3,0.0,H_heat_prod,Boiler,4
3,0.0,H_heat_prod,Boiler,13
3,0.0,H_heat_prod,Geothermal,19
3,0.0607692972819005,H_heat_prod,HeatPump,6
3,0.373728459676105,H_heat_prod,Boiler,21
3,0.0,H_heat_prod,Geothermal,13
3,0.0,H_heat_prod,Geothermal,4
3,0.0,H_heat_prod,Geothermal,21
3,0.0,H_heat_prod,Geothermal,20
3,0.0,H_heat_prod,HeatPump,19
3,6.612141921547027e-7,H_heat_prod,HeatPump,2
3,0.152301177978515,H_heat_prod,HeatPump,12
3,0.0,H_heat_prod,Geothermal,2
3,0.10521369444926362,H_heat_prod,HeatPump,16
3,0.0,H_heat_prod,Geothermal,8
3,0.0,H_heat_prod,Geothermal,18
3,0.0,H_heat_prod,HeatPump,18
3,0.0,H_heat_prod,Boiler,1
3,0.03084172566731725,H_heat_prod,HeatPump,4
3,0.0,H_heat_prod,Boiler,3
3,0.0,H_heat_prod,HeatPump,1
3,0.0624080601696773,H_heat_prod,Geothermal,22
3,0.07578445434570251,H_heat_prod,HeatPump,7
3,0.0,H_heat_prod,Geothermal,10
3,0.0,H_heat_prod,Boiler,16
3,0.0,H_heat_prod,HeatPump,22
3,0.1686433410644525,H_heat_prod,HeatPump,13
3,0.09087005615234325,H_heat_prod,HeatPump,8
3,0.0,H_heat_prod,Boiler,6
3,0.11405435320299759,H_heat_prod,Boiler,17
3,0.0,H_heat_prod,Boiler,9
3,0.3196834818522125,H_heat_prod,Boiler,20
3,0.10595718383788999,H_heat_prod,HeatPump,9
3,0.1856039937337235,H_heat_prod,HeatPump,14
3,0.0,H_heat_prod,Geothermal,15
3,0.12118545532226499,H_heat_prod,HeatPump,10
3,0.0,H_heat_prod,Geothermal,7
3,0.0,H_heat_prod,Boiler,11
3,0.0,H_heat_prod,Geothermal,12
3,0.0,H_heat_prod,Geothermal,6
3,0.0,H_heat_prod,Boiler,7
3,0.0,H_heat_prod,Geothermal,14
3,0.13662137349446551,H_heat_prod,HeatPump,11
3,0.0,H_heat_prod,HeatPump,20
3,0.0,H_heat_prod,Boiler,15
3,0.0,H_heat_prod,Geothermal,1
3,0.0,H_heat_prod,HeatPump,21
3,0.0,H_heat_prod,Geothermal,11
3,0.04587875366210875,H_heat_prod,HeatPump,5
3,0.0,H_heat_prod,Boiler,10
3,0.0,C_heat_unmet,4
3,0.0,C_heat_unmet,1
3,0.0,C_heat_unmet,12
3,0.0,C_heat_unmet,20
3,-8.646647126450885e-7,C_heat_unmet,2
3,0.0,C_heat_unmet,6
3,0.5082563781738275,C_heat_unmet,22
3,0.0,C_heat_unmet,11
3,0.0,C_heat_unmet,13
3,0.0,C_heat_unmet,5
3,0.0,C_heat_unmet,15
3,0.0,C_heat_unmet,16
3,0.0,C_heat_unmet,14
3,0.0,C_heat_unmet,21
3,0.0,C_heat_unmet,7
3,0.0,C_heat_unmet,8
3,0.0,C_heat_unmet,17
3,0.0,C_heat_unmet,10
3,0.0,C_heat_unmet,19
3,0.0,C_heat_unmet,9
3,0.0,C_heat_unmet,18
3,0.0,C_heat_unmet,3
3,0.0,invest_master,HeatPump
3,0.0,invest_master,Geothermal
3,0.15600637245827875,invest_master,Boiler
3,417405.2797270604,obj,
3,10.0,invest,HeatPump
3,0.013306168004086186,invest,Geothermal
3,0.8148148493231891,invest,Boiler
13,0.0,C_heat_prod,HeatPump,15
13,0.05506481170654364,C_heat_prod,Geothermal,9
13,0.149024620056153,C_heat_prod,Geothermal,17
13,0.0,C_heat_prod,HeatPump,3
13,0.13338111877441475,C_heat_prod,Geothermal,16
13,0.007164611816406825,C_heat_prod,Geothermal,3
13,0.022084655761719325,C_heat_prod,Geothermal,5
13,0.0,C_heat_prod,HeatPump,17
13,0.18786434173584052,C_heat_prod,Geothermal,19
13,0.0,C_heat_prod,HeatPump,6
13,0.09490620930989652,C_heat_prod,Geothermal,13
13,0.01455368041992245,C_heat_prod,Geothermal,4
13,0.25281719207763753,C_heat_prod,Geothermal,21
13,0.21399482727050853,C_heat_prod,Geothermal,20
13,0.0,C_heat_prod,HeatPump,19
13,8.646647141397078e-7,C_heat_prod,HeatPump,2
13,0.0,C_heat_prod,HeatPump,12
13,8.646647141397078e-7,C_heat_prod,Geothermal,2
13,0.0,C_heat_prod,HeatPump,16
13,0.04622634887695375,C_heat_prod,Geothermal,8
13,0.16683003743489652,C_heat_prod,Geothermal,18
13,0.0,C_heat_prod,HeatPump,18
13,0.0,C_heat_prod,HeatPump,4
13,0.0,C_heat_prod,HeatPump,1
13,0.0,C_heat_prod,Geothermal,22
13,0.0,C_heat_prod,HeatPump,7
13,0.06419891357421925,C_heat_prod,Geothermal,10
13,0.0,C_heat_prod,HeatPump,22
13,0.0,C_heat_prod,HeatPump,13
13,0.0,C_heat_prod,HeatPump,8
13,0.0,C_heat_prod,HeatPump,9
13,0.0,C_heat_prod,HeatPump,14
13,0.11930062611897856,C_heat_prod,Geothermal,15
13,0.0,C_heat_prod,HeatPump,10
13,0.037912216186524,C_heat_prod,Geothermal,7
13,0.08419937133789125,C_heat_prod,Geothermal,12
13,0.029816029866536968,C_heat_prod,Geothermal,6
13,0.10652679443359414,C_heat_prod,Geothermal,14
13,0.0,C_heat_prod,HeatPump,11
13,0.0,C_heat_prod,HeatPump,20
13,0.0,C_heat_prod,Geothermal,1
13,0.0,C_heat_prod,HeatPump,21
13,0.07401997884114651,C_heat_prod,Geothermal,11
13,0.0,C_heat_prod,HeatPump,5
13,0.0,H_heat_unmet,4
13,0.0,H_heat_unmet,1
13,0.0,H_heat_unmet,12
13,0.0,H_heat_unmet,20
13,0.0,H_heat_unmet,2
13,0.0,H_heat_unmet,6
13,0.0,H_heat_unmet,22
13,0.0,H_heat_unmet,11
13,0.0,H_heat_unmet,13
13,0.0,H_heat_unmet,5
13,0.0,H_heat_unmet,15
13,0.0,H_heat_unmet,16
13,0.0,H_heat_unmet,14
13,0.0,H_heat_unmet,21
13,0.0,H_heat_unmet,7
13,0.0,H_heat_unmet,8
13,0.0,H_heat_unmet,17
13,0.0,H_heat_unmet,10
13,0.0,H_heat_unmet,19
13,0.0,H_heat_unmet,9
13,0.0,H_heat_unmet,18
13,0.0,H_heat_unmet,3
13,1.0,admin,HeatPump
13,1.0,admin,Geothermal
13,1.0,admin,Boiler
13,0.02928446827306426,invest_cumulative,HeatPump
13,0.013306168004086199,invest_cumulative,Geothermal
13,0.8841571384006086,invest_cumulative,Boiler
13,0.2841512298583975,H_heat_prod,Boiler,19
13,0.20304644266764274,H_heat_prod,HeatPump,15
13,0.7957414245605476,H_heat_prod,Boiler,22
13,0.0,H_heat_prod,Boiler,12
13,0.0,H_heat_prod,Boiler,5
13,0.0,H_heat_prod,Geothermal,9
13,0.12448225263196289,H_heat_prod,Geothermal,17
13,0.015547714233397875,H_heat_prod,HeatPump,3
13,0.109475491676851,H_heat_prod,Geothermal,16
13,0.259215189615885,H_heat_prod,Boiler,18
13,0.0,H_heat_prod,Boiler,2
13,0.0,H_heat_prod,Boiler,8
13,0.0,H_heat_prod,Geothermal,3
13,0.0,H_heat_prod,Boiler,14
13,0.0,H_heat_prod,Geothermal,5
13,0.0,H_heat_prod,HeatPump,17
13,0.0,H_heat_prod,Boiler,4
13,0.0,H_heat_prod,Boiler,13
13,0.0,H_heat_prod,Geothermal,19
13,0.0607692972819005,H_heat_prod,HeatPump,6
13,0.373728459676105,H_heat_prod,Boiler,21
13,0.0,H_heat_prod,Geothermal,13
13,0.0,H_heat_prod,Geothermal,4
13,0.0,H_heat_prod,Geothermal,21
13,0.0,H_heat_prod,Geothermal,20
13,0.0,H_heat_prod,HeatPump,19
13,6.612141921547027e-7,H_heat_prod,HeatPump,2
13,0.152301177978515,H_heat_prod,HeatPump,12
13,0.0,H_heat_prod,Geothermal,2
13,0.11094880438434626,H_heat_prod,HeatPump,16
13,0.0,H_heat_prod,Geothermal,8
13,0.0,H_heat_prod,Geothermal,18
13,0.0,H_heat_prod,HeatPump,18
13,0.0,H_heat_prod,Boiler,1
13,0.03084172566731725,H_heat_prod,HeatPump,4
13,0.0,H_heat_prod,Boiler,3
13,0.0,H_heat_prod,HeatPump,1
13,0.0,H_heat_prod,Geothermal,22
13,0.07578445434570251,H_heat_prod,HeatPump,7
13,0.0,H_heat_prod,Geothermal,10
13,0.0,H_heat_prod,Boiler,16
13,0.0,H_heat_prod,HeatPump,22
13,0.1686433410644525,H_heat_prod,HeatPump,13
13,0.09087005615234325,H_heat_prod,HeatPump,8
13,0.0,H_heat_prod,Boiler,6
13,0.11405435320299763,H_heat_prod,Boiler,17
13,0.0,H_heat_prod,Boiler,9
13,0.3196834818522125,H_heat_prod,Boiler,20
13,0.10595718383788999,H_heat_prod,HeatPump,9
13,0.1856039937337235,H_heat_prod,HeatPump,14
13,0.0,H_heat_prod,Geothermal,15
13,0.121185455322265,H_heat_prod,HeatPump,10
13,0.0,H_heat_prod,Geothermal,7
13,0.0,H_heat_prod,Boiler,11
13,0.0,H_heat_prod,Geothermal,12
13,0.0,H_heat_prod,Geothermal,6
13,0.0,H_heat_prod,Boiler,7
13,0.0,H_heat_prod,Geothermal,14
13,0.13662137349446551,H_heat_prod,HeatPump,11
13,0.0,H_heat_prod,HeatPump,20
13,0.0,H_heat_prod,Boiler,15
13,0.0,H_heat_prod,Geothermal,1
13,0.0,H_heat_prod,HeatPump,21
13,0.0,H_heat_prod,Geothermal,11
13,0.04587875366210875,H_heat_prod,HeatPump,5
13,0.0,H_heat_prod,Boiler,10
13,0.0,C_heat_unmet,4
13,0.0,C_heat_unmet,1
13,0.0,C_heat_unmet,12
13,0.0,C_heat_unmet,20
13,-8.646647136582443e-7,C_heat_unmet,2
13,0.0,C_heat_unmet,6
13,0.5082563781738275,C_heat_unmet,22
13,0.0,C_heat_unmet,11
13,0.0,C_heat_unmet,13
13,0.0,C_heat_unmet,5
13,0.0,C_heat_unmet,15
13,0.0,C_heat_unmet,16
13,0.0,C_heat_unmet,14
13,0.0,C_heat_unmet,21
13,0.0,C_heat_unmet,7
13,0.0,C_heat_unmet,8
13,0.0,C_heat_unmet,17
13,0.0,C_heat_unmet,10
13,0.0,C_heat_unmet,19
13,0.0,C_heat_unmet,9
13,0.0,C_heat_unmet,18
13,0.0,C_heat_unmet,3
13,0.055040847727496955,invest_master,HeatPump
13,0.013306168004086183,invest_master,Geothermal
13,0.495921291332624,invest_master,Boiler
13,422554.2962789992,obj,
13,10.0,invest,HeatPump
13,0.013306168004086185,invest,Geothermal
13,10.0,invest,Boiler
8,0.0,C_heat_prod,HeatPump,15
8,0.05506481170654364,C_heat_prod,Geothermal,9
8,0.149024620056153,C_heat_prod,Geothermal,17
8,0.0,C_heat_prod,HeatPump,3
8,0.13338111877441475,C_heat_prod,Geothermal,16
8,0.007164611816406825,C_heat_prod,Geothermal,3
8,0.022084655761719325,C_heat_prod,Geothermal,5
8,0.0,C_heat_prod,HeatPump,17
8,0.18786434173584052,C_heat_prod,Geothermal,19
8,0.0,C_heat_prod,HeatPump,6
8,0.09490620930989652,C_heat_prod,Geothermal,13
8,0.014553680419922463,C_heat_prod,Geothermal,4
8,0.25281719207763753,C_heat_prod,Geothermal,21
8,0.21399482727050853,C_heat_prod,Geothermal,20
8,0.0,C_heat_prod,HeatPump,19
8,8.646647141397078e-7,C_heat_prod,HeatPump,2
8,0.0,C_heat_prod,HeatPump,12
8,8.646647141397078e-7,C_heat_prod,Geothermal,2
8,0.0,C_heat_prod,HeatPump,16
8,0.04622634887695375,C_heat_prod,Geothermal,8
8,0.16683003743489652,C_heat_prod,Geothermal,18
8,0.0,C_heat_prod,HeatPump,18
8,0.0,C_heat_prod,HeatPump,4
8,0.0,C_heat_prod,HeatPump,1
8,0.0,C_heat_prod,Geothermal,22
8,0.0,C_heat_prod,HeatPump,7
8,0.06419891357421925,C_heat_prod,Geothermal,10
8,0.0,C_heat_prod,HeatPump,22
8,0.0,C_heat_prod,HeatPump,13
8,0.0,C_heat_prod,HeatPump,8
8,0.0,C_heat_prod,HeatPump,9
8,0.0,C_heat_prod,HeatPump,14
8,0.11930062611897856,C_heat_prod,Geothermal,15
8,0.0,C_heat_prod,HeatPump,10
8,0.037912216186524,C_heat_prod,Geothermal,7
8,0.08419937133789125,C_heat_prod,Geothermal,12
8,0.029816029866536968,C_heat_prod,Geothermal,6
8,0.10652679443359414,C_heat_prod,Geothermal,14
8,0.0,C_heat_prod,HeatPump,11
8,0.0,C_heat_prod,HeatPump,20
8,0.0,C_heat_prod,Geothermal,1
8,0.0,C_heat_prod,HeatPump,21
8,0.07401997884114651,C_heat_prod,Geothermal,11
8,0.0,C_heat_prod,HeatPump,5
8,0.0,H_heat_unmet,4
8,0.0,H_heat_unmet,1
8,0.0,H_heat_unmet,12
8,0.0,H_heat_unmet,20
8,0.0,H_heat_unmet,2
8,0.0,H_heat_unmet,6
8,0.0,H_heat_unmet,22
8,0.0,H_heat_unmet,11
8,0.0,H_heat_unmet,13
8,0.0,H_heat_unmet,5
8,0.0,H_heat_unmet,15
8,0.0,H_heat_unmet,16
8,0.0,H_heat_unmet,14
8,0.0,H_heat_unmet,21
8,0.0,H_heat_unmet,7
8,0.0,H_heat_unmet,8
8,0.0,H_heat_unmet,17
8,0.0,H_heat_unmet,10
8,0.0,H_heat_unmet,19
8,0.0,H_heat_unmet,9
8,0.0,H_heat_unmet,18
8,0.0,H_heat_unmet,3
8,1.0,admin,HeatPump
8,1.0,admin,Geothermal
8,1.0,admin,Boiler
8,0.02928446827306426,invest_cumulative,HeatPump
8,0.013306168004086199,invest_cumulative,Geothermal
8,0.8841571384006086,invest_cumulative,Boiler
8,0.2841512298583975,H_heat_prod,Boiler,19
8,0.20304644266764274,H_heat_prod,HeatPump,15
8,0.7957414245605477,H_heat_prod,Boiler,22
8,0.0,H_heat_prod,Boiler,12
8,0.0,H_heat_prod,Boiler,5
8,0.0,H_heat_prod,Geothermal,9
8,0.12448225263196289,H_heat_prod,Geothermal,17
8,0.015547714233397875,H_heat_prod,HeatPump,3
8,0.10973838828337559,H_heat_prod,Geothermal,16
8,0.259215189615885,H_heat_prod,Boiler,18
8,0.0,H_heat_prod,Boiler,2
8,0.0,H_heat_prod,Boiler,8
8,0.0,H_heat_prod,Geothermal,3
8,0.0,H_heat_prod,Boiler,14
8,0.0,H_heat_prod,Geothermal,5
8,0.0,H_heat_prod,HeatPump,17
8,0.0,H_heat_prod,Boiler,4
8,0.0,H_heat_prod,Boiler,13
8,0.0,H_heat_prod,Geothermal,19
8,0.0607692972819005,H_heat_prod,HeatPump,6
8,0.373728459676105,H_heat_prod,Boiler,21
8,0.0,H_heat_prod,Geothermal,13
8,0.0,H_heat_prod,Geothermal,4
8,0.0,H_heat_prod,Geothermal,21
8,0.0,H_heat_prod,Geothermal,20
8,0.0,H_heat_prod,HeatPump,19
8,6.612141921547027e-7,H_heat_prod,HeatPump,2
8,0.152301177978515,H_heat_prod,HeatPump,12
8,0.0,H_heat_prod,Geothermal,2
8,0.11068590777782167,H_heat_prod,HeatPump,16
8,0.0,H_heat_prod,Geothermal,8
8,0.0,H_heat_prod,Geothermal,18
8,0.0,H_heat_prod,HeatPump,18
8,0.0,H_heat_prod,Boiler,1
8,0.03084172566731725,H_heat_prod,HeatPump,4
8,0.0,H_heat_prod,Boiler,3
8,0.0,H_heat_prod,HeatPump,1
8,0.0,H_heat_prod,Geothermal,22
8,0.07578445434570251,H_heat_prod,HeatPump,7
8,0.0,H_heat_prod,Geothermal,10
8,0.0,H_heat_prod,Boiler,16
8,0.0,H_heat_prod,HeatPump,22
8,0.1686433410644525,H_heat_prod,HeatPump,13
8,0.09087005615234325,H_heat_prod,HeatPump,8
8,0.0,H_heat_prod,Boiler,6
8,0.11405435320299763,H_heat_prod,Boiler,17
8,0.0,H_heat_prod,Boiler,9
8,0.3196834818522125,H_heat_prod,Boiler,20
8,0.10595718383788999,H_heat_prod,HeatPump,9
8,0.1856039937337235,H_heat_prod,HeatPump,14
8,0.0,H_heat_prod,Geothermal,15
8,0.121185455322265,H_heat_prod,HeatPump,10
8,0.0,H_heat_prod,Geothermal,7
8,0.0,H_heat_prod,Boiler,11
8,0.0,H_heat_prod,Geothermal,12
8,0.0,H_heat_prod,Geothermal,6
8,0.0,H_heat_prod,Boiler,7
8,0.0,H_heat_prod,Geothermal,14
8,0.13662137349446551,H_heat_prod,HeatPump,11
8,0.0,H_heat_prod,HeatPump,20
8,0.0,H_heat_prod,Boiler,15
8,0.0,H_heat_prod,Geothermal,1
8,0.0,H_heat_prod,HeatPump,21
8,0.0,H_heat_prod,Geothermal,11
8,0.04587875366210875,H_heat_prod,HeatPump,5
8,0.0,H_heat_prod,Boiler,10
8,0.0,C_heat_unmet,4
8,0.0,C_heat_unmet,1
8,0.0,C_heat_unmet,12
8,0.0,C_heat_unmet,20
8,-8.64664714139708e-7,C_heat_unmet,2
8,0.0,C_heat_unmet,6
8,0.5082563781738275,C_heat_unmet,22
8,0.0,C_heat_unmet,11
8,0.0,C_heat_unmet,13
8,0.0,C_heat_unmet,5
8,0.0,C_heat_unmet,15
8,0.0,C_heat_unmet,16
8,0.0,C_heat_unmet,14
8,0.0,C_heat_unmet,21
8,0.0,C_heat_unmet,7
8,0.0,C_heat_unmet,8
8,0.0,C_heat_unmet,17
8,0.0,C_heat_unmet,10
8,0.0,C_heat_unmet,19
8,0.0,C_heat_unmet,9
8,0.0,C_heat_unmet,18
8,0.0,C_heat_unmet,3
8,0.0,invest_master,HeatPump
8,0.0,invest_master,Geothermal
8,0.0,invest_master,Boiler
8,401766.34197757574,obj,
8,10.0,invest,HeatPump
8,0.013306168004086185,invest,Geothermal
8,0.8841571384006086,invest,Boiler
31,0.0,C_heat_prod,HeatPump,15
31,0.05506481170654351,C_heat_prod,Geothermal,9
31,0.149024620056153,C_heat_prod,Geothermal,17
31,0.0,C_heat_prod,HeatPump,3
31,0.13338111877441475,C_heat_prod,Geothermal,16
31,0.007164611816406825,C_heat_prod,Geothermal,3
31,0.022084655761719325,C_heat_prod,Geothermal,5
31,0.0,C_heat_prod,HeatPump,17
31,0.18786434173584052,C_heat_prod,Geothermal,19
31,0.0,C_heat_prod,HeatPump,6
31,0.09490620930989652,C_heat_prod,Geothermal,13
31,0.01455368041992245,C_heat_prod,Geothermal,4
31,0.25281719207763753,C_heat_prod,Geothermal,21
31,0.21399482727050853,C_heat_prod,Geothermal,20
31,0.0,C_heat_prod,HeatPump,19
31,8.646647141397078e-7,C_heat_prod,HeatPump,2
31,0.0,C_heat_prod,HeatPump,12
31,8.646647141397078e-7,C_heat_prod,Geothermal,2
31,0.0,C_heat_prod,HeatPump,16
31,0.04622634887695375,C_heat_prod,Geothermal,8
31,0.16683003743489652,C_heat_prod,Geothermal,18
31,0.0,C_heat_prod,HeatPump,18
31,0.0,C_heat_prod,HeatPump,4
31,0.0,C_heat_prod,HeatPump,1
31,0.25281719207763753,C_heat_prod,Geothermal,22
31,0.0,C_heat_prod,HeatPump,7
31,0.06419891357421925,C_heat_prod,Geothermal,10
31,0.25543918609619,C_heat_prod,HeatPump,22
31,0.0,C_heat_prod,HeatPump,13
31,0.0,C_heat_prod,HeatPump,8
31,0.0,C_heat_prod,HeatPump,9
31,0.0,C_heat_prod,HeatPump,14
31,0.1193006261189785,C_heat_prod,Geothermal,15
31,0.0,C_heat_prod,HeatPump,10
31,0.037912216186524,C_heat_prod,Geothermal,7
31,0.08419937133789125,C_heat_prod,Geothermal,12
31,0.029816029866537003,C_heat_prod,Geothermal,6
31,0.10652679443359425,C_heat_prod,Geothermal,14
31,0.0,C_heat_prod,HeatPump,11
31,0.0,C_heat_prod,HeatPump,20
31,0.0,C_heat_prod,Geothermal,1
31,0.0,C_heat_prod,HeatPump,21
31,0.07401997884114651,C_heat_prod,Geothermal,11
31,0.0,C_heat_prod,HeatPump,5
31,0.0,H_heat_unmet,4
31,0.0,H_heat_unmet,1
31,0.0,H_heat_unmet,12
31,0.0,H_heat_unmet,20
31,0.0,H_heat_unmet,2
31,0.0,H_heat_unmet,6
31,0.7957414245605475,H_heat_unmet,22
31,0.0,H_heat_unmet,11
31,0.0,H_heat_unmet,13
31,0.0,H_heat_unmet,5
31,0.0,H_heat_unmet,15
31,0.0,H_heat_unmet,16
31,0.0,H_heat_unmet,14
31,0.0,H_heat_unmet,21
31,0.0,H_heat_unmet,7
31,0.0,H_heat_unmet,8
31,0.0,H_heat_unmet,17
31,0.0,H_heat_unmet,10
31,0.0,H_heat_unmet,19
31,0.0,H_heat_unmet,9
31,0.0,H_heat_unmet,18
31,0.0,H_heat_unmet,3
31,1.027129840318628e7,scenario_obj,
31,1.0,admin,HeatPump
31,1.0,admin,Geothermal
31,1.0,admin,Boiler
31,0.05504084772749696,invest_cumulative,HeatPump
31,0.013306168004086183,invest_cumulative,Geothermal
31,0.4152538440845613,invest_cumulative,Boiler
31,0.16961754112356686,H_heat_prod,Boiler,19
31,0.06943807795577836,H_heat_prod,HeatPump,15
31,0.0,H_heat_prod,Boiler,22
31,0.0,H_heat_prod,Boiler,12
31,0.0,H_heat_prod,Boiler,5
31,0.0,H_heat_prod,Geothermal,9
31,0.12448225263196289,H_heat_prod,Geothermal,17
31,0.015547714233397875,H_heat_prod,HeatPump,3
31,0.12896768817727416,H_heat_prod,Geothermal,16
31,0.1394637955943656,H_heat_prod,Boiler,18
31,0.0,H_heat_prod,Boiler,2
31,0.0,H_heat_prod,Boiler,8
31,0.0,H_heat_prod,Geothermal,3
31,0.0,H_heat_prod,Boiler,14
31,0.0,H_heat_prod,Geothermal,5
31,0.0,H_heat_prod,HeatPump,17
31,0.0,H_heat_prod,Boiler,4
31,0.0,H_heat_prod,Boiler,13
31,0.11453368873483068,H_heat_prod,Geothermal,19
31,0.0607692972819005,H_heat_prod,HeatPump,6
31,0.3737284596761052,H_heat_prod,Boiler,21
31,0.0,H_heat_prod,Geothermal,13
31,0.0,H_heat_prod,Geothermal,4
31,0.0,H_heat_prod,Geothermal,21
31,0.0,H_heat_prod,Geothermal,20
31,0.0,H_heat_prod,HeatPump,19
31,6.612141921547027e-7,H_heat_prod,HeatPump,2
31,0.152301177978515,H_heat_prod,HeatPump,12
31,0.0,H_heat_prod,Geothermal,2
31,0.0914566078839231,H_heat_prod,HeatPump,16
31,0.0,H_heat_prod,Geothermal,8
31,0.11975139402151942,H_heat_prod,Geothermal,18
31,0.0,H_heat_prod,HeatPump,18
31,0.0,H_heat_prod,Boiler,1
31,0.03084172566731725,H_heat_prod,HeatPump,4
31,0.0,H_heat_prod,Boiler,3
31,0.0,H_heat_prod,HeatPump,1
31,0.0,H_heat_prod,Geothermal,22
31,0.07578445434570251,H_heat_prod,HeatPump,7
31,0.0,H_heat_prod,Geothermal,10
31,0.0,H_heat_prod,Boiler,16
31,0.0,H_heat_prod,HeatPump,22
31,0.1686433410644525,H_heat_prod,HeatPump,13
31,0.09087005615234325,H_heat_prod,HeatPump,8
31,0.0,H_heat_prod,Boiler,6
31,0.11405435320299763,H_heat_prod,Boiler,17
31,0.0,H_heat_prod,Boiler,9
31,0.3196834818522125,H_heat_prod,Boiler,20
31,0.10595718383788999,H_heat_prod,HeatPump,9
31,0.1029703351999797,H_heat_prod,HeatPump,14
31,0.13360836471186438,H_heat_prod,Geothermal,15
31,0.121185455322265,H_heat_prod,HeatPump,10
31,0.0,H_heat_prod,Geothermal,7
31,0.0,H_heat_prod,Boiler,11
31,0.0,H_heat_prod,Geothermal,12
31,0.0,H_heat_prod,Geothermal,6
31,0.0,H_heat_prod,Boiler,7
31,0.0826336585337438,H_heat_prod,Geothermal,14
31,0.13662137349446551,H_heat_prod,HeatPump,11
31,0.0,H_heat_prod,HeatPump,20
31,0.0,H_heat_prod,Boiler,15
31,0.0,H_heat_prod,Geothermal,1
31,0.0,H_heat_prod,HeatPump,21
31,0.0,H_heat_prod,Geothermal,11
31,0.04587875366210875,H_heat_prod,HeatPump,5
31,0.0,H_heat_prod,Boiler,10
31,0.0,C_heat_unmet,4
31,0.0,C_heat_unmet,1
31,0.0,C_heat_unmet,12
31,0.0,C_heat_unmet,20
31,-8.64664714139708e-7,C_heat_unmet,2
31,0.0,C_heat_unmet,6
31,0.0,C_heat_unmet,22
31,0.0,C_heat_unmet,11
31,0.0,C_heat_unmet,13
31,0.0,C_heat_unmet,5
31,0.0,C_heat_unmet,15
31,0.0,C_heat_unmet,16
31,0.0,C_heat_unmet,14
31,0.0,C_heat_unmet,21
31,0.0,C_heat_unmet,7
31,0.0,C_heat_unmet,8
31,0.0,C_heat_unmet,17
31,0.0,C_heat_unmet,10
31,0.0,C_heat_unmet,19
31,0.0,C_heat_unmet,9
31,0.0,C_heat_unmet,18
31,0.0,C_heat_unmet,3
31,0.0,invest_master,HeatPump
31,0.0,invest_master,Geothermal
31,0.0,invest_master,Boiler
31,242920.31150505715,obj,
31,10.0,invest,HeatPump
31,0.013306168004086185,invest,Geothermal
31,0.4152538440845613,invest,Boiler
25,0.0,C_heat_prod,HeatPump,15
25,0.05506481170654351,C_heat_prod,Geothermal,9
25,0.149024620056153,C_heat_prod,Geothermal,17
25,0.0,C_heat_prod,HeatPump,3
25,0.13338111877441475,C_heat_prod,Geothermal,16
25,0.007164611816406825,C_heat_prod,Geothermal,3
25,0.022084655761719325,C_heat_prod,Geothermal,5
25,0.0,C_heat_prod,HeatPump,17
25,0.18786434173584052,C_heat_prod,Geothermal,19
25,0.0,C_heat_prod,HeatPump,6
25,0.09490620930989652,C_heat_prod,Geothermal,13
25,0.01455368041992245,C_heat_prod,Geothermal,4
25,0.25281719207763753,C_heat_prod,Geothermal,21
25,0.21399482727050853,C_heat_prod,Geothermal,20
25,0.0,C_heat_prod,HeatPump,19
25,8.646647141397078e-7,C_heat_prod,HeatPump,2
25,0.0,C_heat_prod,HeatPump,12
25,8.646647141397078e-7,C_heat_prod,Geothermal,2
25,0.0,C_heat_prod,HeatPump,16
25,0.04622634887695375,C_heat_prod,Geothermal,8
25,0.16683003743489652,C_heat_prod,Geothermal,18
25,0.0,C_heat_prod,HeatPump,18
25,0.0,C_heat_prod,HeatPump,4
25,0.0,C_heat_prod,HeatPump,1
25,0.25281719207763753,C_heat_prod,Geothermal,22
25,0.0,C_heat_prod,HeatPump,7
25,0.06419891357421925,C_heat_prod,Geothermal,10
25,0.25543918609619,C_heat_prod,HeatPump,22
25,0.0,C_heat_prod,HeatPump,13
25,0.0,C_heat_prod,HeatPump,8
25,0.0,C_heat_prod,HeatPump,9
25,0.0,C_heat_prod,HeatPump,14
25,0.1193006261189785,C_heat_prod,Geothermal,15
25,0.0,C_heat_prod,HeatPump,10
25,0.037912216186524,C_heat_prod,Geothermal,7
25,0.08419937133789125,C_heat_prod,Geothermal,12
25,0.029816029866537003,C_heat_prod,Geothermal,6
25,0.10652679443359425,C_heat_prod,Geothermal,14
25,0.0,C_heat_prod,HeatPump,11
25,0.0,C_heat_prod,HeatPump,20
25,0.0,C_heat_prod,Geothermal,1
25,0.0,C_heat_prod,HeatPump,21
25,0.07401997884114651,C_heat_prod,Geothermal,11
25,0.0,C_heat_prod,HeatPump,5
25,0.0,H_heat_unmet,4
25,0.0,H_heat_unmet,1
25,0.0,H_heat_unmet,12
25,0.0,H_heat_unmet,20
25,0.0,H_heat_unmet,2
25,0.0,H_heat_unmet,6
25,0.0,H_heat_unmet,22
25,0.0,H_heat_unmet,11
25,0.0,H_heat_unmet,13
25,0.0,H_heat_unmet,5
25,0.0,H_heat_unmet,15
25,0.0,H_heat_unmet,16
25,0.0,H_heat_unmet,14
25,0.0,H_heat_unmet,21
25,0.0,H_heat_unmet,7
25,0.0,H_heat_unmet,8
25,0.0,H_heat_unmet,17
25,0.0,H_heat_unmet,10
25,0.0,H_heat_unmet,19
25,0.0,H_heat_unmet,9
25,0.0,H_heat_unmet,18
25,0.0,H_heat_unmet,3
25,1.0,admin,HeatPump
25,1.0,admin,Geothermal
25,1.0,admin,Boiler
25,0.10573030514399982,invest_cumulative,HeatPump
25,0.013306168004086186,invest_cumulative,Geothermal
25,0.5019179274654206,invest_cumulative,Boiler
25,0.2841512298583975,H_heat_prod,Boiler,19
25,0.20304644266764274,H_heat_prod,HeatPump,15
25,0.5867348974118125,H_heat_prod,Boiler,22
25,0.0,H_heat_prod,Boiler,12
25,0.0,H_heat_prod,Boiler,5
25,0.0,H_heat_prod,Geothermal,9
25,0.12448225263196289,H_heat_prod,Geothermal,17
25,0.015547714233397875,H_heat_prod,HeatPump,3
25,0.12896768817727416,H_heat_prod,Geothermal,16
25,0.19275077381284136,H_heat_prod,Boiler,18
25,0.0,H_heat_prod,Boiler,2
25,0.0,H_heat_prod,Boiler,8
25,0.0,H_heat_prod,Geothermal,3
25,0.0,H_heat_prod,Boiler,14
25,0.0,H_heat_prod,Geothermal,5
25,0.0,H_heat_prod,HeatPump,17
25,0.0,H_heat_prod,Boiler,4
25,0.0,H_heat_prod,Boiler,13
25,0.0,H_heat_prod,Geothermal,19
25,0.0607692972819005,H_heat_prod,HeatPump,6
25,0.373728459676105,H_heat_prod,Boiler,21
25,0.0,H_heat_prod,Geothermal,13
25,0.0,H_heat_prod,Geothermal,4
25,0.0,H_heat_prod,Geothermal,21
25,0.0,H_heat_prod,Geothermal,20
25,0.0,H_heat_prod,HeatPump,19
25,6.612141921547027e-7,H_heat_prod,HeatPump,2
25,0.152301177978515,H_heat_prod,HeatPump,12
25,0.0,H_heat_prod,Geothermal,2
25,0.0914566078839231,H_heat_prod,HeatPump,16
25,0.0,H_heat_prod,Geothermal,8
25,0.06646441580304366,H_heat_prod,Geothermal,18
25,0.0,H_heat_prod,HeatPump,18
25,0.0,H_heat_prod,Boiler,1
25,0.03084172566731725,H_heat_prod,HeatPump,4
25,0.0,H_heat_prod,Boiler,3
25,0.0,H_heat_prod,HeatPump,1
25,0.06240806016967727,H_heat_prod,Geothermal,22
25,0.07578445434570251,H_heat_prod,HeatPump,7
25,0.0,H_heat_prod,Geothermal,10
25,0.0,H_heat_prod,Boiler,16
25,0.14659846697905776,H_heat_prod,HeatPump,22
25,0.1686433410644525,H_heat_prod,HeatPump,13
25,0.09087005615234325,H_heat_prod,HeatPump,8
25,0.0,H_heat_prod,Boiler,6
25,0.11405435320299763,H_heat_prod,Boiler,17
25,0.0,H_heat_prod,Boiler,9
25,0.3196834818522125,H_heat_prod,Boiler,20
25,0.10595718383788999,H_heat_prod,HeatPump,9
25,0.1856039937337235,H_heat_prod,HeatPump,14
25,0.0,H_heat_prod,Geothermal,15
25,0.12118545532226499,H_heat_prod,HeatPump,10
25,0.0,H_heat_prod,Geothermal,7
25,0.0,H_heat_prod,Boiler,11
25,0.0,H_heat_prod,Geothermal,12
25,0.0,H_heat_prod,Geothermal,6
25,0.0,H_heat_prod,Boiler,7
25,0.0,H_heat_prod,Geothermal,14
25,0.13662137349446551,H_heat_prod,HeatPump,11
25,0.0,H_heat_prod,HeatPump,20
25,0.0,H_heat_prod,Boiler,15
25,0.0,H_heat_prod,Geothermal,1
25,0.0,H_heat_prod,HeatPump,21
25,0.0,H_heat_prod,Geothermal,11
25,0.04587875366210875,H_heat_prod,HeatPump,5
25,0.0,H_heat_prod,Boiler,10
25,0.0,C_heat_unmet,4
25,0.0,C_heat_unmet,1
25,0.0,C_heat_unmet,12
25,0.0,C_heat_unmet,20
25,-8.646647134532741e-7,C_heat_unmet,2
25,0.0,C_heat_unmet,6
25,0.0,C_heat_unmet,22
25,0.0,C_heat_unmet,11
25,0.0,C_heat_unmet,13
25,0.0,C_heat_unmet,5
25,0.0,C_heat_unmet,15
25,0.0,C_heat_unmet,16
25,0.0,C_heat_unmet,14
25,0.0,C_heat_unmet,21
25,0.0,C_heat_unmet,7
25,0.0,C_heat_unmet,8
25,0.0,C_heat_unmet,17
25,0.0,C_heat_unmet,10
25,0.0,C_heat_unmet,19
25,0.0,C_heat_unmet,9
25,0.0,C_heat_unmet,18
25,0.0,C_heat_unmet,3
25,0.0,invest_master,HeatPump
25,0.0,invest_master,Geothermal
25,0.0,invest_master,Boiler
25,326322.18778419384,obj,
25,0.055040847727496955,invest,HeatPump
25,0.013306168004086185,invest,Geothermal
25,0.6519276637909028,invest,Boiler
5,0.0,C_heat_prod,HeatPump,15
5,0.05506481170654351,C_heat_prod,Geothermal,9
5,0.149024620056153,C_heat_prod,Geothermal,17
5,0.0,C_heat_prod,HeatPump,3
5,0.13338111877441475,C_heat_prod,Geothermal,16
5,0.007164611816406825,C_heat_prod,Geothermal,3
5,0.022084655761719325,C_heat_prod,Geothermal,5
5,0.0,C_heat_prod,HeatPump,17
5,0.18786434173584052,C_heat_prod,Geothermal,19
5,0.0,C_heat_prod,HeatPump,6
5,0.09490620930989652,C_heat_prod,Geothermal,13
5,0.01455368041992245,C_heat_prod,Geothermal,4
5,0.21399482727050853,C_heat_prod,Geothermal,21
5,0.21399482727050853,C_heat_prod,Geothermal,20
5,0.0,C_heat_prod,HeatPump,19
5,8.646647141397078e-7,C_heat_prod,HeatPump,2
5,0.0,C_heat_prod,HeatPump,12
5,8.646647141397078e-7,C_heat_prod,Geothermal,2
5,0.0,C_heat_prod,HeatPump,16
5,0.04622634887695375,C_heat_prod,Geothermal,8
5,0.16683003743489652,C_heat_prod,Geothermal,18
5,0.0,C_heat_prod,HeatPump,18
5,0.0,C_heat_prod,HeatPump,4
5,0.0,C_heat_prod,HeatPump,1
5,0.21399482727050853,C_heat_prod,Geothermal,22
5,0.0,C_heat_prod,HeatPump,7
5,0.06419891357421925,C_heat_prod,Geothermal,10
5,0.13590635046113633,C_heat_prod,HeatPump,22
5,0.0,C_heat_prod,HeatPump,13
5,0.0,C_heat_prod,HeatPump,8
5,0.0,C_heat_prod,HeatPump,9
5,0.0,C_heat_prod,HeatPump,14
5,0.1193006261189785,C_heat_prod,Geothermal,15
5,0.0,C_heat_prod,HeatPump,10
5,0.037912216186524,C_heat_prod,Geothermal,7
5,0.08419937133789125,C_heat_prod,Geothermal,12
5,0.029816029866537003,C_heat_prod,Geothermal,6
5,0.10652679443359425,C_heat_prod,Geothermal,14
5,0.0,C_heat_prod,HeatPump,11
5,0.0,C_heat_prod,HeatPump,20
5,0.0,C_heat_prod,Geothermal,1
5,0.03882236480712903,C_heat_prod,HeatPump,21
5,0.07401997884114651,C_heat_prod,Geothermal,11
5,0.0,C_heat_prod,HeatPump,5
5,0.0,H_heat_unmet,4
5,0.0,H_heat_unmet,1
5,0.0,H_heat_unmet,12
5,0.0,H_heat_unmet,20
5,0.0,H_heat_unmet,2
5,0.0,H_heat_unmet,6
5,0.0,H_heat_unmet,22
5,0.0,H_heat_unmet,11
5,0.0,H_heat_unmet,13
5,0.0,H_heat_unmet,5
5,0.0,H_heat_unmet,15
5,0.0,H_heat_unmet,16
5,0.0,H_heat_unmet,14
5,0.0,H_heat_unmet,21
5,0.0,H_heat_unmet,7
5,0.0,H_heat_unmet,8
5,0.0,H_heat_unmet,17
5,0.0,H_heat_unmet,10
5,0.0,H_heat_unmet,19
5,0.0,H_heat_unmet,9
5,0.0,H_heat_unmet,18
5,0.0,H_heat_unmet,3
5,1.0,admin,HeatPump
5,1.0,admin,Geothermal
5,1.0,admin,Boiler
5,0.02928446827306426,invest_cumulative,HeatPump
5,0.013306168004086199,invest_cumulative,Geothermal
5,0.7281507659423299,invest_cumulative,Boiler
5,0.2841512298583975,H_heat_prod,Boiler,19
5,0.20304644266764274,H_heat_prod,HeatPump,15
5,0.7429166860744227,H_heat_prod,Boiler,22
5,0.0,H_heat_prod,Boiler,12
5,0.0,H_heat_prod,Boiler,5
5,0.0,H_heat_prod,Geothermal,9
5,0.10536687766882673,H_heat_prod,Geothermal,17
5,0.015547714233397875,H_heat_prod,HeatPump,3
5,0.09443542267479381,H_heat_prod,Geothermal,16
5,0.259215189615885,H_heat_prod,Boiler,18
5,0.0,H_heat_prod,Boiler,2
5,0.0,H_heat_prod,Boiler,8
5,0.0,H_heat_prod,Geothermal,3
5,0.0,H_heat_prod,Boiler,14
5,0.0,H_heat_prod,Geothermal,5
5,0.0,H_heat_prod,HeatPump,17
5,0.0,H_heat_prod,Boiler,4
5,0.0,H_heat_prod,Boiler,13
5,0.0,H_heat_prod,Geothermal,19
5,0.0607692972819005,H_heat_prod,HeatPump,6
5,0.373728459676105,H_heat_prod,Boiler,21
5,0.0,H_heat_prod,Geothermal,13
5,0.0,H_heat_prod,Geothermal,4
5,0.0,H_heat_prod,Geothermal,21
5,0.0,H_heat_prod,Geothermal,20
5,0.0,H_heat_prod,HeatPump,19
5,6.612141921547027e-7,H_heat_prod,HeatPump,2
5,0.152301177978515,H_heat_prod,HeatPump,12
5,0.0,H_heat_prod,Geothermal,2
5,0.12598887338640344,H_heat_prod,HeatPump,16
5,0.0,H_heat_prod,Geothermal,8
5,0.0,H_heat_prod,Geothermal,18
5,0.0,H_heat_prod,HeatPump,18
5,0.0,H_heat_prod,Boiler,1
5,0.03084172566731725,H_heat_prod,HeatPump,4
5,0.0,H_heat_prod,Boiler,3
5,0.0,H_heat_prod,HeatPump,1
5,0.05282473848612482,H_heat_prod,Geothermal,22
5,0.07578445434570251,H_heat_prod,HeatPump,7
5,0.0,H_heat_prod,Geothermal,10
5,0.0,H_heat_prod,Boiler,16
5,0.0,H_heat_prod,HeatPump,22
5,0.1686433410644525,H_heat_prod,HeatPump,13
5,0.09087005615234325,H_heat_prod,HeatPump,8
5,0.0,H_heat_prod,Boiler,6
5,0.1331697281661338,H_heat_prod,Boiler,17
5,0.0,H_heat_prod,Boiler,9
5,0.3196834818522125,H_heat_prod,Boiler,20
5,0.10595718383788999,H_heat_prod,HeatPump,9
5,0.1856039937337235,H_heat_prod,HeatPump,14
5,0.0,H_heat_prod,Geothermal,15
5,0.12118545532226499,H_heat_prod,HeatPump,10
5,0.0,H_heat_prod,Geothermal,7
5,0.0,H_heat_prod,Boiler,11
5,0.0,H_heat_prod,Geothermal,12
5,0.0,H_heat_prod,Geothermal,6
5,0.0,H_heat_prod,Boiler,7
5,0.0,H_heat_prod,Geothermal,14
5,0.13662137349446551,H_heat_prod,HeatPump,11
5,0.0,H_heat_prod,HeatPump,20
5,0.0,H_heat_prod,Boiler,15
5,0.0,H_heat_prod,Geothermal,1
5,0.0,H_heat_prod,HeatPump,21
5,0.0,H_heat_prod,Geothermal,11
5,0.04587875366210875,H_heat_prod,HeatPump,5
5,0.0,H_heat_prod,Boiler,10
5,0.0,C_heat_unmet,4
5,0.0,C_heat_unmet,1
5,0.0,C_heat_unmet,12
5,0.0,C_heat_unmet,20
5,-8.646647137177671e-7,C_heat_unmet,2
5,0.0,C_heat_unmet,6
5,0.15835520044218268,C_heat_unmet,22
5,0.0,C_heat_unmet,11
5,0.0,C_heat_unmet,13
5,0.0,C_heat_unmet,5
5,0.0,C_heat_unmet,15
5,0.0,C_heat_unmet,16
5,0.0,C_heat_unmet,14
5,0.0,C_heat_unmet,21
5,0.0,C_heat_unmet,7
5,0.0,C_heat_unmet,8
5,0.0,C_heat_unmet,17
5,0.0,C_heat_unmet,10
5,0.0,C_heat_unmet,19
5,0.0,C_heat_unmet,9
5,0.0,C_heat_unmet,18
5,0.0,C_heat_unmet,3
5,0.0,invest_master,HeatPump
5,0.0,invest_master,Geothermal
5,0.0,invest_master,Boiler
5,383903.6101660768,obj,
5,0.02928446827306429,invest,HeatPump
5,0.011262885645816238,invest,Geothermal
5,0.8254629845271364,invest,Boiler
28,0.0,C_heat_prod,HeatPump,15
28,0.05506481170654364,C_heat_prod,Geothermal,9
28,0.149024620056153,C_heat_prod,Geothermal,17
28,0.0,C_heat_prod,HeatPump,3
28,0.13338111877441475,C_heat_prod,Geothermal,16
28,0.007164611816406825,C_heat_prod,Geothermal,3
28,0.022084655761719325,C_heat_prod,Geothermal,5
28,0.0,C_heat_prod,HeatPump,17
28,0.18786434173584052,C_heat_prod,Geothermal,19
28,0.0,C_heat_prod,HeatPump,6
28,0.09490620930989652,C_heat_prod,Geothermal,13
28,0.014553680419922463,C_heat_prod,Geothermal,4
28,0.25281719207763753,C_heat_prod,Geothermal,21
28,0.21399482727050853,C_heat_prod,Geothermal,20
28,0.0,C_heat_prod,HeatPump,19
28,8.646647141397078e-7,C_heat_prod,HeatPump,2
28,0.0,C_heat_prod,HeatPump,12
28,8.646647141397078e-7,C_heat_prod,Geothermal,2
28,0.0,C_heat_prod,HeatPump,16
28,0.04622634887695375,C_heat_prod,Geothermal,8
28,0.16683003743489652,C_heat_prod,Geothermal,18
28,0.0,C_heat_prod,HeatPump,18
28,0.0,C_heat_prod,HeatPump,4
28,0.0,C_heat_prod,HeatPump,1
28,0.0,C_heat_prod,Geothermal,22
28,0.0,C_heat_prod,HeatPump,7
28,0.06419891357421925,C_heat_prod,Geothermal,10
28,0.0,C_heat_prod,HeatPump,22
28,0.0,C_heat_prod,HeatPump,13
28,0.0,C_heat_prod,HeatPump,8
28,0.0,C_heat_prod,HeatPump,9
28,0.0,C_heat_prod,HeatPump,14
28,0.11930062611897856,C_heat_prod,Geothermal,15
28,0.0,C_heat_prod,HeatPump,10
28,0.037912216186524,C_heat_prod,Geothermal,7
28,0.08419937133789125,C_heat_prod,Geothermal,12
28,0.029816029866536968,C_heat_prod,Geothermal,6
28,0.10652679443359414,C_heat_prod,Geothermal,14
28,0.0,C_heat_prod,HeatPump,11
28,0.0,C_heat_prod,HeatPump,20
28,0.0,C_heat_prod,Geothermal,1
28,0.0,C_heat_prod,HeatPump,21
28,0.07401997884114651,C_heat_prod,Geothermal,11
28,0.0,C_heat_prod,HeatPump,5
28,0.0,H_heat_unmet,4
28,0.0,H_heat_unmet,1
28,0.0,H_heat_unmet,12
28,0.0,H_heat_unmet,20
28,0.0,H_heat_unmet,2
28,0.0,H_heat_unmet,6
28,0.0,H_heat_unmet,22
28,0.0,H_heat_unmet,11
28,0.0,H_heat_unmet,13
28,0.0,H_heat_unmet,5
28,0.0,H_heat_unmet,15
28,0.0,H_heat_unmet,16
28,0.0,H_heat_unmet,14
28,0.0,H_heat_unmet,21
28,0.0,H_heat_unmet,7
28,0.0,H_heat_unmet,8
28,0.0,H_heat_unmet,17
28,0.0,H_heat_unmet,10
28,0.0,H_heat_unmet,19
28,0.0,H_heat_unmet,9
28,0.0,H_heat_unmet,18
28,0.0,H_heat_unmet,3
28,1.0699947083540006e7,scenario_obj,
28,1.0,admin,HeatPump
28,1.0,admin,Geothermal
28,1.0,admin,Boiler
28,0.055040847727496955,invest_cumulative,HeatPump
28,0.013306168004086183,invest_cumulative,Geothermal
28,0.495921291332624,invest_cumulative,Boiler
28,0.2841512298583975,H_heat_prod,Boiler,19
28,0.20304644266764255,H_heat_prod,HeatPump,15
28,0.6553356893480969,H_heat_prod,Boiler,22
28,0.0,H_heat_prod,Boiler,12
28,0.0,H_heat_prod,Boiler,5
28,0.0,H_heat_prod,Geothermal,9
28,0.12448225263196289,H_heat_prod,Geothermal,17
28,0.015547714233397875,H_heat_prod,HeatPump,3
28,0.10592205482390417,H_heat_prod,Geothermal,16
28,0.259215189615885,H_heat_prod,Boiler,18
28,0.0,H_heat_prod,Boiler,2
28,0.0,H_heat_prod,Boiler,8
28,0.0,H_heat_prod,Geothermal,3
28,0.0,H_heat_prod,Boiler,14
28,0.0,H_heat_prod,Geothermal,5
28,0.0,H_heat_prod,HeatPump,17
28,0.0,H_heat_prod,Boiler,4
28,0.0,H_heat_prod,Boiler,13
28,0.0,H_heat_prod,Geothermal,19
28,0.0607692972819005,H_heat_prod,HeatPump,6
28,0.373728459676105,H_heat_prod,Boiler,21
28,0.0,H_heat_prod,Geothermal,13
28,0.0,H_heat_prod,Geothermal,4
28,0.0,H_heat_prod,Geothermal,21
28,0.0,H_heat_prod,Geothermal,20
28,0.0,H_heat_prod,HeatPump,19
28,6.612141921547027e-7,H_heat_prod,HeatPump,2
28,0.1523011779785147,H_heat_prod,HeatPump,12
28,0.0,H_heat_prod,Geothermal,2
28,0.11450224123729309,H_heat_prod,HeatPump,16
28,0.0,H_heat_prod,Geothermal,8
28,0.0,H_heat_prod,Geothermal,18
28,0.0,H_heat_prod,HeatPump,18
28,0.0,H_heat_prod,Boiler,1
28,0.03084172566731725,H_heat_prod,HeatPump,4
28,0.0,H_heat_prod,Boiler,3
28,0.0,H_heat_prod,HeatPump,1
28,0.06240806016967727,H_heat_prod,Geothermal,22
28,0.07578445434570251,H_heat_prod,HeatPump,7
28,0.0,H_heat_prod,Geothermal,10
28,0.0,H_heat_prod,Boiler,16
28,0.07799767504277332,H_heat_prod,HeatPump,22
28,0.16864334106445228,H_heat_prod,HeatPump,13
28,0.09087005615234325,H_heat_prod,HeatPump,8
28,0.0,H_heat_prod,Boiler,6
28,0.11405435320299763,H_heat_prod,Boiler,17
28,0.0,H_heat_prod,Boiler,9
28,0.3196834818522125,H_heat_prod,Boiler,20
28,0.10595718383788999,H_heat_prod,HeatPump,9
28,0.18560399373372324,H_heat_prod,HeatPump,14
28,0.0,H_heat_prod,Geothermal,15
28,0.12118545532226499,H_heat_prod,HeatPump,10
28,0.0,H_heat_prod,Geothermal,7
28,0.0,H_heat_prod,Boiler,11
28,0.0,H_heat_prod,Geothermal,12
28,0.0,H_heat_prod,Geothermal,6
28,0.0,H_heat_prod,Boiler,7
28,0.0,H_heat_prod,Geothermal,14
28,0.13662137349446551,H_heat_prod,HeatPump,11
28,0.0,H_heat_prod,HeatPump,20
28,0.0,H_heat_prod,Boiler,15
28,0.0,H_heat_prod,Geothermal,1
28,0.0,H_heat_prod,HeatPump,21
28,0.0,H_heat_prod,Geothermal,11
28,0.04587875366210875,H_heat_prod,HeatPump,5
28,0.0,H_heat_prod,Boiler,10
28,0.0,C_heat_unmet,4
28,0.0,C_heat_unmet,1
28,0.0,C_heat_unmet,12
28,0.0,C_heat_unmet,20
28,-8.646647001137864e-7,C_heat_unmet,2
28,0.0,C_heat_unmet,6
28,0.5082563781738275,C_heat_unmet,22
28,0.0,C_heat_unmet,11
28,0.0,C_heat_unmet,13
28,0.0,C_heat_unmet,5
28,0.0,C_heat_unmet,15
28,0.0,C_heat_unmet,16
28,0.0,C_heat_unmet,14
28,0.0,C_heat_unmet,21
28,0.0,C_heat_unmet,7
28,0.0,C_heat_unmet,8
28,0.0,C_heat_unmet,17
28,0.0,C_heat_unmet,10
28,0.0,C_heat_unmet,19
28,0.0,C_heat_unmet,9
28,0.0,C_heat_unmet,18
28,0.0,C_heat_unmet,3
28,0.0,invest_master,HeatPump
28,0.0,invest_master,Geothermal
28,0.0,invest_master,Boiler
28,391307.917095801,obj,
28,0.02928446827306426,invest,HeatPump
28,0.013306168004086185,invest,Geothermal
28,0.72815076594233,invest,Boiler
16,0.0,C_heat_prod,HeatPump,15
16,0.05506481170654364,C_heat_prod,Geothermal,9
16,0.149024620056153,C_heat_prod,Geothermal,17
16,0.0,C_heat_prod,HeatPump,3
16,0.13338111877441475,C_heat_prod,Geothermal,16
16,0.007164611816406825,C_heat_prod,Geothermal,3
16,0.022084655761719325,C_heat_prod,Geothermal,5
16,0.0,C_heat_prod,HeatPump,17
16,0.18786434173584052,C_heat_prod,Geothermal,19
16,0.0,C_heat_prod,HeatPump,6
16,0.09490620930989652,C_heat_prod,Geothermal,13
16,0.014553680419922463,C_heat_prod,Geothermal,4
16,0.25281719207763753,C_heat_prod,Geothermal,21
16,0.21399482727050853,C_heat_prod,Geothermal,20
16,0.0,C_heat_prod,HeatPump,19
16,8.646647141397078e-7,C_heat_prod,HeatPump,2
16,0.0,C_heat_prod,HeatPump,12
16,8.646647141397078e-7,C_heat_prod,Geothermal,2
16,0.0,C_heat_prod,HeatPump,16
16,0.04622634887695375,C_heat_prod,Geothermal,8
16,0.16683003743489652,C_heat_prod,Geothermal,18
16,0.0,C_heat_prod,HeatPump,18
16,0.0,C_heat_prod,HeatPump,4
16,0.0,C_heat_prod,HeatPump,1
16,0.25281719207763753,C_heat_prod,Geothermal,22
16,0.0,C_heat_prod,HeatPump,7
16,0.06419891357421925,C_heat_prod,Geothermal,10
16,0.25543918609619,C_heat_prod,HeatPump,22
16,0.0,C_heat_prod,HeatPump,13
16,0.0,C_heat_prod,HeatPump,8
16,0.0,C_heat_prod,HeatPump,9
16,0.0,C_heat_prod,HeatPump,14
16,0.11930062611897856,C_heat_prod,Geothermal,15
16,0.0,C_heat_prod,HeatPump,10
16,0.037912216186524,C_heat_prod,Geothermal,7
16,0.08419937133789125,C_heat_prod,Geothermal,12
16,0.029816029866536968,C_heat_prod,Geothermal,6
16,0.10652679443359414,C_heat_prod,Geothermal,14
16,0.0,C_heat_prod,HeatPump,11
16,0.0,C_heat_prod,HeatPump,20
16,0.0,C_heat_prod,Geothermal,1
16,0.0,C_heat_prod,HeatPump,21
16,0.07401997884114651,C_heat_prod,Geothermal,11
16,0.0,C_heat_prod,HeatPump,5
16,0.0,H_heat_unmet,4
16,0.0,H_heat_unmet,1
16,0.0,H_heat_unmet,12
16,0.0,H_heat_unmet,20
16,0.0,H_heat_unmet,2
16,0.0,H_heat_unmet,6
16,0.0,H_heat_unmet,22
16,0.0,H_heat_unmet,11
16,0.0,H_heat_unmet,13
16,0.0,H_heat_unmet,5
16,0.0,H_heat_unmet,15
16,0.0,H_heat_unmet,16
16,0.0,H_heat_unmet,14
16,0.0,H_heat_unmet,21
16,0.0,H_heat_unmet,7
16,0.0,H_heat_unmet,8
16,0.0,H_heat_unmet,17
16,0.0,H_heat_unmet,10
16,0.0,H_heat_unmet,19
16,0.0,H_heat_unmet,9
16,0.0,H_heat_unmet,18
16,0.0,H_heat_unmet,3
16,1.0,admin,HeatPump
16,1.0,admin,Geothermal
16,1.0,admin,Boiler
16,0.07997392568956715,invest_cumulative,HeatPump
16,0.013306168004086199,invest_cumulative,Geothermal
16,0.8148148493231891,invest_cumulative,Boiler
16,0.2841512298583975,H_heat_prod,Boiler,19
16,0.20304644266764274,H_heat_prod,HeatPump,15
16,0.7333333643908703,H_heat_prod,Boiler,22
16,0.0,H_heat_prod,Boiler,12
16,0.0,H_heat_prod,Boiler,5
16,0.0,H_heat_prod,Geothermal,9
16,0.12448225263196289,H_heat_prod,Geothermal,17
16,0.015547714233397875,H_heat_prod,HeatPump,3
16,0.11223116808430557,H_heat_prod,Geothermal,16
16,0.259215189615885,H_heat_prod,Boiler,18
16,0.0,H_heat_prod,Boiler,2
16,0.0,H_heat_prod,Boiler,8
16,0.0,H_heat_prod,Geothermal,3
16,0.0,H_heat_prod,Boiler,14
16,0.0,H_heat_prod,Geothermal,5
16,0.0,H_heat_prod,HeatPump,17
16,0.0,H_heat_prod,Boiler,4
16,0.0,H_heat_prod,Boiler,13
16,0.0,H_heat_prod,Geothermal,19
16,0.0607692972819005,H_heat_prod,HeatPump,6
16,0.373728459676105,H_heat_prod,Boiler,21
16,0.0,H_heat_prod,Geothermal,13
16,0.0,H_heat_prod,Geothermal,4
16,0.0,H_heat_prod,Geothermal,21
16,0.0,H_heat_prod,Geothermal,20
16,0.0,H_heat_prod,HeatPump,19
16,6.612141921547027e-7,H_heat_prod,HeatPump,2
16,0.152301177978515,H_heat_prod,HeatPump,12
16,0.0,H_heat_prod,Geothermal,2
16,0.10819312797689169,H_heat_prod,HeatPump,16
16,0.0,H_heat_prod,Geothermal,8
16,0.0,H_heat_prod,Geothermal,18
16,0.0,H_heat_prod,HeatPump,18
16,0.0,H_heat_prod,Boiler,1
16,0.03084172566731725,H_heat_prod,HeatPump,4
16,0.0,H_heat_prod,Boiler,3
16,0.0,H_heat_prod,HeatPump,1
16,0.06240806016967727,H_heat_prod,Geothermal,22
16,0.07578445434570251,H_heat_prod,HeatPump,7
16,0.0,H_heat_prod,Geothermal,10
16,0.0,H_heat_prod,Boiler,16
16,0.0,H_heat_prod,HeatPump,22
16,0.1686433410644525,H_heat_prod,HeatPump,13
16,0.09087005615234325,H_heat_prod,HeatPump,8
16,0.0,H_heat_prod,Boiler,6
16,0.11405435320299763,H_heat_prod,Boiler,17
16,0.0,H_heat_prod,Boiler,9
16,0.3196834818522125,H_heat_prod,Boiler,20
16,0.10595718383788999,H_heat_prod,HeatPump,9
16,0.1856039937337235,H_heat_prod,HeatPump,14
16,0.0,H_heat_prod,Geothermal,15
16,0.121185455322265,H_heat_prod,HeatPump,10
16,0.0,H_heat_prod,Geothermal,7
16,0.0,H_heat_prod,Boiler,11
16,0.0,H_heat_prod,Geothermal,12
16,0.0,H_heat_prod,Geothermal,6
16,0.0,H_heat_prod,Boiler,7
16,0.0,H_heat_prod,Geothermal,14
16,0.13662137349446551,H_heat_prod,HeatPump,11
16,0.0,H_heat_prod,HeatPump,20
16,0.0,H_heat_prod,Boiler,15
16,0.0,H_heat_prod,Geothermal,1
16,0.0,H_heat_prod,HeatPump,21
16,0.0,H_heat_prod,Geothermal,11
16,0.04587875366210875,H_heat_prod,HeatPump,5
16,0.0,H_heat_prod,Boiler,10
16,0.0,C_heat_unmet,4
16,0.0,C_heat_unmet,1
16,0.0,C_heat_unmet,12
16,0.0,C_heat_unmet,20
16,-8.646647141133688e-7,C_heat_unmet,2
16,0.0,C_heat_unmet,6
16,0.0,C_heat_unmet,22
16,0.0,C_heat_unmet,11
16,0.0,C_heat_unmet,13
16,0.0,C_heat_unmet,5
16,0.0,C_heat_unmet,15
16,0.0,C_heat_unmet,16
16,0.0,C_heat_unmet,14
16,0.0,C_heat_unmet,21
16,0.0,C_heat_unmet,7
16,0.0,C_heat_unmet,8
16,0.0,C_heat_unmet,17
16,0.0,C_heat_unmet,10
16,0.0,C_heat_unmet,19
16,0.0,C_heat_unmet,9
16,0.0,C_heat_unmet,18
16,0.0,C_heat_unmet,3
16,0.05504084772749696,invest_master,HeatPump
16,0.013306168004086183,invest_master,Geothermal
16,0.4152538440845613,invest_master,Boiler
16,371694.2151254355,obj,
16,10.0,invest,HeatPump
16,0.013306168004086185,invest,Geothermal
16,0.8148148493231893,invest,Boiler
19,0.0,C_heat_prod,HeatPump,15
19,0.05506481170654351,C_heat_prod,Geothermal,9
19,0.149024620056153,C_heat_prod,Geothermal,17
19,0.0,C_heat_prod,HeatPump,3
19,0.13338111877441475,C_heat_prod,Geothermal,16
19,0.007164611816406825,C_heat_prod,Geothermal,3
19,0.022084655761719325,C_heat_prod,Geothermal,5
19,0.0,C_heat_prod,HeatPump,17
19,0.18786434173584052,C_heat_prod,Geothermal,19
19,0.0,C_heat_prod,HeatPump,6
19,0.09490620930989652,C_heat_prod,Geothermal,13
19,0.01455368041992245,C_heat_prod,Geothermal,4
19,0.25281719207763753,C_heat_prod,Geothermal,21
19,0.21399482727050853,C_heat_prod,Geothermal,20
19,0.0,C_heat_prod,HeatPump,19
19,8.646647141397078e-7,C_heat_prod,HeatPump,2
19,0.0,C_heat_prod,HeatPump,12
19,8.646647141397078e-7,C_heat_prod,Geothermal,2
19,0.0,C_heat_prod,HeatPump,16
19,0.04622634887695375,C_heat_prod,Geothermal,8
19,0.16683003743489652,C_heat_prod,Geothermal,18
19,0.0,C_heat_prod,HeatPump,18
19,0.0,C_heat_prod,HeatPump,4
19,0.0,C_heat_prod,HeatPump,1
19,0.0,C_heat_prod,Geothermal,22
19,0.0,C_heat_prod,HeatPump,7
19,0.06419891357421925,C_heat_prod,Geothermal,10
19,0.0,C_heat_prod,HeatPump,22
19,0.0,C_heat_prod,HeatPump,13
19,0.0,C_heat_prod,HeatPump,8
19,0.0,C_heat_prod,HeatPump,9
19,0.0,C_heat_prod,HeatPump,14
19,0.1193006261189785,C_heat_prod,Geothermal,15
19,0.0,C_heat_prod,HeatPump,10
19,0.037912216186524,C_heat_prod,Geothermal,7
19,0.08419937133789125,C_heat_prod,Geothermal,12
19,0.029816029866537003,C_heat_prod,Geothermal,6
19,0.10652679443359425,C_heat_prod,Geothermal,14
19,0.0,C_heat_prod,HeatPump,11
19,0.0,C_heat_prod,HeatPump,20
19,0.0,C_heat_prod,Geothermal,1
19,0.0,C_heat_prod,HeatPump,21
19,0.07401997884114651,C_heat_prod,Geothermal,11
19,0.0,C_heat_prod,HeatPump,5
19,0.0,H_heat_unmet,4
19,0.0,H_heat_unmet,1
19,0.0,H_heat_unmet,12
19,0.0,H_heat_unmet,20
19,0.0,H_heat_unmet,2
19,0.0,H_heat_unmet,6
19,0.0,H_heat_unmet,22
19,0.0,H_heat_unmet,11
19,0.0,H_heat_unmet,13
19,0.0,H_heat_unmet,5
19,0.0,H_heat_unmet,15
19,0.0,H_heat_unmet,16
19,0.0,H_heat_unmet,14
19,0.0,H_heat_unmet,21
19,0.0,H_heat_unmet,7
19,0.0,H_heat_unmet,8
19,0.0,H_heat_unmet,17
19,0.0,H_heat_unmet,10
19,0.0,H_heat_unmet,19
19,0.0,H_heat_unmet,9
19,0.0,H_heat_unmet,18
19,0.0,H_heat_unmet,3
19,1.0,admin,HeatPump
19,1.0,admin,Geothermal
19,1.0,admin,Boiler
19,0.055040847727496955,invest_cumulative,HeatPump
19,0.013306168004086186,invest_cumulative,Geothermal
19,0.8148148493231893,invest_cumulative,Boiler
19,0.2841512298583975,H_heat_prod,Boiler,19
19,0.20304644266764277,H_heat_prod,HeatPump,15
19,0.7333333643908703,H_heat_prod,Boiler,22
19,0.0,H_heat_prod,Boiler,12
19,0.0,H_heat_prod,Boiler,5
19,0.0,H_heat_prod,Geothermal,9
19,0.12448225263196289,H_heat_prod,Geothermal,17
19,0.015547714233397875,H_heat_prod,HeatPump,3
19,0.09637037121905154,H_heat_prod,Geothermal,16
19,0.259215189615885,H_heat_prod,Boiler,18
19,0.0,H_heat_prod,Boiler,2
19,0.0,H_heat_prod,Boiler,8
19,0.0,H_heat_prod,Geothermal,3
19,0.0,H_heat_prod,Boiler,14
19,0.0,H_heat_prod,Geothermal,5
19,0.0,H_heat_prod,HeatPump,17
19,0.0,H_heat_prod,Boiler,4
19,0.0,H_heat_prod,Boiler,13
19,0.0,H_heat_prod,Geothermal,19
19,0.0607692972819005,H_heat_prod,HeatPump,6
19,0.373728459676105,H_heat_prod,Boiler,21
19,0.0,H_heat_prod,Geothermal,13
19,0.0,H_heat_prod,Geothermal,4
19,0.0,H_heat_prod,Geothermal,21
19,0.0,H_heat_prod,Geothermal,20
19,0.0,H_heat_prod,HeatPump,19
19,6.612141921547027e-7,H_heat_prod,HeatPump,2
19,0.152301177978515,H_heat_prod,HeatPump,12
19,0.0,H_heat_prod,Geothermal,2
19,0.12405392484214572,H_heat_prod,HeatPump,16
19,0.0,H_heat_prod,Geothermal,8
19,0.0,H_heat_prod,Geothermal,18
19,0.0,H_heat_prod,HeatPump,18
19,0.0,H_heat_prod,Boiler,1
19,0.03084172566731725,H_heat_prod,HeatPump,4
19,0.0,H_heat_prod,Boiler,3
19,0.0,H_heat_prod,HeatPump,1
19,0.06240806016967727,H_heat_prod,Geothermal,22
19,0.07578445434570251,H_heat_prod,HeatPump,7
19,0.0,H_heat_prod,Geothermal,10
19,0.0,H_heat_prod,Boiler,16
19,0.0,H_heat_prod,HeatPump,22
19,0.1686433410644525,H_heat_prod,HeatPump,13
19,0.09087005615234325,H_heat_prod,HeatPump,8
19,0.0,H_heat_prod,Boiler,6
19,0.11405435320299763,H_heat_prod,Boiler,17
19,0.0,H_heat_prod,Boiler,9
19,0.3196834818522125,H_heat_prod,Boiler,20
19,0.10595718383788999,H_heat_prod,HeatPump,9
19,0.1856039937337235,H_heat_prod,HeatPump,14
19,0.0,H_heat_prod,Geothermal,15
19,0.12118545532226499,H_heat_prod,HeatPump,10
19,0.0,H_heat_prod,Geothermal,7
19,0.0,H_heat_prod,Boiler,11
19,0.0,H_heat_prod,Geothermal,12
19,0.0,H_heat_prod,Geothermal,6
19,0.0,H_heat_prod,Boiler,7
19,0.0,H_heat_prod,Geothermal,14
19,0.13662137349446551,H_heat_prod,HeatPump,11
19,0.0,H_heat_prod,HeatPump,20
19,0.0,H_heat_prod,Boiler,15
19,0.0,H_heat_prod,Geothermal,1
19,0.0,H_heat_prod,HeatPump,21
19,0.0,H_heat_prod,Geothermal,11
19,0.04587875366210875,H_heat_prod,HeatPump,5
19,0.0,H_heat_prod,Boiler,10
19,0.0,C_heat_unmet,4
19,0.0,C_heat_unmet,1
19,0.0,C_heat_unmet,12
19,0.0,C_heat_unmet,20
19,-8.646647137124489e-7,C_heat_unmet,2
19,0.0,C_heat_unmet,6
19,0.5082563781738275,C_heat_unmet,22
19,0.0,C_heat_unmet,11
19,0.0,C_heat_unmet,13
19,0.0,C_heat_unmet,5
19,0.0,C_heat_unmet,15
19,0.0,C_heat_unmet,16
19,0.0,C_heat_unmet,14
19,0.0,C_heat_unmet,21
19,0.0,C_heat_unmet,7
19,0.0,C_heat_unmet,8
19,0.0,C_heat_unmet,17
19,0.0,C_heat_unmet,10
19,0.0,C_heat_unmet,19
19,0.0,C_heat_unmet,9
19,0.0,C_heat_unmet,18
19,0.0,C_heat_unmet,3
19,0.0,invest_master,HeatPump
19,0.0,invest_master,Geothermal
19,0.0,invest_master,Boiler
19,373884.39757677214,obj,
19,10.0,invest,HeatPump
19,0.013306168004086185,invest,Geothermal
19,0.8148148493231893,invest,Boiler
