,index,gcm,ssp,decade,td,weight
0,0,CMCC-CM2-SR5,ssp126,2020s,0,42
1,1,CMCC-CM2-SR5,ssp126,2020s,1,225
2,2,CMCC-CM2-SR5,ssp126,2020s,2,476
3,3,CMCC-CM2-SR5,ssp126,2020s,3,411
4,4,CMCC-CM2-SR5,ssp126,2020s,4,314
5,5,CMCC-CM2-SR5,ssp126,2020s,5,226
6,6,CMCC-CM2-SR5,ssp126,2020s,6,338
7,7,CMCC-CM2-SR5,ssp126,2020s,7,230
8,8,CMCC-CM2-SR5,ssp126,2020s,8,242
9,9,CMCC-CM2-SR5,ssp126,2020s,9,246
10,10,CMCC-CM2-SR5,ssp126,2020s,10,246
11,11,CMCC-CM2-SR5,ssp126,2020s,11,228
12,12,CMCC-CM2-SR5,ssp126,2020s,12,101
13,13,CMCC-CM2-SR5,ssp126,2020s,13,164
14,14,CMCC-CM2-SR5,ssp126,2020s,14,125
15,15,CMCC-CM2-SR5,ssp126,2020s,15,39
16,16,CMCC-CM2-SR5,ssp126,2030s,0,28
17,17,CMCC-CM2-SR5,ssp126,2030s,1,158
18,18,CMCC-CM2-SR5,ssp126,2030s,2,453
19,19,CMCC-CM2-SR5,ssp126,2030s,3,468
20,20,CMCC-CM2-SR5,ssp126,2030s,4,298
21,21,CMCC-CM2-SR5,ssp126,2030s,5,200
22,22,CMCC-CM2-SR5,ssp126,2030s,6,276
23,23,CMCC-CM2-SR5,ssp126,2030s,7,238
24,24,CMCC-CM2-SR5,ssp126,2030s,8,245
25,25,CMCC-CM2-SR5,ssp126,2030s,9,218
26,26,CMCC-CM2-SR5,ssp126,2030s,10,224
27,27,CMCC-CM2-SR5,ssp126,2030s,11,260
28,28,CMCC-CM2-SR5,ssp126,2030s,12,144
29,29,CMCC-CM2-SR5,ssp126,2030s,13,241
30,30,CMCC-CM2-SR5,ssp126,2030s,14,151
31,31,CMCC-CM2-SR5,ssp126,2030s,15,50
32,32,CMCC-CM2-SR5,ssp126,2040s,0,29
33,33,CMCC-CM2-SR5,ssp126,2040s,1,145
34,34,CMCC-CM2-SR5,ssp126,2040s,2,431
35,35,CMCC-CM2-SR5,ssp126,2040s,3,484
36,36,CMCC-CM2-SR5,ssp126,2040s,4,315
37,37,CMCC-CM2-SR5,ssp126,2040s,5,190
38,38,CMCC-CM2-SR5,ssp126,2040s,6,250
39,39,CMCC-CM2-SR5,ssp126,2040s,7,189
40,40,CMCC-CM2-SR5,ssp126,2040s,8,234
41,41,CMCC-CM2-SR5,ssp126,2040s,9,217
42,42,CMCC-CM2-SR5,ssp126,2040s,10,224
43,43,CMCC-CM2-SR5,ssp126,2040s,11,275
44,44,CMCC-CM2-SR5,ssp126,2040s,12,150
45,45,CMCC-CM2-SR5,ssp126,2040s,13,255
46,46,CMCC-CM2-SR5,ssp126,2040s,14,182
47,47,CMCC-CM2-SR5,ssp126,2040s,15,83
48,48,CMCC-CM2-SR5,ssp126,2050s,0,50
49,49,CMCC-CM2-SR5,ssp126,2050s,1,151
50,50,CMCC-CM2-SR5,ssp126,2050s,2,319
51,51,CMCC-CM2-SR5,ssp126,2050s,3,436
52,52,CMCC-CM2-SR5,ssp126,2050s,4,327
53,53,CMCC-CM2-SR5,ssp126,2050s,5,225
54,54,CMCC-CM2-SR5,ssp126,2050s,6,282
55,55,CMCC-CM2-SR5,ssp126,2050s,7,167
56,56,CMCC-CM2-SR5,ssp126,2050s,8,239
57,57,CMCC-CM2-SR5,ssp126,2050s,9,206
58,58,CMCC-CM2-SR5,ssp126,2050s,10,299
59,59,CMCC-CM2-SR5,ssp126,2050s,11,226
60,60,CMCC-CM2-SR5,ssp126,2050s,12,220
61,61,CMCC-CM2-SR5,ssp126,2050s,13,272
62,62,CMCC-CM2-SR5,ssp126,2050s,14,175
63,63,CMCC-CM2-SR5,ssp126,2050s,15,58
64,64,CMCC-CM2-SR5,ssp126,2060s,0,33
65,65,CMCC-CM2-SR5,ssp126,2060s,1,84
66,66,CMCC-CM2-SR5,ssp126,2060s,2,347
67,67,CMCC-CM2-SR5,ssp126,2060s,3,420
68,68,CMCC-CM2-SR5,ssp126,2060s,4,345
69,69,CMCC-CM2-SR5,ssp126,2060s,5,198
70,70,CMCC-CM2-SR5,ssp126,2060s,6,312
71,71,CMCC-CM2-SR5,ssp126,2060s,7,187
72,72,CMCC-CM2-SR5,ssp126,2060s,8,248
73,73,CMCC-CM2-SR5,ssp126,2060s,9,210
74,74,CMCC-CM2-SR5,ssp126,2060s,10,238
75,75,CMCC-CM2-SR5,ssp126,2060s,11,267
76,76,CMCC-CM2-SR5,ssp126,2060s,12,191
77,77,CMCC-CM2-SR5,ssp126,2060s,13,257
78,78,CMCC-CM2-SR5,ssp126,2060s,14,220
79,79,CMCC-CM2-SR5,ssp126,2060s,15,96
80,80,CMCC-CM2-SR5,ssp126,2070s,0,38
81,81,CMCC-CM2-SR5,ssp126,2070s,1,142
82,82,CMCC-CM2-SR5,ssp126,2070s,2,343
83,83,CMCC-CM2-SR5,ssp126,2070s,3,384
84,84,CMCC-CM2-SR5,ssp126,2070s,4,259
85,85,CMCC-CM2-SR5,ssp126,2070s,5,151
86,86,CMCC-CM2-SR5,ssp126,2070s,6,264
87,87,CMCC-CM2-SR5,ssp126,2070s,7,144
88,88,CMCC-CM2-SR5,ssp126,2070s,8,254
89,89,CMCC-CM2-SR5,ssp126,2070s,9,190
90,90,CMCC-CM2-SR5,ssp126,2070s,10,227
91,91,CMCC-CM2-SR5,ssp126,2070s,11,226
92,92,CMCC-CM2-SR5,ssp126,2070s,12,195
93,93,CMCC-CM2-SR5,ssp126,2070s,13,234
94,94,CMCC-CM2-SR5,ssp126,2070s,14,167
95,95,CMCC-CM2-SR5,ssp126,2070s,15,69
96,96,CMCC-CM2-SR5,ssp126,2080s,0,10
97,97,CMCC-CM2-SR5,ssp126,2080s,1,130
98,98,CMCC-CM2-SR5,ssp126,2080s,2,331
99,99,CMCC-CM2-SR5,ssp126,2080s,3,453
100,100,CMCC-CM2-SR5,ssp126,2080s,4,304
101,101,CMCC-CM2-SR5,ssp126,2080s,5,194
102,102,CMCC-CM2-SR5,ssp126,2080s,6,324
103,103,CMCC-CM2-SR5,ssp126,2080s,7,182
104,104,CMCC-CM2-SR5,ssp126,2080s,8,242
105,105,CMCC-CM2-SR5,ssp126,2080s,9,162
106,106,CMCC-CM2-SR5,ssp126,2080s,10,258
107,107,CMCC-CM2-SR5,ssp126,2080s,11,218
108,108,CMCC-CM2-SR5,ssp126,2080s,12,246
109,109,CMCC-CM2-SR5,ssp126,2080s,13,268
110,110,CMCC-CM2-SR5,ssp126,2080s,14,216
111,111,CMCC-CM2-SR5,ssp126,2080s,15,115
112,112,CMCC-CM2-SR5,ssp126,2090s,0,35
113,113,CMCC-CM2-SR5,ssp126,2090s,1,95
114,114,CMCC-CM2-SR5,ssp126,2090s,2,279
115,115,CMCC-CM2-SR5,ssp126,2090s,3,427
116,116,CMCC-CM2-SR5,ssp126,2090s,4,331
117,117,CMCC-CM2-SR5,ssp126,2090s,5,181
118,118,CMCC-CM2-SR5,ssp126,2090s,6,309
119,119,CMCC-CM2-SR5,ssp126,2090s,7,159
120,120,CMCC-CM2-SR5,ssp126,2090s,8,252
121,121,CMCC-CM2-SR5,ssp126,2090s,9,195
122,122,CMCC-CM2-SR5,ssp126,2090s,10,290
123,123,CMCC-CM2-SR5,ssp126,2090s,11,262
124,124,CMCC-CM2-SR5,ssp126,2090s,12,248
125,125,CMCC-CM2-SR5,ssp126,2090s,13,270
126,126,CMCC-CM2-SR5,ssp126,2090s,14,225
127,127,CMCC-CM2-SR5,ssp126,2090s,15,94
128,128,CMCC-CM2-SR5,ssp126,2100s,0,1
129,129,CMCC-CM2-SR5,ssp126,2100s,1,14
130,130,CMCC-CM2-SR5,ssp126,2100s,2,21
131,131,CMCC-CM2-SR5,ssp126,2100s,3,34
132,132,CMCC-CM2-SR5,ssp126,2100s,4,33
133,133,CMCC-CM2-SR5,ssp126,2100s,5,36
134,134,CMCC-CM2-SR5,ssp126,2100s,6,33
135,135,CMCC-CM2-SR5,ssp126,2100s,7,21
136,136,CMCC-CM2-SR5,ssp126,2100s,8,20
137,137,CMCC-CM2-SR5,ssp126,2100s,9,10
138,138,CMCC-CM2-SR5,ssp126,2100s,10,16
139,139,CMCC-CM2-SR5,ssp126,2100s,11,18
140,140,CMCC-CM2-SR5,ssp126,2100s,12,34
141,141,CMCC-CM2-SR5,ssp126,2100s,13,37
142,142,CMCC-CM2-SR5,ssp126,2100s,14,29
143,143,CMCC-CM2-SR5,ssp126,2100s,15,8
144,144,CMCC-CM2-SR5,ssp245,2020s,0,44
145,145,CMCC-CM2-SR5,ssp245,2020s,1,218
146,146,CMCC-CM2-SR5,ssp245,2020s,2,458
147,147,CMCC-CM2-SR5,ssp245,2020s,3,490
148,148,CMCC-CM2-SR5,ssp245,2020s,4,252
149,149,CMCC-CM2-SR5,ssp245,2020s,5,222
150,150,CMCC-CM2-SR5,ssp245,2020s,6,308
151,151,CMCC-CM2-SR5,ssp245,2020s,7,196
152,152,CMCC-CM2-SR5,ssp245,2020s,8,258
153,153,CMCC-CM2-SR5,ssp245,2020s,9,262
154,154,CMCC-CM2-SR5,ssp245,2020s,10,218
155,155,CMCC-CM2-SR5,ssp245,2020s,11,269
156,156,CMCC-CM2-SR5,ssp245,2020s,12,113
157,157,CMCC-CM2-SR5,ssp245,2020s,13,196
158,158,CMCC-CM2-SR5,ssp245,2020s,14,106
159,159,CMCC-CM2-SR5,ssp245,2020s,15,43
160,160,CMCC-CM2-SR5,ssp245,2030s,0,12
161,161,CMCC-CM2-SR5,ssp245,2030s,1,116
162,162,CMCC-CM2-SR5,ssp245,2030s,2,402
163,163,CMCC-CM2-SR5,ssp245,2030s,3,478
164,164,CMCC-CM2-SR5,ssp245,2030s,4,315
165,165,CMCC-CM2-SR5,ssp245,2030s,5,206
166,166,CMCC-CM2-SR5,ssp245,2030s,6,284
167,167,CMCC-CM2-SR5,ssp245,2030s,7,265
168,168,CMCC-CM2-SR5,ssp245,2030s,8,269
169,169,CMCC-CM2-SR5,ssp245,2030s,9,237
170,170,CMCC-CM2-SR5,ssp245,2030s,10,236
171,171,CMCC-CM2-SR5,ssp245,2030s,11,285
172,172,CMCC-CM2-SR5,ssp245,2030s,12,160
173,173,CMCC-CM2-SR5,ssp245,2030s,13,222
174,174,CMCC-CM2-SR5,ssp245,2030s,14,134
175,175,CMCC-CM2-SR5,ssp245,2030s,15,31
176,176,CMCC-CM2-SR5,ssp245,2040s,0,33
177,177,CMCC-CM2-SR5,ssp245,2040s,1,161
178,178,CMCC-CM2-SR5,ssp245,2040s,2,374
179,179,CMCC-CM2-SR5,ssp245,2040s,3,416
180,180,CMCC-CM2-SR5,ssp245,2040s,4,310
181,181,CMCC-CM2-SR5,ssp245,2040s,5,178
182,182,CMCC-CM2-SR5,ssp245,2040s,6,362
183,183,CMCC-CM2-SR5,ssp245,2040s,7,215
184,184,CMCC-CM2-SR5,ssp245,2040s,8,238
185,185,CMCC-CM2-SR5,ssp245,2040s,9,238
186,186,CMCC-CM2-SR5,ssp245,2040s,10,265
187,187,CMCC-CM2-SR5,ssp245,2040s,11,255
188,188,CMCC-CM2-SR5,ssp245,2040s,12,167
189,189,CMCC-CM2-SR5,ssp245,2040s,13,227
190,190,CMCC-CM2-SR5,ssp245,2040s,14,158
191,191,CMCC-CM2-SR5,ssp245,2040s,15,56
192,192,CMCC-CM2-SR5,ssp245,2050s,0,40
193,193,CMCC-CM2-SR5,ssp245,2050s,1,117
194,194,CMCC-CM2-SR5,ssp245,2050s,2,341
195,195,CMCC-CM2-SR5,ssp245,2050s,3,426
196,196,CMCC-CM2-SR5,ssp245,2050s,4,307
197,197,CMCC-CM2-SR5,ssp245,2050s,5,206
198,198,CMCC-CM2-SR5,ssp245,2050s,6,307
199,199,CMCC-CM2-SR5,ssp245,2050s,7,185
200,200,CMCC-CM2-SR5,ssp245,2050s,8,249
201,201,CMCC-CM2-SR5,ssp245,2050s,9,215
202,202,CMCC-CM2-SR5,ssp245,2050s,10,226
203,203,CMCC-CM2-SR5,ssp245,2050s,11,287
204,204,CMCC-CM2-SR5,ssp245,2050s,12,195
205,205,CMCC-CM2-SR5,ssp245,2050s,13,276
206,206,CMCC-CM2-SR5,ssp245,2050s,14,189
207,207,CMCC-CM2-SR5,ssp245,2050s,15,86
208,208,CMCC-CM2-SR5,ssp245,2060s,0,39
209,209,CMCC-CM2-SR5,ssp245,2060s,1,111
210,210,CMCC-CM2-SR5,ssp245,2060s,2,325
211,211,CMCC-CM2-SR5,ssp245,2060s,3,463
212,212,CMCC-CM2-SR5,ssp245,2060s,4,273
213,213,CMCC-CM2-SR5,ssp245,2060s,5,205
214,214,CMCC-CM2-SR5,ssp245,2060s,6,281
215,215,CMCC-CM2-SR5,ssp245,2060s,7,184
216,216,CMCC-CM2-SR5,ssp245,2060s,8,234
217,217,CMCC-CM2-SR5,ssp245,2060s,9,179
218,218,CMCC-CM2-SR5,ssp245,2060s,10,225
219,219,CMCC-CM2-SR5,ssp245,2060s,11,229
220,220,CMCC-CM2-SR5,ssp245,2060s,12,216
221,221,CMCC-CM2-SR5,ssp245,2060s,13,294
222,222,CMCC-CM2-SR5,ssp245,2060s,14,235
223,223,CMCC-CM2-SR5,ssp245,2060s,15,160
224,224,CMCC-CM2-SR5,ssp245,2070s,0,28
225,225,CMCC-CM2-SR5,ssp245,2070s,1,84
226,226,CMCC-CM2-SR5,ssp245,2070s,2,247
227,227,CMCC-CM2-SR5,ssp245,2070s,3,427
228,228,CMCC-CM2-SR5,ssp245,2070s,4,326
229,229,CMCC-CM2-SR5,ssp245,2070s,5,177
230,230,CMCC-CM2-SR5,ssp245,2070s,6,329
231,231,CMCC-CM2-SR5,ssp245,2070s,7,167
232,232,CMCC-CM2-SR5,ssp245,2070s,8,266
233,233,CMCC-CM2-SR5,ssp245,2070s,9,202
234,234,CMCC-CM2-SR5,ssp245,2070s,10,272
235,235,CMCC-CM2-SR5,ssp245,2070s,11,254
236,236,CMCC-CM2-SR5,ssp245,2070s,12,250
237,237,CMCC-CM2-SR5,ssp245,2070s,13,313
238,238,CMCC-CM2-SR5,ssp245,2070s,14,213
239,239,CMCC-CM2-SR5,ssp245,2070s,15,97
240,240,CMCC-CM2-SR5,ssp245,2080s,0,13
241,241,CMCC-CM2-SR5,ssp245,2080s,1,67
242,242,CMCC-CM2-SR5,ssp245,2080s,2,229
243,243,CMCC-CM2-SR5,ssp245,2080s,3,442
244,244,CMCC-CM2-SR5,ssp245,2080s,4,332
245,245,CMCC-CM2-SR5,ssp245,2080s,5,203
246,246,CMCC-CM2-SR5,ssp245,2080s,6,324
247,247,CMCC-CM2-SR5,ssp245,2080s,7,182
248,248,CMCC-CM2-SR5,ssp245,2080s,8,238
249,249,CMCC-CM2-SR5,ssp245,2080s,9,190
250,250,CMCC-CM2-SR5,ssp245,2080s,10,226
251,251,CMCC-CM2-SR5,ssp245,2080s,11,240
252,252,CMCC-CM2-SR5,ssp245,2080s,12,208
253,253,CMCC-CM2-SR5,ssp245,2080s,13,272
254,254,CMCC-CM2-SR5,ssp245,2080s,14,300
255,255,CMCC-CM2-SR5,ssp245,2080s,15,187
256,256,CMCC-CM2-SR5,ssp245,2090s,0,4
257,257,CMCC-CM2-SR5,ssp245,2090s,1,51
258,258,CMCC-CM2-SR5,ssp245,2090s,2,210
259,259,CMCC-CM2-SR5,ssp245,2090s,3,442
260,260,CMCC-CM2-SR5,ssp245,2090s,4,376
261,261,CMCC-CM2-SR5,ssp245,2090s,5,172
262,262,CMCC-CM2-SR5,ssp245,2090s,6,346
263,263,CMCC-CM2-SR5,ssp245,2090s,7,176
264,264,CMCC-CM2-SR5,ssp245,2090s,8,265
265,265,CMCC-CM2-SR5,ssp245,2090s,9,182
266,266,CMCC-CM2-SR5,ssp245,2090s,10,278
267,267,CMCC-CM2-SR5,ssp245,2090s,11,201
268,268,CMCC-CM2-SR5,ssp245,2090s,12,258
269,269,CMCC-CM2-SR5,ssp245,2090s,13,282
270,270,CMCC-CM2-SR5,ssp245,2090s,14,268
271,271,CMCC-CM2-SR5,ssp245,2090s,15,141
272,272,CMCC-CM2-SR5,ssp245,2100s,1,3
273,273,CMCC-CM2-SR5,ssp245,2100s,2,24
274,274,CMCC-CM2-SR5,ssp245,2100s,3,33
275,275,CMCC-CM2-SR5,ssp245,2100s,4,45
276,276,CMCC-CM2-SR5,ssp245,2100s,5,23
277,277,CMCC-CM2-SR5,ssp245,2100s,6,45
278,278,CMCC-CM2-SR5,ssp245,2100s,7,14
279,279,CMCC-CM2-SR5,ssp245,2100s,8,28
280,280,CMCC-CM2-SR5,ssp245,2100s,9,12
281,281,CMCC-CM2-SR5,ssp245,2100s,10,16
282,282,CMCC-CM2-SR5,ssp245,2100s,11,16
283,283,CMCC-CM2-SR5,ssp245,2100s,12,17
284,284,CMCC-CM2-SR5,ssp245,2100s,13,25
285,285,CMCC-CM2-SR5,ssp245,2100s,14,40
286,286,CMCC-CM2-SR5,ssp245,2100s,15,24
287,287,CMCC-CM2-SR5,ssp370,2020s,0,92
288,288,CMCC-CM2-SR5,ssp370,2020s,1,232
289,289,CMCC-CM2-SR5,ssp370,2020s,2,451
290,290,CMCC-CM2-SR5,ssp370,2020s,3,445
291,291,CMCC-CM2-SR5,ssp370,2020s,4,257
292,292,CMCC-CM2-SR5,ssp370,2020s,5,210
293,293,CMCC-CM2-SR5,ssp370,2020s,6,291
294,294,CMCC-CM2-SR5,ssp370,2020s,7,208
295,295,CMCC-CM2-SR5,ssp370,2020s,8,281
296,296,CMCC-CM2-SR5,ssp370,2020s,9,272
297,297,CMCC-CM2-SR5,ssp370,2020s,10,212
298,298,CMCC-CM2-SR5,ssp370,2020s,11,279
299,299,CMCC-CM2-SR5,ssp370,2020s,12,113
300,300,CMCC-CM2-SR5,ssp370,2020s,13,175
301,301,CMCC-CM2-SR5,ssp370,2020s,14,105
302,302,CMCC-CM2-SR5,ssp370,2020s,15,30
303,303,CMCC-CM2-SR5,ssp370,2030s,0,54
304,304,CMCC-CM2-SR5,ssp370,2030s,1,215
305,305,CMCC-CM2-SR5,ssp370,2030s,2,373
306,306,CMCC-CM2-SR5,ssp370,2030s,3,455
307,307,CMCC-CM2-SR5,ssp370,2030s,4,296
308,308,CMCC-CM2-SR5,ssp370,2030s,5,238
309,309,CMCC-CM2-SR5,ssp370,2030s,6,329
310,310,CMCC-CM2-SR5,ssp370,2030s,7,226
311,311,CMCC-CM2-SR5,ssp370,2030s,8,281
312,312,CMCC-CM2-SR5,ssp370,2030s,9,245
313,313,CMCC-CM2-SR5,ssp370,2030s,10,195
314,314,CMCC-CM2-SR5,ssp370,2030s,11,245
315,315,CMCC-CM2-SR5,ssp370,2030s,12,106
316,316,CMCC-CM2-SR5,ssp370,2030s,13,204
317,317,CMCC-CM2-SR5,ssp370,2030s,14,135
318,318,CMCC-CM2-SR5,ssp370,2030s,15,55
319,319,CMCC-CM2-SR5,ssp370,2040s,0,26
320,320,CMCC-CM2-SR5,ssp370,2040s,1,84
321,321,CMCC-CM2-SR5,ssp370,2040s,2,290
322,322,CMCC-CM2-SR5,ssp370,2040s,3,493
323,323,CMCC-CM2-SR5,ssp370,2040s,4,336
324,324,CMCC-CM2-SR5,ssp370,2040s,5,205
325,325,CMCC-CM2-SR5,ssp370,2040s,6,352
326,326,CMCC-CM2-SR5,ssp370,2040s,7,231
327,327,CMCC-CM2-SR5,ssp370,2040s,8,248
328,328,CMCC-CM2-SR5,ssp370,2040s,9,228
329,329,CMCC-CM2-SR5,ssp370,2040s,10,226
330,330,CMCC-CM2-SR5,ssp370,2040s,11,273
331,331,CMCC-CM2-SR5,ssp370,2040s,12,155
332,332,CMCC-CM2-SR5,ssp370,2040s,13,261
333,333,CMCC-CM2-SR5,ssp370,2040s,14,183
334,334,CMCC-CM2-SR5,ssp370,2040s,15,62
335,335,CMCC-CM2-SR5,ssp370,2050s,0,20
336,336,CMCC-CM2-SR5,ssp370,2050s,1,112
337,337,CMCC-CM2-SR5,ssp370,2050s,2,335
338,338,CMCC-CM2-SR5,ssp370,2050s,3,410
339,339,CMCC-CM2-SR5,ssp370,2050s,4,333
340,340,CMCC-CM2-SR5,ssp370,2050s,5,187
341,341,CMCC-CM2-SR5,ssp370,2050s,6,337
342,342,CMCC-CM2-SR5,ssp370,2050s,7,191
343,343,CMCC-CM2-SR5,ssp370,2050s,8,302
344,344,CMCC-CM2-SR5,ssp370,2050s,9,172
345,345,CMCC-CM2-SR5,ssp370,2050s,10,236
346,346,CMCC-CM2-SR5,ssp370,2050s,11,251
347,347,CMCC-CM2-SR5,ssp370,2050s,12,235
348,348,CMCC-CM2-SR5,ssp370,2050s,13,237
349,349,CMCC-CM2-SR5,ssp370,2050s,14,202
350,350,CMCC-CM2-SR5,ssp370,2050s,15,92
351,351,CMCC-CM2-SR5,ssp370,2060s,0,5
352,352,CMCC-CM2-SR5,ssp370,2060s,1,64
353,353,CMCC-CM2-SR5,ssp370,2060s,2,289
354,354,CMCC-CM2-SR5,ssp370,2060s,3,459
355,355,CMCC-CM2-SR5,ssp370,2060s,4,365
356,356,CMCC-CM2-SR5,ssp370,2060s,5,200
357,357,CMCC-CM2-SR5,ssp370,2060s,6,357
358,358,CMCC-CM2-SR5,ssp370,2060s,7,209
359,359,CMCC-CM2-SR5,ssp370,2060s,8,279
360,360,CMCC-CM2-SR5,ssp370,2060s,9,196
361,361,CMCC-CM2-SR5,ssp370,2060s,10,249
362,362,CMCC-CM2-SR5,ssp370,2060s,11,245
363,363,CMCC-CM2-SR5,ssp370,2060s,12,180
364,364,CMCC-CM2-SR5,ssp370,2060s,13,259
365,365,CMCC-CM2-SR5,ssp370,2060s,14,200
366,366,CMCC-CM2-SR5,ssp370,2060s,15,97
367,367,CMCC-CM2-SR5,ssp370,2070s,0,45
368,368,CMCC-CM2-SR5,ssp370,2070s,1,94
369,369,CMCC-CM2-SR5,ssp370,2070s,2,312
370,370,CMCC-CM2-SR5,ssp370,2070s,3,419
371,371,CMCC-CM2-SR5,ssp370,2070s,4,355
372,372,CMCC-CM2-SR5,ssp370,2070s,5,201
373,373,CMCC-CM2-SR5,ssp370,2070s,6,305
374,374,CMCC-CM2-SR5,ssp370,2070s,7,153
375,375,CMCC-CM2-SR5,ssp370,2070s,8,229
376,376,CMCC-CM2-SR5,ssp370,2070s,9,178
377,377,CMCC-CM2-SR5,ssp370,2070s,10,205
378,378,CMCC-CM2-SR5,ssp370,2070s,11,254
379,379,CMCC-CM2-SR5,ssp370,2070s,12,175
380,380,CMCC-CM2-SR5,ssp370,2070s,13,305
381,381,CMCC-CM2-SR5,ssp370,2070s,14,257
382,382,CMCC-CM2-SR5,ssp370,2070s,15,165
383,383,CMCC-CM2-SR5,ssp370,2080s,0,5
384,384,CMCC-CM2-SR5,ssp370,2080s,1,37
385,385,CMCC-CM2-SR5,ssp370,2080s,2,198
386,386,CMCC-CM2-SR5,ssp370,2080s,3,388
387,387,CMCC-CM2-SR5,ssp370,2080s,4,365
388,388,CMCC-CM2-SR5,ssp370,2080s,5,200
389,389,CMCC-CM2-SR5,ssp370,2080s,6,367
390,390,CMCC-CM2-SR5,ssp370,2080s,7,185
391,391,CMCC-CM2-SR5,ssp370,2080s,8,262
392,392,CMCC-CM2-SR5,ssp370,2080s,9,204
393,393,CMCC-CM2-SR5,ssp370,2080s,10,219
394,394,CMCC-CM2-SR5,ssp370,2080s,11,227
395,395,CMCC-CM2-SR5,ssp370,2080s,12,210
396,396,CMCC-CM2-SR5,ssp370,2080s,13,299
397,397,CMCC-CM2-SR5,ssp370,2080s,14,282
398,398,CMCC-CM2-SR5,ssp370,2080s,15,205
399,399,CMCC-CM2-SR5,ssp370,2090s,0,1
400,400,CMCC-CM2-SR5,ssp370,2090s,1,25
401,401,CMCC-CM2-SR5,ssp370,2090s,2,206
402,402,CMCC-CM2-SR5,ssp370,2090s,3,403
403,403,CMCC-CM2-SR5,ssp370,2090s,4,365
404,404,CMCC-CM2-SR5,ssp370,2090s,5,195
405,405,CMCC-CM2-SR5,ssp370,2090s,6,367
406,406,CMCC-CM2-SR5,ssp370,2090s,7,149
407,407,CMCC-CM2-SR5,ssp370,2090s,8,251
408,408,CMCC-CM2-SR5,ssp370,2090s,9,156
409,409,CMCC-CM2-SR5,ssp370,2090s,10,246
410,410,CMCC-CM2-SR5,ssp370,2090s,11,214
411,411,CMCC-CM2-SR5,ssp370,2090s,12,201
412,412,CMCC-CM2-SR5,ssp370,2090s,13,353
413,413,CMCC-CM2-SR5,ssp370,2090s,14,320
414,414,CMCC-CM2-SR5,ssp370,2090s,15,200
415,415,CMCC-CM2-SR5,ssp370,2100s,0,8
416,416,CMCC-CM2-SR5,ssp370,2100s,1,8
417,417,CMCC-CM2-SR5,ssp370,2100s,2,20
418,418,CMCC-CM2-SR5,ssp370,2100s,3,26
419,419,CMCC-CM2-SR5,ssp370,2100s,4,25
420,420,CMCC-CM2-SR5,ssp370,2100s,5,17
421,421,CMCC-CM2-SR5,ssp370,2100s,6,35
422,422,CMCC-CM2-SR5,ssp370,2100s,7,17
423,423,CMCC-CM2-SR5,ssp370,2100s,8,29
424,424,CMCC-CM2-SR5,ssp370,2100s,9,25
425,425,CMCC-CM2-SR5,ssp370,2100s,10,20
426,426,CMCC-CM2-SR5,ssp370,2100s,11,32
427,427,CMCC-CM2-SR5,ssp370,2100s,12,17
428,428,CMCC-CM2-SR5,ssp370,2100s,13,40
429,429,CMCC-CM2-SR5,ssp370,2100s,14,29
430,430,CMCC-CM2-SR5,ssp370,2100s,15,17
431,431,CMCC-CM2-SR5,ssp585,2020s,0,54
432,432,CMCC-CM2-SR5,ssp585,2020s,1,205
433,433,CMCC-CM2-SR5,ssp585,2020s,2,473
434,434,CMCC-CM2-SR5,ssp585,2020s,3,455
435,435,CMCC-CM2-SR5,ssp585,2020s,4,313
436,436,CMCC-CM2-SR5,ssp585,2020s,5,243
437,437,CMCC-CM2-SR5,ssp585,2020s,6,309
438,438,CMCC-CM2-SR5,ssp585,2020s,7,232
439,439,CMCC-CM2-SR5,ssp585,2020s,8,246
440,440,CMCC-CM2-SR5,ssp585,2020s,9,239
441,441,CMCC-CM2-SR5,ssp585,2020s,10,214
442,442,CMCC-CM2-SR5,ssp585,2020s,11,259
443,443,CMCC-CM2-SR5,ssp585,2020s,12,90
444,444,CMCC-CM2-SR5,ssp585,2020s,13,194
445,445,CMCC-CM2-SR5,ssp585,2020s,14,99
446,446,CMCC-CM2-SR5,ssp585,2020s,15,28
447,447,CMCC-CM2-SR5,ssp585,2030s,0,26
448,448,CMCC-CM2-SR5,ssp585,2030s,1,152
449,449,CMCC-CM2-SR5,ssp585,2030s,2,408
450,450,CMCC-CM2-SR5,ssp585,2030s,3,431
451,451,CMCC-CM2-SR5,ssp585,2030s,4,333
452,452,CMCC-CM2-SR5,ssp585,2030s,5,229
453,453,CMCC-CM2-SR5,ssp585,2030s,6,254
454,454,CMCC-CM2-SR5,ssp585,2030s,7,192
455,455,CMCC-CM2-SR5,ssp585,2030s,8,243
456,456,CMCC-CM2-SR5,ssp585,2030s,9,257
457,457,CMCC-CM2-SR5,ssp585,2030s,10,203
458,458,CMCC-CM2-SR5,ssp585,2030s,11,312
459,459,CMCC-CM2-SR5,ssp585,2030s,12,158
460,460,CMCC-CM2-SR5,ssp585,2030s,13,248
461,461,CMCC-CM2-SR5,ssp585,2030s,14,148
462,462,CMCC-CM2-SR5,ssp585,2030s,15,58
463,463,CMCC-CM2-SR5,ssp585,2040s,0,14
464,464,CMCC-CM2-SR5,ssp585,2040s,1,132
465,465,CMCC-CM2-SR5,ssp585,2040s,2,372
466,466,CMCC-CM2-SR5,ssp585,2040s,3,470
467,467,CMCC-CM2-SR5,ssp585,2040s,4,296
468,468,CMCC-CM2-SR5,ssp585,2040s,5,212
469,469,CMCC-CM2-SR5,ssp585,2040s,6,295
470,470,CMCC-CM2-SR5,ssp585,2040s,7,160
471,471,CMCC-CM2-SR5,ssp585,2040s,8,223
472,472,CMCC-CM2-SR5,ssp585,2040s,9,192
473,473,CMCC-CM2-SR5,ssp585,2040s,10,248
474,474,CMCC-CM2-SR5,ssp585,2040s,11,259
475,475,CMCC-CM2-SR5,ssp585,2040s,12,188
476,476,CMCC-CM2-SR5,ssp585,2040s,13,271
477,477,CMCC-CM2-SR5,ssp585,2040s,14,228
478,478,CMCC-CM2-SR5,ssp585,2040s,15,93
479,479,CMCC-CM2-SR5,ssp585,2050s,0,17
480,480,CMCC-CM2-SR5,ssp585,2050s,1,66
481,481,CMCC-CM2-SR5,ssp585,2050s,2,311
482,482,CMCC-CM2-SR5,ssp585,2050s,3,458
483,483,CMCC-CM2-SR5,ssp585,2050s,4,334
484,484,CMCC-CM2-SR5,ssp585,2050s,5,243
485,485,CMCC-CM2-SR5,ssp585,2050s,6,341
486,486,CMCC-CM2-SR5,ssp585,2050s,7,177
487,487,CMCC-CM2-SR5,ssp585,2050s,8,209
488,488,CMCC-CM2-SR5,ssp585,2050s,9,179
489,489,CMCC-CM2-SR5,ssp585,2050s,10,246
490,490,CMCC-CM2-SR5,ssp585,2050s,11,269
491,491,CMCC-CM2-SR5,ssp585,2050s,12,182
492,492,CMCC-CM2-SR5,ssp585,2050s,13,286
493,493,CMCC-CM2-SR5,ssp585,2050s,14,243
494,494,CMCC-CM2-SR5,ssp585,2050s,15,91
495,495,CMCC-CM2-SR5,ssp585,2060s,0,33
496,496,CMCC-CM2-SR5,ssp585,2060s,1,71
497,497,CMCC-CM2-SR5,ssp585,2060s,2,230
498,498,CMCC-CM2-SR5,ssp585,2060s,3,398
499,499,CMCC-CM2-SR5,ssp585,2060s,4,374
500,500,CMCC-CM2-SR5,ssp585,2060s,5,185
501,501,CMCC-CM2-SR5,ssp585,2060s,6,348
502,502,CMCC-CM2-SR5,ssp585,2060s,7,162
503,503,CMCC-CM2-SR5,ssp585,2060s,8,290
504,504,CMCC-CM2-SR5,ssp585,2060s,9,201
505,505,CMCC-CM2-SR5,ssp585,2060s,10,213
506,506,CMCC-CM2-SR5,ssp585,2060s,11,217
507,507,CMCC-CM2-SR5,ssp585,2060s,12,227
508,508,CMCC-CM2-SR5,ssp585,2060s,13,298
509,509,CMCC-CM2-SR5,ssp585,2060s,14,253
510,510,CMCC-CM2-SR5,ssp585,2060s,15,153
511,511,CMCC-CM2-SR5,ssp585,2070s,0,6
512,512,CMCC-CM2-SR5,ssp585,2070s,1,54
513,513,CMCC-CM2-SR5,ssp585,2070s,2,198
514,514,CMCC-CM2-SR5,ssp585,2070s,3,400
515,515,CMCC-CM2-SR5,ssp585,2070s,4,374
516,516,CMCC-CM2-SR5,ssp585,2070s,5,187
517,517,CMCC-CM2-SR5,ssp585,2070s,6,375
518,518,CMCC-CM2-SR5,ssp585,2070s,7,174
519,519,CMCC-CM2-SR5,ssp585,2070s,8,275
520,520,CMCC-CM2-SR5,ssp585,2070s,9,151
521,521,CMCC-CM2-SR5,ssp585,2070s,10,221
522,522,CMCC-CM2-SR5,ssp585,2070s,11,250
523,523,CMCC-CM2-SR5,ssp585,2070s,12,208
524,524,CMCC-CM2-SR5,ssp585,2070s,13,273
525,525,CMCC-CM2-SR5,ssp585,2070s,14,316
526,526,CMCC-CM2-SR5,ssp585,2070s,15,190
527,527,CMCC-CM2-SR5,ssp585,2080s,0,5
528,528,CMCC-CM2-SR5,ssp585,2080s,1,22
529,529,CMCC-CM2-SR5,ssp585,2080s,2,131
530,530,CMCC-CM2-SR5,ssp585,2080s,3,345
531,531,CMCC-CM2-SR5,ssp585,2080s,4,391
532,532,CMCC-CM2-SR5,ssp585,2080s,5,190
533,533,CMCC-CM2-SR5,ssp585,2080s,6,427
534,534,CMCC-CM2-SR5,ssp585,2080s,7,166
535,535,CMCC-CM2-SR5,ssp585,2080s,8,297
536,536,CMCC-CM2-SR5,ssp585,2080s,9,157
537,537,CMCC-CM2-SR5,ssp585,2080s,10,225
538,538,CMCC-CM2-SR5,ssp585,2080s,11,179
539,539,CMCC-CM2-SR5,ssp585,2080s,12,198
540,540,CMCC-CM2-SR5,ssp585,2080s,13,270
541,541,CMCC-CM2-SR5,ssp585,2080s,14,377
542,542,CMCC-CM2-SR5,ssp585,2080s,15,273
543,543,CMCC-CM2-SR5,ssp585,2090s,0,5
544,544,CMCC-CM2-SR5,ssp585,2090s,1,17
545,545,CMCC-CM2-SR5,ssp585,2090s,2,96
546,546,CMCC-CM2-SR5,ssp585,2090s,3,278
547,547,CMCC-CM2-SR5,ssp585,2090s,4,360
548,548,CMCC-CM2-SR5,ssp585,2090s,5,184
549,549,CMCC-CM2-SR5,ssp585,2090s,6,405
550,550,CMCC-CM2-SR5,ssp585,2090s,7,133
551,551,CMCC-CM2-SR5,ssp585,2090s,8,295
552,552,CMCC-CM2-SR5,ssp585,2090s,9,148
553,553,CMCC-CM2-SR5,ssp585,2090s,10,251
554,554,CMCC-CM2-SR5,ssp585,2090s,11,164
555,555,CMCC-CM2-SR5,ssp585,2090s,12,240
556,556,CMCC-CM2-SR5,ssp585,2090s,13,254
557,557,CMCC-CM2-SR5,ssp585,2090s,14,407
558,558,CMCC-CM2-SR5,ssp585,2090s,15,415
559,559,EC-Earth3-Veg,ssp126,2020s,0,38
560,560,EC-Earth3-Veg,ssp126,2020s,1,178
561,561,EC-Earth3-Veg,ssp126,2020s,2,277
562,562,EC-Earth3-Veg,ssp126,2020s,3,437
563,563,EC-Earth3-Veg,ssp126,2020s,4,407
564,564,EC-Earth3-Veg,ssp126,2020s,5,170
565,565,EC-Earth3-Veg,ssp126,2020s,6,370
566,566,EC-Earth3-Veg,ssp126,2020s,7,188
567,567,EC-Earth3-Veg,ssp126,2020s,8,284
568,568,EC-Earth3-Veg,ssp126,2020s,9,256
569,569,EC-Earth3-Veg,ssp126,2020s,10,304
570,570,EC-Earth3-Veg,ssp126,2020s,11,282
571,571,EC-Earth3-Veg,ssp126,2020s,12,157
572,572,EC-Earth3-Veg,ssp126,2020s,13,177
573,573,EC-Earth3-Veg,ssp126,2020s,14,100
574,574,EC-Earth3-Veg,ssp126,2020s,15,28
575,575,EC-Earth3-Veg,ssp126,2030s,0,54
576,576,EC-Earth3-Veg,ssp126,2030s,1,185
577,577,EC-Earth3-Veg,ssp126,2030s,2,337
578,578,EC-Earth3-Veg,ssp126,2030s,3,432
579,579,EC-Earth3-Veg,ssp126,2030s,4,370
580,580,EC-Earth3-Veg,ssp126,2030s,5,174
581,581,EC-Earth3-Veg,ssp126,2030s,6,312
582,582,EC-Earth3-Veg,ssp126,2030s,7,140
583,583,EC-Earth3-Veg,ssp126,2030s,8,315
584,584,EC-Earth3-Veg,ssp126,2030s,9,249
585,585,EC-Earth3-Veg,ssp126,2030s,10,304
586,586,EC-Earth3-Veg,ssp126,2030s,11,282
587,587,EC-Earth3-Veg,ssp126,2030s,12,180
588,588,EC-Earth3-Veg,ssp126,2030s,13,192
589,589,EC-Earth3-Veg,ssp126,2030s,14,107
590,590,EC-Earth3-Veg,ssp126,2030s,15,19
591,591,EC-Earth3-Veg,ssp126,2040s,0,151
592,592,EC-Earth3-Veg,ssp126,2040s,1,203
593,593,EC-Earth3-Veg,ssp126,2040s,2,315
594,594,EC-Earth3-Veg,ssp126,2040s,3,409
595,595,EC-Earth3-Veg,ssp126,2040s,4,304
596,596,EC-Earth3-Veg,ssp126,2040s,5,146
597,597,EC-Earth3-Veg,ssp126,2040s,6,319
598,598,EC-Earth3-Veg,ssp126,2040s,7,190
599,599,EC-Earth3-Veg,ssp126,2040s,8,283
600,600,EC-Earth3-Veg,ssp126,2040s,9,233
601,601,EC-Earth3-Veg,ssp126,2040s,10,294
602,602,EC-Earth3-Veg,ssp126,2040s,11,243
603,603,EC-Earth3-Veg,ssp126,2040s,12,163
604,604,EC-Earth3-Veg,ssp126,2040s,13,202
605,605,EC-Earth3-Veg,ssp126,2040s,14,145
606,606,EC-Earth3-Veg,ssp126,2040s,15,53
607,607,EC-Earth3-Veg,ssp126,2050s,0,131
608,608,EC-Earth3-Veg,ssp126,2050s,1,212
609,609,EC-Earth3-Veg,ssp126,2050s,2,302
610,610,EC-Earth3-Veg,ssp126,2050s,3,459
611,611,EC-Earth3-Veg,ssp126,2050s,4,335
612,612,EC-Earth3-Veg,ssp126,2050s,5,182
613,613,EC-Earth3-Veg,ssp126,2050s,6,281
614,614,EC-Earth3-Veg,ssp126,2050s,7,163
615,615,EC-Earth3-Veg,ssp126,2050s,8,285
616,616,EC-Earth3-Veg,ssp126,2050s,9,214
617,617,EC-Earth3-Veg,ssp126,2050s,10,275
618,618,EC-Earth3-Veg,ssp126,2050s,11,258
619,619,EC-Earth3-Veg,ssp126,2050s,12,178
620,620,EC-Earth3-Veg,ssp126,2050s,13,227
621,621,EC-Earth3-Veg,ssp126,2050s,14,117
622,622,EC-Earth3-Veg,ssp126,2050s,15,33
623,623,EC-Earth3-Veg,ssp126,2060s,0,73
624,624,EC-Earth3-Veg,ssp126,2060s,1,167
625,625,EC-Earth3-Veg,ssp126,2060s,2,297
626,626,EC-Earth3-Veg,ssp126,2060s,3,454
627,627,EC-Earth3-Veg,ssp126,2060s,4,343
628,628,EC-Earth3-Veg,ssp126,2060s,5,194
629,629,EC-Earth3-Veg,ssp126,2060s,6,335
630,630,EC-Earth3-Veg,ssp126,2060s,7,195
631,631,EC-Earth3-Veg,ssp126,2060s,8,273
632,632,EC-Earth3-Veg,ssp126,2060s,9,238
633,633,EC-Earth3-Veg,ssp126,2060s,10,262
634,634,EC-Earth3-Veg,ssp126,2060s,11,264
635,635,EC-Earth3-Veg,ssp126,2060s,12,186
636,636,EC-Earth3-Veg,ssp126,2060s,13,217
637,637,EC-Earth3-Veg,ssp126,2060s,14,126
638,638,EC-Earth3-Veg,ssp126,2060s,15,29
639,639,EC-Earth3-Veg,ssp126,2070s,0,36
640,640,EC-Earth3-Veg,ssp126,2070s,1,184
641,641,EC-Earth3-Veg,ssp126,2070s,2,333
642,642,EC-Earth3-Veg,ssp126,2070s,3,483
643,643,EC-Earth3-Veg,ssp126,2070s,4,348
644,644,EC-Earth3-Veg,ssp126,2070s,5,157
645,645,EC-Earth3-Veg,ssp126,2070s,6,344
646,646,EC-Earth3-Veg,ssp126,2070s,7,135
647,647,EC-Earth3-Veg,ssp126,2070s,8,273
648,648,EC-Earth3-Veg,ssp126,2070s,9,211
649,649,EC-Earth3-Veg,ssp126,2070s,10,313
650,650,EC-Earth3-Veg,ssp126,2070s,11,292
651,651,EC-Earth3-Veg,ssp126,2070s,12,187
652,652,EC-Earth3-Veg,ssp126,2070s,13,211
653,653,EC-Earth3-Veg,ssp126,2070s,14,117
654,654,EC-Earth3-Veg,ssp126,2070s,15,28
655,655,EC-Earth3-Veg,ssp126,2080s,0,75
656,656,EC-Earth3-Veg,ssp126,2080s,1,174
657,657,EC-Earth3-Veg,ssp126,2080s,2,298
658,658,EC-Earth3-Veg,ssp126,2080s,3,411
659,659,EC-Earth3-Veg,ssp126,2080s,4,348
660,660,EC-Earth3-Veg,ssp126,2080s,5,169
661,661,EC-Earth3-Veg,ssp126,2080s,6,379
662,662,EC-Earth3-Veg,ssp126,2080s,7,182
663,663,EC-Earth3-Veg,ssp126,2080s,8,285
664,664,EC-Earth3-Veg,ssp126,2080s,9,203
665,665,EC-Earth3-Veg,ssp126,2080s,10,281
666,666,EC-Earth3-Veg,ssp126,2080s,11,271
667,667,EC-Earth3-Veg,ssp126,2080s,12,195
668,668,EC-Earth3-Veg,ssp126,2080s,13,204
669,669,EC-Earth3-Veg,ssp126,2080s,14,143
670,670,EC-Earth3-Veg,ssp126,2080s,15,35
671,671,EC-Earth3-Veg,ssp126,2090s,0,52
672,672,EC-Earth3-Veg,ssp126,2090s,1,139
673,673,EC-Earth3-Veg,ssp126,2090s,2,257
674,674,EC-Earth3-Veg,ssp126,2090s,3,410
675,675,EC-Earth3-Veg,ssp126,2090s,4,406
676,676,EC-Earth3-Veg,ssp126,2090s,5,214
677,677,EC-Earth3-Veg,ssp126,2090s,6,358
678,678,EC-Earth3-Veg,ssp126,2090s,7,164
679,679,EC-Earth3-Veg,ssp126,2090s,8,252
680,680,EC-Earth3-Veg,ssp126,2090s,9,175
681,681,EC-Earth3-Veg,ssp126,2090s,10,322
682,682,EC-Earth3-Veg,ssp126,2090s,11,277
683,683,EC-Earth3-Veg,ssp126,2090s,12,190
684,684,EC-Earth3-Veg,ssp126,2090s,13,247
685,685,EC-Earth3-Veg,ssp126,2090s,14,152
686,686,EC-Earth3-Veg,ssp126,2090s,15,37
687,687,EC-Earth3-Veg,ssp126,2100s,0,3
688,688,EC-Earth3-Veg,ssp126,2100s,1,20
689,689,EC-Earth3-Veg,ssp126,2100s,2,28
690,690,EC-Earth3-Veg,ssp126,2100s,3,51
691,691,EC-Earth3-Veg,ssp126,2100s,4,36
692,692,EC-Earth3-Veg,ssp126,2100s,5,13
693,693,EC-Earth3-Veg,ssp126,2100s,6,36
694,694,EC-Earth3-Veg,ssp126,2100s,7,23
695,695,EC-Earth3-Veg,ssp126,2100s,8,25
696,696,EC-Earth3-Veg,ssp126,2100s,9,11
697,697,EC-Earth3-Veg,ssp126,2100s,10,19
698,698,EC-Earth3-Veg,ssp126,2100s,11,20
699,699,EC-Earth3-Veg,ssp126,2100s,12,26
700,700,EC-Earth3-Veg,ssp126,2100s,13,28
701,701,EC-Earth3-Veg,ssp126,2100s,14,15
702,702,EC-Earth3-Veg,ssp126,2100s,15,11
703,703,EC-Earth3-Veg,ssp245,2020s,0,67
704,704,EC-Earth3-Veg,ssp245,2020s,1,258
705,705,EC-Earth3-Veg,ssp245,2020s,2,344
706,706,EC-Earth3-Veg,ssp245,2020s,3,421
707,707,EC-Earth3-Veg,ssp245,2020s,4,334
708,708,EC-Earth3-Veg,ssp245,2020s,5,204
709,709,EC-Earth3-Veg,ssp245,2020s,6,336
710,710,EC-Earth3-Veg,ssp245,2020s,7,200
711,711,EC-Earth3-Veg,ssp245,2020s,8,237
712,712,EC-Earth3-Veg,ssp245,2020s,9,247
713,713,EC-Earth3-Veg,ssp245,2020s,10,223
714,714,EC-Earth3-Veg,ssp245,2020s,11,285
715,715,EC-Earth3-Veg,ssp245,2020s,12,116
716,716,EC-Earth3-Veg,ssp245,2020s,13,205
717,717,EC-Earth3-Veg,ssp245,2020s,14,135
718,718,EC-Earth3-Veg,ssp245,2020s,15,41
719,719,EC-Earth3-Veg,ssp245,2030s,0,63
720,720,EC-Earth3-Veg,ssp245,2030s,1,240
721,721,EC-Earth3-Veg,ssp245,2030s,2,312
722,722,EC-Earth3-Veg,ssp245,2030s,3,459
723,723,EC-Earth3-Veg,ssp245,2030s,4,400
724,724,EC-Earth3-Veg,ssp245,2030s,5,177
725,725,EC-Earth3-Veg,ssp245,2030s,6,332
726,726,EC-Earth3-Veg,ssp245,2030s,7,152
727,727,EC-Earth3-Veg,ssp245,2030s,8,304
728,728,EC-Earth3-Veg,ssp245,2030s,9,224
729,729,EC-Earth3-Veg,ssp245,2030s,10,291
730,730,EC-Earth3-Veg,ssp245,2030s,11,252
731,731,EC-Earth3-Veg,ssp245,2030s,12,157
732,732,EC-Earth3-Veg,ssp245,2030s,13,169
733,733,EC-Earth3-Veg,ssp245,2030s,14,106
734,734,EC-Earth3-Veg,ssp245,2030s,15,14
735,735,EC-Earth3-Veg,ssp245,2040s,0,41
736,736,EC-Earth3-Veg,ssp245,2040s,1,169
737,737,EC-Earth3-Veg,ssp245,2040s,2,343
738,738,EC-Earth3-Veg,ssp245,2040s,3,451
739,739,EC-Earth3-Veg,ssp245,2040s,4,329
740,740,EC-Earth3-Veg,ssp245,2040s,5,187
741,741,EC-Earth3-Veg,ssp245,2040s,6,352
742,742,EC-Earth3-Veg,ssp245,2040s,7,183
743,743,EC-Earth3-Veg,ssp245,2040s,8,268
744,744,EC-Earth3-Veg,ssp245,2040s,9,203
745,745,EC-Earth3-Veg,ssp245,2040s,10,294
746,746,EC-Earth3-Veg,ssp245,2040s,11,262
747,747,EC-Earth3-Veg,ssp245,2040s,12,171
748,748,EC-Earth3-Veg,ssp245,2040s,13,220
749,749,EC-Earth3-Veg,ssp245,2040s,14,124
750,750,EC-Earth3-Veg,ssp245,2040s,15,56
751,751,EC-Earth3-Veg,ssp245,2050s,0,61
752,752,EC-Earth3-Veg,ssp245,2050s,1,167
753,753,EC-Earth3-Veg,ssp245,2050s,2,276
754,754,EC-Earth3-Veg,ssp245,2050s,3,461
755,755,EC-Earth3-Veg,ssp245,2050s,4,354
756,756,EC-Earth3-Veg,ssp245,2050s,5,196
757,757,EC-Earth3-Veg,ssp245,2050s,6,376
758,758,EC-Earth3-Veg,ssp245,2050s,7,168
759,759,EC-Earth3-Veg,ssp245,2050s,8,289
760,760,EC-Earth3-Veg,ssp245,2050s,9,203
761,761,EC-Earth3-Veg,ssp245,2050s,10,287
762,762,EC-Earth3-Veg,ssp245,2050s,11,220
763,763,EC-Earth3-Veg,ssp245,2050s,12,228
764,764,EC-Earth3-Veg,ssp245,2050s,13,215
765,765,EC-Earth3-Veg,ssp245,2050s,14,116
766,766,EC-Earth3-Veg,ssp245,2050s,15,35
767,767,EC-Earth3-Veg,ssp245,2060s,0,94
768,768,EC-Earth3-Veg,ssp245,2060s,1,158
769,769,EC-Earth3-Veg,ssp245,2060s,2,262
770,770,EC-Earth3-Veg,ssp245,2060s,3,436
771,771,EC-Earth3-Veg,ssp245,2060s,4,352
772,772,EC-Earth3-Veg,ssp245,2060s,5,185
773,773,EC-Earth3-Veg,ssp245,2060s,6,383
774,774,EC-Earth3-Veg,ssp245,2060s,7,149
775,775,EC-Earth3-Veg,ssp245,2060s,8,231
776,776,EC-Earth3-Veg,ssp245,2060s,9,192
777,777,EC-Earth3-Veg,ssp245,2060s,10,282
778,778,EC-Earth3-Veg,ssp245,2060s,11,187
779,779,EC-Earth3-Veg,ssp245,2060s,12,219
780,780,EC-Earth3-Veg,ssp245,2060s,13,264
781,781,EC-Earth3-Veg,ssp245,2060s,14,175
782,782,EC-Earth3-Veg,ssp245,2060s,15,84
783,783,EC-Earth3-Veg,ssp245,2070s,0,50
784,784,EC-Earth3-Veg,ssp245,2070s,1,132
785,785,EC-Earth3-Veg,ssp245,2070s,2,263
786,786,EC-Earth3-Veg,ssp245,2070s,3,447
787,787,EC-Earth3-Veg,ssp245,2070s,4,427
788,788,EC-Earth3-Veg,ssp245,2070s,5,154
789,789,EC-Earth3-Veg,ssp245,2070s,6,376
790,790,EC-Earth3-Veg,ssp245,2070s,7,160
791,791,EC-Earth3-Veg,ssp245,2070s,8,251
792,792,EC-Earth3-Veg,ssp245,2070s,9,176
793,793,EC-Earth3-Veg,ssp245,2070s,10,255
794,794,EC-Earth3-Veg,ssp245,2070s,11,260
795,795,EC-Earth3-Veg,ssp245,2070s,12,246
796,796,EC-Earth3-Veg,ssp245,2070s,13,249
797,797,EC-Earth3-Veg,ssp245,2070s,14,160
798,798,EC-Earth3-Veg,ssp245,2070s,15,46
799,799,EC-Earth3-Veg,ssp245,2080s,0,38
800,800,EC-Earth3-Veg,ssp245,2080s,1,133
801,801,EC-Earth3-Veg,ssp245,2080s,2,235
802,802,EC-Earth3-Veg,ssp245,2080s,3,419
803,803,EC-Earth3-Veg,ssp245,2080s,4,420
804,804,EC-Earth3-Veg,ssp245,2080s,5,170
805,805,EC-Earth3-Veg,ssp245,2080s,6,375
806,806,EC-Earth3-Veg,ssp245,2080s,7,135
807,807,EC-Earth3-Veg,ssp245,2080s,8,245
808,808,EC-Earth3-Veg,ssp245,2080s,9,138
809,809,EC-Earth3-Veg,ssp245,2080s,10,281
810,810,EC-Earth3-Veg,ssp245,2080s,11,231
811,811,EC-Earth3-Veg,ssp245,2080s,12,300
812,812,EC-Earth3-Veg,ssp245,2080s,13,246
813,813,EC-Earth3-Veg,ssp245,2080s,14,204
814,814,EC-Earth3-Veg,ssp245,2080s,15,83
815,815,EC-Earth3-Veg,ssp245,2090s,0,45
816,816,EC-Earth3-Veg,ssp245,2090s,1,106
817,817,EC-Earth3-Veg,ssp245,2090s,2,241
818,818,EC-Earth3-Veg,ssp245,2090s,3,390
819,819,EC-Earth3-Veg,ssp245,2090s,4,385
820,820,EC-Earth3-Veg,ssp245,2090s,5,167
821,821,EC-Earth3-Veg,ssp245,2090s,6,357
822,822,EC-Earth3-Veg,ssp245,2090s,7,163
823,823,EC-Earth3-Veg,ssp245,2090s,8,298
824,824,EC-Earth3-Veg,ssp245,2090s,9,164
825,825,EC-Earth3-Veg,ssp245,2090s,10,284
826,826,EC-Earth3-Veg,ssp245,2090s,11,216
827,827,EC-Earth3-Veg,ssp245,2090s,12,263
828,828,EC-Earth3-Veg,ssp245,2090s,13,285
829,829,EC-Earth3-Veg,ssp245,2090s,14,217
830,830,EC-Earth3-Veg,ssp245,2090s,15,71
831,831,EC-Earth3-Veg,ssp245,2100s,2,18
832,832,EC-Earth3-Veg,ssp245,2100s,3,46
833,833,EC-Earth3-Veg,ssp245,2100s,4,56
834,834,EC-Earth3-Veg,ssp245,2100s,5,12
835,835,EC-Earth3-Veg,ssp245,2100s,6,34
836,836,EC-Earth3-Veg,ssp245,2100s,7,27
837,837,EC-Earth3-Veg,ssp245,2100s,8,27
838,838,EC-Earth3-Veg,ssp245,2100s,9,20
839,839,EC-Earth3-Veg,ssp245,2100s,10,32
840,840,EC-Earth3-Veg,ssp245,2100s,11,24
841,841,EC-Earth3-Veg,ssp245,2100s,12,20
842,842,EC-Earth3-Veg,ssp245,2100s,13,20
843,843,EC-Earth3-Veg,ssp245,2100s,14,20
844,844,EC-Earth3-Veg,ssp245,2100s,15,9
845,845,EC-Earth3-Veg,ssp370,2020s,0,70
846,846,EC-Earth3-Veg,ssp370,2020s,1,205
847,847,EC-Earth3-Veg,ssp370,2020s,2,339
848,848,EC-Earth3-Veg,ssp370,2020s,3,485
849,849,EC-Earth3-Veg,ssp370,2020s,4,353
850,850,EC-Earth3-Veg,ssp370,2020s,5,181
851,851,EC-Earth3-Veg,ssp370,2020s,6,317
852,852,EC-Earth3-Veg,ssp370,2020s,7,151
853,853,EC-Earth3-Veg,ssp370,2020s,8,304
854,854,EC-Earth3-Veg,ssp370,2020s,9,225
855,855,EC-Earth3-Veg,ssp370,2020s,10,277
856,856,EC-Earth3-Veg,ssp370,2020s,11,235
857,857,EC-Earth3-Veg,ssp370,2020s,12,172
858,858,EC-Earth3-Veg,ssp370,2020s,13,207
859,859,EC-Earth3-Veg,ssp370,2020s,14,108
860,860,EC-Earth3-Veg,ssp370,2020s,15,24
861,861,EC-Earth3-Veg,ssp370,2030s,0,104
862,862,EC-Earth3-Veg,ssp370,2030s,1,239
863,863,EC-Earth3-Veg,ssp370,2030s,2,273
864,864,EC-Earth3-Veg,ssp370,2030s,3,379
865,865,EC-Earth3-Veg,ssp370,2030s,4,351
866,866,EC-Earth3-Veg,ssp370,2030s,5,165
867,867,EC-Earth3-Veg,ssp370,2030s,6,340
868,868,EC-Earth3-Veg,ssp370,2030s,7,164
869,869,EC-Earth3-Veg,ssp370,2030s,8,309
870,870,EC-Earth3-Veg,ssp370,2030s,9,283
871,871,EC-Earth3-Veg,ssp370,2030s,10,296
872,872,EC-Earth3-Veg,ssp370,2030s,11,266
873,873,EC-Earth3-Veg,ssp370,2030s,12,155
874,874,EC-Earth3-Veg,ssp370,2030s,13,175
875,875,EC-Earth3-Veg,ssp370,2030s,14,123
876,876,EC-Earth3-Veg,ssp370,2030s,15,30
877,877,EC-Earth3-Veg,ssp370,2040s,0,100
878,878,EC-Earth3-Veg,ssp370,2040s,1,182
879,879,EC-Earth3-Veg,ssp370,2040s,2,333
880,880,EC-Earth3-Veg,ssp370,2040s,3,446
881,881,EC-Earth3-Veg,ssp370,2040s,4,350
882,882,EC-Earth3-Veg,ssp370,2040s,5,223
883,883,EC-Earth3-Veg,ssp370,2040s,6,311
884,884,EC-Earth3-Veg,ssp370,2040s,7,176
885,885,EC-Earth3-Veg,ssp370,2040s,8,293
886,886,EC-Earth3-Veg,ssp370,2040s,9,167
887,887,EC-Earth3-Veg,ssp370,2040s,10,367
888,888,EC-Earth3-Veg,ssp370,2040s,11,250
889,889,EC-Earth3-Veg,ssp370,2040s,12,169
890,890,EC-Earth3-Veg,ssp370,2040s,13,168
891,891,EC-Earth3-Veg,ssp370,2040s,14,94
892,892,EC-Earth3-Veg,ssp370,2040s,15,24
893,893,EC-Earth3-Veg,ssp370,2050s,0,38
894,894,EC-Earth3-Veg,ssp370,2050s,1,130
895,895,EC-Earth3-Veg,ssp370,2050s,2,269
896,896,EC-Earth3-Veg,ssp370,2050s,3,428
897,897,EC-Earth3-Veg,ssp370,2050s,4,387
898,898,EC-Earth3-Veg,ssp370,2050s,5,176
899,899,EC-Earth3-Veg,ssp370,2050s,6,370
900,900,EC-Earth3-Veg,ssp370,2050s,7,173
901,901,EC-Earth3-Veg,ssp370,2050s,8,302
902,902,EC-Earth3-Veg,ssp370,2050s,9,213
903,903,EC-Earth3-Veg,ssp370,2050s,10,310
904,904,EC-Earth3-Veg,ssp370,2050s,11,233
905,905,EC-Earth3-Veg,ssp370,2050s,12,232
906,906,EC-Earth3-Veg,ssp370,2050s,13,194
907,907,EC-Earth3-Veg,ssp370,2050s,14,125
908,908,EC-Earth3-Veg,ssp370,2050s,15,72
909,909,EC-Earth3-Veg,ssp370,2060s,0,50
910,910,EC-Earth3-Veg,ssp370,2060s,1,112
911,911,EC-Earth3-Veg,ssp370,2060s,2,244
912,912,EC-Earth3-Veg,ssp370,2060s,3,401
913,913,EC-Earth3-Veg,ssp370,2060s,4,399
914,914,EC-Earth3-Veg,ssp370,2060s,5,160
915,915,EC-Earth3-Veg,ssp370,2060s,6,354
916,916,EC-Earth3-Veg,ssp370,2060s,7,153
917,917,EC-Earth3-Veg,ssp370,2060s,8,271
918,918,EC-Earth3-Veg,ssp370,2060s,9,173
919,919,EC-Earth3-Veg,ssp370,2060s,10,323
920,920,EC-Earth3-Veg,ssp370,2060s,11,224
921,921,EC-Earth3-Veg,ssp370,2060s,12,266
922,922,EC-Earth3-Veg,ssp370,2060s,13,260
923,923,EC-Earth3-Veg,ssp370,2060s,14,194
924,924,EC-Earth3-Veg,ssp370,2060s,15,69
925,925,EC-Earth3-Veg,ssp370,2070s,0,40
926,926,EC-Earth3-Veg,ssp370,2070s,1,77
927,927,EC-Earth3-Veg,ssp370,2070s,2,149
928,928,EC-Earth3-Veg,ssp370,2070s,3,332
929,929,EC-Earth3-Veg,ssp370,2070s,4,456
930,930,EC-Earth3-Veg,ssp370,2070s,5,139
931,931,EC-Earth3-Veg,ssp370,2070s,6,452
932,932,EC-Earth3-Veg,ssp370,2070s,7,130
933,933,EC-Earth3-Veg,ssp370,2070s,8,250
934,934,EC-Earth3-Veg,ssp370,2070s,9,152
935,935,EC-Earth3-Veg,ssp370,2070s,10,290
936,936,EC-Earth3-Veg,ssp370,2070s,11,246
937,937,EC-Earth3-Veg,ssp370,2070s,12,323
938,938,EC-Earth3-Veg,ssp370,2070s,13,290
939,939,EC-Earth3-Veg,ssp370,2070s,14,241
940,940,EC-Earth3-Veg,ssp370,2070s,15,85
941,941,EC-Earth3-Veg,ssp370,2080s,0,43
942,942,EC-Earth3-Veg,ssp370,2080s,1,97
943,943,EC-Earth3-Veg,ssp370,2080s,2,204
944,944,EC-Earth3-Veg,ssp370,2080s,3,300
945,945,EC-Earth3-Veg,ssp370,2080s,4,348
946,946,EC-Earth3-Veg,ssp370,2080s,5,137
947,947,EC-Earth3-Veg,ssp370,2080s,6,473
948,948,EC-Earth3-Veg,ssp370,2080s,7,121
949,949,EC-Earth3-Veg,ssp370,2080s,8,347
950,950,EC-Earth3-Veg,ssp370,2080s,9,125
951,951,EC-Earth3-Veg,ssp370,2080s,10,248
952,952,EC-Earth3-Veg,ssp370,2080s,11,187
953,953,EC-Earth3-Veg,ssp370,2080s,12,294
954,954,EC-Earth3-Veg,ssp370,2080s,13,289
955,955,EC-Earth3-Veg,ssp370,2080s,14,315
956,956,EC-Earth3-Veg,ssp370,2080s,15,125
957,957,EC-Earth3-Veg,ssp370,2090s,0,21
958,958,EC-Earth3-Veg,ssp370,2090s,1,53
959,959,EC-Earth3-Veg,ssp370,2090s,2,94
960,960,EC-Earth3-Veg,ssp370,2090s,3,280
961,961,EC-Earth3-Veg,ssp370,2090s,4,391
962,962,EC-Earth3-Veg,ssp370,2090s,5,129
963,963,EC-Earth3-Veg,ssp370,2090s,6,500
964,964,EC-Earth3-Veg,ssp370,2090s,7,115
965,965,EC-Earth3-Veg,ssp370,2090s,8,358
966,966,EC-Earth3-Veg,ssp370,2090s,9,145
967,967,EC-Earth3-Veg,ssp370,2090s,10,263
968,968,EC-Earth3-Veg,ssp370,2090s,11,157
969,969,EC-Earth3-Veg,ssp370,2090s,12,284
970,970,EC-Earth3-Veg,ssp370,2090s,13,309
971,971,EC-Earth3-Veg,ssp370,2090s,14,376
972,972,EC-Earth3-Veg,ssp370,2090s,15,177
973,973,EC-Earth3-Veg,ssp370,2100s,2,7
974,974,EC-Earth3-Veg,ssp370,2100s,3,20
975,975,EC-Earth3-Veg,ssp370,2100s,4,49
976,976,EC-Earth3-Veg,ssp370,2100s,5,13
977,977,EC-Earth3-Veg,ssp370,2100s,6,52
978,978,EC-Earth3-Veg,ssp370,2100s,7,8
979,979,EC-Earth3-Veg,ssp370,2100s,8,35
980,980,EC-Earth3-Veg,ssp370,2100s,9,17
981,981,EC-Earth3-Veg,ssp370,2100s,10,20
982,982,EC-Earth3-Veg,ssp370,2100s,11,12
983,983,EC-Earth3-Veg,ssp370,2100s,12,43
984,984,EC-Earth3-Veg,ssp370,2100s,13,36
985,985,EC-Earth3-Veg,ssp370,2100s,14,32
986,986,EC-Earth3-Veg,ssp370,2100s,15,21
987,987,EC-Earth3-Veg,ssp585,2020s,0,81
988,988,EC-Earth3-Veg,ssp585,2020s,1,204
989,989,EC-Earth3-Veg,ssp585,2020s,2,284
990,990,EC-Earth3-Veg,ssp585,2020s,3,450
991,991,EC-Earth3-Veg,ssp585,2020s,4,366
992,992,EC-Earth3-Veg,ssp585,2020s,5,190
993,993,EC-Earth3-Veg,ssp585,2020s,6,327
994,994,EC-Earth3-Veg,ssp585,2020s,7,182
995,995,EC-Earth3-Veg,ssp585,2020s,8,265
996,996,EC-Earth3-Veg,ssp585,2020s,9,226
997,997,EC-Earth3-Veg,ssp585,2020s,10,281
998,998,EC-Earth3-Veg,ssp585,2020s,11,259
999,999,EC-Earth3-Veg,ssp585,2020s,12,149
1000,1000,EC-Earth3-Veg,ssp585,2020s,13,229
1001,1001,EC-Earth3-Veg,ssp585,2020s,14,123
1002,1002,EC-Earth3-Veg,ssp585,2020s,15,37
1003,1003,EC-Earth3-Veg,ssp585,2030s,0,38
1004,1004,EC-Earth3-Veg,ssp585,2030s,1,118
1005,1005,EC-Earth3-Veg,ssp585,2030s,2,378
1006,1006,EC-Earth3-Veg,ssp585,2030s,3,476
1007,1007,EC-Earth3-Veg,ssp585,2030s,4,389
1008,1008,EC-Earth3-Veg,ssp585,2030s,5,179
1009,1009,EC-Earth3-Veg,ssp585,2030s,6,306
1010,1010,EC-Earth3-Veg,ssp585,2030s,7,173
1011,1011,EC-Earth3-Veg,ssp585,2030s,8,253
1012,1012,EC-Earth3-Veg,ssp585,2030s,9,242
1013,1013,EC-Earth3-Veg,ssp585,2030s,10,301
1014,1014,EC-Earth3-Veg,ssp585,2030s,11,297
1015,1015,EC-Earth3-Veg,ssp585,2030s,12,185
1016,1016,EC-Earth3-Veg,ssp585,2030s,13,179
1017,1017,EC-Earth3-Veg,ssp585,2030s,14,109
1018,1018,EC-Earth3-Veg,ssp585,2030s,15,29
1019,1019,EC-Earth3-Veg,ssp585,2040s,0,25
1020,1020,EC-Earth3-Veg,ssp585,2040s,1,135
1021,1021,EC-Earth3-Veg,ssp585,2040s,2,298
1022,1022,EC-Earth3-Veg,ssp585,2040s,3,447
1023,1023,EC-Earth3-Veg,ssp585,2040s,4,375
1024,1024,EC-Earth3-Veg,ssp585,2040s,5,183
1025,1025,EC-Earth3-Veg,ssp585,2040s,6,362
1026,1026,EC-Earth3-Veg,ssp585,2040s,7,150
1027,1027,EC-Earth3-Veg,ssp585,2040s,8,277
1028,1028,EC-Earth3-Veg,ssp585,2040s,9,208
1029,1029,EC-Earth3-Veg,ssp585,2040s,10,304
1030,1030,EC-Earth3-Veg,ssp585,2040s,11,227
1031,1031,EC-Earth3-Veg,ssp585,2040s,12,213
1032,1032,EC-Earth3-Veg,ssp585,2040s,13,224
1033,1033,EC-Earth3-Veg,ssp585,2040s,14,171
1034,1034,EC-Earth3-Veg,ssp585,2040s,15,54
1035,1035,EC-Earth3-Veg,ssp585,2050s,0,15
1036,1036,EC-Earth3-Veg,ssp585,2050s,1,113
1037,1037,EC-Earth3-Veg,ssp585,2050s,2,170
1038,1038,EC-Earth3-Veg,ssp585,2050s,3,393
1039,1039,EC-Earth3-Veg,ssp585,2050s,4,424
1040,1040,EC-Earth3-Veg,ssp585,2050s,5,159
1041,1041,EC-Earth3-Veg,ssp585,2050s,6,482
1042,1042,EC-Earth3-Veg,ssp585,2050s,7,138
1043,1043,EC-Earth3-Veg,ssp585,2050s,8,282
1044,1044,EC-Earth3-Veg,ssp585,2050s,9,176
1045,1045,EC-Earth3-Veg,ssp585,2050s,10,296
1046,1046,EC-Earth3-Veg,ssp585,2050s,11,266
1047,1047,EC-Earth3-Veg,ssp585,2050s,12,268
1048,1048,EC-Earth3-Veg,ssp585,2050s,13,241
1049,1049,EC-Earth3-Veg,ssp585,2050s,14,181
1050,1050,EC-Earth3-Veg,ssp585,2050s,15,48
1051,1051,EC-Earth3-Veg,ssp585,2060s,0,22
1052,1052,EC-Earth3-Veg,ssp585,2060s,1,100
1053,1053,EC-Earth3-Veg,ssp585,2060s,2,190
1054,1054,EC-Earth3-Veg,ssp585,2060s,3,423
1055,1055,EC-Earth3-Veg,ssp585,2060s,4,386
1056,1056,EC-Earth3-Veg,ssp585,2060s,5,141
1057,1057,EC-Earth3-Veg,ssp585,2060s,6,424
1058,1058,EC-Earth3-Veg,ssp585,2060s,7,127
1059,1059,EC-Earth3-Veg,ssp585,2060s,8,308
1060,1060,EC-Earth3-Veg,ssp585,2060s,9,138
1061,1061,EC-Earth3-Veg,ssp585,2060s,10,234
1062,1062,EC-Earth3-Veg,ssp585,2060s,11,177
1063,1063,EC-Earth3-Veg,ssp585,2060s,12,275
1064,1064,EC-Earth3-Veg,ssp585,2060s,13,314
1065,1065,EC-Earth3-Veg,ssp585,2060s,14,251
1066,1066,EC-Earth3-Veg,ssp585,2060s,15,143
1067,1067,EC-Earth3-Veg,ssp585,2070s,0,7
1068,1068,EC-Earth3-Veg,ssp585,2070s,1,80
1069,1069,EC-Earth3-Veg,ssp585,2070s,2,141
1070,1070,EC-Earth3-Veg,ssp585,2070s,3,371
1071,1071,EC-Earth3-Veg,ssp585,2070s,4,440
1072,1072,EC-Earth3-Veg,ssp585,2070s,5,162
1073,1073,EC-Earth3-Veg,ssp585,2070s,6,462
1074,1074,EC-Earth3-Veg,ssp585,2070s,7,122
1075,1075,EC-Earth3-Veg,ssp585,2070s,8,321
1076,1076,EC-Earth3-Veg,ssp585,2070s,9,134
1077,1077,EC-Earth3-Veg,ssp585,2070s,10,267
1078,1078,EC-Earth3-Veg,ssp585,2070s,11,154
1079,1079,EC-Earth3-Veg,ssp585,2070s,12,303
1080,1080,EC-Earth3-Veg,ssp585,2070s,13,274
1081,1081,EC-Earth3-Veg,ssp585,2070s,14,291
1082,1082,EC-Earth3-Veg,ssp585,2070s,15,123
1083,1083,EC-Earth3-Veg,ssp585,2080s,0,8
1084,1084,EC-Earth3-Veg,ssp585,2080s,1,85
1085,1085,EC-Earth3-Veg,ssp585,2080s,2,175
1086,1086,EC-Earth3-Veg,ssp585,2080s,3,253
1087,1087,EC-Earth3-Veg,ssp585,2080s,4,420
1088,1088,EC-Earth3-Veg,ssp585,2080s,5,122
1089,1089,EC-Earth3-Veg,ssp585,2080s,6,465
1090,1090,EC-Earth3-Veg,ssp585,2080s,7,136
1091,1091,EC-Earth3-Veg,ssp585,2080s,8,314
1092,1092,EC-Earth3-Veg,ssp585,2080s,9,97
1093,1093,EC-Earth3-Veg,ssp585,2080s,10,250
1094,1094,EC-Earth3-Veg,ssp585,2080s,11,131
1095,1095,EC-Earth3-Veg,ssp585,2080s,12,371
1096,1096,EC-Earth3-Veg,ssp585,2080s,13,295
1097,1097,EC-Earth3-Veg,ssp585,2080s,14,347
1098,1098,EC-Earth3-Veg,ssp585,2080s,15,184
1099,1099,EC-Earth3-Veg,ssp585,2090s,0,10
1100,1100,EC-Earth3-Veg,ssp585,2090s,1,46
1101,1101,EC-Earth3-Veg,ssp585,2090s,2,61
1102,1102,EC-Earth3-Veg,ssp585,2090s,3,170
1103,1103,EC-Earth3-Veg,ssp585,2090s,4,389
1104,1104,EC-Earth3-Veg,ssp585,2090s,5,81
1105,1105,EC-Earth3-Veg,ssp585,2090s,6,589
1106,1106,EC-Earth3-Veg,ssp585,2090s,7,121
1107,1107,EC-Earth3-Veg,ssp585,2090s,8,391
1108,1108,EC-Earth3-Veg,ssp585,2090s,9,95
1109,1109,EC-Earth3-Veg,ssp585,2090s,10,257
1110,1110,EC-Earth3-Veg,ssp585,2090s,11,110
1111,1111,EC-Earth3-Veg,ssp585,2090s,12,388
1112,1112,EC-Earth3-Veg,ssp585,2090s,13,293
1113,1113,EC-Earth3-Veg,ssp585,2090s,14,396
1114,1114,EC-Earth3-Veg,ssp585,2090s,15,255
1115,1115,EC-Earth3-Veg,ssp585,2100s,2,2
1116,1116,EC-Earth3-Veg,ssp585,2100s,3,20
1117,1117,EC-Earth3-Veg,ssp585,2100s,4,36
1118,1118,EC-Earth3-Veg,ssp585,2100s,5,9
1119,1119,EC-Earth3-Veg,ssp585,2100s,6,72
1120,1120,EC-Earth3-Veg,ssp585,2100s,7,10
1121,1121,EC-Earth3-Veg,ssp585,2100s,8,43
1122,1122,EC-Earth3-Veg,ssp585,2100s,9,9
1123,1123,EC-Earth3-Veg,ssp585,2100s,10,30
1124,1124,EC-Earth3-Veg,ssp585,2100s,11,15
1125,1125,EC-Earth3-Veg,ssp585,2100s,12,22
1126,1126,EC-Earth3-Veg,ssp585,2100s,13,30
1127,1127,EC-Earth3-Veg,ssp585,2100s,14,37
1128,1128,EC-Earth3-Veg,ssp585,2100s,15,30
1129,1129,IPSL-CM6A-LR,ssp126,2020s,0,91
1130,1130,IPSL-CM6A-LR,ssp126,2020s,1,275
1131,1131,IPSL-CM6A-LR,ssp126,2020s,2,359
1132,1132,IPSL-CM6A-LR,ssp126,2020s,3,451
1133,1133,IPSL-CM6A-LR,ssp126,2020s,4,295
1134,1134,IPSL-CM6A-LR,ssp126,2020s,5,236
1135,1135,IPSL-CM6A-LR,ssp126,2020s,6,314
1136,1136,IPSL-CM6A-LR,ssp126,2020s,7,223
1137,1137,IPSL-CM6A-LR,ssp126,2020s,8,198
1138,1138,IPSL-CM6A-LR,ssp126,2020s,9,314
1139,1139,IPSL-CM6A-LR,ssp126,2020s,10,182
1140,1140,IPSL-CM6A-LR,ssp126,2020s,11,315
1141,1141,IPSL-CM6A-LR,ssp126,2020s,12,85
1142,1142,IPSL-CM6A-LR,ssp126,2020s,13,197
1143,1143,IPSL-CM6A-LR,ssp126,2020s,14,104
1144,1144,IPSL-CM6A-LR,ssp126,2020s,15,14
1145,1145,IPSL-CM6A-LR,ssp126,2030s,0,81
1146,1146,IPSL-CM6A-LR,ssp126,2030s,1,208
1147,1147,IPSL-CM6A-LR,ssp126,2030s,2,296
1148,1148,IPSL-CM6A-LR,ssp126,2030s,3,379
1149,1149,IPSL-CM6A-LR,ssp126,2030s,4,344
1150,1150,IPSL-CM6A-LR,ssp126,2030s,5,208
1151,1151,IPSL-CM6A-LR,ssp126,2030s,6,356
1152,1152,IPSL-CM6A-LR,ssp126,2030s,7,204
1153,1153,IPSL-CM6A-LR,ssp126,2030s,8,234
1154,1154,IPSL-CM6A-LR,ssp126,2030s,9,233
1155,1155,IPSL-CM6A-LR,ssp126,2030s,10,160
1156,1156,IPSL-CM6A-LR,ssp126,2030s,11,329
1157,1157,IPSL-CM6A-LR,ssp126,2030s,12,103
1158,1158,IPSL-CM6A-LR,ssp126,2030s,13,325
1159,1159,IPSL-CM6A-LR,ssp126,2030s,14,168
1160,1160,IPSL-CM6A-LR,ssp126,2030s,15,24
1161,1161,IPSL-CM6A-LR,ssp126,2040s,0,52
1162,1162,IPSL-CM6A-LR,ssp126,2040s,1,173
1163,1163,IPSL-CM6A-LR,ssp126,2040s,2,391
1164,1164,IPSL-CM6A-LR,ssp126,2040s,3,438
1165,1165,IPSL-CM6A-LR,ssp126,2040s,4,313
1166,1166,IPSL-CM6A-LR,ssp126,2040s,5,231
1167,1167,IPSL-CM6A-LR,ssp126,2040s,6,332
1168,1168,IPSL-CM6A-LR,ssp126,2040s,7,202
1169,1169,IPSL-CM6A-LR,ssp126,2040s,8,211
1170,1170,IPSL-CM6A-LR,ssp126,2040s,9,284
1171,1171,IPSL-CM6A-LR,ssp126,2040s,10,161
1172,1172,IPSL-CM6A-LR,ssp126,2040s,11,342
1173,1173,IPSL-CM6A-LR,ssp126,2040s,12,94
1174,1174,IPSL-CM6A-LR,ssp126,2040s,13,246
1175,1175,IPSL-CM6A-LR,ssp126,2040s,14,162
1176,1176,IPSL-CM6A-LR,ssp126,2040s,15,21
1177,1177,IPSL-CM6A-LR,ssp126,2050s,0,67
1178,1178,IPSL-CM6A-LR,ssp126,2050s,1,160
1179,1179,IPSL-CM6A-LR,ssp126,2050s,2,294
1180,1180,IPSL-CM6A-LR,ssp126,2050s,3,446
1181,1181,IPSL-CM6A-LR,ssp126,2050s,4,368
1182,1182,IPSL-CM6A-LR,ssp126,2050s,5,218
1183,1183,IPSL-CM6A-LR,ssp126,2050s,6,350
1184,1184,IPSL-CM6A-LR,ssp126,2050s,7,184
1185,1185,IPSL-CM6A-LR,ssp126,2050s,8,210
1186,1186,IPSL-CM6A-LR,ssp126,2050s,9,249
1187,1187,IPSL-CM6A-LR,ssp126,2050s,10,164
1188,1188,IPSL-CM6A-LR,ssp126,2050s,11,316
1189,1189,IPSL-CM6A-LR,ssp126,2050s,12,117
1190,1190,IPSL-CM6A-LR,ssp126,2050s,13,260
1191,1191,IPSL-CM6A-LR,ssp126,2050s,14,194
1192,1192,IPSL-CM6A-LR,ssp126,2050s,15,55
1193,1193,IPSL-CM6A-LR,ssp126,2060s,0,94
1194,1194,IPSL-CM6A-LR,ssp126,2060s,1,131
1195,1195,IPSL-CM6A-LR,ssp126,2060s,2,300
1196,1196,IPSL-CM6A-LR,ssp126,2060s,3,409
1197,1197,IPSL-CM6A-LR,ssp126,2060s,4,322
1198,1198,IPSL-CM6A-LR,ssp126,2060s,5,215
1199,1199,IPSL-CM6A-LR,ssp126,2060s,6,362
1200,1200,IPSL-CM6A-LR,ssp126,2060s,7,228
1201,1201,IPSL-CM6A-LR,ssp126,2060s,8,259
1202,1202,IPSL-CM6A-LR,ssp126,2060s,9,249
1203,1203,IPSL-CM6A-LR,ssp126,2060s,10,154
1204,1204,IPSL-CM6A-LR,ssp126,2060s,11,323
1205,1205,IPSL-CM6A-LR,ssp126,2060s,12,109
1206,1206,IPSL-CM6A-LR,ssp126,2060s,13,304
1207,1207,IPSL-CM6A-LR,ssp126,2060s,14,153
1208,1208,IPSL-CM6A-LR,ssp126,2060s,15,41
1209,1209,IPSL-CM6A-LR,ssp126,2070s,0,53
1210,1210,IPSL-CM6A-LR,ssp126,2070s,1,141
1211,1211,IPSL-CM6A-LR,ssp126,2070s,2,293
1212,1212,IPSL-CM6A-LR,ssp126,2070s,3,457
1213,1213,IPSL-CM6A-LR,ssp126,2070s,4,331
1214,1214,IPSL-CM6A-LR,ssp126,2070s,5,220
1215,1215,IPSL-CM6A-LR,ssp126,2070s,6,335
1216,1216,IPSL-CM6A-LR,ssp126,2070s,7,213
1217,1217,IPSL-CM6A-LR,ssp126,2070s,8,212
1218,1218,IPSL-CM6A-LR,ssp126,2070s,9,226
1219,1219,IPSL-CM6A-LR,ssp126,2070s,10,161
1220,1220,IPSL-CM6A-LR,ssp126,2070s,11,343
1221,1221,IPSL-CM6A-LR,ssp126,2070s,12,119
1222,1222,IPSL-CM6A-LR,ssp126,2070s,13,288
1223,1223,IPSL-CM6A-LR,ssp126,2070s,14,207
1224,1224,IPSL-CM6A-LR,ssp126,2070s,15,53
1225,1225,IPSL-CM6A-LR,ssp126,2080s,0,57
1226,1226,IPSL-CM6A-LR,ssp126,2080s,1,140
1227,1227,IPSL-CM6A-LR,ssp126,2080s,2,290
1228,1228,IPSL-CM6A-LR,ssp126,2080s,3,373
1229,1229,IPSL-CM6A-LR,ssp126,2080s,4,354
1230,1230,IPSL-CM6A-LR,ssp126,2080s,5,210
1231,1231,IPSL-CM6A-LR,ssp126,2080s,6,379
1232,1232,IPSL-CM6A-LR,ssp126,2080s,7,210
1233,1233,IPSL-CM6A-LR,ssp126,2080s,8,232
1234,1234,IPSL-CM6A-LR,ssp126,2080s,9,246
1235,1235,IPSL-CM6A-LR,ssp126,2080s,10,182
1236,1236,IPSL-CM6A-LR,ssp126,2080s,11,320
1237,1237,IPSL-CM6A-LR,ssp126,2080s,12,137
1238,1238,IPSL-CM6A-LR,ssp126,2080s,13,298
1239,1239,IPSL-CM6A-LR,ssp126,2080s,14,175
1240,1240,IPSL-CM6A-LR,ssp126,2080s,15,50
1241,1241,IPSL-CM6A-LR,ssp126,2090s,0,42
1242,1242,IPSL-CM6A-LR,ssp126,2090s,1,87
1243,1243,IPSL-CM6A-LR,ssp126,2090s,2,266
1244,1244,IPSL-CM6A-LR,ssp126,2090s,3,452
1245,1245,IPSL-CM6A-LR,ssp126,2090s,4,436
1246,1246,IPSL-CM6A-LR,ssp126,2090s,5,213
1247,1247,IPSL-CM6A-LR,ssp126,2090s,6,349
1248,1248,IPSL-CM6A-LR,ssp126,2090s,7,186
1249,1249,IPSL-CM6A-LR,ssp126,2090s,8,268
1250,1250,IPSL-CM6A-LR,ssp126,2090s,9,259
1251,1251,IPSL-CM6A-LR,ssp126,2090s,10,167
1252,1252,IPSL-CM6A-LR,ssp126,2090s,11,308
1253,1253,IPSL-CM6A-LR,ssp126,2090s,12,101
1254,1254,IPSL-CM6A-LR,ssp126,2090s,13,271
1255,1255,IPSL-CM6A-LR,ssp126,2090s,14,198
1256,1256,IPSL-CM6A-LR,ssp126,2090s,15,49
1257,1257,IPSL-CM6A-LR,ssp126,2100s,0,8
1258,1258,IPSL-CM6A-LR,ssp126,2100s,1,28
1259,1259,IPSL-CM6A-LR,ssp126,2100s,2,34
1260,1260,IPSL-CM6A-LR,ssp126,2100s,3,41
1261,1261,IPSL-CM6A-LR,ssp126,2100s,4,41
1262,1262,IPSL-CM6A-LR,ssp126,2100s,5,27
1263,1263,IPSL-CM6A-LR,ssp126,2100s,6,27
1264,1264,IPSL-CM6A-LR,ssp126,2100s,7,14
1265,1265,IPSL-CM6A-LR,ssp126,2100s,8,20
1266,1266,IPSL-CM6A-LR,ssp126,2100s,9,27
1267,1267,IPSL-CM6A-LR,ssp126,2100s,10,22
1268,1268,IPSL-CM6A-LR,ssp126,2100s,11,39
1269,1269,IPSL-CM6A-LR,ssp126,2100s,12,4
1270,1270,IPSL-CM6A-LR,ssp126,2100s,13,31
1271,1271,IPSL-CM6A-LR,ssp126,2100s,14,2
1272,1272,IPSL-CM6A-LR,ssp245,2020s,0,62
1273,1273,IPSL-CM6A-LR,ssp245,2020s,1,176
1274,1274,IPSL-CM6A-LR,ssp245,2020s,2,376
1275,1275,IPSL-CM6A-LR,ssp245,2020s,3,417
1276,1276,IPSL-CM6A-LR,ssp245,2020s,4,345
1277,1277,IPSL-CM6A-LR,ssp245,2020s,5,197
1278,1278,IPSL-CM6A-LR,ssp245,2020s,6,362
1279,1279,IPSL-CM6A-LR,ssp245,2020s,7,270
1280,1280,IPSL-CM6A-LR,ssp245,2020s,8,218
1281,1281,IPSL-CM6A-LR,ssp245,2020s,9,271
1282,1282,IPSL-CM6A-LR,ssp245,2020s,10,144
1283,1283,IPSL-CM6A-LR,ssp245,2020s,11,321
1284,1284,IPSL-CM6A-LR,ssp245,2020s,12,89
1285,1285,IPSL-CM6A-LR,ssp245,2020s,13,232
1286,1286,IPSL-CM6A-LR,ssp245,2020s,14,150
1287,1287,IPSL-CM6A-LR,ssp245,2020s,15,23
1288,1288,IPSL-CM6A-LR,ssp245,2030s,0,40
1289,1289,IPSL-CM6A-LR,ssp245,2030s,1,150
1290,1290,IPSL-CM6A-LR,ssp245,2030s,2,301
1291,1291,IPSL-CM6A-LR,ssp245,2030s,3,426
1292,1292,IPSL-CM6A-LR,ssp245,2030s,4,362
1293,1293,IPSL-CM6A-LR,ssp245,2030s,5,226
1294,1294,IPSL-CM6A-LR,ssp245,2030s,6,335
1295,1295,IPSL-CM6A-LR,ssp245,2030s,7,245
1296,1296,IPSL-CM6A-LR,ssp245,2030s,8,211
1297,1297,IPSL-CM6A-LR,ssp245,2030s,9,279
1298,1298,IPSL-CM6A-LR,ssp245,2030s,10,162
1299,1299,IPSL-CM6A-LR,ssp245,2030s,11,349
1300,1300,IPSL-CM6A-LR,ssp245,2030s,12,109
1301,1301,IPSL-CM6A-LR,ssp245,2030s,13,250
1302,1302,IPSL-CM6A-LR,ssp245,2030s,14,174
1303,1303,IPSL-CM6A-LR,ssp245,2030s,15,33
1304,1304,IPSL-CM6A-LR,ssp245,2040s,0,56
1305,1305,IPSL-CM6A-LR,ssp245,2040s,1,150
1306,1306,IPSL-CM6A-LR,ssp245,2040s,2,335
1307,1307,IPSL-CM6A-LR,ssp245,2040s,3,377
1308,1308,IPSL-CM6A-LR,ssp245,2040s,4,314
1309,1309,IPSL-CM6A-LR,ssp245,2040s,5,233
1310,1310,IPSL-CM6A-LR,ssp245,2040s,6,396
1311,1311,IPSL-CM6A-LR,ssp245,2040s,7,236
1312,1312,IPSL-CM6A-LR,ssp245,2040s,8,257
1313,1313,IPSL-CM6A-LR,ssp245,2040s,9,251
1314,1314,IPSL-CM6A-LR,ssp245,2040s,10,160
1315,1315,IPSL-CM6A-LR,ssp245,2040s,11,312
1316,1316,IPSL-CM6A-LR,ssp245,2040s,12,108
1317,1317,IPSL-CM6A-LR,ssp245,2040s,13,281
1318,1318,IPSL-CM6A-LR,ssp245,2040s,14,143
1319,1319,IPSL-CM6A-LR,ssp245,2040s,15,44
1320,1320,IPSL-CM6A-LR,ssp245,2050s,0,60
1321,1321,IPSL-CM6A-LR,ssp245,2050s,1,164
1322,1322,IPSL-CM6A-LR,ssp245,2050s,2,341
1323,1323,IPSL-CM6A-LR,ssp245,2050s,3,403
1324,1324,IPSL-CM6A-LR,ssp245,2050s,4,323
1325,1325,IPSL-CM6A-LR,ssp245,2050s,5,219
1326,1326,IPSL-CM6A-LR,ssp245,2050s,6,322
1327,1327,IPSL-CM6A-LR,ssp245,2050s,7,197
1328,1328,IPSL-CM6A-LR,ssp245,2050s,8,231
1329,1329,IPSL-CM6A-LR,ssp245,2050s,9,227
1330,1330,IPSL-CM6A-LR,ssp245,2050s,10,136
1331,1331,IPSL-CM6A-LR,ssp245,2050s,11,301
1332,1332,IPSL-CM6A-LR,ssp245,2050s,12,122
1333,1333,IPSL-CM6A-LR,ssp245,2050s,13,305
1334,1334,IPSL-CM6A-LR,ssp245,2050s,14,220
1335,1335,IPSL-CM6A-LR,ssp245,2050s,15,81
1336,1336,IPSL-CM6A-LR,ssp245,2060s,0,46
1337,1337,IPSL-CM6A-LR,ssp245,2060s,1,194
1338,1338,IPSL-CM6A-LR,ssp245,2060s,2,251
1339,1339,IPSL-CM6A-LR,ssp245,2060s,3,348
1340,1340,IPSL-CM6A-LR,ssp245,2060s,4,317
1341,1341,IPSL-CM6A-LR,ssp245,2060s,5,184
1342,1342,IPSL-CM6A-LR,ssp245,2060s,6,377
1343,1343,IPSL-CM6A-LR,ssp245,2060s,7,208
1344,1344,IPSL-CM6A-LR,ssp245,2060s,8,294
1345,1345,IPSL-CM6A-LR,ssp245,2060s,9,267
1346,1346,IPSL-CM6A-LR,ssp245,2060s,10,187
1347,1347,IPSL-CM6A-LR,ssp245,2060s,11,299
1348,1348,IPSL-CM6A-LR,ssp245,2060s,12,125
1349,1349,IPSL-CM6A-LR,ssp245,2060s,13,259
1350,1350,IPSL-CM6A-LR,ssp245,2060s,14,214
1351,1351,IPSL-CM6A-LR,ssp245,2060s,15,83
1352,1352,IPSL-CM6A-LR,ssp245,2070s,0,51
1353,1353,IPSL-CM6A-LR,ssp245,2070s,1,100
1354,1354,IPSL-CM6A-LR,ssp245,2070s,2,250
1355,1355,IPSL-CM6A-LR,ssp245,2070s,3,386
1356,1356,IPSL-CM6A-LR,ssp245,2070s,4,310
1357,1357,IPSL-CM6A-LR,ssp245,2070s,5,178
1358,1358,IPSL-CM6A-LR,ssp245,2070s,6,378
1359,1359,IPSL-CM6A-LR,ssp245,2070s,7,191
1360,1360,IPSL-CM6A-LR,ssp245,2070s,8,285
1361,1361,IPSL-CM6A-LR,ssp245,2070s,9,222
1362,1362,IPSL-CM6A-LR,ssp245,2070s,10,191
1363,1363,IPSL-CM6A-LR,ssp245,2070s,11,290
1364,1364,IPSL-CM6A-LR,ssp245,2070s,12,153
1365,1365,IPSL-CM6A-LR,ssp245,2070s,13,341
1366,1366,IPSL-CM6A-LR,ssp245,2070s,14,216
1367,1367,IPSL-CM6A-LR,ssp245,2070s,15,110
1368,1368,IPSL-CM6A-LR,ssp245,2080s,0,23
1369,1369,IPSL-CM6A-LR,ssp245,2080s,1,86
1370,1370,IPSL-CM6A-LR,ssp245,2080s,2,209
1371,1371,IPSL-CM6A-LR,ssp245,2080s,3,377
1372,1372,IPSL-CM6A-LR,ssp245,2080s,4,388
1373,1373,IPSL-CM6A-LR,ssp245,2080s,5,176
1374,1374,IPSL-CM6A-LR,ssp245,2080s,6,398
1375,1375,IPSL-CM6A-LR,ssp245,2080s,7,182
1376,1376,IPSL-CM6A-LR,ssp245,2080s,8,271
1377,1377,IPSL-CM6A-LR,ssp245,2080s,9,203
1378,1378,IPSL-CM6A-LR,ssp245,2080s,10,233
1379,1379,IPSL-CM6A-LR,ssp245,2080s,11,315
1380,1380,IPSL-CM6A-LR,ssp245,2080s,12,133
1381,1381,IPSL-CM6A-LR,ssp245,2080s,13,333
1382,1382,IPSL-CM6A-LR,ssp245,2080s,14,249
1383,1383,IPSL-CM6A-LR,ssp245,2080s,15,77
1384,1384,IPSL-CM6A-LR,ssp245,2090s,0,38
1385,1385,IPSL-CM6A-LR,ssp245,2090s,1,101
1386,1386,IPSL-CM6A-LR,ssp245,2090s,2,222
1387,1387,IPSL-CM6A-LR,ssp245,2090s,3,393
1388,1388,IPSL-CM6A-LR,ssp245,2090s,4,378
1389,1389,IPSL-CM6A-LR,ssp245,2090s,5,175
1390,1390,IPSL-CM6A-LR,ssp245,2090s,6,350
1391,1391,IPSL-CM6A-LR,ssp245,2090s,7,190
1392,1392,IPSL-CM6A-LR,ssp245,2090s,8,314
1393,1393,IPSL-CM6A-LR,ssp245,2090s,9,212
1394,1394,IPSL-CM6A-LR,ssp245,2090s,10,212
1395,1395,IPSL-CM6A-LR,ssp245,2090s,11,232
1396,1396,IPSL-CM6A-LR,ssp245,2090s,12,139
1397,1397,IPSL-CM6A-LR,ssp245,2090s,13,310
1398,1398,IPSL-CM6A-LR,ssp245,2090s,14,280
1399,1399,IPSL-CM6A-LR,ssp245,2090s,15,106
1400,1400,IPSL-CM6A-LR,ssp245,2100s,0,4
1401,1401,IPSL-CM6A-LR,ssp245,2100s,1,14
1402,1402,IPSL-CM6A-LR,ssp245,2100s,2,17
1403,1403,IPSL-CM6A-LR,ssp245,2100s,3,35
1404,1404,IPSL-CM6A-LR,ssp245,2100s,4,44
1405,1405,IPSL-CM6A-LR,ssp245,2100s,5,15
1406,1406,IPSL-CM6A-LR,ssp245,2100s,6,38
1407,1407,IPSL-CM6A-LR,ssp245,2100s,7,22
1408,1408,IPSL-CM6A-LR,ssp245,2100s,8,25
1409,1409,IPSL-CM6A-LR,ssp245,2100s,9,16
1410,1410,IPSL-CM6A-LR,ssp245,2100s,10,23
1411,1411,IPSL-CM6A-LR,ssp245,2100s,11,25
1412,1412,IPSL-CM6A-LR,ssp245,2100s,12,17
1413,1413,IPSL-CM6A-LR,ssp245,2100s,13,33
1414,1414,IPSL-CM6A-LR,ssp245,2100s,14,24
1415,1415,IPSL-CM6A-LR,ssp245,2100s,15,13
1416,1416,IPSL-CM6A-LR,ssp370,2020s,0,70
1417,1417,IPSL-CM6A-LR,ssp370,2020s,1,200
1418,1418,IPSL-CM6A-LR,ssp370,2020s,2,378
1419,1419,IPSL-CM6A-LR,ssp370,2020s,3,426
1420,1420,IPSL-CM6A-LR,ssp370,2020s,4,286
1421,1421,IPSL-CM6A-LR,ssp370,2020s,5,224
1422,1422,IPSL-CM6A-LR,ssp370,2020s,6,277
1423,1423,IPSL-CM6A-LR,ssp370,2020s,7,262
1424,1424,IPSL-CM6A-LR,ssp370,2020s,8,236
1425,1425,IPSL-CM6A-LR,ssp370,2020s,9,320
1426,1426,IPSL-CM6A-LR,ssp370,2020s,10,139
1427,1427,IPSL-CM6A-LR,ssp370,2020s,11,334
1428,1428,IPSL-CM6A-LR,ssp370,2020s,12,76
1429,1429,IPSL-CM6A-LR,ssp370,2020s,13,294
1430,1430,IPSL-CM6A-LR,ssp370,2020s,14,121
1431,1431,IPSL-CM6A-LR,ssp370,2020s,15,10
1432,1432,IPSL-CM6A-LR,ssp370,2030s,0,56
1433,1433,IPSL-CM6A-LR,ssp370,2030s,1,151
1434,1434,IPSL-CM6A-LR,ssp370,2030s,2,308
1435,1435,IPSL-CM6A-LR,ssp370,2030s,3,432
1436,1436,IPSL-CM6A-LR,ssp370,2030s,4,337
1437,1437,IPSL-CM6A-LR,ssp370,2030s,5,234
1438,1438,IPSL-CM6A-LR,ssp370,2030s,6,388
1439,1439,IPSL-CM6A-LR,ssp370,2030s,7,253
1440,1440,IPSL-CM6A-LR,ssp370,2030s,8,224
1441,1441,IPSL-CM6A-LR,ssp370,2030s,9,248
1442,1442,IPSL-CM6A-LR,ssp370,2030s,10,144
1443,1443,IPSL-CM6A-LR,ssp370,2030s,11,330
1444,1444,IPSL-CM6A-LR,ssp370,2030s,12,104
1445,1445,IPSL-CM6A-LR,ssp370,2030s,13,251
1446,1446,IPSL-CM6A-LR,ssp370,2030s,14,163
1447,1447,IPSL-CM6A-LR,ssp370,2030s,15,29
1448,1448,IPSL-CM6A-LR,ssp370,2040s,0,40
1449,1449,IPSL-CM6A-LR,ssp370,2040s,1,88
1450,1450,IPSL-CM6A-LR,ssp370,2040s,2,302
1451,1451,IPSL-CM6A-LR,ssp370,2040s,3,458
1452,1452,IPSL-CM6A-LR,ssp370,2040s,4,338
1453,1453,IPSL-CM6A-LR,ssp370,2040s,5,193
1454,1454,IPSL-CM6A-LR,ssp370,2040s,6,350
1455,1455,IPSL-CM6A-LR,ssp370,2040s,7,204
1456,1456,IPSL-CM6A-LR,ssp370,2040s,8,234
1457,1457,IPSL-CM6A-LR,ssp370,2040s,9,276
1458,1458,IPSL-CM6A-LR,ssp370,2040s,10,211
1459,1459,IPSL-CM6A-LR,ssp370,2040s,11,372
1460,1460,IPSL-CM6A-LR,ssp370,2040s,12,121
1461,1461,IPSL-CM6A-LR,ssp370,2040s,13,283
1462,1462,IPSL-CM6A-LR,ssp370,2040s,14,158
1463,1463,IPSL-CM6A-LR,ssp370,2040s,15,25
1464,1464,IPSL-CM6A-LR,ssp370,2050s,0,44
1465,1465,IPSL-CM6A-LR,ssp370,2050s,1,149
1466,1466,IPSL-CM6A-LR,ssp370,2050s,2,303
1467,1467,IPSL-CM6A-LR,ssp370,2050s,3,406
1468,1468,IPSL-CM6A-LR,ssp370,2050s,4,320
1469,1469,IPSL-CM6A-LR,ssp370,2050s,5,215
1470,1470,IPSL-CM6A-LR,ssp370,2050s,6,380
1471,1471,IPSL-CM6A-LR,ssp370,2050s,7,229
1472,1472,IPSL-CM6A-LR,ssp370,2050s,8,260
1473,1473,IPSL-CM6A-LR,ssp370,2050s,9,191
1474,1474,IPSL-CM6A-LR,ssp370,2050s,10,178
1475,1475,IPSL-CM6A-LR,ssp370,2050s,11,281
1476,1476,IPSL-CM6A-LR,ssp370,2050s,12,142
1477,1477,IPSL-CM6A-LR,ssp370,2050s,13,288
1478,1478,IPSL-CM6A-LR,ssp370,2050s,14,215
1479,1479,IPSL-CM6A-LR,ssp370,2050s,15,51
1480,1480,IPSL-CM6A-LR,ssp370,2060s,0,7
1481,1481,IPSL-CM6A-LR,ssp370,2060s,1,104
1482,1482,IPSL-CM6A-LR,ssp370,2060s,2,245
1483,1483,IPSL-CM6A-LR,ssp370,2060s,3,394
1484,1484,IPSL-CM6A-LR,ssp370,2060s,4,367
1485,1485,IPSL-CM6A-LR,ssp370,2060s,5,206
1486,1486,IPSL-CM6A-LR,ssp370,2060s,6,438
1487,1487,IPSL-CM6A-LR,ssp370,2060s,7,190
1488,1488,IPSL-CM6A-LR,ssp370,2060s,8,261
1489,1489,IPSL-CM6A-LR,ssp370,2060s,9,213
1490,1490,IPSL-CM6A-LR,ssp370,2060s,10,208
1491,1491,IPSL-CM6A-LR,ssp370,2060s,11,255
1492,1492,IPSL-CM6A-LR,ssp370,2060s,12,137
1493,1493,IPSL-CM6A-LR,ssp370,2060s,13,303
1494,1494,IPSL-CM6A-LR,ssp370,2060s,14,232
1495,1495,IPSL-CM6A-LR,ssp370,2060s,15,93
1496,1496,IPSL-CM6A-LR,ssp370,2070s,0,40
1497,1497,IPSL-CM6A-LR,ssp370,2070s,1,123
1498,1498,IPSL-CM6A-LR,ssp370,2070s,2,175
1499,1499,IPSL-CM6A-LR,ssp370,2070s,3,353
1500,1500,IPSL-CM6A-LR,ssp370,2070s,4,363
1501,1501,IPSL-CM6A-LR,ssp370,2070s,5,189
1502,1502,IPSL-CM6A-LR,ssp370,2070s,6,371
1503,1503,IPSL-CM6A-LR,ssp370,2070s,7,178
1504,1504,IPSL-CM6A-LR,ssp370,2070s,8,287
1505,1505,IPSL-CM6A-LR,ssp370,2070s,9,216
1506,1506,IPSL-CM6A-LR,ssp370,2070s,10,216
1507,1507,IPSL-CM6A-LR,ssp370,2070s,11,220
1508,1508,IPSL-CM6A-LR,ssp370,2070s,12,137
1509,1509,IPSL-CM6A-LR,ssp370,2070s,13,323
1510,1510,IPSL-CM6A-LR,ssp370,2070s,14,325
1511,1511,IPSL-CM6A-LR,ssp370,2070s,15,136
1512,1512,IPSL-CM6A-LR,ssp370,2080s,0,21
1513,1513,IPSL-CM6A-LR,ssp370,2080s,1,83
1514,1514,IPSL-CM6A-LR,ssp370,2080s,2,188
1515,1515,IPSL-CM6A-LR,ssp370,2080s,3,337
1516,1516,IPSL-CM6A-LR,ssp370,2080s,4,331
1517,1517,IPSL-CM6A-LR,ssp370,2080s,5,170
1518,1518,IPSL-CM6A-LR,ssp370,2080s,6,427
1519,1519,IPSL-CM6A-LR,ssp370,2080s,7,163
1520,1520,IPSL-CM6A-LR,ssp370,2080s,8,302
1521,1521,IPSL-CM6A-LR,ssp370,2080s,9,221
1522,1522,IPSL-CM6A-LR,ssp370,2080s,10,227
1523,1523,IPSL-CM6A-LR,ssp370,2080s,11,261
1524,1524,IPSL-CM6A-LR,ssp370,2080s,12,191
1525,1525,IPSL-CM6A-LR,ssp370,2080s,13,327
1526,1526,IPSL-CM6A-LR,ssp370,2080s,14,275
1527,1527,IPSL-CM6A-LR,ssp370,2080s,15,129
1528,1528,IPSL-CM6A-LR,ssp370,2090s,0,1
1529,1529,IPSL-CM6A-LR,ssp370,2090s,1,32
1530,1530,IPSL-CM6A-LR,ssp370,2090s,2,121
1531,1531,IPSL-CM6A-LR,ssp370,2090s,3,277
1532,1532,IPSL-CM6A-LR,ssp370,2090s,4,390
1533,1533,IPSL-CM6A-LR,ssp370,2090s,5,158
1534,1534,IPSL-CM6A-LR,ssp370,2090s,6,452
1535,1535,IPSL-CM6A-LR,ssp370,2090s,7,178
1536,1536,IPSL-CM6A-LR,ssp370,2090s,8,324
1537,1537,IPSL-CM6A-LR,ssp370,2090s,9,164
1538,1538,IPSL-CM6A-LR,ssp370,2090s,10,223
1539,1539,IPSL-CM6A-LR,ssp370,2090s,11,185
1540,1540,IPSL-CM6A-LR,ssp370,2090s,12,187
1541,1541,IPSL-CM6A-LR,ssp370,2090s,13,310
1542,1542,IPSL-CM6A-LR,ssp370,2090s,14,386
1543,1543,IPSL-CM6A-LR,ssp370,2090s,15,264
1544,1544,IPSL-CM6A-LR,ssp370,2100s,0,7
1545,1545,IPSL-CM6A-LR,ssp370,2100s,1,9
1546,1546,IPSL-CM6A-LR,ssp370,2100s,2,14
1547,1547,IPSL-CM6A-LR,ssp370,2100s,3,36
1548,1548,IPSL-CM6A-LR,ssp370,2100s,4,30
1549,1549,IPSL-CM6A-LR,ssp370,2100s,5,5
1550,1550,IPSL-CM6A-LR,ssp370,2100s,6,45
1551,1551,IPSL-CM6A-LR,ssp370,2100s,7,15
1552,1552,IPSL-CM6A-LR,ssp370,2100s,8,30
1553,1553,IPSL-CM6A-LR,ssp370,2100s,9,17
1554,1554,IPSL-CM6A-LR,ssp370,2100s,10,32
1555,1555,IPSL-CM6A-LR,ssp370,2100s,11,18
1556,1556,IPSL-CM6A-LR,ssp370,2100s,12,21
1557,1557,IPSL-CM6A-LR,ssp370,2100s,13,27
1558,1558,IPSL-CM6A-LR,ssp370,2100s,14,30
1559,1559,IPSL-CM6A-LR,ssp370,2100s,15,29
1560,1560,IPSL-CM6A-LR,ssp585,2020s,0,113
1561,1561,IPSL-CM6A-LR,ssp585,2020s,1,292
1562,1562,IPSL-CM6A-LR,ssp585,2020s,2,377
1563,1563,IPSL-CM6A-LR,ssp585,2020s,3,409
1564,1564,IPSL-CM6A-LR,ssp585,2020s,4,269
1565,1565,IPSL-CM6A-LR,ssp585,2020s,5,225
1566,1566,IPSL-CM6A-LR,ssp585,2020s,6,314
1567,1567,IPSL-CM6A-LR,ssp585,2020s,7,203
1568,1568,IPSL-CM6A-LR,ssp585,2020s,8,227
1569,1569,IPSL-CM6A-LR,ssp585,2020s,9,240
1570,1570,IPSL-CM6A-LR,ssp585,2020s,10,126
1571,1571,IPSL-CM6A-LR,ssp585,2020s,11,311
1572,1572,IPSL-CM6A-LR,ssp585,2020s,12,91
1573,1573,IPSL-CM6A-LR,ssp585,2020s,13,283
1574,1574,IPSL-CM6A-LR,ssp585,2020s,14,147
1575,1575,IPSL-CM6A-LR,ssp585,2020s,15,26
1576,1576,IPSL-CM6A-LR,ssp585,2030s,0,70
1577,1577,IPSL-CM6A-LR,ssp585,2030s,1,200
1578,1578,IPSL-CM6A-LR,ssp585,2030s,2,302
1579,1579,IPSL-CM6A-LR,ssp585,2030s,3,434
1580,1580,IPSL-CM6A-LR,ssp585,2030s,4,319
1581,1581,IPSL-CM6A-LR,ssp585,2030s,5,217
1582,1582,IPSL-CM6A-LR,ssp585,2030s,6,344
1583,1583,IPSL-CM6A-LR,ssp585,2030s,7,246
1584,1584,IPSL-CM6A-LR,ssp585,2030s,8,242
1585,1585,IPSL-CM6A-LR,ssp585,2030s,9,213
1586,1586,IPSL-CM6A-LR,ssp585,2030s,10,159
1587,1587,IPSL-CM6A-LR,ssp585,2030s,11,301
1588,1588,IPSL-CM6A-LR,ssp585,2030s,12,94
1589,1589,IPSL-CM6A-LR,ssp585,2030s,13,266
1590,1590,IPSL-CM6A-LR,ssp585,2030s,14,177
1591,1591,IPSL-CM6A-LR,ssp585,2030s,15,68
1592,1592,IPSL-CM6A-LR,ssp585,2040s,0,32
1593,1593,IPSL-CM6A-LR,ssp585,2040s,1,98
1594,1594,IPSL-CM6A-LR,ssp585,2040s,2,317
1595,1595,IPSL-CM6A-LR,ssp585,2040s,3,469
1596,1596,IPSL-CM6A-LR,ssp585,2040s,4,352
1597,1597,IPSL-CM6A-LR,ssp585,2040s,5,214
1598,1598,IPSL-CM6A-LR,ssp585,2040s,6,353
1599,1599,IPSL-CM6A-LR,ssp585,2040s,7,177
1600,1600,IPSL-CM6A-LR,ssp585,2040s,8,254
1601,1601,IPSL-CM6A-LR,ssp585,2040s,9,214
1602,1602,IPSL-CM6A-LR,ssp585,2040s,10,207
1603,1603,IPSL-CM6A-LR,ssp585,2040s,11,288
1604,1604,IPSL-CM6A-LR,ssp585,2040s,12,136
1605,1605,IPSL-CM6A-LR,ssp585,2040s,13,306
1606,1606,IPSL-CM6A-LR,ssp585,2040s,14,188
1607,1607,IPSL-CM6A-LR,ssp585,2040s,15,48
1608,1608,IPSL-CM6A-LR,ssp585,2050s,0,28
1609,1609,IPSL-CM6A-LR,ssp585,2050s,1,107
1610,1610,IPSL-CM6A-LR,ssp585,2050s,2,258
1611,1611,IPSL-CM6A-LR,ssp585,2050s,3,403
1612,1612,IPSL-CM6A-LR,ssp585,2050s,4,370
1613,1613,IPSL-CM6A-LR,ssp585,2050s,5,176
1614,1614,IPSL-CM6A-LR,ssp585,2050s,6,379
1615,1615,IPSL-CM6A-LR,ssp585,2050s,7,197
1616,1616,IPSL-CM6A-LR,ssp585,2050s,8,253
1617,1617,IPSL-CM6A-LR,ssp585,2050s,9,213
1618,1618,IPSL-CM6A-LR,ssp585,2050s,10,150
1619,1619,IPSL-CM6A-LR,ssp585,2050s,11,267
1620,1620,IPSL-CM6A-LR,ssp585,2050s,12,148
1621,1621,IPSL-CM6A-LR,ssp585,2050s,13,334
1622,1622,IPSL-CM6A-LR,ssp585,2050s,14,269
1623,1623,IPSL-CM6A-LR,ssp585,2050s,15,100
1624,1624,IPSL-CM6A-LR,ssp585,2060s,0,29
1625,1625,IPSL-CM6A-LR,ssp585,2060s,1,80
1626,1626,IPSL-CM6A-LR,ssp585,2060s,2,204
1627,1627,IPSL-CM6A-LR,ssp585,2060s,3,345
1628,1628,IPSL-CM6A-LR,ssp585,2060s,4,357
1629,1629,IPSL-CM6A-LR,ssp585,2060s,5,187
1630,1630,IPSL-CM6A-LR,ssp585,2060s,6,357
1631,1631,IPSL-CM6A-LR,ssp585,2060s,7,184
1632,1632,IPSL-CM6A-LR,ssp585,2060s,8,267
1633,1633,IPSL-CM6A-LR,ssp585,2060s,9,199
1634,1634,IPSL-CM6A-LR,ssp585,2060s,10,165
1635,1635,IPSL-CM6A-LR,ssp585,2060s,11,260
1636,1636,IPSL-CM6A-LR,ssp585,2060s,12,178
1637,1637,IPSL-CM6A-LR,ssp585,2060s,13,334
1638,1638,IPSL-CM6A-LR,ssp585,2060s,14,344
1639,1639,IPSL-CM6A-LR,ssp585,2060s,15,163
1640,1640,IPSL-CM6A-LR,ssp585,2070s,0,6
1641,1641,IPSL-CM6A-LR,ssp585,2070s,1,46
1642,1642,IPSL-CM6A-LR,ssp585,2070s,2,144
1643,1643,IPSL-CM6A-LR,ssp585,2070s,3,321
1644,1644,IPSL-CM6A-LR,ssp585,2070s,4,345
1645,1645,IPSL-CM6A-LR,ssp585,2070s,5,130
1646,1646,IPSL-CM6A-LR,ssp585,2070s,6,430
1647,1647,IPSL-CM6A-LR,ssp585,2070s,7,145
1648,1648,IPSL-CM6A-LR,ssp585,2070s,8,302
1649,1649,IPSL-CM6A-LR,ssp585,2070s,9,184
1650,1650,IPSL-CM6A-LR,ssp585,2070s,10,234
1651,1651,IPSL-CM6A-LR,ssp585,2070s,11,246
1652,1652,IPSL-CM6A-LR,ssp585,2070s,12,202
1653,1653,IPSL-CM6A-LR,ssp585,2070s,13,379
1654,1654,IPSL-CM6A-LR,ssp585,2070s,14,357
1655,1655,IPSL-CM6A-LR,ssp585,2070s,15,181
1656,1656,IPSL-CM6A-LR,ssp585,2080s,0,5
1657,1657,IPSL-CM6A-LR,ssp585,2080s,1,42
1658,1658,IPSL-CM6A-LR,ssp585,2080s,2,79
1659,1659,IPSL-CM6A-LR,ssp585,2080s,3,240
1660,1660,IPSL-CM6A-LR,ssp585,2080s,4,365
1661,1661,IPSL-CM6A-LR,ssp585,2080s,5,158
1662,1662,IPSL-CM6A-LR,ssp585,2080s,6,470
1663,1663,IPSL-CM6A-LR,ssp585,2080s,7,178
1664,1664,IPSL-CM6A-LR,ssp585,2080s,8,358
1665,1665,IPSL-CM6A-LR,ssp585,2080s,9,151
1666,1666,IPSL-CM6A-LR,ssp585,2080s,10,201
1667,1667,IPSL-CM6A-LR,ssp585,2080s,11,217
1668,1668,IPSL-CM6A-LR,ssp585,2080s,12,195
1669,1669,IPSL-CM6A-LR,ssp585,2080s,13,322
1670,1670,IPSL-CM6A-LR,ssp585,2080s,14,426
1671,1671,IPSL-CM6A-LR,ssp585,2080s,15,246
1672,1672,IPSL-CM6A-LR,ssp585,2090s,0,3
1673,1673,IPSL-CM6A-LR,ssp585,2090s,1,26
1674,1674,IPSL-CM6A-LR,ssp585,2090s,2,57
1675,1675,IPSL-CM6A-LR,ssp585,2090s,3,156
1676,1676,IPSL-CM6A-LR,ssp585,2090s,4,349
1677,1677,IPSL-CM6A-LR,ssp585,2090s,5,117
1678,1678,IPSL-CM6A-LR,ssp585,2090s,6,508
1679,1679,IPSL-CM6A-LR,ssp585,2090s,7,117
1680,1680,IPSL-CM6A-LR,ssp585,2090s,8,410
1681,1681,IPSL-CM6A-LR,ssp585,2090s,9,145
1682,1682,IPSL-CM6A-LR,ssp585,2090s,10,275
1683,1683,IPSL-CM6A-LR,ssp585,2090s,11,168
1684,1684,IPSL-CM6A-LR,ssp585,2090s,12,209
1685,1685,IPSL-CM6A-LR,ssp585,2090s,13,302
1686,1686,IPSL-CM6A-LR,ssp585,2090s,14,464
1687,1687,IPSL-CM6A-LR,ssp585,2090s,15,346
1688,1688,IPSL-CM6A-LR,ssp585,2100s,1,2
1689,1689,IPSL-CM6A-LR,ssp585,2100s,2,9
1690,1690,IPSL-CM6A-LR,ssp585,2100s,3,23
1691,1691,IPSL-CM6A-LR,ssp585,2100s,4,36
1692,1692,IPSL-CM6A-LR,ssp585,2100s,5,10
1693,1693,IPSL-CM6A-LR,ssp585,2100s,6,40
1694,1694,IPSL-CM6A-LR,ssp585,2100s,7,14
1695,1695,IPSL-CM6A-LR,ssp585,2100s,8,38
1696,1696,IPSL-CM6A-LR,ssp585,2100s,9,16
1697,1697,IPSL-CM6A-LR,ssp585,2100s,10,26
1698,1698,IPSL-CM6A-LR,ssp585,2100s,11,10
1699,1699,IPSL-CM6A-LR,ssp585,2100s,12,25
1700,1700,IPSL-CM6A-LR,ssp585,2100s,13,23
1701,1701,IPSL-CM6A-LR,ssp585,2100s,14,35
1702,1702,IPSL-CM6A-LR,ssp585,2100s,15,58
1703,1703,MIROC6,ssp126,2020s,0,57
1704,1704,MIROC6,ssp126,2020s,1,254
1705,1705,MIROC6,ssp126,2020s,2,378
1706,1706,MIROC6,ssp126,2020s,3,388
1707,1707,MIROC6,ssp126,2020s,4,304
1708,1708,MIROC6,ssp126,2020s,5,177
1709,1709,MIROC6,ssp126,2020s,6,323
1710,1710,MIROC6,ssp126,2020s,7,189
1711,1711,MIROC6,ssp126,2020s,8,228
1712,1712,MIROC6,ssp126,2020s,9,258
1713,1713,MIROC6,ssp126,2020s,10,208
1714,1714,MIROC6,ssp126,2020s,11,301
1715,1715,MIROC6,ssp126,2020s,12,115
1716,1716,MIROC6,ssp126,2020s,13,262
1717,1717,MIROC6,ssp126,2020s,14,158
1718,1718,MIROC6,ssp126,2020s,15,53
1719,1719,MIROC6,ssp126,2030s,0,92
1720,1720,MIROC6,ssp126,2030s,1,224
1721,1721,MIROC6,ssp126,2030s,2,309
1722,1722,MIROC6,ssp126,2030s,3,400
1723,1723,MIROC6,ssp126,2030s,4,299
1724,1724,MIROC6,ssp126,2030s,5,229
1725,1725,MIROC6,ssp126,2030s,6,283
1726,1726,MIROC6,ssp126,2030s,7,235
1727,1727,MIROC6,ssp126,2030s,8,246
1728,1728,MIROC6,ssp126,2030s,9,249
1729,1729,MIROC6,ssp126,2030s,10,186
1730,1730,MIROC6,ssp126,2030s,11,313
1731,1731,MIROC6,ssp126,2030s,12,142
1732,1732,MIROC6,ssp126,2030s,13,243
1733,1733,MIROC6,ssp126,2030s,14,156
1734,1734,MIROC6,ssp126,2030s,15,46
1735,1735,MIROC6,ssp126,2040s,0,100
1736,1736,MIROC6,ssp126,2040s,1,240
1737,1737,MIROC6,ssp126,2040s,2,356
1738,1738,MIROC6,ssp126,2040s,3,373
1739,1739,MIROC6,ssp126,2040s,4,264
1740,1740,MIROC6,ssp126,2040s,5,238
1741,1741,MIROC6,ssp126,2040s,6,294
1742,1742,MIROC6,ssp126,2040s,7,204
1743,1743,MIROC6,ssp126,2040s,8,236
1744,1744,MIROC6,ssp126,2040s,9,260
1745,1745,MIROC6,ssp126,2040s,10,156
1746,1746,MIROC6,ssp126,2040s,11,303
1747,1747,MIROC6,ssp126,2040s,12,123
1748,1748,MIROC6,ssp126,2040s,13,259
1749,1749,MIROC6,ssp126,2040s,14,191
1750,1750,MIROC6,ssp126,2040s,15,56
1751,1751,MIROC6,ssp126,2050s,0,58
1752,1752,MIROC6,ssp126,2050s,1,211
1753,1753,MIROC6,ssp126,2050s,2,305
1754,1754,MIROC6,ssp126,2050s,3,413
1755,1755,MIROC6,ssp126,2050s,4,318
1756,1756,MIROC6,ssp126,2050s,5,241
1757,1757,MIROC6,ssp126,2050s,6,337
1758,1758,MIROC6,ssp126,2050s,7,254
1759,1759,MIROC6,ssp126,2050s,8,226
1760,1760,MIROC6,ssp126,2050s,9,250
1761,1761,MIROC6,ssp126,2050s,10,158
1762,1762,MIROC6,ssp126,2050s,11,306
1763,1763,MIROC6,ssp126,2050s,12,103
1764,1764,MIROC6,ssp126,2050s,13,238
1765,1765,MIROC6,ssp126,2050s,14,175
1766,1766,MIROC6,ssp126,2050s,15,59
1767,1767,MIROC6,ssp126,2060s,0,86
1768,1768,MIROC6,ssp126,2060s,1,203
1769,1769,MIROC6,ssp126,2060s,2,297
1770,1770,MIROC6,ssp126,2060s,3,375
1771,1771,MIROC6,ssp126,2060s,4,331
1772,1772,MIROC6,ssp126,2060s,5,210
1773,1773,MIROC6,ssp126,2060s,6,328
1774,1774,MIROC6,ssp126,2060s,7,215
1775,1775,MIROC6,ssp126,2060s,8,250
1776,1776,MIROC6,ssp126,2060s,9,327
1777,1777,MIROC6,ssp126,2060s,10,204
1778,1778,MIROC6,ssp126,2060s,11,291
1779,1779,MIROC6,ssp126,2060s,12,107
1780,1780,MIROC6,ssp126,2060s,13,230
1781,1781,MIROC6,ssp126,2060s,14,143
1782,1782,MIROC6,ssp126,2060s,15,56
1783,1783,MIROC6,ssp126,2070s,0,40
1784,1784,MIROC6,ssp126,2070s,1,160
1785,1785,MIROC6,ssp126,2070s,2,283
1786,1786,MIROC6,ssp126,2070s,3,399
1787,1787,MIROC6,ssp126,2070s,4,329
1788,1788,MIROC6,ssp126,2070s,5,200
1789,1789,MIROC6,ssp126,2070s,6,363
1790,1790,MIROC6,ssp126,2070s,7,211
1791,1791,MIROC6,ssp126,2070s,8,235
1792,1792,MIROC6,ssp126,2070s,9,278
1793,1793,MIROC6,ssp126,2070s,10,233
1794,1794,MIROC6,ssp126,2070s,11,316
1795,1795,MIROC6,ssp126,2070s,12,122
1796,1796,MIROC6,ssp126,2070s,13,275
1797,1797,MIROC6,ssp126,2070s,14,169
1798,1798,MIROC6,ssp126,2070s,15,39
1799,1799,MIROC6,ssp126,2080s,0,86
1800,1800,MIROC6,ssp126,2080s,1,238
1801,1801,MIROC6,ssp126,2080s,2,303
1802,1802,MIROC6,ssp126,2080s,3,430
1803,1803,MIROC6,ssp126,2080s,4,311
1804,1804,MIROC6,ssp126,2080s,5,240
1805,1805,MIROC6,ssp126,2080s,6,272
1806,1806,MIROC6,ssp126,2080s,7,227
1807,1807,MIROC6,ssp126,2080s,8,222
1808,1808,MIROC6,ssp126,2080s,9,234
1809,1809,MIROC6,ssp126,2080s,10,187
1810,1810,MIROC6,ssp126,2080s,11,269
1811,1811,MIROC6,ssp126,2080s,12,109
1812,1812,MIROC6,ssp126,2080s,13,237
1813,1813,MIROC6,ssp126,2080s,14,202
1814,1814,MIROC6,ssp126,2080s,15,86
1815,1815,MIROC6,ssp126,2090s,0,77
1816,1816,MIROC6,ssp126,2090s,1,270
1817,1817,MIROC6,ssp126,2090s,2,332
1818,1818,MIROC6,ssp126,2090s,3,396
1819,1819,MIROC6,ssp126,2090s,4,278
1820,1820,MIROC6,ssp126,2090s,5,217
1821,1821,MIROC6,ssp126,2090s,6,334
1822,1822,MIROC6,ssp126,2090s,7,217
1823,1823,MIROC6,ssp126,2090s,8,219
1824,1824,MIROC6,ssp126,2090s,9,269
1825,1825,MIROC6,ssp126,2090s,10,169
1826,1826,MIROC6,ssp126,2090s,11,292
1827,1827,MIROC6,ssp126,2090s,12,111
1828,1828,MIROC6,ssp126,2090s,13,277
1829,1829,MIROC6,ssp126,2090s,14,151
1830,1830,MIROC6,ssp126,2090s,15,43
1831,1831,MIROC6,ssp126,2100s,0,2
1832,1832,MIROC6,ssp126,2100s,1,17
1833,1833,MIROC6,ssp126,2100s,2,36
1834,1834,MIROC6,ssp126,2100s,3,34
1835,1835,MIROC6,ssp126,2100s,4,34
1836,1836,MIROC6,ssp126,2100s,5,15
1837,1837,MIROC6,ssp126,2100s,6,44
1838,1838,MIROC6,ssp126,2100s,7,15
1839,1839,MIROC6,ssp126,2100s,8,20
1840,1840,MIROC6,ssp126,2100s,9,37
1841,1841,MIROC6,ssp126,2100s,10,22
1842,1842,MIROC6,ssp126,2100s,11,32
1843,1843,MIROC6,ssp126,2100s,12,10
1844,1844,MIROC6,ssp126,2100s,13,26
1845,1845,MIROC6,ssp126,2100s,14,16
1846,1846,MIROC6,ssp126,2100s,15,5
1847,1847,MIROC6,ssp245,2020s,0,73
1848,1848,MIROC6,ssp245,2020s,1,226
1849,1849,MIROC6,ssp245,2020s,2,336
1850,1850,MIROC6,ssp245,2020s,3,366
1851,1851,MIROC6,ssp245,2020s,4,335
1852,1852,MIROC6,ssp245,2020s,5,233
1853,1853,MIROC6,ssp245,2020s,6,345
1854,1854,MIROC6,ssp245,2020s,7,229
1855,1855,MIROC6,ssp245,2020s,8,224
1856,1856,MIROC6,ssp245,2020s,9,253
1857,1857,MIROC6,ssp245,2020s,10,143
1858,1858,MIROC6,ssp245,2020s,11,296
1859,1859,MIROC6,ssp245,2020s,12,121
1860,1860,MIROC6,ssp245,2020s,13,281
1861,1861,MIROC6,ssp245,2020s,14,145
1862,1862,MIROC6,ssp245,2020s,15,47
1863,1863,MIROC6,ssp245,2030s,0,65
1864,1864,MIROC6,ssp245,2030s,1,257
1865,1865,MIROC6,ssp245,2030s,2,324
1866,1866,MIROC6,ssp245,2030s,3,381
1867,1867,MIROC6,ssp245,2030s,4,313
1868,1868,MIROC6,ssp245,2030s,5,212
1869,1869,MIROC6,ssp245,2030s,6,325
1870,1870,MIROC6,ssp245,2030s,7,202
1871,1871,MIROC6,ssp245,2030s,8,241
1872,1872,MIROC6,ssp245,2030s,9,269
1873,1873,MIROC6,ssp245,2030s,10,218
1874,1874,MIROC6,ssp245,2030s,11,271
1875,1875,MIROC6,ssp245,2030s,12,121
1876,1876,MIROC6,ssp245,2030s,13,247
1877,1877,MIROC6,ssp245,2030s,14,142
1878,1878,MIROC6,ssp245,2030s,15,64
1879,1879,MIROC6,ssp245,2040s,0,76
1880,1880,MIROC6,ssp245,2040s,1,208
1881,1881,MIROC6,ssp245,2040s,2,327
1882,1882,MIROC6,ssp245,2040s,3,362
1883,1883,MIROC6,ssp245,2040s,4,317
1884,1884,MIROC6,ssp245,2040s,5,222
1885,1885,MIROC6,ssp245,2040s,6,345
1886,1886,MIROC6,ssp245,2040s,7,219
1887,1887,MIROC6,ssp245,2040s,8,239
1888,1888,MIROC6,ssp245,2040s,9,265
1889,1889,MIROC6,ssp245,2040s,10,167
1890,1890,MIROC6,ssp245,2040s,11,311
1891,1891,MIROC6,ssp245,2040s,12,151
1892,1892,MIROC6,ssp245,2040s,13,242
1893,1893,MIROC6,ssp245,2040s,14,165
1894,1894,MIROC6,ssp245,2040s,15,37
1895,1895,MIROC6,ssp245,2050s,0,97
1896,1896,MIROC6,ssp245,2050s,1,249
1897,1897,MIROC6,ssp245,2050s,2,350
1898,1898,MIROC6,ssp245,2050s,3,341
1899,1899,MIROC6,ssp245,2050s,4,340
1900,1900,MIROC6,ssp245,2050s,5,198
1901,1901,MIROC6,ssp245,2050s,6,274
1902,1902,MIROC6,ssp245,2050s,7,209
1903,1903,MIROC6,ssp245,2050s,8,215
1904,1904,MIROC6,ssp245,2050s,9,249
1905,1905,MIROC6,ssp245,2050s,10,189
1906,1906,MIROC6,ssp245,2050s,11,292
1907,1907,MIROC6,ssp245,2050s,12,132
1908,1908,MIROC6,ssp245,2050s,13,270
1909,1909,MIROC6,ssp245,2050s,14,180
1910,1910,MIROC6,ssp245,2050s,15,67
1911,1911,MIROC6,ssp245,2060s,0,56
1912,1912,MIROC6,ssp245,2060s,1,229
1913,1913,MIROC6,ssp245,2060s,2,313
1914,1914,MIROC6,ssp245,2060s,3,393
1915,1915,MIROC6,ssp245,2060s,4,293
1916,1916,MIROC6,ssp245,2060s,5,209
1917,1917,MIROC6,ssp245,2060s,6,329
1918,1918,MIROC6,ssp245,2060s,7,169
1919,1919,MIROC6,ssp245,2060s,8,254
1920,1920,MIROC6,ssp245,2060s,9,221
1921,1921,MIROC6,ssp245,2060s,10,193
1922,1922,MIROC6,ssp245,2060s,11,280
1923,1923,MIROC6,ssp245,2060s,12,145
1924,1924,MIROC6,ssp245,2060s,13,293
1925,1925,MIROC6,ssp245,2060s,14,223
1926,1926,MIROC6,ssp245,2060s,15,53
1927,1927,MIROC6,ssp245,2070s,0,98
1928,1928,MIROC6,ssp245,2070s,1,186
1929,1929,MIROC6,ssp245,2070s,2,312
1930,1930,MIROC6,ssp245,2070s,3,365
1931,1931,MIROC6,ssp245,2070s,4,299
1932,1932,MIROC6,ssp245,2070s,5,202
1933,1933,MIROC6,ssp245,2070s,6,344
1934,1934,MIROC6,ssp245,2070s,7,189
1935,1935,MIROC6,ssp245,2070s,8,207
1936,1936,MIROC6,ssp245,2070s,9,252
1937,1937,MIROC6,ssp245,2070s,10,207
1938,1938,MIROC6,ssp245,2070s,11,304
1939,1939,MIROC6,ssp245,2070s,12,148
1940,1940,MIROC6,ssp245,2070s,13,251
1941,1941,MIROC6,ssp245,2070s,14,168
1942,1942,MIROC6,ssp245,2070s,15,120
1943,1943,MIROC6,ssp245,2080s,0,50
1944,1944,MIROC6,ssp245,2080s,1,156
1945,1945,MIROC6,ssp245,2080s,2,343
1946,1946,MIROC6,ssp245,2080s,3,414
1947,1947,MIROC6,ssp245,2080s,4,314
1948,1948,MIROC6,ssp245,2080s,5,231
1949,1949,MIROC6,ssp245,2080s,6,335
1950,1950,MIROC6,ssp245,2080s,7,183
1951,1951,MIROC6,ssp245,2080s,8,255
1952,1952,MIROC6,ssp245,2080s,9,225
1953,1953,MIROC6,ssp245,2080s,10,190
1954,1954,MIROC6,ssp245,2080s,11,251
1955,1955,MIROC6,ssp245,2080s,12,153
1956,1956,MIROC6,ssp245,2080s,13,268
1957,1957,MIROC6,ssp245,2080s,14,202
1958,1958,MIROC6,ssp245,2080s,15,83
1959,1959,MIROC6,ssp245,2090s,0,58
1960,1960,MIROC6,ssp245,2090s,1,164
1961,1961,MIROC6,ssp245,2090s,2,335
1962,1962,MIROC6,ssp245,2090s,3,379
1963,1963,MIROC6,ssp245,2090s,4,286
1964,1964,MIROC6,ssp245,2090s,5,225
1965,1965,MIROC6,ssp245,2090s,6,339
1966,1966,MIROC6,ssp245,2090s,7,223
1967,1967,MIROC6,ssp245,2090s,8,231
1968,1968,MIROC6,ssp245,2090s,9,246
1969,1969,MIROC6,ssp245,2090s,10,164
1970,1970,MIROC6,ssp245,2090s,11,257
1971,1971,MIROC6,ssp245,2090s,12,142
1972,1972,MIROC6,ssp245,2090s,13,291
1973,1973,MIROC6,ssp245,2090s,14,215
1974,1974,MIROC6,ssp245,2090s,15,97
1975,1975,MIROC6,ssp245,2100s,1,6
1976,1976,MIROC6,ssp245,2100s,2,26
1977,1977,MIROC6,ssp245,2100s,3,35
1978,1978,MIROC6,ssp245,2100s,4,41
1979,1979,MIROC6,ssp245,2100s,5,21
1980,1980,MIROC6,ssp245,2100s,6,51
1981,1981,MIROC6,ssp245,2100s,7,32
1982,1982,MIROC6,ssp245,2100s,8,22
1983,1983,MIROC6,ssp245,2100s,9,21
1984,1984,MIROC6,ssp245,2100s,10,26
1985,1985,MIROC6,ssp245,2100s,11,23
1986,1986,MIROC6,ssp245,2100s,12,13
1987,1987,MIROC6,ssp245,2100s,13,27
1988,1988,MIROC6,ssp245,2100s,14,16
1989,1989,MIROC6,ssp245,2100s,15,5
1990,1990,MIROC6,ssp370,2020s,0,101
1991,1991,MIROC6,ssp370,2020s,1,226
1992,1992,MIROC6,ssp370,2020s,2,341
1993,1993,MIROC6,ssp370,2020s,3,386
1994,1994,MIROC6,ssp370,2020s,4,293
1995,1995,MIROC6,ssp370,2020s,5,247
1996,1996,MIROC6,ssp370,2020s,6,301
1997,1997,MIROC6,ssp370,2020s,7,232
1998,1998,MIROC6,ssp370,2020s,8,226
1999,1999,MIROC6,ssp370,2020s,9,260
2000,2000,MIROC6,ssp370,2020s,10,169
2001,2001,MIROC6,ssp370,2020s,11,325
2002,2002,MIROC6,ssp370,2020s,12,107
2003,2003,MIROC6,ssp370,2020s,13,268
2004,2004,MIROC6,ssp370,2020s,14,152
2005,2005,MIROC6,ssp370,2020s,15,19
2006,2006,MIROC6,ssp370,2030s,0,72
2007,2007,MIROC6,ssp370,2030s,1,200
2008,2008,MIROC6,ssp370,2030s,2,325
2009,2009,MIROC6,ssp370,2030s,3,426
2010,2010,MIROC6,ssp370,2030s,4,316
2011,2011,MIROC6,ssp370,2030s,5,210
2012,2012,MIROC6,ssp370,2030s,6,307
2013,2013,MIROC6,ssp370,2030s,7,217
2014,2014,MIROC6,ssp370,2030s,8,236
2015,2015,MIROC6,ssp370,2030s,9,250
2016,2016,MIROC6,ssp370,2030s,10,174
2017,2017,MIROC6,ssp370,2030s,11,322
2018,2018,MIROC6,ssp370,2030s,12,126
2019,2019,MIROC6,ssp370,2030s,13,261
2020,2020,MIROC6,ssp370,2030s,14,166
2021,2021,MIROC6,ssp370,2030s,15,44
2022,2022,MIROC6,ssp370,2040s,0,63
2023,2023,MIROC6,ssp370,2040s,1,196
2024,2024,MIROC6,ssp370,2040s,2,342
2025,2025,MIROC6,ssp370,2040s,3,410
2026,2026,MIROC6,ssp370,2040s,4,286
2027,2027,MIROC6,ssp370,2040s,5,202
2028,2028,MIROC6,ssp370,2040s,6,301
2029,2029,MIROC6,ssp370,2040s,7,230
2030,2030,MIROC6,ssp370,2040s,8,253
2031,2031,MIROC6,ssp370,2040s,9,267
2032,2032,MIROC6,ssp370,2040s,10,186
2033,2033,MIROC6,ssp370,2040s,11,316
2034,2034,MIROC6,ssp370,2040s,12,120
2035,2035,MIROC6,ssp370,2040s,13,257
2036,2036,MIROC6,ssp370,2040s,14,155
2037,2037,MIROC6,ssp370,2040s,15,69
2038,2038,MIROC6,ssp370,2050s,0,61
2039,2039,MIROC6,ssp370,2050s,1,190
2040,2040,MIROC6,ssp370,2050s,2,342
2041,2041,MIROC6,ssp370,2050s,3,359
2042,2042,MIROC6,ssp370,2050s,4,305
2043,2043,MIROC6,ssp370,2050s,5,187
2044,2044,MIROC6,ssp370,2050s,6,329
2045,2045,MIROC6,ssp370,2050s,7,203
2046,2046,MIROC6,ssp370,2050s,8,299
2047,2047,MIROC6,ssp370,2050s,9,251
2048,2048,MIROC6,ssp370,2050s,10,184
2049,2049,MIROC6,ssp370,2050s,11,261
2050,2050,MIROC6,ssp370,2050s,12,132
2051,2051,MIROC6,ssp370,2050s,13,265
2052,2052,MIROC6,ssp370,2050s,14,198
2053,2053,MIROC6,ssp370,2050s,15,86
2054,2054,MIROC6,ssp370,2060s,0,44
2055,2055,MIROC6,ssp370,2060s,1,175
2056,2056,MIROC6,ssp370,2060s,2,281
2057,2057,MIROC6,ssp370,2060s,3,375
2058,2058,MIROC6,ssp370,2060s,4,325
2059,2059,MIROC6,ssp370,2060s,5,196
2060,2060,MIROC6,ssp370,2060s,6,349
2061,2061,MIROC6,ssp370,2060s,7,183
2062,2062,MIROC6,ssp370,2060s,8,218
2063,2063,MIROC6,ssp370,2060s,9,245
2064,2064,MIROC6,ssp370,2060s,10,204
2065,2065,MIROC6,ssp370,2060s,11,281
2066,2066,MIROC6,ssp370,2060s,12,144
2067,2067,MIROC6,ssp370,2060s,13,290
2068,2068,MIROC6,ssp370,2060s,14,237
2069,2069,MIROC6,ssp370,2060s,15,106
2070,2070,MIROC6,ssp370,2070s,0,32
2071,2071,MIROC6,ssp370,2070s,1,159
2072,2072,MIROC6,ssp370,2070s,2,227
2073,2073,MIROC6,ssp370,2070s,3,371
2074,2074,MIROC6,ssp370,2070s,4,292
2075,2075,MIROC6,ssp370,2070s,5,204
2076,2076,MIROC6,ssp370,2070s,6,389
2077,2077,MIROC6,ssp370,2070s,7,161
2078,2078,MIROC6,ssp370,2070s,8,299
2079,2079,MIROC6,ssp370,2070s,9,201
2080,2080,MIROC6,ssp370,2070s,10,238
2081,2081,MIROC6,ssp370,2070s,11,279
2082,2082,MIROC6,ssp370,2070s,12,173
2083,2083,MIROC6,ssp370,2070s,13,285
2084,2084,MIROC6,ssp370,2070s,14,228
2085,2085,MIROC6,ssp370,2070s,15,114
2086,2086,MIROC6,ssp370,2080s,0,73
2087,2087,MIROC6,ssp370,2080s,1,169
2088,2088,MIROC6,ssp370,2080s,2,256
2089,2089,MIROC6,ssp370,2080s,3,363
2090,2090,MIROC6,ssp370,2080s,4,290
2091,2091,MIROC6,ssp370,2080s,5,180
2092,2092,MIROC6,ssp370,2080s,6,348
2093,2093,MIROC6,ssp370,2080s,7,185
2094,2094,MIROC6,ssp370,2080s,8,277
2095,2095,MIROC6,ssp370,2080s,9,231
2096,2096,MIROC6,ssp370,2080s,10,189
2097,2097,MIROC6,ssp370,2080s,11,258
2098,2098,MIROC6,ssp370,2080s,12,178
2099,2099,MIROC6,ssp370,2080s,13,286
2100,2100,MIROC6,ssp370,2080s,14,254
2101,2101,MIROC6,ssp370,2080s,15,116
2102,2102,MIROC6,ssp370,2090s,0,28
2103,2103,MIROC6,ssp370,2090s,1,132
2104,2104,MIROC6,ssp370,2090s,2,253
2105,2105,MIROC6,ssp370,2090s,3,348
2106,2106,MIROC6,ssp370,2090s,4,338
2107,2107,MIROC6,ssp370,2090s,5,168
2108,2108,MIROC6,ssp370,2090s,6,383
2109,2109,MIROC6,ssp370,2090s,7,183
2110,2110,MIROC6,ssp370,2090s,8,269
2111,2111,MIROC6,ssp370,2090s,9,200
2112,2112,MIROC6,ssp370,2090s,10,177
2113,2113,MIROC6,ssp370,2090s,11,234
2114,2114,MIROC6,ssp370,2090s,12,148
2115,2115,MIROC6,ssp370,2090s,13,315
2116,2116,MIROC6,ssp370,2090s,14,340
2117,2117,MIROC6,ssp370,2090s,15,136
2118,2118,MIROC6,ssp370,2100s,0,1
2119,2119,MIROC6,ssp370,2100s,1,10
2120,2120,MIROC6,ssp370,2100s,2,17
2121,2121,MIROC6,ssp370,2100s,3,22
2122,2122,MIROC6,ssp370,2100s,4,29
2123,2123,MIROC6,ssp370,2100s,5,21
2124,2124,MIROC6,ssp370,2100s,6,29
2125,2125,MIROC6,ssp370,2100s,7,20
2126,2126,MIROC6,ssp370,2100s,8,36
2127,2127,MIROC6,ssp370,2100s,9,15
2128,2128,MIROC6,ssp370,2100s,10,40
2129,2129,MIROC6,ssp370,2100s,11,31
2130,2130,MIROC6,ssp370,2100s,12,25
2131,2131,MIROC6,ssp370,2100s,13,25
2132,2132,MIROC6,ssp370,2100s,14,32
2133,2133,MIROC6,ssp370,2100s,15,12
2134,2134,MIROC6,ssp585,2020s,0,70
2135,2135,MIROC6,ssp585,2020s,1,205
2136,2136,MIROC6,ssp585,2020s,2,372
2137,2137,MIROC6,ssp585,2020s,3,404
2138,2138,MIROC6,ssp585,2020s,4,312
2139,2139,MIROC6,ssp585,2020s,5,229
2140,2140,MIROC6,ssp585,2020s,6,338
2141,2141,MIROC6,ssp585,2020s,7,261
2142,2142,MIROC6,ssp585,2020s,8,273
2143,2143,MIROC6,ssp585,2020s,9,301
2144,2144,MIROC6,ssp585,2020s,10,185
2145,2145,MIROC6,ssp585,2020s,11,255
2146,2146,MIROC6,ssp585,2020s,12,103
2147,2147,MIROC6,ssp585,2020s,13,191
2148,2148,MIROC6,ssp585,2020s,14,126
2149,2149,MIROC6,ssp585,2020s,15,28
2150,2150,MIROC6,ssp585,2030s,0,108
2151,2151,MIROC6,ssp585,2030s,1,236
2152,2152,MIROC6,ssp585,2030s,2,303
2153,2153,MIROC6,ssp585,2030s,3,377
2154,2154,MIROC6,ssp585,2030s,4,264
2155,2155,MIROC6,ssp585,2030s,5,225
2156,2156,MIROC6,ssp585,2030s,6,325
2157,2157,MIROC6,ssp585,2030s,7,229
2158,2158,MIROC6,ssp585,2030s,8,254
2159,2159,MIROC6,ssp585,2030s,9,299
2160,2160,MIROC6,ssp585,2030s,10,182
2161,2161,MIROC6,ssp585,2030s,11,303
2162,2162,MIROC6,ssp585,2030s,12,117
2163,2163,MIROC6,ssp585,2030s,13,247
2164,2164,MIROC6,ssp585,2030s,14,139
2165,2165,MIROC6,ssp585,2030s,15,44
2166,2166,MIROC6,ssp585,2040s,0,86
2167,2167,MIROC6,ssp585,2040s,1,225
2168,2168,MIROC6,ssp585,2040s,2,331
2169,2169,MIROC6,ssp585,2040s,3,391
2170,2170,MIROC6,ssp585,2040s,4,299
2171,2171,MIROC6,ssp585,2040s,5,203
2172,2172,MIROC6,ssp585,2040s,6,339
2173,2173,MIROC6,ssp585,2040s,7,196
2174,2174,MIROC6,ssp585,2040s,8,219
2175,2175,MIROC6,ssp585,2040s,9,224
2176,2176,MIROC6,ssp585,2040s,10,202
2177,2177,MIROC6,ssp585,2040s,11,282
2178,2178,MIROC6,ssp585,2040s,12,122
2179,2179,MIROC6,ssp585,2040s,13,275
2180,2180,MIROC6,ssp585,2040s,14,182
2181,2181,MIROC6,ssp585,2040s,15,77
2182,2182,MIROC6,ssp585,2050s,0,42
2183,2183,MIROC6,ssp585,2050s,1,144
2184,2184,MIROC6,ssp585,2050s,2,256
2185,2185,MIROC6,ssp585,2050s,3,342
2186,2186,MIROC6,ssp585,2050s,4,376
2187,2187,MIROC6,ssp585,2050s,5,224
2188,2188,MIROC6,ssp585,2050s,6,426
2189,2189,MIROC6,ssp585,2050s,7,217
2190,2190,MIROC6,ssp585,2050s,8,208
2191,2191,MIROC6,ssp585,2050s,9,272
2192,2192,MIROC6,ssp585,2050s,10,213
2193,2193,MIROC6,ssp585,2050s,11,245
2194,2194,MIROC6,ssp585,2050s,12,132
2195,2195,MIROC6,ssp585,2050s,13,254
2196,2196,MIROC6,ssp585,2050s,14,212
2197,2197,MIROC6,ssp585,2050s,15,89
2198,2198,MIROC6,ssp585,2060s,0,58
2199,2199,MIROC6,ssp585,2060s,1,168
2200,2200,MIROC6,ssp585,2060s,2,327
2201,2201,MIROC6,ssp585,2060s,3,378
2202,2202,MIROC6,ssp585,2060s,4,267
2203,2203,MIROC6,ssp585,2060s,5,193
2204,2204,MIROC6,ssp585,2060s,6,337
2205,2205,MIROC6,ssp585,2060s,7,175
2206,2206,MIROC6,ssp585,2060s,8,260
2207,2207,MIROC6,ssp585,2060s,9,192
2208,2208,MIROC6,ssp585,2060s,10,182
2209,2209,MIROC6,ssp585,2060s,11,308
2210,2210,MIROC6,ssp585,2060s,12,160
2211,2211,MIROC6,ssp585,2060s,13,302
2212,2212,MIROC6,ssp585,2060s,14,269
2213,2213,MIROC6,ssp585,2060s,15,77
2214,2214,MIROC6,ssp585,2070s,0,19
2215,2215,MIROC6,ssp585,2070s,1,122
2216,2216,MIROC6,ssp585,2070s,2,248
2217,2217,MIROC6,ssp585,2070s,3,338
2218,2218,MIROC6,ssp585,2070s,4,374
2219,2219,MIROC6,ssp585,2070s,5,195
2220,2220,MIROC6,ssp585,2070s,6,405
2221,2221,MIROC6,ssp585,2070s,7,155
2222,2222,MIROC6,ssp585,2070s,8,294
2223,2223,MIROC6,ssp585,2070s,9,191
2224,2224,MIROC6,ssp585,2070s,10,171
2225,2225,MIROC6,ssp585,2070s,11,242
2226,2226,MIROC6,ssp585,2070s,12,146
2227,2227,MIROC6,ssp585,2070s,13,310
2228,2228,MIROC6,ssp585,2070s,14,285
2229,2229,MIROC6,ssp585,2070s,15,157
2230,2230,MIROC6,ssp585,2080s,0,18
2231,2231,MIROC6,ssp585,2080s,1,113
2232,2232,MIROC6,ssp585,2080s,2,251
2233,2233,MIROC6,ssp585,2080s,3,393
2234,2234,MIROC6,ssp585,2080s,4,298
2235,2235,MIROC6,ssp585,2080s,5,170
2236,2236,MIROC6,ssp585,2080s,6,334
2237,2237,MIROC6,ssp585,2080s,7,164
2238,2238,MIROC6,ssp585,2080s,8,301
2239,2239,MIROC6,ssp585,2080s,9,195
2240,2240,MIROC6,ssp585,2080s,10,208
2241,2241,MIROC6,ssp585,2080s,11,219
2242,2242,MIROC6,ssp585,2080s,12,203
2243,2243,MIROC6,ssp585,2080s,13,310
2244,2244,MIROC6,ssp585,2080s,14,298
2245,2245,MIROC6,ssp585,2080s,15,178
2246,2246,MIROC6,ssp585,2090s,0,23
2247,2247,MIROC6,ssp585,2090s,1,108
2248,2248,MIROC6,ssp585,2090s,2,185
2249,2249,MIROC6,ssp585,2090s,3,278
2250,2250,MIROC6,ssp585,2090s,4,322
2251,2251,MIROC6,ssp585,2090s,5,127
2252,2252,MIROC6,ssp585,2090s,6,405
2253,2253,MIROC6,ssp585,2090s,7,169
2254,2254,MIROC6,ssp585,2090s,8,308
2255,2255,MIROC6,ssp585,2090s,9,179
2256,2256,MIROC6,ssp585,2090s,10,223
2257,2257,MIROC6,ssp585,2090s,11,222
2258,2258,MIROC6,ssp585,2090s,12,217
2259,2259,MIROC6,ssp585,2090s,13,288
2260,2260,MIROC6,ssp585,2090s,14,364
2261,2261,MIROC6,ssp585,2090s,15,234
2262,2262,MIROC6,ssp585,2100s,1,2
2263,2263,MIROC6,ssp585,2100s,2,4
2264,2264,MIROC6,ssp585,2100s,3,9
2265,2265,MIROC6,ssp585,2100s,4,38
2266,2266,MIROC6,ssp585,2100s,5,13
2267,2267,MIROC6,ssp585,2100s,6,53
2268,2268,MIROC6,ssp585,2100s,7,18
2269,2269,MIROC6,ssp585,2100s,8,37
2270,2270,MIROC6,ssp585,2100s,9,21
2271,2271,MIROC6,ssp585,2100s,10,28
2272,2272,MIROC6,ssp585,2100s,11,32
2273,2273,MIROC6,ssp585,2100s,12,21
2274,2274,MIROC6,ssp585,2100s,13,41
2275,2275,MIROC6,ssp585,2100s,14,30
2276,2276,MIROC6,ssp585,2100s,15,18
2277,2277,MPI-ESM1-2-HR,ssp126,2020s,0,112
2278,2278,MPI-ESM1-2-HR,ssp126,2020s,1,224
2279,2279,MPI-ESM1-2-HR,ssp126,2020s,2,341
2280,2280,MPI-ESM1-2-HR,ssp126,2020s,3,426
2281,2281,MPI-ESM1-2-HR,ssp126,2020s,4,333
2282,2282,MPI-ESM1-2-HR,ssp126,2020s,5,171
2283,2283,MPI-ESM1-2-HR,ssp126,2020s,6,343
2284,2284,MPI-ESM1-2-HR,ssp126,2020s,7,202
2285,2285,MPI-ESM1-2-HR,ssp126,2020s,8,267
2286,2286,MPI-ESM1-2-HR,ssp126,2020s,9,220
2287,2287,MPI-ESM1-2-HR,ssp126,2020s,10,290
2288,2288,MPI-ESM1-2-HR,ssp126,2020s,11,251
2289,2289,MPI-ESM1-2-HR,ssp126,2020s,12,157
2290,2290,MPI-ESM1-2-HR,ssp126,2020s,13,184
2291,2291,MPI-ESM1-2-HR,ssp126,2020s,14,116
2292,2292,MPI-ESM1-2-HR,ssp126,2020s,15,16
2293,2293,MPI-ESM1-2-HR,ssp126,2030s,0,165
2294,2294,MPI-ESM1-2-HR,ssp126,2030s,1,220
2295,2295,MPI-ESM1-2-HR,ssp126,2030s,2,401
2296,2296,MPI-ESM1-2-HR,ssp126,2030s,3,439
2297,2297,MPI-ESM1-2-HR,ssp126,2030s,4,312
2298,2298,MPI-ESM1-2-HR,ssp126,2030s,5,184
2299,2299,MPI-ESM1-2-HR,ssp126,2030s,6,311
2300,2300,MPI-ESM1-2-HR,ssp126,2030s,7,168
2301,2301,MPI-ESM1-2-HR,ssp126,2030s,8,319
2302,2302,MPI-ESM1-2-HR,ssp126,2030s,9,225
2303,2303,MPI-ESM1-2-HR,ssp126,2030s,10,283
2304,2304,MPI-ESM1-2-HR,ssp126,2030s,11,256
2305,2305,MPI-ESM1-2-HR,ssp126,2030s,12,103
2306,2306,MPI-ESM1-2-HR,ssp126,2030s,13,173
2307,2307,MPI-ESM1-2-HR,ssp126,2030s,14,78
2308,2308,MPI-ESM1-2-HR,ssp126,2030s,15,15
2309,2309,MPI-ESM1-2-HR,ssp126,2040s,0,104
2310,2310,MPI-ESM1-2-HR,ssp126,2040s,1,203
2311,2311,MPI-ESM1-2-HR,ssp126,2040s,2,360
2312,2312,MPI-ESM1-2-HR,ssp126,2040s,3,435
2313,2313,MPI-ESM1-2-HR,ssp126,2040s,4,316
2314,2314,MPI-ESM1-2-HR,ssp126,2040s,5,164
2315,2315,MPI-ESM1-2-HR,ssp126,2040s,6,294
2316,2316,MPI-ESM1-2-HR,ssp126,2040s,7,182
2317,2317,MPI-ESM1-2-HR,ssp126,2040s,8,273
2318,2318,MPI-ESM1-2-HR,ssp126,2040s,9,234
2319,2319,MPI-ESM1-2-HR,ssp126,2040s,10,269
2320,2320,MPI-ESM1-2-HR,ssp126,2040s,11,247
2321,2321,MPI-ESM1-2-HR,ssp126,2040s,12,176
2322,2322,MPI-ESM1-2-HR,ssp126,2040s,13,200
2323,2323,MPI-ESM1-2-HR,ssp126,2040s,14,157
2324,2324,MPI-ESM1-2-HR,ssp126,2040s,15,39
2325,2325,MPI-ESM1-2-HR,ssp126,2050s,0,70
2326,2326,MPI-ESM1-2-HR,ssp126,2050s,1,211
2327,2327,MPI-ESM1-2-HR,ssp126,2050s,2,383
2328,2328,MPI-ESM1-2-HR,ssp126,2050s,3,443
2329,2329,MPI-ESM1-2-HR,ssp126,2050s,4,353
2330,2330,MPI-ESM1-2-HR,ssp126,2050s,5,179
2331,2331,MPI-ESM1-2-HR,ssp126,2050s,6,335
2332,2332,MPI-ESM1-2-HR,ssp126,2050s,7,154
2333,2333,MPI-ESM1-2-HR,ssp126,2050s,8,284
2334,2334,MPI-ESM1-2-HR,ssp126,2050s,9,228
2335,2335,MPI-ESM1-2-HR,ssp126,2050s,10,269
2336,2336,MPI-ESM1-2-HR,ssp126,2050s,11,264
2337,2337,MPI-ESM1-2-HR,ssp126,2050s,12,151
2338,2338,MPI-ESM1-2-HR,ssp126,2050s,13,197
2339,2339,MPI-ESM1-2-HR,ssp126,2050s,14,110
2340,2340,MPI-ESM1-2-HR,ssp126,2050s,15,21
2341,2341,MPI-ESM1-2-HR,ssp126,2060s,0,76
2342,2342,MPI-ESM1-2-HR,ssp126,2060s,1,218
2343,2343,MPI-ESM1-2-HR,ssp126,2060s,2,349
2344,2344,MPI-ESM1-2-HR,ssp126,2060s,3,453
2345,2345,MPI-ESM1-2-HR,ssp126,2060s,4,338
2346,2346,MPI-ESM1-2-HR,ssp126,2060s,5,166
2347,2347,MPI-ESM1-2-HR,ssp126,2060s,6,320
2348,2348,MPI-ESM1-2-HR,ssp126,2060s,7,175
2349,2349,MPI-ESM1-2-HR,ssp126,2060s,8,305
2350,2350,MPI-ESM1-2-HR,ssp126,2060s,9,211
2351,2351,MPI-ESM1-2-HR,ssp126,2060s,10,265
2352,2352,MPI-ESM1-2-HR,ssp126,2060s,11,231
2353,2353,MPI-ESM1-2-HR,ssp126,2060s,12,164
2354,2354,MPI-ESM1-2-HR,ssp126,2060s,13,192
2355,2355,MPI-ESM1-2-HR,ssp126,2060s,14,141
2356,2356,MPI-ESM1-2-HR,ssp126,2060s,15,49
2357,2357,MPI-ESM1-2-HR,ssp126,2070s,0,115
2358,2358,MPI-ESM1-2-HR,ssp126,2070s,1,186
2359,2359,MPI-ESM1-2-HR,ssp126,2070s,2,387
2360,2360,MPI-ESM1-2-HR,ssp126,2070s,3,445
2361,2361,MPI-ESM1-2-HR,ssp126,2070s,4,389
2362,2362,MPI-ESM1-2-HR,ssp126,2070s,5,186
2363,2363,MPI-ESM1-2-HR,ssp126,2070s,6,340
2364,2364,MPI-ESM1-2-HR,ssp126,2070s,7,154
2365,2365,MPI-ESM1-2-HR,ssp126,2070s,8,309
2366,2366,MPI-ESM1-2-HR,ssp126,2070s,9,240
2367,2367,MPI-ESM1-2-HR,ssp126,2070s,10,266
2368,2368,MPI-ESM1-2-HR,ssp126,2070s,11,220
2369,2369,MPI-ESM1-2-HR,ssp126,2070s,12,135
2370,2370,MPI-ESM1-2-HR,ssp126,2070s,13,167
2371,2371,MPI-ESM1-2-HR,ssp126,2070s,14,93
2372,2372,MPI-ESM1-2-HR,ssp126,2070s,15,20
2373,2373,MPI-ESM1-2-HR,ssp126,2080s,0,41
2374,2374,MPI-ESM1-2-HR,ssp126,2080s,1,217
2375,2375,MPI-ESM1-2-HR,ssp126,2080s,2,376
2376,2376,MPI-ESM1-2-HR,ssp126,2080s,3,502
2377,2377,MPI-ESM1-2-HR,ssp126,2080s,4,355
2378,2378,MPI-ESM1-2-HR,ssp126,2080s,5,176
2379,2379,MPI-ESM1-2-HR,ssp126,2080s,6,308
2380,2380,MPI-ESM1-2-HR,ssp126,2080s,7,151
2381,2381,MPI-ESM1-2-HR,ssp126,2080s,8,315
2382,2382,MPI-ESM1-2-HR,ssp126,2080s,9,229
2383,2383,MPI-ESM1-2-HR,ssp126,2080s,10,308
2384,2384,MPI-ESM1-2-HR,ssp126,2080s,11,254
2385,2385,MPI-ESM1-2-HR,ssp126,2080s,12,132
2386,2386,MPI-ESM1-2-HR,ssp126,2080s,13,174
2387,2387,MPI-ESM1-2-HR,ssp126,2080s,14,95
2388,2388,MPI-ESM1-2-HR,ssp126,2080s,15,20
2389,2389,MPI-ESM1-2-HR,ssp126,2090s,0,73
2390,2390,MPI-ESM1-2-HR,ssp126,2090s,1,229
2391,2391,MPI-ESM1-2-HR,ssp126,2090s,2,442
2392,2392,MPI-ESM1-2-HR,ssp126,2090s,3,442
2393,2393,MPI-ESM1-2-HR,ssp126,2090s,4,345
2394,2394,MPI-ESM1-2-HR,ssp126,2090s,5,162
2395,2395,MPI-ESM1-2-HR,ssp126,2090s,6,343
2396,2396,MPI-ESM1-2-HR,ssp126,2090s,7,165
2397,2397,MPI-ESM1-2-HR,ssp126,2090s,8,299
2398,2398,MPI-ESM1-2-HR,ssp126,2090s,9,221
2399,2399,MPI-ESM1-2-HR,ssp126,2090s,10,296
2400,2400,MPI-ESM1-2-HR,ssp126,2090s,11,197
2401,2401,MPI-ESM1-2-HR,ssp126,2090s,12,123
2402,2402,MPI-ESM1-2-HR,ssp126,2090s,13,188
2403,2403,MPI-ESM1-2-HR,ssp126,2090s,14,96
2404,2404,MPI-ESM1-2-HR,ssp126,2090s,15,31
2405,2405,MPI-ESM1-2-HR,ssp126,2100s,0,11
2406,2406,MPI-ESM1-2-HR,ssp126,2100s,1,37
2407,2407,MPI-ESM1-2-HR,ssp126,2100s,2,34
2408,2408,MPI-ESM1-2-HR,ssp126,2100s,3,36
2409,2409,MPI-ESM1-2-HR,ssp126,2100s,4,29
2410,2410,MPI-ESM1-2-HR,ssp126,2100s,5,8
2411,2411,MPI-ESM1-2-HR,ssp126,2100s,6,34
2412,2412,MPI-ESM1-2-HR,ssp126,2100s,7,18
2413,2413,MPI-ESM1-2-HR,ssp126,2100s,8,36
2414,2414,MPI-ESM1-2-HR,ssp126,2100s,9,25
2415,2415,MPI-ESM1-2-HR,ssp126,2100s,10,29
2416,2416,MPI-ESM1-2-HR,ssp126,2100s,11,23
2417,2417,MPI-ESM1-2-HR,ssp126,2100s,12,17
2418,2418,MPI-ESM1-2-HR,ssp126,2100s,13,15
2419,2419,MPI-ESM1-2-HR,ssp126,2100s,14,12
2420,2420,MPI-ESM1-2-HR,ssp126,2100s,15,1
2421,2421,MPI-ESM1-2-HR,ssp245,2020s,0,77
2422,2422,MPI-ESM1-2-HR,ssp245,2020s,1,222
2423,2423,MPI-ESM1-2-HR,ssp245,2020s,2,429
2424,2424,MPI-ESM1-2-HR,ssp245,2020s,3,459
2425,2425,MPI-ESM1-2-HR,ssp245,2020s,4,374
2426,2426,MPI-ESM1-2-HR,ssp245,2020s,5,186
2427,2427,MPI-ESM1-2-HR,ssp245,2020s,6,299
2428,2428,MPI-ESM1-2-HR,ssp245,2020s,7,128
2429,2429,MPI-ESM1-2-HR,ssp245,2020s,8,232
2430,2430,MPI-ESM1-2-HR,ssp245,2020s,9,180
2431,2431,MPI-ESM1-2-HR,ssp245,2020s,10,247
2432,2432,MPI-ESM1-2-HR,ssp245,2020s,11,268
2433,2433,MPI-ESM1-2-HR,ssp245,2020s,12,165
2434,2434,MPI-ESM1-2-HR,ssp245,2020s,13,229
2435,2435,MPI-ESM1-2-HR,ssp245,2020s,14,123
2436,2436,MPI-ESM1-2-HR,ssp245,2020s,15,35
2437,2437,MPI-ESM1-2-HR,ssp245,2030s,0,111
2438,2438,MPI-ESM1-2-HR,ssp245,2030s,1,250
2439,2439,MPI-ESM1-2-HR,ssp245,2030s,2,388
2440,2440,MPI-ESM1-2-HR,ssp245,2030s,3,438
2441,2441,MPI-ESM1-2-HR,ssp245,2030s,4,326
2442,2442,MPI-ESM1-2-HR,ssp245,2030s,5,175
2443,2443,MPI-ESM1-2-HR,ssp245,2030s,6,346
2444,2444,MPI-ESM1-2-HR,ssp245,2030s,7,162
2445,2445,MPI-ESM1-2-HR,ssp245,2030s,8,296
2446,2446,MPI-ESM1-2-HR,ssp245,2030s,9,241
2447,2447,MPI-ESM1-2-HR,ssp245,2030s,10,291
2448,2448,MPI-ESM1-2-HR,ssp245,2030s,11,247
2449,2449,MPI-ESM1-2-HR,ssp245,2030s,12,133
2450,2450,MPI-ESM1-2-HR,ssp245,2030s,13,154
2451,2451,MPI-ESM1-2-HR,ssp245,2030s,14,71
2452,2452,MPI-ESM1-2-HR,ssp245,2030s,15,23
2453,2453,MPI-ESM1-2-HR,ssp245,2040s,0,121
2454,2454,MPI-ESM1-2-HR,ssp245,2040s,1,236
2455,2455,MPI-ESM1-2-HR,ssp245,2040s,2,345
2456,2456,MPI-ESM1-2-HR,ssp245,2040s,3,391
2457,2457,MPI-ESM1-2-HR,ssp245,2040s,4,361
2458,2458,MPI-ESM1-2-HR,ssp245,2040s,5,173
2459,2459,MPI-ESM1-2-HR,ssp245,2040s,6,313
2460,2460,MPI-ESM1-2-HR,ssp245,2040s,7,182
2461,2461,MPI-ESM1-2-HR,ssp245,2040s,8,258
2462,2462,MPI-ESM1-2-HR,ssp245,2040s,9,239
2463,2463,MPI-ESM1-2-HR,ssp245,2040s,10,276
2464,2464,MPI-ESM1-2-HR,ssp245,2040s,11,249
2465,2465,MPI-ESM1-2-HR,ssp245,2040s,12,141
2466,2466,MPI-ESM1-2-HR,ssp245,2040s,13,173
2467,2467,MPI-ESM1-2-HR,ssp245,2040s,14,143
2468,2468,MPI-ESM1-2-HR,ssp245,2040s,15,52
2469,2469,MPI-ESM1-2-HR,ssp245,2050s,0,87
2470,2470,MPI-ESM1-2-HR,ssp245,2050s,1,238
2471,2471,MPI-ESM1-2-HR,ssp245,2050s,2,349
2472,2472,MPI-ESM1-2-HR,ssp245,2050s,3,459
2473,2473,MPI-ESM1-2-HR,ssp245,2050s,4,336
2474,2474,MPI-ESM1-2-HR,ssp245,2050s,5,178
2475,2475,MPI-ESM1-2-HR,ssp245,2050s,6,368
2476,2476,MPI-ESM1-2-HR,ssp245,2050s,7,171
2477,2477,MPI-ESM1-2-HR,ssp245,2050s,8,277
2478,2478,MPI-ESM1-2-HR,ssp245,2050s,9,195
2479,2479,MPI-ESM1-2-HR,ssp245,2050s,10,266
2480,2480,MPI-ESM1-2-HR,ssp245,2050s,11,238
2481,2481,MPI-ESM1-2-HR,ssp245,2050s,12,134
2482,2482,MPI-ESM1-2-HR,ssp245,2050s,13,182
2483,2483,MPI-ESM1-2-HR,ssp245,2050s,14,125
2484,2484,MPI-ESM1-2-HR,ssp245,2050s,15,49
2485,2485,MPI-ESM1-2-HR,ssp245,2060s,0,73
2486,2486,MPI-ESM1-2-HR,ssp245,2060s,1,193
2487,2487,MPI-ESM1-2-HR,ssp245,2060s,2,436
2488,2488,MPI-ESM1-2-HR,ssp245,2060s,3,394
2489,2489,MPI-ESM1-2-HR,ssp245,2060s,4,325
2490,2490,MPI-ESM1-2-HR,ssp245,2060s,5,165
2491,2491,MPI-ESM1-2-HR,ssp245,2060s,6,315
2492,2492,MPI-ESM1-2-HR,ssp245,2060s,7,143
2493,2493,MPI-ESM1-2-HR,ssp245,2060s,8,234
2494,2494,MPI-ESM1-2-HR,ssp245,2060s,9,201
2495,2495,MPI-ESM1-2-HR,ssp245,2060s,10,253
2496,2496,MPI-ESM1-2-HR,ssp245,2060s,11,285
2497,2497,MPI-ESM1-2-HR,ssp245,2060s,12,178
2498,2498,MPI-ESM1-2-HR,ssp245,2060s,13,225
2499,2499,MPI-ESM1-2-HR,ssp245,2060s,14,179
2500,2500,MPI-ESM1-2-HR,ssp245,2060s,15,54
2501,2501,MPI-ESM1-2-HR,ssp245,2070s,0,55
2502,2502,MPI-ESM1-2-HR,ssp245,2070s,1,209
2503,2503,MPI-ESM1-2-HR,ssp245,2070s,2,383
2504,2504,MPI-ESM1-2-HR,ssp245,2070s,3,442
2505,2505,MPI-ESM1-2-HR,ssp245,2070s,4,376
2506,2506,MPI-ESM1-2-HR,ssp245,2070s,5,196
2507,2507,MPI-ESM1-2-HR,ssp245,2070s,6,324
2508,2508,MPI-ESM1-2-HR,ssp245,2070s,7,152
2509,2509,MPI-ESM1-2-HR,ssp245,2070s,8,248
2510,2510,MPI-ESM1-2-HR,ssp245,2070s,9,185
2511,2511,MPI-ESM1-2-HR,ssp245,2070s,10,296
2512,2512,MPI-ESM1-2-HR,ssp245,2070s,11,237
2513,2513,MPI-ESM1-2-HR,ssp245,2070s,12,175
2514,2514,MPI-ESM1-2-HR,ssp245,2070s,13,197
2515,2515,MPI-ESM1-2-HR,ssp245,2070s,14,133
2516,2516,MPI-ESM1-2-HR,ssp245,2070s,15,44
2517,2517,MPI-ESM1-2-HR,ssp245,2080s,0,61
2518,2518,MPI-ESM1-2-HR,ssp245,2080s,1,165
2519,2519,MPI-ESM1-2-HR,ssp245,2080s,2,337
2520,2520,MPI-ESM1-2-HR,ssp245,2080s,3,483
2521,2521,MPI-ESM1-2-HR,ssp245,2080s,4,347
2522,2522,MPI-ESM1-2-HR,ssp245,2080s,5,157
2523,2523,MPI-ESM1-2-HR,ssp245,2080s,6,318
2524,2524,MPI-ESM1-2-HR,ssp245,2080s,7,173
2525,2525,MPI-ESM1-2-HR,ssp245,2080s,8,258
2526,2526,MPI-ESM1-2-HR,ssp245,2080s,9,189
2527,2527,MPI-ESM1-2-HR,ssp245,2080s,10,301
2528,2528,MPI-ESM1-2-HR,ssp245,2080s,11,270
2529,2529,MPI-ESM1-2-HR,ssp245,2080s,12,187
2530,2530,MPI-ESM1-2-HR,ssp245,2080s,13,218
2531,2531,MPI-ESM1-2-HR,ssp245,2080s,14,130
2532,2532,MPI-ESM1-2-HR,ssp245,2080s,15,59
2533,2533,MPI-ESM1-2-HR,ssp245,2090s,0,88
2534,2534,MPI-ESM1-2-HR,ssp245,2090s,1,205
2535,2535,MPI-ESM1-2-HR,ssp245,2090s,2,369
2536,2536,MPI-ESM1-2-HR,ssp245,2090s,3,452
2537,2537,MPI-ESM1-2-HR,ssp245,2090s,4,319
2538,2538,MPI-ESM1-2-HR,ssp245,2090s,5,126
2539,2539,MPI-ESM1-2-HR,ssp245,2090s,6,295
2540,2540,MPI-ESM1-2-HR,ssp245,2090s,7,153
2541,2541,MPI-ESM1-2-HR,ssp245,2090s,8,231
2542,2542,MPI-ESM1-2-HR,ssp245,2090s,9,222
2543,2543,MPI-ESM1-2-HR,ssp245,2090s,10,292
2544,2544,MPI-ESM1-2-HR,ssp245,2090s,11,280
2545,2545,MPI-ESM1-2-HR,ssp245,2090s,12,192
2546,2546,MPI-ESM1-2-HR,ssp245,2090s,13,233
2547,2547,MPI-ESM1-2-HR,ssp245,2090s,14,141
2548,2548,MPI-ESM1-2-HR,ssp245,2090s,15,54
2549,2549,MPI-ESM1-2-HR,ssp245,2100s,0,6
2550,2550,MPI-ESM1-2-HR,ssp245,2100s,1,14
2551,2551,MPI-ESM1-2-HR,ssp245,2100s,2,37
2552,2552,MPI-ESM1-2-HR,ssp245,2100s,3,40
2553,2553,MPI-ESM1-2-HR,ssp245,2100s,4,27
2554,2554,MPI-ESM1-2-HR,ssp245,2100s,5,21
2555,2555,MPI-ESM1-2-HR,ssp245,2100s,6,33
2556,2556,MPI-ESM1-2-HR,ssp245,2100s,7,9
2557,2557,MPI-ESM1-2-HR,ssp245,2100s,8,23
2558,2558,MPI-ESM1-2-HR,ssp245,2100s,9,24
2559,2559,MPI-ESM1-2-HR,ssp245,2100s,10,35
2560,2560,MPI-ESM1-2-HR,ssp245,2100s,11,38
2561,2561,MPI-ESM1-2-HR,ssp245,2100s,12,10
2562,2562,MPI-ESM1-2-HR,ssp245,2100s,13,20
2563,2563,MPI-ESM1-2-HR,ssp245,2100s,14,17
2564,2564,MPI-ESM1-2-HR,ssp245,2100s,15,11
2565,2565,MPI-ESM1-2-HR,ssp370,2020s,0,98
2566,2566,MPI-ESM1-2-HR,ssp370,2020s,1,238
2567,2567,MPI-ESM1-2-HR,ssp370,2020s,2,373
2568,2568,MPI-ESM1-2-HR,ssp370,2020s,3,452
2569,2569,MPI-ESM1-2-HR,ssp370,2020s,4,344
2570,2570,MPI-ESM1-2-HR,ssp370,2020s,5,175
2571,2571,MPI-ESM1-2-HR,ssp370,2020s,6,326
2572,2572,MPI-ESM1-2-HR,ssp370,2020s,7,184
2573,2573,MPI-ESM1-2-HR,ssp370,2020s,8,313
2574,2574,MPI-ESM1-2-HR,ssp370,2020s,9,243
2575,2575,MPI-ESM1-2-HR,ssp370,2020s,10,201
2576,2576,MPI-ESM1-2-HR,ssp370,2020s,11,234
2577,2577,MPI-ESM1-2-HR,ssp370,2020s,12,133
2578,2578,MPI-ESM1-2-HR,ssp370,2020s,13,188
2579,2579,MPI-ESM1-2-HR,ssp370,2020s,14,124
2580,2580,MPI-ESM1-2-HR,ssp370,2020s,15,27
2581,2581,MPI-ESM1-2-HR,ssp370,2030s,0,116
2582,2582,MPI-ESM1-2-HR,ssp370,2030s,1,226
2583,2583,MPI-ESM1-2-HR,ssp370,2030s,2,392
2584,2584,MPI-ESM1-2-HR,ssp370,2030s,3,434
2585,2585,MPI-ESM1-2-HR,ssp370,2030s,4,354
2586,2586,MPI-ESM1-2-HR,ssp370,2030s,5,158
2587,2587,MPI-ESM1-2-HR,ssp370,2030s,6,319
2588,2588,MPI-ESM1-2-HR,ssp370,2030s,7,163
2589,2589,MPI-ESM1-2-HR,ssp370,2030s,8,240
2590,2590,MPI-ESM1-2-HR,ssp370,2030s,9,231
2591,2591,MPI-ESM1-2-HR,ssp370,2030s,10,296
2592,2592,MPI-ESM1-2-HR,ssp370,2030s,11,256
2593,2593,MPI-ESM1-2-HR,ssp370,2030s,12,163
2594,2594,MPI-ESM1-2-HR,ssp370,2030s,13,157
2595,2595,MPI-ESM1-2-HR,ssp370,2030s,14,110
2596,2596,MPI-ESM1-2-HR,ssp370,2030s,15,37
2597,2597,MPI-ESM1-2-HR,ssp370,2040s,0,86
2598,2598,MPI-ESM1-2-HR,ssp370,2040s,1,242
2599,2599,MPI-ESM1-2-HR,ssp370,2040s,2,411
2600,2600,MPI-ESM1-2-HR,ssp370,2040s,3,443
2601,2601,MPI-ESM1-2-HR,ssp370,2040s,4,298
2602,2602,MPI-ESM1-2-HR,ssp370,2040s,5,165
2603,2603,MPI-ESM1-2-HR,ssp370,2040s,6,363
2604,2604,MPI-ESM1-2-HR,ssp370,2040s,7,166
2605,2605,MPI-ESM1-2-HR,ssp370,2040s,8,237
2606,2606,MPI-ESM1-2-HR,ssp370,2040s,9,213
2607,2607,MPI-ESM1-2-HR,ssp370,2040s,10,249
2608,2608,MPI-ESM1-2-HR,ssp370,2040s,11,253
2609,2609,MPI-ESM1-2-HR,ssp370,2040s,12,159
2610,2610,MPI-ESM1-2-HR,ssp370,2040s,13,205
2611,2611,MPI-ESM1-2-HR,ssp370,2040s,14,128
2612,2612,MPI-ESM1-2-HR,ssp370,2040s,15,35
2613,2613,MPI-ESM1-2-HR,ssp370,2050s,0,36
2614,2614,MPI-ESM1-2-HR,ssp370,2050s,1,167
2615,2615,MPI-ESM1-2-HR,ssp370,2050s,2,345
2616,2616,MPI-ESM1-2-HR,ssp370,2050s,3,478
2617,2617,MPI-ESM1-2-HR,ssp370,2050s,4,413
2618,2618,MPI-ESM1-2-HR,ssp370,2050s,5,179
2619,2619,MPI-ESM1-2-HR,ssp370,2050s,6,307
2620,2620,MPI-ESM1-2-HR,ssp370,2050s,7,148
2621,2621,MPI-ESM1-2-HR,ssp370,2050s,8,272
2622,2622,MPI-ESM1-2-HR,ssp370,2050s,9,196
2623,2623,MPI-ESM1-2-HR,ssp370,2050s,10,262
2624,2624,MPI-ESM1-2-HR,ssp370,2050s,11,235
2625,2625,MPI-ESM1-2-HR,ssp370,2050s,12,187
2626,2626,MPI-ESM1-2-HR,ssp370,2050s,13,210
2627,2627,MPI-ESM1-2-HR,ssp370,2050s,14,152
2628,2628,MPI-ESM1-2-HR,ssp370,2050s,15,65
2629,2629,MPI-ESM1-2-HR,ssp370,2060s,0,71
2630,2630,MPI-ESM1-2-HR,ssp370,2060s,1,166
2631,2631,MPI-ESM1-2-HR,ssp370,2060s,2,278
2632,2632,MPI-ESM1-2-HR,ssp370,2060s,3,385
2633,2633,MPI-ESM1-2-HR,ssp370,2060s,4,417
2634,2634,MPI-ESM1-2-HR,ssp370,2060s,5,187
2635,2635,MPI-ESM1-2-HR,ssp370,2060s,6,374
2636,2636,MPI-ESM1-2-HR,ssp370,2060s,7,161
2637,2637,MPI-ESM1-2-HR,ssp370,2060s,8,300
2638,2638,MPI-ESM1-2-HR,ssp370,2060s,9,170
2639,2639,MPI-ESM1-2-HR,ssp370,2060s,10,250
2640,2640,MPI-ESM1-2-HR,ssp370,2060s,11,255
2641,2641,MPI-ESM1-2-HR,ssp370,2060s,12,177
2642,2642,MPI-ESM1-2-HR,ssp370,2060s,13,251
2643,2643,MPI-ESM1-2-HR,ssp370,2060s,14,165
2644,2644,MPI-ESM1-2-HR,ssp370,2060s,15,46
2645,2645,MPI-ESM1-2-HR,ssp370,2070s,0,54
2646,2646,MPI-ESM1-2-HR,ssp370,2070s,1,155
2647,2647,MPI-ESM1-2-HR,ssp370,2070s,2,284
2648,2648,MPI-ESM1-2-HR,ssp370,2070s,3,432
2649,2649,MPI-ESM1-2-HR,ssp370,2070s,4,400
2650,2650,MPI-ESM1-2-HR,ssp370,2070s,5,208
2651,2651,MPI-ESM1-2-HR,ssp370,2070s,6,373
2652,2652,MPI-ESM1-2-HR,ssp370,2070s,7,144
2653,2653,MPI-ESM1-2-HR,ssp370,2070s,8,252
2654,2654,MPI-ESM1-2-HR,ssp370,2070s,9,172
2655,2655,MPI-ESM1-2-HR,ssp370,2070s,10,275
2656,2656,MPI-ESM1-2-HR,ssp370,2070s,11,236
2657,2657,MPI-ESM1-2-HR,ssp370,2070s,12,196
2658,2658,MPI-ESM1-2-HR,ssp370,2070s,13,217
2659,2659,MPI-ESM1-2-HR,ssp370,2070s,14,157
2660,2660,MPI-ESM1-2-HR,ssp370,2070s,15,97
2661,2661,MPI-ESM1-2-HR,ssp370,2080s,0,38
2662,2662,MPI-ESM1-2-HR,ssp370,2080s,1,143
2663,2663,MPI-ESM1-2-HR,ssp370,2080s,2,277
2664,2664,MPI-ESM1-2-HR,ssp370,2080s,3,418
2665,2665,MPI-ESM1-2-HR,ssp370,2080s,4,356
2666,2666,MPI-ESM1-2-HR,ssp370,2080s,5,141
2667,2667,MPI-ESM1-2-HR,ssp370,2080s,6,391
2668,2668,MPI-ESM1-2-HR,ssp370,2080s,7,152
2669,2669,MPI-ESM1-2-HR,ssp370,2080s,8,282
2670,2670,MPI-ESM1-2-HR,ssp370,2080s,9,156
2671,2671,MPI-ESM1-2-HR,ssp370,2080s,10,250
2672,2672,MPI-ESM1-2-HR,ssp370,2080s,11,257
2673,2673,MPI-ESM1-2-HR,ssp370,2080s,12,226
2674,2674,MPI-ESM1-2-HR,ssp370,2080s,13,249
2675,2675,MPI-ESM1-2-HR,ssp370,2080s,14,230
2676,2676,MPI-ESM1-2-HR,ssp370,2080s,15,87
2677,2677,MPI-ESM1-2-HR,ssp370,2090s,0,39
2678,2678,MPI-ESM1-2-HR,ssp370,2090s,1,124
2679,2679,MPI-ESM1-2-HR,ssp370,2090s,2,244
2680,2680,MPI-ESM1-2-HR,ssp370,2090s,3,396
2681,2681,MPI-ESM1-2-HR,ssp370,2090s,4,398
2682,2682,MPI-ESM1-2-HR,ssp370,2090s,5,136
2683,2683,MPI-ESM1-2-HR,ssp370,2090s,6,455
2684,2684,MPI-ESM1-2-HR,ssp370,2090s,7,154
2685,2685,MPI-ESM1-2-HR,ssp370,2090s,8,287
2686,2686,MPI-ESM1-2-HR,ssp370,2090s,9,149
2687,2687,MPI-ESM1-2-HR,ssp370,2090s,10,299
2688,2688,MPI-ESM1-2-HR,ssp370,2090s,11,202
2689,2689,MPI-ESM1-2-HR,ssp370,2090s,12,261
2690,2690,MPI-ESM1-2-HR,ssp370,2090s,13,238
2691,2691,MPI-ESM1-2-HR,ssp370,2090s,14,192
2692,2692,MPI-ESM1-2-HR,ssp370,2090s,15,78
2693,2693,MPI-ESM1-2-HR,ssp370,2100s,0,3
2694,2694,MPI-ESM1-2-HR,ssp370,2100s,1,6
2695,2695,MPI-ESM1-2-HR,ssp370,2100s,2,41
2696,2696,MPI-ESM1-2-HR,ssp370,2100s,3,47
2697,2697,MPI-ESM1-2-HR,ssp370,2100s,4,27
2698,2698,MPI-ESM1-2-HR,ssp370,2100s,5,14
2699,2699,MPI-ESM1-2-HR,ssp370,2100s,6,31
2700,2700,MPI-ESM1-2-HR,ssp370,2100s,7,6
2701,2701,MPI-ESM1-2-HR,ssp370,2100s,8,27
2702,2702,MPI-ESM1-2-HR,ssp370,2100s,9,13
2703,2703,MPI-ESM1-2-HR,ssp370,2100s,10,21
2704,2704,MPI-ESM1-2-HR,ssp370,2100s,11,22
2705,2705,MPI-ESM1-2-HR,ssp370,2100s,12,25
2706,2706,MPI-ESM1-2-HR,ssp370,2100s,13,36
2707,2707,MPI-ESM1-2-HR,ssp370,2100s,14,31
2708,2708,MPI-ESM1-2-HR,ssp370,2100s,15,15
2709,2709,MPI-ESM1-2-HR,ssp585,2020s,0,105
2710,2710,MPI-ESM1-2-HR,ssp585,2020s,1,247
2711,2711,MPI-ESM1-2-HR,ssp585,2020s,2,392
2712,2712,MPI-ESM1-2-HR,ssp585,2020s,3,441
2713,2713,MPI-ESM1-2-HR,ssp585,2020s,4,342
2714,2714,MPI-ESM1-2-HR,ssp585,2020s,5,163
2715,2715,MPI-ESM1-2-HR,ssp585,2020s,6,345
2716,2716,MPI-ESM1-2-HR,ssp585,2020s,7,160
2717,2717,MPI-ESM1-2-HR,ssp585,2020s,8,280
2718,2718,MPI-ESM1-2-HR,ssp585,2020s,9,211
2719,2719,MPI-ESM1-2-HR,ssp585,2020s,10,261
2720,2720,MPI-ESM1-2-HR,ssp585,2020s,11,253
2721,2721,MPI-ESM1-2-HR,ssp585,2020s,12,140
2722,2722,MPI-ESM1-2-HR,ssp585,2020s,13,176
2723,2723,MPI-ESM1-2-HR,ssp585,2020s,14,109
2724,2724,MPI-ESM1-2-HR,ssp585,2020s,15,28
2725,2725,MPI-ESM1-2-HR,ssp585,2030s,0,82
2726,2726,MPI-ESM1-2-HR,ssp585,2030s,1,224
2727,2727,MPI-ESM1-2-HR,ssp585,2030s,2,386
2728,2728,MPI-ESM1-2-HR,ssp585,2030s,3,478
2729,2729,MPI-ESM1-2-HR,ssp585,2030s,4,352
2730,2730,MPI-ESM1-2-HR,ssp585,2030s,5,190
2731,2731,MPI-ESM1-2-HR,ssp585,2030s,6,305
2732,2732,MPI-ESM1-2-HR,ssp585,2030s,7,155
2733,2733,MPI-ESM1-2-HR,ssp585,2030s,8,260
2734,2734,MPI-ESM1-2-HR,ssp585,2030s,9,219
2735,2735,MPI-ESM1-2-HR,ssp585,2030s,10,300
2736,2736,MPI-ESM1-2-HR,ssp585,2030s,11,258
2737,2737,MPI-ESM1-2-HR,ssp585,2030s,12,131
2738,2738,MPI-ESM1-2-HR,ssp585,2030s,13,178
2739,2739,MPI-ESM1-2-HR,ssp585,2030s,14,108
2740,2740,MPI-ESM1-2-HR,ssp585,2030s,15,26
2741,2741,MPI-ESM1-2-HR,ssp585,2040s,0,100
2742,2742,MPI-ESM1-2-HR,ssp585,2040s,1,248
2743,2743,MPI-ESM1-2-HR,ssp585,2040s,2,422
2744,2744,MPI-ESM1-2-HR,ssp585,2040s,3,416
2745,2745,MPI-ESM1-2-HR,ssp585,2040s,4,306
2746,2746,MPI-ESM1-2-HR,ssp585,2040s,5,178
2747,2747,MPI-ESM1-2-HR,ssp585,2040s,6,309
2748,2748,MPI-ESM1-2-HR,ssp585,2040s,7,158
2749,2749,MPI-ESM1-2-HR,ssp585,2040s,8,286
2750,2750,MPI-ESM1-2-HR,ssp585,2040s,9,190
2751,2751,MPI-ESM1-2-HR,ssp585,2040s,10,272
2752,2752,MPI-ESM1-2-HR,ssp585,2040s,11,249
2753,2753,MPI-ESM1-2-HR,ssp585,2040s,12,160
2754,2754,MPI-ESM1-2-HR,ssp585,2040s,13,180
2755,2755,MPI-ESM1-2-HR,ssp585,2040s,14,136
2756,2756,MPI-ESM1-2-HR,ssp585,2040s,15,43
2757,2757,MPI-ESM1-2-HR,ssp585,2050s,0,60
2758,2758,MPI-ESM1-2-HR,ssp585,2050s,1,197
2759,2759,MPI-ESM1-2-HR,ssp585,2050s,2,378
2760,2760,MPI-ESM1-2-HR,ssp585,2050s,3,425
2761,2761,MPI-ESM1-2-HR,ssp585,2050s,4,361
2762,2762,MPI-ESM1-2-HR,ssp585,2050s,5,187
2763,2763,MPI-ESM1-2-HR,ssp585,2050s,6,340
2764,2764,MPI-ESM1-2-HR,ssp585,2050s,7,161
2765,2765,MPI-ESM1-2-HR,ssp585,2050s,8,280
2766,2766,MPI-ESM1-2-HR,ssp585,2050s,9,199
2767,2767,MPI-ESM1-2-HR,ssp585,2050s,10,234
2768,2768,MPI-ESM1-2-HR,ssp585,2050s,11,229
2769,2769,MPI-ESM1-2-HR,ssp585,2050s,12,171
2770,2770,MPI-ESM1-2-HR,ssp585,2050s,13,205
2771,2771,MPI-ESM1-2-HR,ssp585,2050s,14,168
2772,2772,MPI-ESM1-2-HR,ssp585,2050s,15,57
2773,2773,MPI-ESM1-2-HR,ssp585,2060s,0,36
2774,2774,MPI-ESM1-2-HR,ssp585,2060s,1,145
2775,2775,MPI-ESM1-2-HR,ssp585,2060s,2,314
2776,2776,MPI-ESM1-2-HR,ssp585,2060s,3,462
2777,2777,MPI-ESM1-2-HR,ssp585,2060s,4,396
2778,2778,MPI-ESM1-2-HR,ssp585,2060s,5,154
2779,2779,MPI-ESM1-2-HR,ssp585,2060s,6,369
2780,2780,MPI-ESM1-2-HR,ssp585,2060s,7,138
2781,2781,MPI-ESM1-2-HR,ssp585,2060s,8,298
2782,2782,MPI-ESM1-2-HR,ssp585,2060s,9,155
2783,2783,MPI-ESM1-2-HR,ssp585,2060s,10,241
2784,2784,MPI-ESM1-2-HR,ssp585,2060s,11,243
2785,2785,MPI-ESM1-2-HR,ssp585,2060s,12,186
2786,2786,MPI-ESM1-2-HR,ssp585,2060s,13,224
2787,2787,MPI-ESM1-2-HR,ssp585,2060s,14,212
2788,2788,MPI-ESM1-2-HR,ssp585,2060s,15,80
2789,2789,MPI-ESM1-2-HR,ssp585,2070s,0,60
2790,2790,MPI-ESM1-2-HR,ssp585,2070s,1,167
2791,2791,MPI-ESM1-2-HR,ssp585,2070s,2,299
2792,2792,MPI-ESM1-2-HR,ssp585,2070s,3,424
2793,2793,MPI-ESM1-2-HR,ssp585,2070s,4,358
2794,2794,MPI-ESM1-2-HR,ssp585,2070s,5,137
2795,2795,MPI-ESM1-2-HR,ssp585,2070s,6,383
2796,2796,MPI-ESM1-2-HR,ssp585,2070s,7,144
2797,2797,MPI-ESM1-2-HR,ssp585,2070s,8,299
2798,2798,MPI-ESM1-2-HR,ssp585,2070s,9,164
2799,2799,MPI-ESM1-2-HR,ssp585,2070s,10,290
2800,2800,MPI-ESM1-2-HR,ssp585,2070s,11,189
2801,2801,MPI-ESM1-2-HR,ssp585,2070s,12,234
2802,2802,MPI-ESM1-2-HR,ssp585,2070s,13,249
2803,2803,MPI-ESM1-2-HR,ssp585,2070s,14,183
2804,2804,MPI-ESM1-2-HR,ssp585,2070s,15,72
2805,2805,MPI-ESM1-2-HR,ssp585,2080s,0,13
2806,2806,MPI-ESM1-2-HR,ssp585,2080s,1,85
2807,2807,MPI-ESM1-2-HR,ssp585,2080s,2,244
2808,2808,MPI-ESM1-2-HR,ssp585,2080s,3,472
2809,2809,MPI-ESM1-2-HR,ssp585,2080s,4,454
2810,2810,MPI-ESM1-2-HR,ssp585,2080s,5,165
2811,2811,MPI-ESM1-2-HR,ssp585,2080s,6,374
2812,2812,MPI-ESM1-2-HR,ssp585,2080s,7,111
2813,2813,MPI-ESM1-2-HR,ssp585,2080s,8,251
2814,2814,MPI-ESM1-2-HR,ssp585,2080s,9,132
2815,2815,MPI-ESM1-2-HR,ssp585,2080s,10,208
2816,2816,MPI-ESM1-2-HR,ssp585,2080s,11,205
2817,2817,MPI-ESM1-2-HR,ssp585,2080s,12,239
2818,2818,MPI-ESM1-2-HR,ssp585,2080s,13,278
2819,2819,MPI-ESM1-2-HR,ssp585,2080s,14,283
2820,2820,MPI-ESM1-2-HR,ssp585,2080s,15,139
2821,2821,MPI-ESM1-2-HR,ssp585,2090s,0,14
2822,2822,MPI-ESM1-2-HR,ssp585,2090s,1,46
2823,2823,MPI-ESM1-2-HR,ssp585,2090s,2,185
2824,2824,MPI-ESM1-2-HR,ssp585,2090s,3,395
2825,2825,MPI-ESM1-2-HR,ssp585,2090s,4,415
2826,2826,MPI-ESM1-2-HR,ssp585,2090s,5,135
2827,2827,MPI-ESM1-2-HR,ssp585,2090s,6,411
2828,2828,MPI-ESM1-2-HR,ssp585,2090s,7,144
2829,2829,MPI-ESM1-2-HR,ssp585,2090s,8,325
2830,2830,MPI-ESM1-2-HR,ssp585,2090s,9,132
2831,2831,MPI-ESM1-2-HR,ssp585,2090s,10,252
2832,2832,MPI-ESM1-2-HR,ssp585,2090s,11,182
2833,2833,MPI-ESM1-2-HR,ssp585,2090s,12,296
2834,2834,MPI-ESM1-2-HR,ssp585,2090s,13,290
2835,2835,MPI-ESM1-2-HR,ssp585,2090s,14,297
2836,2836,MPI-ESM1-2-HR,ssp585,2090s,15,133
2837,2837,MPI-ESM1-2-HR,ssp585,2100s,0,6
2838,2838,MPI-ESM1-2-HR,ssp585,2100s,1,6
2839,2839,MPI-ESM1-2-HR,ssp585,2100s,2,15
2840,2840,MPI-ESM1-2-HR,ssp585,2100s,3,40
2841,2841,MPI-ESM1-2-HR,ssp585,2100s,4,28
2842,2842,MPI-ESM1-2-HR,ssp585,2100s,5,17
2843,2843,MPI-ESM1-2-HR,ssp585,2100s,6,36
2844,2844,MPI-ESM1-2-HR,ssp585,2100s,7,21
2845,2845,MPI-ESM1-2-HR,ssp585,2100s,8,29
2846,2846,MPI-ESM1-2-HR,ssp585,2100s,9,20
2847,2847,MPI-ESM1-2-HR,ssp585,2100s,10,31
2848,2848,MPI-ESM1-2-HR,ssp585,2100s,11,19
2849,2849,MPI-ESM1-2-HR,ssp585,2100s,12,35
2850,2850,MPI-ESM1-2-HR,ssp585,2100s,13,33
2851,2851,MPI-ESM1-2-HR,ssp585,2100s,14,15
2852,2852,MPI-ESM1-2-HR,ssp585,2100s,15,14
2853,2853,NorESM2-MM,ssp126,2020s,0,87
2854,2854,NorESM2-MM,ssp126,2020s,1,227
2855,2855,NorESM2-MM,ssp126,2020s,2,335
2856,2856,NorESM2-MM,ssp126,2020s,3,463
2857,2857,NorESM2-MM,ssp126,2020s,4,333
2858,2858,NorESM2-MM,ssp126,2020s,5,218
2859,2859,NorESM2-MM,ssp126,2020s,6,367
2860,2860,NorESM2-MM,ssp126,2020s,7,181
2861,2861,NorESM2-MM,ssp126,2020s,8,309
2862,2862,NorESM2-MM,ssp126,2020s,9,188
2863,2863,NorESM2-MM,ssp126,2020s,10,295
2864,2864,NorESM2-MM,ssp126,2020s,11,233
2865,2865,NorESM2-MM,ssp126,2020s,12,120
2866,2866,NorESM2-MM,ssp126,2020s,13,165
2867,2867,NorESM2-MM,ssp126,2020s,14,111
2868,2868,NorESM2-MM,ssp126,2020s,15,21
2869,2869,NorESM2-MM,ssp126,2030s,0,89
2870,2870,NorESM2-MM,ssp126,2030s,1,235
2871,2871,NorESM2-MM,ssp126,2030s,2,374
2872,2872,NorESM2-MM,ssp126,2030s,3,441
2873,2873,NorESM2-MM,ssp126,2030s,4,316
2874,2874,NorESM2-MM,ssp126,2030s,5,260
2875,2875,NorESM2-MM,ssp126,2030s,6,341
2876,2876,NorESM2-MM,ssp126,2030s,7,178
2877,2877,NorESM2-MM,ssp126,2030s,8,289
2878,2878,NorESM2-MM,ssp126,2030s,9,178
2879,2879,NorESM2-MM,ssp126,2030s,10,260
2880,2880,NorESM2-MM,ssp126,2030s,11,226
2881,2881,NorESM2-MM,ssp126,2030s,12,133
2882,2882,NorESM2-MM,ssp126,2030s,13,181
2883,2883,NorESM2-MM,ssp126,2030s,14,112
2884,2884,NorESM2-MM,ssp126,2030s,15,39
2885,2885,NorESM2-MM,ssp126,2040s,0,91
2886,2886,NorESM2-MM,ssp126,2040s,1,195
2887,2887,NorESM2-MM,ssp126,2040s,2,374
2888,2888,NorESM2-MM,ssp126,2040s,3,422
2889,2889,NorESM2-MM,ssp126,2040s,4,357
2890,2890,NorESM2-MM,ssp126,2040s,5,264
2891,2891,NorESM2-MM,ssp126,2040s,6,339
2892,2892,NorESM2-MM,ssp126,2040s,7,183
2893,2893,NorESM2-MM,ssp126,2040s,8,326
2894,2894,NorESM2-MM,ssp126,2040s,9,186
2895,2895,NorESM2-MM,ssp126,2040s,10,277
2896,2896,NorESM2-MM,ssp126,2040s,11,214
2897,2897,NorESM2-MM,ssp126,2040s,12,107
2898,2898,NorESM2-MM,ssp126,2040s,13,149
2899,2899,NorESM2-MM,ssp126,2040s,14,125
2900,2900,NorESM2-MM,ssp126,2040s,15,44
2901,2901,NorESM2-MM,ssp126,2050s,0,114
2902,2902,NorESM2-MM,ssp126,2050s,1,233
2903,2903,NorESM2-MM,ssp126,2050s,2,401
2904,2904,NorESM2-MM,ssp126,2050s,3,454
2905,2905,NorESM2-MM,ssp126,2050s,4,311
2906,2906,NorESM2-MM,ssp126,2050s,5,236
2907,2907,NorESM2-MM,ssp126,2050s,6,300
2908,2908,NorESM2-MM,ssp126,2050s,7,180
2909,2909,NorESM2-MM,ssp126,2050s,8,263
2910,2910,NorESM2-MM,ssp126,2050s,9,212
2911,2911,NorESM2-MM,ssp126,2050s,10,226
2912,2912,NorESM2-MM,ssp126,2050s,11,203
2913,2913,NorESM2-MM,ssp126,2050s,12,124
2914,2914,NorESM2-MM,ssp126,2050s,13,185
2915,2915,NorESM2-MM,ssp126,2050s,14,163
2916,2916,NorESM2-MM,ssp126,2050s,15,47
2917,2917,NorESM2-MM,ssp126,2060s,0,100
2918,2918,NorESM2-MM,ssp126,2060s,1,251
2919,2919,NorESM2-MM,ssp126,2060s,2,345
2920,2920,NorESM2-MM,ssp126,2060s,3,395
2921,2921,NorESM2-MM,ssp126,2060s,4,329
2922,2922,NorESM2-MM,ssp126,2060s,5,235
2923,2923,NorESM2-MM,ssp126,2060s,6,303
2924,2924,NorESM2-MM,ssp126,2060s,7,197
2925,2925,NorESM2-MM,ssp126,2060s,8,234
2926,2926,NorESM2-MM,ssp126,2060s,9,195
2927,2927,NorESM2-MM,ssp126,2060s,10,242
2928,2928,NorESM2-MM,ssp126,2060s,11,237
2929,2929,NorESM2-MM,ssp126,2060s,12,170
2930,2930,NorESM2-MM,ssp126,2060s,13,207
2931,2931,NorESM2-MM,ssp126,2060s,14,154
2932,2932,NorESM2-MM,ssp126,2060s,15,59
2933,2933,NorESM2-MM,ssp126,2070s,0,121
2934,2934,NorESM2-MM,ssp126,2070s,1,293
2935,2935,NorESM2-MM,ssp126,2070s,2,331
2936,2936,NorESM2-MM,ssp126,2070s,3,395
2937,2937,NorESM2-MM,ssp126,2070s,4,271
2938,2938,NorESM2-MM,ssp126,2070s,5,230
2939,2939,NorESM2-MM,ssp126,2070s,6,323
2940,2940,NorESM2-MM,ssp126,2070s,7,190
2941,2941,NorESM2-MM,ssp126,2070s,8,260
2942,2942,NorESM2-MM,ssp126,2070s,9,203
2943,2943,NorESM2-MM,ssp126,2070s,10,253
2944,2944,NorESM2-MM,ssp126,2070s,11,233
2945,2945,NorESM2-MM,ssp126,2070s,12,144
2946,2946,NorESM2-MM,ssp126,2070s,13,207
2947,2947,NorESM2-MM,ssp126,2070s,14,150
2948,2948,NorESM2-MM,ssp126,2070s,15,48
2949,2949,NorESM2-MM,ssp126,2080s,0,78
2950,2950,NorESM2-MM,ssp126,2080s,1,246
2951,2951,NorESM2-MM,ssp126,2080s,2,410
2952,2952,NorESM2-MM,ssp126,2080s,3,375
2953,2953,NorESM2-MM,ssp126,2080s,4,335
2954,2954,NorESM2-MM,ssp126,2080s,5,244
2955,2955,NorESM2-MM,ssp126,2080s,6,313
2956,2956,NorESM2-MM,ssp126,2080s,7,187
2957,2957,NorESM2-MM,ssp126,2080s,8,295
2958,2958,NorESM2-MM,ssp126,2080s,9,205
2959,2959,NorESM2-MM,ssp126,2080s,10,255
2960,2960,NorESM2-MM,ssp126,2080s,11,208
2961,2961,NorESM2-MM,ssp126,2080s,12,119
2962,2962,NorESM2-MM,ssp126,2080s,13,182
2963,2963,NorESM2-MM,ssp126,2080s,14,145
2964,2964,NorESM2-MM,ssp126,2080s,15,56
2965,2965,NorESM2-MM,ssp126,2090s,0,137
2966,2966,NorESM2-MM,ssp126,2090s,1,251
2967,2967,NorESM2-MM,ssp126,2090s,2,395
2968,2968,NorESM2-MM,ssp126,2090s,3,377
2969,2969,NorESM2-MM,ssp126,2090s,4,318
2970,2970,NorESM2-MM,ssp126,2090s,5,224
2971,2971,NorESM2-MM,ssp126,2090s,6,337
2972,2972,NorESM2-MM,ssp126,2090s,7,168
2973,2973,NorESM2-MM,ssp126,2090s,8,280
2974,2974,NorESM2-MM,ssp126,2090s,9,189
2975,2975,NorESM2-MM,ssp126,2090s,10,244
2976,2976,NorESM2-MM,ssp126,2090s,11,190
2977,2977,NorESM2-MM,ssp126,2090s,12,133
2978,2978,NorESM2-MM,ssp126,2090s,13,198
2979,2979,NorESM2-MM,ssp126,2090s,14,151
2980,2980,NorESM2-MM,ssp126,2090s,15,60
2981,2981,NorESM2-MM,ssp126,2100s,0,5
2982,2982,NorESM2-MM,ssp126,2100s,1,8
2983,2983,NorESM2-MM,ssp126,2100s,2,30
2984,2984,NorESM2-MM,ssp126,2100s,3,39
2985,2985,NorESM2-MM,ssp126,2100s,4,36
2986,2986,NorESM2-MM,ssp126,2100s,5,35
2987,2987,NorESM2-MM,ssp126,2100s,6,50
2988,2988,NorESM2-MM,ssp126,2100s,7,34
2989,2989,NorESM2-MM,ssp126,2100s,8,46
2990,2990,NorESM2-MM,ssp126,2100s,9,27
2991,2991,NorESM2-MM,ssp126,2100s,10,20
2992,2992,NorESM2-MM,ssp126,2100s,11,12
2993,2993,NorESM2-MM,ssp126,2100s,12,3
2994,2994,NorESM2-MM,ssp126,2100s,13,11
2995,2995,NorESM2-MM,ssp126,2100s,14,5
2996,2996,NorESM2-MM,ssp126,2100s,15,4
2997,2997,NorESM2-MM,ssp245,2020s,0,119
2998,2998,NorESM2-MM,ssp245,2020s,1,231
2999,2999,NorESM2-MM,ssp245,2020s,2,362
3000,3000,NorESM2-MM,ssp245,2020s,3,434
3001,3001,NorESM2-MM,ssp245,2020s,4,355
3002,3002,NorESM2-MM,ssp245,2020s,5,252
3003,3003,NorESM2-MM,ssp245,2020s,6,335
3004,3004,NorESM2-MM,ssp245,2020s,7,187
3005,3005,NorESM2-MM,ssp245,2020s,8,297
3006,3006,NorESM2-MM,ssp245,2020s,9,185
3007,3007,NorESM2-MM,ssp245,2020s,10,236
3008,3008,NorESM2-MM,ssp245,2020s,11,208
3009,3009,NorESM2-MM,ssp245,2020s,12,139
3010,3010,NorESM2-MM,ssp245,2020s,13,187
3011,3011,NorESM2-MM,ssp245,2020s,14,93
3012,3012,NorESM2-MM,ssp245,2020s,15,33
3013,3013,NorESM2-MM,ssp245,2030s,0,91
3014,3014,NorESM2-MM,ssp245,2030s,1,198
3015,3015,NorESM2-MM,ssp245,2030s,2,427
3016,3016,NorESM2-MM,ssp245,2030s,3,431
3017,3017,NorESM2-MM,ssp245,2030s,4,338
3018,3018,NorESM2-MM,ssp245,2030s,5,207
3019,3019,NorESM2-MM,ssp245,2030s,6,318
3020,3020,NorESM2-MM,ssp245,2030s,7,187
3021,3021,NorESM2-MM,ssp245,2030s,8,311
3022,3022,NorESM2-MM,ssp245,2030s,9,185
3023,3023,NorESM2-MM,ssp245,2030s,10,261
3024,3024,NorESM2-MM,ssp245,2030s,11,205
3025,3025,NorESM2-MM,ssp245,2030s,12,133
3026,3026,NorESM2-MM,ssp245,2030s,13,195
3027,3027,NorESM2-MM,ssp245,2030s,14,126
3028,3028,NorESM2-MM,ssp245,2030s,15,39
3029,3029,NorESM2-MM,ssp245,2040s,0,110
3030,3030,NorESM2-MM,ssp245,2040s,1,225
3031,3031,NorESM2-MM,ssp245,2040s,2,343
3032,3032,NorESM2-MM,ssp245,2040s,3,412
3033,3033,NorESM2-MM,ssp245,2040s,4,308
3034,3034,NorESM2-MM,ssp245,2040s,5,210
3035,3035,NorESM2-MM,ssp245,2040s,6,317
3036,3036,NorESM2-MM,ssp245,2040s,7,182
3037,3037,NorESM2-MM,ssp245,2040s,8,328
3038,3038,NorESM2-MM,ssp245,2040s,9,218
3039,3039,NorESM2-MM,ssp245,2040s,10,249
3040,3040,NorESM2-MM,ssp245,2040s,11,219
3041,3041,NorESM2-MM,ssp245,2040s,12,153
3042,3042,NorESM2-MM,ssp245,2040s,13,179
3043,3043,NorESM2-MM,ssp245,2040s,14,154
3044,3044,NorESM2-MM,ssp245,2040s,15,46
3045,3045,NorESM2-MM,ssp245,2050s,0,33
3046,3046,NorESM2-MM,ssp245,2050s,1,168
3047,3047,NorESM2-MM,ssp245,2050s,2,423
3048,3048,NorESM2-MM,ssp245,2050s,3,379
3049,3049,NorESM2-MM,ssp245,2050s,4,302
3050,3050,NorESM2-MM,ssp245,2050s,5,227
3051,3051,NorESM2-MM,ssp245,2050s,6,375
3052,3052,NorESM2-MM,ssp245,2050s,7,166
3053,3053,NorESM2-MM,ssp245,2050s,8,273
3054,3054,NorESM2-MM,ssp245,2050s,9,190
3055,3055,NorESM2-MM,ssp245,2050s,10,224
3056,3056,NorESM2-MM,ssp245,2050s,11,208
3057,3057,NorESM2-MM,ssp245,2050s,12,185
3058,3058,NorESM2-MM,ssp245,2050s,13,238
3059,3059,NorESM2-MM,ssp245,2050s,14,203
3060,3060,NorESM2-MM,ssp245,2050s,15,58
3061,3061,NorESM2-MM,ssp245,2060s,0,69
3062,3062,NorESM2-MM,ssp245,2060s,1,205
3063,3063,NorESM2-MM,ssp245,2060s,2,366
3064,3064,NorESM2-MM,ssp245,2060s,3,377
3065,3065,NorESM2-MM,ssp245,2060s,4,350
3066,3066,NorESM2-MM,ssp245,2060s,5,208
3067,3067,NorESM2-MM,ssp245,2060s,6,349
3068,3068,NorESM2-MM,ssp245,2060s,7,189
3069,3069,NorESM2-MM,ssp245,2060s,8,318
3070,3070,NorESM2-MM,ssp245,2060s,9,213
3071,3071,NorESM2-MM,ssp245,2060s,10,202
3072,3072,NorESM2-MM,ssp245,2060s,11,194
3073,3073,NorESM2-MM,ssp245,2060s,12,165
3074,3074,NorESM2-MM,ssp245,2060s,13,225
3075,3075,NorESM2-MM,ssp245,2060s,14,154
3076,3076,NorESM2-MM,ssp245,2060s,15,69
3077,3077,NorESM2-MM,ssp245,2070s,0,60
3078,3078,NorESM2-MM,ssp245,2070s,1,177
3079,3079,NorESM2-MM,ssp245,2070s,2,375
3080,3080,NorESM2-MM,ssp245,2070s,3,427
3081,3081,NorESM2-MM,ssp245,2070s,4,324
3082,3082,NorESM2-MM,ssp245,2070s,5,216
3083,3083,NorESM2-MM,ssp245,2070s,6,314
3084,3084,NorESM2-MM,ssp245,2070s,7,186
3085,3085,NorESM2-MM,ssp245,2070s,8,276
3086,3086,NorESM2-MM,ssp245,2070s,9,208
3087,3087,NorESM2-MM,ssp245,2070s,10,276
3088,3088,NorESM2-MM,ssp245,2070s,11,233
3089,3089,NorESM2-MM,ssp245,2070s,12,154
3090,3090,NorESM2-MM,ssp245,2070s,13,187
3091,3091,NorESM2-MM,ssp245,2070s,14,181
3092,3092,NorESM2-MM,ssp245,2070s,15,58
3093,3093,NorESM2-MM,ssp245,2080s,0,65
3094,3094,NorESM2-MM,ssp245,2080s,1,199
3095,3095,NorESM2-MM,ssp245,2080s,2,339
3096,3096,NorESM2-MM,ssp245,2080s,3,449
3097,3097,NorESM2-MM,ssp245,2080s,4,312
3098,3098,NorESM2-MM,ssp245,2080s,5,240
3099,3099,NorESM2-MM,ssp245,2080s,6,322
3100,3100,NorESM2-MM,ssp245,2080s,7,149
3101,3101,NorESM2-MM,ssp245,2080s,8,257
3102,3102,NorESM2-MM,ssp245,2080s,9,164
3103,3103,NorESM2-MM,ssp245,2080s,10,227
3104,3104,NorESM2-MM,ssp245,2080s,11,192
3105,3105,NorESM2-MM,ssp245,2080s,12,188
3106,3106,NorESM2-MM,ssp245,2080s,13,243
3107,3107,NorESM2-MM,ssp245,2080s,14,205
3108,3108,NorESM2-MM,ssp245,2080s,15,102
3109,3109,NorESM2-MM,ssp245,2090s,0,65
3110,3110,NorESM2-MM,ssp245,2090s,1,218
3111,3111,NorESM2-MM,ssp245,2090s,2,381
3112,3112,NorESM2-MM,ssp245,2090s,3,384
3113,3113,NorESM2-MM,ssp245,2090s,4,330
3114,3114,NorESM2-MM,ssp245,2090s,5,211
3115,3115,NorESM2-MM,ssp245,2090s,6,340
3116,3116,NorESM2-MM,ssp245,2090s,7,173
3117,3117,NorESM2-MM,ssp245,2090s,8,307
3118,3118,NorESM2-MM,ssp245,2090s,9,212
3119,3119,NorESM2-MM,ssp245,2090s,10,255
3120,3120,NorESM2-MM,ssp245,2090s,11,226
3121,3121,NorESM2-MM,ssp245,2090s,12,148
3122,3122,NorESM2-MM,ssp245,2090s,13,192
3123,3123,NorESM2-MM,ssp245,2090s,14,158
3124,3124,NorESM2-MM,ssp245,2090s,15,52
3125,3125,NorESM2-MM,ssp245,2100s,0,14
3126,3126,NorESM2-MM,ssp245,2100s,1,24
3127,3127,NorESM2-MM,ssp245,2100s,2,29
3128,3128,NorESM2-MM,ssp245,2100s,3,36
3129,3129,NorESM2-MM,ssp245,2100s,4,25
3130,3130,NorESM2-MM,ssp245,2100s,5,26
3131,3131,NorESM2-MM,ssp245,2100s,6,27
3132,3132,NorESM2-MM,ssp245,2100s,7,16
3133,3133,NorESM2-MM,ssp245,2100s,8,29
3134,3134,NorESM2-MM,ssp245,2100s,9,22
3135,3135,NorESM2-MM,ssp245,2100s,10,34
3136,3136,NorESM2-MM,ssp245,2100s,11,22
3137,3137,NorESM2-MM,ssp245,2100s,12,17
3138,3138,NorESM2-MM,ssp245,2100s,13,20
3139,3139,NorESM2-MM,ssp245,2100s,14,19
3140,3140,NorESM2-MM,ssp245,2100s,15,5
3141,3141,NorESM2-MM,ssp370,2020s,0,136
3142,3142,NorESM2-MM,ssp370,2020s,1,293
3143,3143,NorESM2-MM,ssp370,2020s,2,370
3144,3144,NorESM2-MM,ssp370,2020s,3,414
3145,3145,NorESM2-MM,ssp370,2020s,4,311
3146,3146,NorESM2-MM,ssp370,2020s,5,205
3147,3147,NorESM2-MM,ssp370,2020s,6,346
3148,3148,NorESM2-MM,ssp370,2020s,7,201
3149,3149,NorESM2-MM,ssp370,2020s,8,277
3150,3150,NorESM2-MM,ssp370,2020s,9,235
3151,3151,NorESM2-MM,ssp370,2020s,10,261
3152,3152,NorESM2-MM,ssp370,2020s,11,243
3153,3153,NorESM2-MM,ssp370,2020s,12,89
3154,3154,NorESM2-MM,ssp370,2020s,13,170
3155,3155,NorESM2-MM,ssp370,2020s,14,70
3156,3156,NorESM2-MM,ssp370,2020s,15,32
3157,3157,NorESM2-MM,ssp370,2030s,0,111
3158,3158,NorESM2-MM,ssp370,2030s,1,239
3159,3159,NorESM2-MM,ssp370,2030s,2,356
3160,3160,NorESM2-MM,ssp370,2030s,3,436
3161,3161,NorESM2-MM,ssp370,2030s,4,341
3162,3162,NorESM2-MM,ssp370,2030s,5,233
3163,3163,NorESM2-MM,ssp370,2030s,6,341
3164,3164,NorESM2-MM,ssp370,2030s,7,183
3165,3165,NorESM2-MM,ssp370,2030s,8,270
3166,3166,NorESM2-MM,ssp370,2030s,9,216
3167,3167,NorESM2-MM,ssp370,2030s,10,251
3168,3168,NorESM2-MM,ssp370,2030s,11,207
3169,3169,NorESM2-MM,ssp370,2030s,12,138
3170,3170,NorESM2-MM,ssp370,2030s,13,181
3171,3171,NorESM2-MM,ssp370,2030s,14,124
3172,3172,NorESM2-MM,ssp370,2030s,15,25
3173,3173,NorESM2-MM,ssp370,2040s,0,71
3174,3174,NorESM2-MM,ssp370,2040s,1,231
3175,3175,NorESM2-MM,ssp370,2040s,2,355
3176,3176,NorESM2-MM,ssp370,2040s,3,412
3177,3177,NorESM2-MM,ssp370,2040s,4,299
3178,3178,NorESM2-MM,ssp370,2040s,5,233
3179,3179,NorESM2-MM,ssp370,2040s,6,333
3180,3180,NorESM2-MM,ssp370,2040s,7,191
3181,3181,NorESM2-MM,ssp370,2040s,8,300
3182,3182,NorESM2-MM,ssp370,2040s,9,227
3183,3183,NorESM2-MM,ssp370,2040s,10,271
3184,3184,NorESM2-MM,ssp370,2040s,11,233
3185,3185,NorESM2-MM,ssp370,2040s,12,135
3186,3186,NorESM2-MM,ssp370,2040s,13,188
3187,3187,NorESM2-MM,ssp370,2040s,14,145
3188,3188,NorESM2-MM,ssp370,2040s,15,29
3189,3189,NorESM2-MM,ssp370,2050s,0,92
3190,3190,NorESM2-MM,ssp370,2050s,1,258
3191,3191,NorESM2-MM,ssp370,2050s,2,357
3192,3192,NorESM2-MM,ssp370,2050s,3,380
3193,3193,NorESM2-MM,ssp370,2050s,4,304
3194,3194,NorESM2-MM,ssp370,2050s,5,217
3195,3195,NorESM2-MM,ssp370,2050s,6,303
3196,3196,NorESM2-MM,ssp370,2050s,7,154
3197,3197,NorESM2-MM,ssp370,2050s,8,278
3198,3198,NorESM2-MM,ssp370,2050s,9,188
3199,3199,NorESM2-MM,ssp370,2050s,10,269
3200,3200,NorESM2-MM,ssp370,2050s,11,235
3201,3201,NorESM2-MM,ssp370,2050s,12,169
3202,3202,NorESM2-MM,ssp370,2050s,13,206
3203,3203,NorESM2-MM,ssp370,2050s,14,183
3204,3204,NorESM2-MM,ssp370,2050s,15,59
3205,3205,NorESM2-MM,ssp370,2060s,0,59
3206,3206,NorESM2-MM,ssp370,2060s,1,189
3207,3207,NorESM2-MM,ssp370,2060s,2,330
3208,3208,NorESM2-MM,ssp370,2060s,3,402
3209,3209,NorESM2-MM,ssp370,2060s,4,352
3210,3210,NorESM2-MM,ssp370,2060s,5,210
3211,3211,NorESM2-MM,ssp370,2060s,6,344
3212,3212,NorESM2-MM,ssp370,2060s,7,175
3213,3213,NorESM2-MM,ssp370,2060s,8,280
3214,3214,NorESM2-MM,ssp370,2060s,9,172
3215,3215,NorESM2-MM,ssp370,2060s,10,231
3216,3216,NorESM2-MM,ssp370,2060s,11,196
3217,3217,NorESM2-MM,ssp370,2060s,12,168
3218,3218,NorESM2-MM,ssp370,2060s,13,245
3219,3219,NorESM2-MM,ssp370,2060s,14,205
3220,3220,NorESM2-MM,ssp370,2060s,15,95
3221,3221,NorESM2-MM,ssp370,2070s,0,28
3222,3222,NorESM2-MM,ssp370,2070s,1,136
3223,3223,NorESM2-MM,ssp370,2070s,2,275
3224,3224,NorESM2-MM,ssp370,2070s,3,385
3225,3225,NorESM2-MM,ssp370,2070s,4,396
3226,3226,NorESM2-MM,ssp370,2070s,5,200
3227,3227,NorESM2-MM,ssp370,2070s,6,429
3228,3228,NorESM2-MM,ssp370,2070s,7,169
3229,3229,NorESM2-MM,ssp370,2070s,8,285
3230,3230,NorESM2-MM,ssp370,2070s,9,202
3231,3231,NorESM2-MM,ssp370,2070s,10,253
3232,3232,NorESM2-MM,ssp370,2070s,11,218
3233,3233,NorESM2-MM,ssp370,2070s,12,177
3234,3234,NorESM2-MM,ssp370,2070s,13,235
3235,3235,NorESM2-MM,ssp370,2070s,14,185
3236,3236,NorESM2-MM,ssp370,2070s,15,79
3237,3237,NorESM2-MM,ssp370,2080s,0,15
3238,3238,NorESM2-MM,ssp370,2080s,1,150
3239,3239,NorESM2-MM,ssp370,2080s,2,277
3240,3240,NorESM2-MM,ssp370,2080s,3,393
3241,3241,NorESM2-MM,ssp370,2080s,4,346
3242,3242,NorESM2-MM,ssp370,2080s,5,190
3243,3243,NorESM2-MM,ssp370,2080s,6,393
3244,3244,NorESM2-MM,ssp370,2080s,7,185
3245,3245,NorESM2-MM,ssp370,2080s,8,288
3246,3246,NorESM2-MM,ssp370,2080s,9,201
3247,3247,NorESM2-MM,ssp370,2080s,10,270
3248,3248,NorESM2-MM,ssp370,2080s,11,196
3249,3249,NorESM2-MM,ssp370,2080s,12,153
3250,3250,NorESM2-MM,ssp370,2080s,13,238
3251,3251,NorESM2-MM,ssp370,2080s,14,231
3252,3252,NorESM2-MM,ssp370,2080s,15,127
3253,3253,NorESM2-MM,ssp370,2090s,0,15
3254,3254,NorESM2-MM,ssp370,2090s,1,112
3255,3255,NorESM2-MM,ssp370,2090s,2,273
3256,3256,NorESM2-MM,ssp370,2090s,3,350
3257,3257,NorESM2-MM,ssp370,2090s,4,364
3258,3258,NorESM2-MM,ssp370,2090s,5,228
3259,3259,NorESM2-MM,ssp370,2090s,6,411
3260,3260,NorESM2-MM,ssp370,2090s,7,191
3261,3261,NorESM2-MM,ssp370,2090s,8,308
3262,3262,NorESM2-MM,ssp370,2090s,9,162
3263,3263,NorESM2-MM,ssp370,2090s,10,234
3264,3264,NorESM2-MM,ssp370,2090s,11,205
3265,3265,NorESM2-MM,ssp370,2090s,12,196
3266,3266,NorESM2-MM,ssp370,2090s,13,218
3267,3267,NorESM2-MM,ssp370,2090s,14,247
3268,3268,NorESM2-MM,ssp370,2090s,15,138
3269,3269,NorESM2-MM,ssp370,2100s,1,2
3270,3270,NorESM2-MM,ssp370,2100s,2,26
3271,3271,NorESM2-MM,ssp370,2100s,3,37
3272,3272,NorESM2-MM,ssp370,2100s,4,40
3273,3273,NorESM2-MM,ssp370,2100s,5,31
3274,3274,NorESM2-MM,ssp370,2100s,6,47
3275,3275,NorESM2-MM,ssp370,2100s,7,15
3276,3276,NorESM2-MM,ssp370,2100s,8,28
3277,3277,NorESM2-MM,ssp370,2100s,9,16
3278,3278,NorESM2-MM,ssp370,2100s,10,26
3279,3279,NorESM2-MM,ssp370,2100s,11,7
3280,3280,NorESM2-MM,ssp370,2100s,12,22
3281,3281,NorESM2-MM,ssp370,2100s,13,21
3282,3282,NorESM2-MM,ssp370,2100s,14,35
3283,3283,NorESM2-MM,ssp370,2100s,15,12
3284,3284,NorESM2-MM,ssp585,2020s,0,151
3285,3285,NorESM2-MM,ssp585,2020s,1,223
3286,3286,NorESM2-MM,ssp585,2020s,2,366
3287,3287,NorESM2-MM,ssp585,2020s,3,469
3288,3288,NorESM2-MM,ssp585,2020s,4,314
3289,3289,NorESM2-MM,ssp585,2020s,5,243
3290,3290,NorESM2-MM,ssp585,2020s,6,288
3291,3291,NorESM2-MM,ssp585,2020s,7,164
3292,3292,NorESM2-MM,ssp585,2020s,8,280
3293,3293,NorESM2-MM,ssp585,2020s,9,205
3294,3294,NorESM2-MM,ssp585,2020s,10,264
3295,3295,NorESM2-MM,ssp585,2020s,11,202
3296,3296,NorESM2-MM,ssp585,2020s,12,128
3297,3297,NorESM2-MM,ssp585,2020s,13,185
3298,3298,NorESM2-MM,ssp585,2020s,14,143
3299,3299,NorESM2-MM,ssp585,2020s,15,28
3300,3300,NorESM2-MM,ssp585,2030s,0,70
3301,3301,NorESM2-MM,ssp585,2030s,1,208
3302,3302,NorESM2-MM,ssp585,2030s,2,351
3303,3303,NorESM2-MM,ssp585,2030s,3,387
3304,3304,NorESM2-MM,ssp585,2030s,4,359
3305,3305,NorESM2-MM,ssp585,2030s,5,254
3306,3306,NorESM2-MM,ssp585,2030s,6,346
3307,3307,NorESM2-MM,ssp585,2030s,7,200
3308,3308,NorESM2-MM,ssp585,2030s,8,253
3309,3309,NorESM2-MM,ssp585,2030s,9,190
3310,3310,NorESM2-MM,ssp585,2030s,10,254
3311,3311,NorESM2-MM,ssp585,2030s,11,208
3312,3312,NorESM2-MM,ssp585,2030s,12,153
3313,3313,NorESM2-MM,ssp585,2030s,13,207
3314,3314,NorESM2-MM,ssp585,2030s,14,150
3315,3315,NorESM2-MM,ssp585,2030s,15,62
3316,3316,NorESM2-MM,ssp585,2040s,0,41
3317,3317,NorESM2-MM,ssp585,2040s,1,197
3318,3318,NorESM2-MM,ssp585,2040s,2,335
3319,3319,NorESM2-MM,ssp585,2040s,3,449
3320,3320,NorESM2-MM,ssp585,2040s,4,337
3321,3321,NorESM2-MM,ssp585,2040s,5,242
3322,3322,NorESM2-MM,ssp585,2040s,6,294
3323,3323,NorESM2-MM,ssp585,2040s,7,184
3324,3324,NorESM2-MM,ssp585,2040s,8,260
3325,3325,NorESM2-MM,ssp585,2040s,9,179
3326,3326,NorESM2-MM,ssp585,2040s,10,260
3327,3327,NorESM2-MM,ssp585,2040s,11,217
3328,3328,NorESM2-MM,ssp585,2040s,12,139
3329,3329,NorESM2-MM,ssp585,2040s,13,224
3330,3330,NorESM2-MM,ssp585,2040s,14,202
3331,3331,NorESM2-MM,ssp585,2040s,15,93
3332,3332,NorESM2-MM,ssp585,2050s,0,41
3333,3333,NorESM2-MM,ssp585,2050s,1,210
3334,3334,NorESM2-MM,ssp585,2050s,2,353
3335,3335,NorESM2-MM,ssp585,2050s,3,439
3336,3336,NorESM2-MM,ssp585,2050s,4,351
3337,3337,NorESM2-MM,ssp585,2050s,5,214
3338,3338,NorESM2-MM,ssp585,2050s,6,318
3339,3339,NorESM2-MM,ssp585,2050s,7,181
3340,3340,NorESM2-MM,ssp585,2050s,8,267
3341,3341,NorESM2-MM,ssp585,2050s,9,204
3342,3342,NorESM2-MM,ssp585,2050s,10,232
3343,3343,NorESM2-MM,ssp585,2050s,11,208
3344,3344,NorESM2-MM,ssp585,2050s,12,149
3345,3345,NorESM2-MM,ssp585,2050s,13,206
3346,3346,NorESM2-MM,ssp585,2050s,14,198
3347,3347,NorESM2-MM,ssp585,2050s,15,81
3348,3348,NorESM2-MM,ssp585,2060s,0,59
3349,3349,NorESM2-MM,ssp585,2060s,1,159
3350,3350,NorESM2-MM,ssp585,2060s,2,354
3351,3351,NorESM2-MM,ssp585,2060s,3,458
3352,3352,NorESM2-MM,ssp585,2060s,4,332
3353,3353,NorESM2-MM,ssp585,2060s,5,205
3354,3354,NorESM2-MM,ssp585,2060s,6,338
3355,3355,NorESM2-MM,ssp585,2060s,7,140
3356,3356,NorESM2-MM,ssp585,2060s,8,240
3357,3357,NorESM2-MM,ssp585,2060s,9,165
3358,3358,NorESM2-MM,ssp585,2060s,10,206
3359,3359,NorESM2-MM,ssp585,2060s,11,209
3360,3360,NorESM2-MM,ssp585,2060s,12,184
3361,3361,NorESM2-MM,ssp585,2060s,13,244
3362,3362,NorESM2-MM,ssp585,2060s,14,211
3363,3363,NorESM2-MM,ssp585,2060s,15,149
3364,3364,NorESM2-MM,ssp585,2070s,0,43
3365,3365,NorESM2-MM,ssp585,2070s,1,171
3366,3366,NorESM2-MM,ssp585,2070s,2,324
3367,3367,NorESM2-MM,ssp585,2070s,3,373
3368,3368,NorESM2-MM,ssp585,2070s,4,306
3369,3369,NorESM2-MM,ssp585,2070s,5,203
3370,3370,NorESM2-MM,ssp585,2070s,6,347
3371,3371,NorESM2-MM,ssp585,2070s,7,171
3372,3372,NorESM2-MM,ssp585,2070s,8,271
3373,3373,NorESM2-MM,ssp585,2070s,9,181
3374,3374,NorESM2-MM,ssp585,2070s,10,222
3375,3375,NorESM2-MM,ssp585,2070s,11,208
3376,3376,NorESM2-MM,ssp585,2070s,12,187
3377,3377,NorESM2-MM,ssp585,2070s,13,253
3378,3378,NorESM2-MM,ssp585,2070s,14,250
3379,3379,NorESM2-MM,ssp585,2070s,15,142
3380,3380,NorESM2-MM,ssp585,2080s,0,45
3381,3381,NorESM2-MM,ssp585,2080s,1,127
3382,3382,NorESM2-MM,ssp585,2080s,2,283
3383,3383,NorESM2-MM,ssp585,2080s,3,366
3384,3384,NorESM2-MM,ssp585,2080s,4,338
3385,3385,NorESM2-MM,ssp585,2080s,5,181
3386,3386,NorESM2-MM,ssp585,2080s,6,363
3387,3387,NorESM2-MM,ssp585,2080s,7,152
3388,3388,NorESM2-MM,ssp585,2080s,8,277
3389,3389,NorESM2-MM,ssp585,2080s,9,171
3390,3390,NorESM2-MM,ssp585,2080s,10,189
3391,3391,NorESM2-MM,ssp585,2080s,11,200
3392,3392,NorESM2-MM,ssp585,2080s,12,229
3393,3393,NorESM2-MM,ssp585,2080s,13,249
3394,3394,NorESM2-MM,ssp585,2080s,14,274
3395,3395,NorESM2-MM,ssp585,2080s,15,209
3396,3396,NorESM2-MM,ssp585,2090s,0,27
3397,3397,NorESM2-MM,ssp585,2090s,1,95
3398,3398,NorESM2-MM,ssp585,2090s,2,214
3399,3399,NorESM2-MM,ssp585,2090s,3,361
3400,3400,NorESM2-MM,ssp585,2090s,4,379
3401,3401,NorESM2-MM,ssp585,2090s,5,184
3402,3402,NorESM2-MM,ssp585,2090s,6,421
3403,3403,NorESM2-MM,ssp585,2090s,7,160
3404,3404,NorESM2-MM,ssp585,2090s,8,270
3405,3405,NorESM2-MM,ssp585,2090s,9,146
3406,3406,NorESM2-MM,ssp585,2090s,10,228
3407,3407,NorESM2-MM,ssp585,2090s,11,154
3408,3408,NorESM2-MM,ssp585,2090s,12,233
3409,3409,NorESM2-MM,ssp585,2090s,13,238
3410,3410,NorESM2-MM,ssp585,2090s,14,311
3411,3411,NorESM2-MM,ssp585,2090s,15,231
3412,3412,NorESM2-MM,ssp585,2100s,0,1
3413,3413,NorESM2-MM,ssp585,2100s,1,14
3414,3414,NorESM2-MM,ssp585,2100s,2,30
3415,3415,NorESM2-MM,ssp585,2100s,3,46
3416,3416,NorESM2-MM,ssp585,2100s,4,19
3417,3417,NorESM2-MM,ssp585,2100s,5,20
3418,3418,NorESM2-MM,ssp585,2100s,6,19
3419,3419,NorESM2-MM,ssp585,2100s,7,15
3420,3420,NorESM2-MM,ssp585,2100s,8,25
3421,3421,NorESM2-MM,ssp585,2100s,9,16
3422,3422,NorESM2-MM,ssp585,2100s,10,16
3423,3423,NorESM2-MM,ssp585,2100s,11,15
3424,3424,NorESM2-MM,ssp585,2100s,12,19
3425,3425,NorESM2-MM,ssp585,2100s,13,32
3426,3426,NorESM2-MM,ssp585,2100s,14,44
3427,3427,NorESM2-MM,ssp585,2100s,15,34
