hour year,hour day,time,load
1,0,01/01/26 12:00 AM,1099999.74278524
2,1,01/01/26 01:00 AM,1103406.18867744
3,2,01/01/26 02:00 AM,1113394.37258655
4,3,01/01/26 03:00 AM,1129283.5685672
5,4,01/01/26 04:00 AM,1149990.89498262
6,5,01/01/26 05:00 AM,1174105.1067708
7,6,01/01/26 06:00 AM,1199982.76382302
8,7,01/01/26 07:00 AM,1225860.22214314
9,8,01/01/26 08:00 AM,1249973.81622271
10,9,01/01/26 09:00 AM,1270680.0428821
11,10,01/01/26 10:00 AM,1286567.55672776
12,11,01/01/26 11:00 AM,1296553.34536785
13,12,01/01/26 12:00 PM,1299956.53058876
14,13,01/01/26 01:00 PM,1296544.76635903
15,14,01/01/26 02:00 PM,1286550.0718991
16,15,01/01/26 03:00 PM,1270653.02088239
17,16,01/01/26 04:00 PM,1249936.36418447
18,17,01/01/26 05:00 PM,1225811.24652792
19,18,01/01/26 06:00 PM,1199921.04494172
20,19,01/01/26 07:00 PM,1174029.38190096
21,20,01/01/26 08:00 PM,1149899.94441863
22,21,01/01/26 09:00 PM,1129176.29873963
23,22,01/01/26 10:00 PM,1113269.89058647
24,23,01/01/26 11:00 PM,1103263.86310734
25,0,01/02/26 12:00 AM,1099839.24507298
26,1,01/02/26 01:00 AM,1103233.34538744
27,2,01/02/26 02:00 AM,1113209.18380773
28,3,01/02/26 03:00 AM,1129086.03439482
29,4,01/02/26 04:00 AM,1149781.01551829
30,5,01/02/26 05:00 AM,1173882.8821225
31,6,01/02/26 06:00 AM,1199748.19410507
32,7,01/02/26 07:00 AM,1225613.3074762
33,8,01/02/26 08:00 AM,1249714.5567338
34,9,01/02/26 09:00 AM,1270408.4387046
35,10,01/02/26 10:00 AM,1286283.60800138
36,11,01/02/26 11:00 AM,1296257.05223868
37,12,01/02/26 12:00 PM,1299647.8932092
38,13,01/02/26 01:00 PM,1296223.78488787
39,14,01/02/26 02:00 PM,1286216.74650145
40,15,01/02/26 03:00 PM,1270307.35172973
41,16,01/02/26 04:00 PM,1249578.35145462
42,17,01/02/26 05:00 PM,1225440.89040504
43,18,01/02/26 06:00 PM,1199538.34561635
44,19,01/02/26 07:00 PM,1173634.33956996
45,20,01/02/26 08:00 PM,1149492.55928523
46,21,01/02/26 09:00 PM,1128756.5710134
47,22,01/02/26 10:00 PM,1112837.82048333
48,23,01/02/26 11:00 PM,1102819.45084956
49,0,01/03/26 12:00 AM,1099382.49088917
50,1,01/03/26 01:00 AM,1102764.24951258
51,2,01/03/26 02:00 AM,1112727.74648313
52,3,01/03/26 03:00 AM,1128592.25586814
53,4,01/03/26 04:00 AM,1149274.89604356
54,5,01/03/26 05:00 AM,1173364.42196007
55,6,01/03/26 06:00 AM,1199217.39352165
56,7,01/03/26 07:00 AM,1225070.16674486
57,8,01/03/26 08:00 AM,1249159.07613394
58,9,01/03/26 09:00 AM,1269840.61852198
59,10,01/03/26 10:00 AM,1285703.4485281
60,11,01/03/26 11:00 AM,1295664.55377319
61,12,01/03/26 12:00 PM,1299043.05605631
62,13,01/03/26 01:00 PM,1295606.60935871
63,14,01/03/26 02:00 PM,1285587.23291353
64,15,01/03/26 03:00 PM,1269665.50040687
65,16,01/03/26 04:00 PM,1248924.16272702
66,17,01/03/26 05:00 PM,1224774.36460924
67,18,01/03/26 06:00 PM,1198859.48309522
68,19,01/03/26 07:00 PM,1172943.14067273
69,20,01/03/26 08:00 PM,1148789.02436747
70,21,01/03/26 09:00 PM,1128040.70043703
71,22,01/03/26 10:00 PM,1112109.61461662
72,23,01/03/26 11:00 PM,1102078.91006712
73,0,01/04/26 12:00 AM,1098629.61557195
74,1,01/04/26 01:00 AM,1101999.04004788
75,2,01/04/26 02:00 AM,1111950.2032646
76,3,01/04/26 03:00 AM,1127802.37929578
77,4,01/04/26 04:00 AM,1148472.6865237
78,5,01/04/26 05:00 AM,1172549.87990538
79,6,01/04/26 06:00 AM,1198390.51935117
80,7,01/04/26 07:00 AM,1224230.96088395
81,8,01/04/26 08:00 AM,1248307.53901431
82,9,01/04/26 09:00 AM,1268976.75058169
83,10,01/04/26 10:00 AM,1284827.25021155
84,11,01/04/26 11:00 AM,1294776.02553112
85,12,01/04/26 12:00 PM,1298142.19834581
86,13,01/04/26 01:00 PM,1294693.4226432
87,14,01/04/26 02:00 PM,1284661.71766278
88,15,01/04/26 03:00 PM,1268727.65709701
89,16,01/04/26 04:00 PM,1247973.99184048
90,17,01/04/26 05:00 PM,1223811.86663483
91,18,01/04/26 06:00 PM,1197884.65852807
92,19,01/04/26 07:00 PM,1171955.99001433
93,20,01/04/26 08:00 PM,1147789.54812563
94,21,01/04/26 09:00 PM,1127028.89912591
95,22,01/04/26 10:00 PM,1111085.48875673
96,23,01/04/26 11:00 PM,1101042.46018529
97,0,01/05/26 12:00 AM,1097580.84220137
98,1,01/05/26 01:00 AM,1100937.94372806
99,2,01/05/26 02:00 AM,1110876.7845414
100,3,01/05/26 03:00 AM,1126716.6387214
101,4,01/05/26 04:00 AM,1147374.62465668
102,5,01/05/26 05:00 AM,1171439.4973106
103,6,01/05/26 06:00 AM,1197267.81659983
104,7,01/05/26 07:00 AM,1223095.93855361
105,8,01/05/26 08:00 AM,1247160.19768886
106,9,01/05/26 09:00 AM,1267817.09085135
107,10,01/05/26 10:00 AM,1283655.27267289
108,11,01/05/26 11:00 AM,1293591.73078704
109,12,01/05/26 12:00 PM,1296945.58700553
110,13,01/05/26 01:00 PM,1293484.49532232
111,14,01/05/26 02:00 PM,1283440.47498319
112,15,01/05/26 03:00 PM,1267494.09968695
113,16,01/05/26 04:00 PM,1246728.12033454
114,17,01/05/26 05:00 PM,1222553.68167392
115,18,01/05/26 06:00 PM,1196614.16075944
116,19,01/05/26 07:00 PM,1170673.18009155
117,20,01/05/26 08:00 PM,1146494.42670863
118,21,01/05/26 09:00 PM,1125721.46688093
119,22,01/05/26 10:00 PM,1109765.74635635
120,23,01/05/26 11:00 PM,1099710.40830842
121,0,01/06/26 12:00 AM,1096236.48153327
122,1,01/06/26 01:00 AM,1099581.2749603
123,2,01/06/26 02:00 AM,1109507.8083719
124,3,01/06/26 03:00 AM,1125335.35585439
125,4,01/06/26 04:00 AM,1145981.03580274
126,5,01/06/26 05:00 AM,1170033.60318663
127,6,01/06/26 06:00 AM,1195849.61792907
128,7,01/06/26 07:00 AM,1221665.43606561
129,8,01/06/26 08:00 AM,1245717.39211953
130,9,01/06/26 09:00 AM,1266361.9829429
131,10,01/06/26 10:00 AM,1282187.86317387
132,11,01/06/26 11:00 AM,1292112.02045233
133,12,01/06/26 12:00 PM,1295453.57659635
134,13,01/06/26 01:00 PM,1291980.18560618
135,14,01/06/26 02:00 PM,1281923.86673397
136,15,01/06/26 03:00 PM,1265965.19368483
137,16,01/06/26 04:00 PM,1245186.91736604
138,17,01/06/26 05:00 PM,1221000.18253187
139,18,01/06/26 06:00 PM,1195048.36624301
140,19,01/06/26 07:00 PM,1169095.09100624
141,20,01/06/26 08:00 PM,1144904.04386624
142,21,01/06/26 09:00 PM,1124118.79109962
143,22,01/06/26 10:00 PM,1108150.77846057
144,23,01/06/26 11:00 PM,1098083.14912896
145,0,01/07/26 12:00 AM,1094596.93190724
146,1,01/07/26 01:00 AM,1097929.43573113
147,2,01/07/26 02:00 AM,1107843.68038935
148,3,01/07/26 03:00 AM,1123658.93997454
149,4,01/07/26 04:00 AM,1144292.33288797
150,5,01/07/26 05:00 AM,1168332.61410568
151,6,01/07/26 06:00 AM,1194136.34355697
152,7,01/07/26 07:00 AM,1219939.87728372
153,8,01/07/26 08:00 AM,1243979.54981552
154,9,01/07/26 09:00 AM,1264611.85801078
155,10,01/07/26 10:00 AM,1280425.45651395
156,11,01/07/26 11:00 AM,1290337.33297124
157,12,01/07/26 12:00 PM,1293666.60920705
158,13,01/07/26 01:00 PM,1290180.93922793
159,14,01/07/26 02:00 PM,1280112.34229236
160,15,01/07/26 03:00 PM,1264141.39211177
161,16,01/07/26 04:00 PM,1243350.83959974
162,17,01/07/26 05:00 PM,1219151.82951686
163,18,01/07/26 06:00 PM,1193187.73893014
164,19,01/07/26 07:00 PM,1167222.19035267
165,20,01/07/26 08:00 PM,1143018.87083545
166,21,01/07/26 09:00 PM,1122221.34666139
167,22,01/07/26 10:00 PM,1106241.063591
168,23,01/07/26 11:00 PM,1096161.16481048
169,0,01/08/26 12:00 AM,1092662.67912856
170,1,01/08/26 01:00 AM,1095982.9154873
171,2,01/08/26 02:00 AM,1105884.89368171
172,3,01/08/26 03:00 AM,1121687.88781074
173,4,01/08/26 04:00 AM,1142309.01628199
174,5,01/08/26 05:00 AM,1166337.03407779
175,6,01/08/26 06:00 AM,1192128.50113375
176,7,01/08/26 07:00 AM,1217919.77349808
177,8,01/08/26 08:00 AM,1241947.18570665
178,9,01/08/26 09:00 AM,1262567.23462419
179,10,01/08/26 10:00 AM,1278368.57490145
180,11,01/08/26 11:00 AM,1288268.19419096
181,12,01/08/26 12:00 PM,1291585.21432341
182,13,01/08/26 01:00 PM,1288087.28931167
183,14,01/08/26 02:00 PM,1278006.4384205
184,15,01/08/26 03:00 PM,1262023.23536766
185,16,01/08/26 04:00 PM,1241220.43107301
186,17,01/08/26 05:00 PM,1217009.17030347
187,18,01/08/26 06:00 PM,1191032.83013233
188,19,01/08/26 07:00 PM,1165055.03307899
189,20,01/08/26 08:00 PM,1140839.46620075
190,21,01/08/26 09:00 PM,1120029.69578682
191,22,01/08/26 10:00 PM,1104037.16760401
192,23,01/08/26 11:00 PM,1093945.02484482
193,0,01/09/26 12:00 AM,1090434.29632427
194,1,01/09/26 01:00 AM,1093742.29099074
195,2,01/09/26 02:00 AM,1103632.02864551
196,3,01/09/26 03:00 AM,1119422.78339385
197,4,01/09/26 04:00 AM,1140031.67364964
198,5,01/09/26 05:00 AM,1164047.45440151
199,6,01/09/26 06:00 AM,1189826.68559138
200,7,01/09/26 07:00 AM,1215605.72327373
201,8,01/09/26 08:00 AM,1239620.90199074
202,9,01/09/26 09:00 AM,1260228.71861343
203,10,01/09/26 10:00 AM,1276017.82779885
204,11,01/09/26 11:00 AM,1285905.2172058
205,12,01/09/26 12:00 PM,1289210.00867127
206,13,01/09/26 01:00 PM,1285699.85621444
207,14,01/09/26 02:00 PM,1275606.77910635
208,15,01/09/26 03:00 PM,1259611.35107102
209,16,01/09/26 04:00 PM,1238796.32303465
210,17,01/09/26 05:00 PM,1214572.83977041
211,18,01/09/26 06:00 PM,1188584.2783579
212,19,01/09/26 07:00 PM,1162594.26132279
213,20,01/09/26 08:00 PM,1138366.47572868
214,21,01/09/26 09:00 PM,1117544.48787105
215,22,01/09/26 10:00 PM,1101539.74352301
216,23,01/09/26 11:00 PM,1091435.38588334
217,0,01/10/26 12:00 AM,1087912.44377334
218,1,01/10/26 01:00 AM,1091208.22614767
219,2,01/10/26 02:00 AM,1101085.75281391
220,3,01/10/26 03:00 AM,1116864.29788359
221,4,01/10/26 04:00 AM,1137460.97977689
222,5,01/10/26 05:00 AM,1161464.5534887
223,6,01/10/26 06:00 AM,1187231.57896724
224,7,01/10/26 07:00 AM,1212998.41227325
225,8,01/10/26 08:00 AM,1237001.38795521
226,9,01/10/26 09:00 AM,1257597.00289039
227,10,01/10/26 10:00 AM,1273373.91174214
228,11,01/10/26 11:00 AM,1283249.10217553
229,12,01/10/26 12:00 PM,1286541.69603382
230,13,01/10/26 01:00 PM,1283019.34734247
231,14,01/10/26 02:00 PM,1272914.07537879
232,15,01/10/26 03:00 PM,1256906.45387309
233,16,01/10/26 04:00 PM,1236079.23375782
234,17,01/10/26 05:00 PM,1211843.55981243
235,18,01/10/26 06:00 PM,1185842.80912279
236,19,01/10/26 07:00 PM,1159840.60422085
237,20,01/10/26 08:00 PM,1135600.63217646
238,21,01/10/26 09:00 PM,1114766.45929139
239,22,01/10/26 10:00 PM,1098749.53134502
240,23,01/10/26 11:00 PM,1088632.99154237
241,0,01/11/26 12:00 AM,1085097.86871104
242,1,01/11/26 01:00 AM,1088381.47181193
243,2,01/11/26 02:00 AM,1098246.82065889
244,3,01/11/26 03:00 AM,1114013.18936973
245,4,01/11/26 04:00 AM,1134597.69637088
246,5,01/11/26 05:00 AM,1158589.09666351
247,6,01/11/26 06:00 AM,1184343.95020207
248,7,01/11/26 07:00 AM,1210098.61305359
249,8,01/11/26 08:00 AM,1234089.4197728
250,9,01/11/26 09:00 AM,1254672.86724324
251,10,01/11/26 10:00 AM,1270437.61013451
252,11,01/11/26 11:00 AM,1280300.63611794
253,12,01/11/26 12:00 PM,1283581.06704305
254,13,01/11/26 01:00 PM,1280046.55694155
255,14,01/11/26 02:00 PM,1269929.12509701
256,15,01/11/26 03:00 PM,1253909.345246
257,16,01/11/26 04:00 PM,1233069.96832722
258,17,01/11/26 05:00 PM,1208822.13912637
259,18,01/11/26 06:00 PM,1182809.23473559
260,19,01/11/26 07:00 PM,1156794.87769306
261,20,01/11/26 08:00 PM,1132542.7550749
262,21,01/11/26 09:00 PM,1111696.43318912
263,22,01/11/26 10:00 PM,1095667.35782134
264,23,01/11/26 11:00 PM,1085538.67218285
265,0,01/12/26 12:00 AM,1081991.40510749
266,1,01/12/26 01:00 AM,1085262.8655624
267,2,01/12/26 02:00 AM,1095116.0733677
268,3,01/12/26 03:00 AM,1110870.30264742
269,4,01/12/26 04:00 AM,1131442.67183424
270,5,01/12/26 05:00 AM,1155421.93593557
271,6,01/12/26 06:00 AM,1181164.65491213
272,7,01/12/26 07:00 AM,1206907.18483717
273,8,01/12/26 08:00 AM,1230885.86027166
274,9,01/12/26 09:00 AM,1251457.17810538
275,10,01/12/26 10:00 AM,1267209.79301418
276,11,01/12/26 11:00 AM,1277060.69267562
277,12,01/12/26 12:00 PM,1280328.99894547
278,13,01/12/26 01:00 PM,1276782.36586166
279,14,01/12/26 02:00 PM,1266652.81271402
280,15,01/12/26 03:00 PM,1250620.91324534
281,16,01/12/26 04:00 PM,1229769.41840054
282,17,01/12/26 05:00 PM,1205509.47297159
283,18,01/12/26 06:00 PM,1179484.45405683
284,19,01/12/26 07:00 PM,1153457.98420069
285,20,01/12/26 08:00 PM,1129193.75048552
286,21,01/12/26 09:00 PM,1108335.31922555
287,22,01/12/26 10:00 PM,1092294.13621264
288,23,01/12/26 11:00 PM,1082153.34466431
289,0,01/13/26 12:00 AM,1078593.97342062
290,1,01/13/26 01:00 AM,1081853.33145494
291,2,01/13/26 02:00 AM,1091694.4385936
292,3,01/13/26 03:00 AM,1107436.56896689
293,4,01/13/26 04:00 AM,1127996.84101368
294,5,01/13/26 05:00 AM,1151964.00974763
295,6,01/13/26 06:00 AM,1177694.63513566
296,7,01/13/26 07:00 AM,1203425.07325725
297,8,01/13/26 08:00 AM,1227391.65867959
298,9,01/13/26 09:00 AM,1247950.88829869
299,10,01/13/26 10:00 AM,1263691.4167966
300,11,01/13/26 11:00 AM,1273530.23185711
301,12,01/13/26 12:00 PM,1276786.4553422
302,13,01/13/26 01:00 PM,1273227.74129603
303,14,01/13/26 02:00 PM,1263086.10901463
304,15,01/13/26 03:00 PM,1247042.13224699
305,16,01/13/26 04:00 PM,1226178.56194429
306,17,01/13/26 05:00 PM,1201906.54290466
307,18,01/13/26 06:00 PM,1175869.45223268
308,19,01/13/26 07:00 PM,1149830.91247898
309,20,01/13/26 08:00 PM,1125554.61073213
310,21,01/13/26 09:00 PM,1104684.11331256
311,22,01/13/26 10:00 PM,1088630.86601834
312,23,01/13/26 11:00 PM,1078478.01207318
313,0,01/14/26 12:00 AM,1074906.58032337
314,1,01/14/26 01:00 AM,1078153.87974848
315,2,01/14/26 02:00 AM,1087982.93018103
316,3,01/14/26 03:00 AM,1103713.00575752
317,4,01/14/26 04:00 AM,1124261.22492302
318,5,01/14/26 05:00 AM,1148216.34269739
319,6,01/14/26 06:00 AM,1173934.91905376
320,7,01/14/26 07:00 AM,1199653.31007779
321,8,01/14/26 08:00 AM,1223607.85034288
322,9,01/14/26 09:00 AM,1244155.03675123
323,10,01/14/26 10:00 AM,1259883.52399109
324,11,01/14/26 11:00 AM,1269710.29975244
325,12,01/14/26 12:00 PM,1272954.48590346
326,13,01/14/26 01:00 PM,1269383.7364945
327,14,01/14/26 02:00 PM,1259230.07082777
328,15,01/14/26 03:00 PM,1243174.06265847
329,16,01/14/26 04:00 PM,1222298.46294395
330,17,01/14/26 05:00 PM,1198014.41648854
331,18,01/14/26 06:00 PM,1171965.30040301
332,19,01/14/26 07:00 PM,1145914.73724417
333,20,01/14/26 08:00 PM,1121626.41410677
334,21,01/14/26 09:00 PM,1100743.89731744
335,22,01/14/26 10:00 PM,1084678.63268041
336,23,01/14/26 11:00 PM,1074513.7634256
337,0,01/15/26 12:00 AM,1070930.31840546
338,1,01/15/26 01:00 AM,1074165.60660574
339,2,01/15/26 02:00 AM,1083982.64786516
340,3,01/15/26 03:00 AM,1099700.71632637
341,4,01/15/26 04:00 AM,1120236.93044064
342,5,01/15/26 05:00 AM,1144180.04523399
343,6,01/15/26 06:00 AM,1169886.62068573
344,7,01/15/26 07:00 AM,1195593.0128877
345,8,01/15/26 08:00 AM,1219535.55641946
346,9,01/15/26 09:00 AM,1240070.74818939
347,10,01/15/26 10:00 AM,1255787.24289191
348,11,01/15/26 11:00 AM,1265602.02822317
349,12,01/15/26 12:00 PM,1268834.22605752
350,13,01/15/26 01:00 PM,1265251.49045146
351,14,01/15/26 02:00 PM,1255085.84071339
352,15,01/15/26 03:00 PM,1239017.85060466
353,16,01/15/26 04:00 PM,1218130.27108879
354,17,01/15/26 05:00 PM,1193834.24697627
355,18,01/15/26 06:00 PM,1167773.15538403
356,19,01/15/26 07:00 PM,1141710.61887505
357,20,01/15/26 08:00 PM,1117410.32455023
358,21,01/15/26 09:00 PM,1096515.83874235
359,22,01/15/26 10:00 PM,1080438.60726183
360,23,01/15/26 11:00 PM,1070261.77334471
361,0,01/16/26 12:00 AM,1066666.36584961
362,1,01/16/26 01:00 AM,1069889.69376843
363,2,01/16/26 02:00 AM,1079694.77694605
364,3,01/16/26 03:00 AM,1095400.88953127
365,4,01/16/26 04:00 AM,1115925.14998151
366,5,01/16/26 05:00 AM,1139856.31332893
367,6,01/16/26 06:00 AM,1165550.93955899
368,7,01/16/26 07:00 AM,1191245.38476969
369,8,01/16/26 08:00 AM,1215175.98354674
370,9,01/16/26 09:00 AM,1235699.23280464
371,10,01/16/26 10:00 AM,1251403.78724397
372,11,01/16/26 11:00 AM,1261206.63456702
373,12,01/16/26 12:00 PM,1264426.89665427
374,13,01/16/26 01:00 PM,1260832.22756838
375,14,01/16/26 02:00 PM,1250654.64662387
376,15,01/16/26 03:00 PM,1234574.72758825
377,16,01/16/26 04:00 PM,1213675.22143115
378,17,01/16/26 05:00 PM,1189367.27296923
379,18,01/16/26 06:00 PM,1163294.25932552
380,19,01/16/26 07:00 PM,1137219.80306914
381,20,01/16/26 08:00 PM,1112907.59130714
382,21,01/16/26 09:00 PM,1092001.19037842
383,22,01/16/26 10:00 PM,1075912.04609951
384,23,01/16/26 11:00 PM,1065723.30171261
385,0,01/17/26 12:00 AM,1062115.98608246
386,1,01/17/26 01:00 AM,1065327.40820708
387,2,01/17/26 02:00 AM,1075120.58793746
388,3,01/17/26 03:00 AM,1090814.79942854
389,4,01/17/26 04:00 AM,1111327.16114387
390,5,01/17/26 05:00 AM,1135246.42812172
391,6,01/17/26 06:00 AM,1160929.16035367
392,7,01/17/26 07:00 AM,1186611.71394383
393,8,01/17/26 08:00 AM,1210530.42348404
394,9,01/17/26 09:00 AM,1231041.78589492
395,10,01/17/26 10:00 AM,1246734.45588315
396,11,01/17/26 11:00 AM,1256525.42115715
397,12,01/17/26 12:00 PM,1259733.8036035
398,13,01/17/26 01:00 PM,1256127.25729098
399,14,01/17/26 02:00 PM,1245937.80154022
400,15,01/17/26 03:00 PM,1229846.01012483
401,16,01/17/26 04:00 PM,1208934.63402055
402,17,01/17/26 05:00 PM,1184614.81805014
403,18,01/17/26 06:00 PM,1158529.93934275
404,19,01/17/26 07:00 PM,1132443.6204736
405,20,01/17/26 08:00 PM,1108119.54855584
406,21,01/17/26 09:00 PM,1087201.28993446
407,22,01/17/26 10:00 PM,1071100.29043212
408,23,01/17/26 11:00 PM,1060899.69329709
409,0,01/18/26 12:00 AM,1057280.5274002
410,1,01/18/26 01:00 AM,1060480.1017456
411,2,01/18/26 02:00 AM,1070261.43619036
412,3,01/18/26 03:00 AM,1085943.80489551
413,4,01/18/26 04:00 AM,1106444.32633068
414,5,01/18/26 05:00 AM,1130351.75554025
415,6,01/18/26 06:00 AM,1156022.65252189
416,7,01/18/26 07:00 AM,1181693.3733858
417,8,01/18/26 08:00 AM,1205600.25272988
418,9,01/18/26 09:00 AM,1226099.78748087
419,10,01/18/26 10:00 AM,1241780.63235152
420,11,01/18/26 11:00 AM,1251559.77505632
421,12,01/18/26 12:00 PM,1254756.33748796
422,13,01/18/26 01:00 PM,1251137.97372127
423,14,01/18/26 02:00 PM,1240936.70308298
424,15,01/18/26 03:00 PM,1224833.09935278
425,16,01/18/26 04:00 PM,1203909.91351248
426,17,01/18/26 05:00 PM,1179578.29039091
427,18,01/18/26 06:00 PM,1153481.6071233
428,19,01/18/26 07:00 PM,1127383.48629094
429,20,01/18/26 08:00 PM,1103047.61501304
430,21,01/18/26 09:00 PM,1082117.55964069
431,22,01/18/26 10:00 PM,1066004.76600259
432,23,01/18/26 11:00 PM,1055792.3773531
433,0,01/19/26 12:00 AM,1052161.4225691
434,1,01/19/26 01:00 AM,1055349.2106608
435,2,01/19/26 02:00 AM,1065118.76149135
436,3,01/19/26 03:00 AM,1080789.34922783
437,4,01/19/26 04:00 AM,1101278.09234594
438,5,01/19/26 05:00 AM,1125173.74589611
439,6,01/19/26 06:00 AM,1150832.86988207
440,7,01/19/26 07:00 AM,1176491.82042008
441,8,01/19/26 08:00 AM,1200386.93211409
442,9,01/19/26 09:00 AM,1220874.70189689
443,10,01/19/26 10:00 AM,1236543.7844873
444,11,01/19/26 11:00 AM,1246311.16760585
445,12,01/19/26 12:00 PM,1249495.97315127
446,13,01/19/26 01:00 PM,1245865.85520445
447,14,01/19/26 02:00 PM,1235652.83309816
448,15,01/19/26 03:00 PM,1219537.48061814
449,16,01/19/26 04:00 PM,1198602.54875224
450,17,01/19/26 05:00 PM,1174259.18233534
451,18,01/19/26 06:00 PM,1148150.75850871
452,19,01/19/26 07:00 PM,1122040.89985967
453,20,01/19/26 08:00 PM,1097693.29351348
454,21,01/19/26 09:00 PM,1076751.50582726
455,22,01/19/26 10:00 PM,1060626.98263574
456,23,01/19/26 11:00 PM,1050402.86719932
457,0,01/20/26 12:00 AM,1046760.18840092
458,1,01/20/26 01:00 AM,1049936.25525677
459,2,01/20/26 02:00 AM,1059694.08763606
460,3,01/20/26 03:00 AM,1075352.95971189
461,4,01/20/26 04:00 AM,1095829.98996598
462,5,01/20/26 05:00 AM,1119713.93345481
463,6,01/20/26 06:00 AM,1145361.3501881
464,7,01/20/26 07:00 AM,1171008.59628816
465,8,01/20/26 08:00 AM,1194892.00636496
466,9,01/20/26 09:00 AM,1215368.0773573
467,10,01/20/26 10:00 AM,1231025.46399001
468,11,01/20/26 11:00 AM,1240781.15398965
469,12,01/20/26 12:00 PM,1243954.26926097
470,13,01/20/26 01:00 PM,1240312.46389087
471,14,01/20/26 02:00 PM,1230087.75721812
472,15,01/20/26 03:00 PM,1213960.72303447
473,16,01/20/26 04:00 PM,1193014.11233381
474,17,01/20/26 05:00 PM,1168659.06995699
475,18,01/20/26 06:00 PM,1142538.97305131
476,19,01/20/26 07:00 PM,1116417.44421008
477,20,01/20/26 08:00 PM,1092058.17056458
478,21,01/20/26 09:00 PM,1071104.71847792
479,22,01/20/26 10:00 PM,1054968.53379084
480,23,01/20/26 11:00 PM,1044732.75976973
481,0,01/21/26 12:00 AM,1041078.42530351
482,1,01/21/26 01:00 AM,1044242.83941441
483,2,01/21/26 02:00 AM,1053989.0219776
484,3,01/21/26 03:00 AM,1069636.24717219
485,4,01/21/26 04:00 AM,1090101.63348589
486,5,01/21/26 05:00 AM,1113973.93598116
487,6,01/21/26 06:00 AM,1139609.71467373
488,7,01/21/26 07:00 AM,1165245.32569186
489,8,01/21/26 08:00 AM,1189117.10365154
490,9,01/21/26 09:00 AM,1209581.54549753
491,10,01/21/26 10:00 AM,1225227.30596066
492,11,01/21/26 11:00 AM,1234971.37277347
493,12,01/21/26 12:00 PM,1238132.86784667
494,13,01/21/26 01:00 PM,1234479.44527315
495,14,01/21/26 02:00 PM,1224243.12439767
496,15,01/21/26 03:00 PM,1208104.47901794
497,16,01/21/26 04:00 PM,1187146.26013381
498,17,01/21/26 05:00 PM,1162779.61259214
499,18,01/21/26 06:00 PM,1136647.91354615
500,19,01/21/26 07:00 PM,1110514.78559517
501,20,01/21/26 08:00 PM,1086143.9158764
502,21,01/21/26 09:00 PM,1065178.87075895
503,22,01/21/26 10:00 PM,1049031.09608951
504,23,01/21/26 11:00 PM,1038783.73514043
505,0,01/22/26 12:00 AM,1035117.81680659
506,1,01/22/26 01:00 AM,1038270.65011619
507,2,01/22/26 02:00 AM,1048005.25495035
508,3,01/22/26 03:00 AM,1063640.90549414
509,4,01/22/26 04:00 AM,1084094.72024122
510,5,01/22/26 05:00 AM,1107955.45425999
511,6,01/22/26 06:00 AM,1133579.66757215
512,7,01/22/26 07:00 AM,1159203.71631192
513,8,01/22/26 08:00 AM,1183063.93510121
514,9,01/22/26 09:00 AM,1203516.82089074
515,10,01/22/26 10:00 AM,1219151.02841728
516,11,01/22/26 11:00 AM,1228883.54541931
517,12,01/22/26 12:00 PM,1232033.4938135
518,13,01/22/26 01:00 PM,1228368.52769867
519,14,01/22/26 02:00 PM,1218120.66642551
520,15,01/22/26 03:00 PM,1201970.48379767
521,16,01/22/26 04:00 PM,1181000.73082095
522,17,01/22/26 05:00 PM,1156622.55234812
523,18,01/22/26 06:00 PM,1130479.32553835
524,19,01/22/26 07:00 PM,1104334.67299689
525,20,01/22/26 08:00 PM,1079952.28186688
526,21,01/22/26 09:00 PM,1058975.71852334
527,22,01/22/26 10:00 PM,1042816.4288189
528,23,01/22/26 11:00 PM,1032557.55603183
529,0,01/23/26 12:00 AM,1028880.12906293
530,1,01/23/26 01:00 AM,1032021.45694632
531,2,01/23/26 02:00 AM,1041744.55956904
532,3,01/23/26 03:00 AM,1057368.71112206
533,4,01/23/26 04:00 AM,1077811.03010499
534,5,01/23/26 05:00 AM,1101660.27159213
535,6,01/23/26 06:00 AM,1127272.99561108
536,7,01/23/26 07:00 AM,1152885.55830197
537,8,01/23/26 08:00 AM,1176734.29429264
538,9,01/23/26 09:00 AM,1197175.7005397
539,10,01/23/26 10:00 AM,1212798.43178583
540,11,01/23/26 11:00 AM,1222519.47577542
541,12,01/23/26 12:00 PM,1225657.95443102
542,13,01/23/26 01:00 PM,1221981.52185737
543,14,01/23/26 02:00 PM,1211722.19741106
544,15,01/23/26 03:00 PM,1195560.55490163
545,16,01/23/26 04:00 PM,1174579.34534077
546,17,01/23/26 05:00 PM,1150189.71358716
547,18,01/23/26 06:00 PM,1124035.03680585
548,19,01/23/26 07:00 PM,1097878.93760798
549,20,01/23/26 08:00 PM,1073485.10314259
550,21,01/23/26 09:00 PM,1052497.09979057
551,22,01/23/26 10:00 PM,1036326.37341043
552,23,01/23/26 11:00 PM,1026056.06728635
553,0,01/24/26 12:00 AM,1022367.210325
554,1,01/24/26 01:00 AM,1025497.11156637
555,2,01/24/26 02:00 AM,1035208.79090339
556,3,01/24/26 03:00 AM,1050821.52253291
557,4,01/24/26 04:00 AM,1071252.42496039
558,5,01/24/26 05:00 AM,1095090.25326603
559,6,01/24/26 06:00 AM,1120691.56748329
560,7,01/24/26 07:00 AM,1146292.72375818
561,8,01/24/26 08:00 AM,1170130.05672438
562,9,01/24/26 09:00 AM,1190560.0633444
563,10,01/24/26 10:00 AM,1206171.39836676
564,11,01/24/26 11:00 AM,1215881.04954173
565,12,01/24/26 12:00 PM,1219008.13879771
566,13,01/24/26 01:00 PM,1215320.3202453
567,14,01/24/26 02:00 PM,1205049.61324695
568,15,01/24/26 03:00 PM,1188876.59161805
569,16,01/24/26 04:00 PM,1167884.00637616
570,17,01/24/26 05:00 PM,1143483.00238578
571,18,01/24/26 06:00 PM,1117316.95681785
572,19,01/24/26 07:00 PM,1091149.49228933
573,20,01/24/26 08:00 PM,1066744.29595511
574,21,01/24/26 09:00 PM,1045744.93420193
575,22,01/24/26 10:00 PM,1029562.85289416
576,23,01/24/26 11:00 PM,1019281.19532179
577,0,01/25/26 12:00 AM,1015580.99039734
578,1,01/25/26 01:00 AM,1018699.54716666
579,2,01/25/26 02:00 AM,1028399.88552848
580,3,01/25/26 03:00 AM,1044001.27968551
581,4,01/25/26 04:00 AM,1064420.84814904
582,5,01/25/26 05:00 AM,1088247.34600509
583,6,01/25/26 06:00 AM,1113837.33329295
584,7,01/25/26 07:00 AM,1139427.16616446
585,8,01/25/26 08:00 AM,1163253.17925913
586,9,01/25/26 09:00 AM,1183671.86954529
587,10,01/25/26 10:00 AM,1199271.89177728
588,11,01/25/26 11:00 AM,1208970.23371118
589,12,01/25/26 12:00 PM,1212086.01728123
590,13,01/25/26 01:00 PM,1208386.89660383
591,14,01/25/26 02:00 PM,1198104.89104725
592,15,01/25/26 03:00 PM,1181920.57443269
593,16,01/25/26 04:00 PM,1160916.69778351
594,17,01/25/26 05:00 PM,1136504.40597004
595,18,01/25/26 06:00 PM,1110327.07616901
596,19,01/25/26 07:00 PM,1084148.33100319
597,20,01/25/26 08:00 PM,1059731.85763328
598,21,01/25/26 09:00 PM,1038721.22245182
599,22,01/25/26 10:00 PM,1022527.87132897
600,23,01/25/26 11:00 PM,1012234.94756051
601,0,01/26/26 12:00 AM,1008523.48006479
602,1,01/26/26 01:00 AM,1011630.77789341
603,2,01/26/26 02:00 AM,1021319.86095093
604,3,01/26/26 03:00 AM,1036910.00344583
605,4,01/26/26 04:00 AM,1057318.32389519
606,5,01/26/26 05:00 AM,1081133.57739081
607,6,01/26/26 06:00 AM,1106712.32397779
608,7,01/26/26 07:00 AM,1132290.91981372
609,8,01/26/26 08:00 AM,1156105.69954391
610,9,01/26/26 09:00 AM,1176513.16014246
611,10,01/26/26 10:00 AM,1192101.9563695
612,11,01/26/26 11:00 AM,1201789.07598688
613,12,01/26/26 12:00 PM,1204893.6409346
614,13,01/26/26 01:00 PM,1201183.30533484
615,14,01/26/26 02:00 PM,1190890.08856164
616,15,01/26/26 03:00 PM,1174694.56444198
617,16,01/26/26 04:00 PM,1153679.48400496
618,17,01/26/26 05:00 PM,1129255.99212669
619,18,01/26/26 06:00 PM,1103067.46598966
620,19,01/26/26 07:00 PM,1076877.5282224
621,20,01/26/26 08:00 PM,1052449.86599136
622,21,01/26/26 09:00 PM,1031428.04569484
623,22,01/26/26 10:00 PM,1015223.51320876
624,23,01/26/26 11:00 PM,1004919.41183465
625,0,01/27/26 12:00 AM,1001196.7704966
626,1,01/27/26 01:00 AM,1004292.89825198
627,2,01/27/26 02:00 AM,1013970.81501107
628,3,01/27/26 03:00 AM,1029549.7949881
629,4,01/27/26 04:00 AM,1049946.95670591
630,5,01/27/26 05:00 AM,1073751.05526203
631,6,01/27/26 06:00 AM,1099318.65070729
632,7,01/27/26 07:00 AM,1124886.09920503
633,8,01/27/26 08:00 AM,1148689.73540629
634,9,01/27/26 09:00 AM,1169086.05629089
635,10,01/27/26 10:00 AM,1184663.71662471
636,11,01/27/26 11:00 AM,1194339.70417531
637,12,01/27/26 12:00 PM,1197433.14088844
638,13,01/27/26 01:00 PM,1193711.68089199
639,14,01/27/26 02:00 PM,1183407.34356572
640,15,01/27/26 03:00 PM,1167200.70274233
641,16,01/27/26 04:00 PM,1146174.50945665
642,17,01/27/26 05:00 PM,1121739.90859051
643,18,01/27/26 06:00 PM,1095540.27733209
644,19,01/27/26 07:00 PM,1069339.23831565
645,20,01/27/26 08:00 PM,1044900.47871335
646,21,01/27/26 09:00 PM,1023867.56492921
647,22,01/27/26 10:00 PM,1007651.94284483
648,23,01/27/26 11:00 PM,997336.755767466
649,0,01/28/26 12:00 AM,993603.032626901
650,1,01/28/26 01:00 AM,996688.082486202
651,2,01/28/26 02:00 AM,1006354.92526137
652,3,01/28/26 03:00 AM,1021922.83517231
653,4,01/28/26 04:00 AM,1042308.93074756
654,5,01/28/26 05:00 AM,1066101.96709035
655,6,01/28/26 06:00 AM,1091658.50425719
656,7,01/28/26 07:00 AM,1117214.89841712
657,8,01/28/26 08:00 AM,1141007.48422686
658,9,01/28/26 09:00 AM,1161392.75867193
659,10,01/28/26 10:00 AM,1176959.37652387
660,11,01/28/26 11:00 AM,1186624.32555593
661,12,01/28/26 12:00 PM,1189706.72771954
662,13,01/28/26 01:00 PM,1185974.23714826
663,14,01/28/26 02:00 PM,1175658.87322753
664,15,01/28/26 03:00 PM,1159441.20979573
665,16,01/28/26 04:00 PM,1138403.99789335
666,17,01/28/26 05:00 PM,1113958.38240788
667,18,01/28/26 06:00 PM,1087747.74053318
668,19,01/28/26 07:00 PM,1061535.69490918
669,20,01/28/26 08:00 PM,1037085.93271369
670,21,01/28/26 09:00 PM,1016042.02035639
671,22,01/28/26 10:00 PM,999815.403724543
672,23,01/28/26 11:00 PM,989489.226131061
673,0,01/29/26 12:00 AM,985744.516511377
674,1,01/29/26 01:00 AM,988818.583934212
675,2,01/29/26 02:00 AM,998474.448321212
676,3,01/29/26 03:00 AM,1014031.38389794
677,4,01/29/26 04:00 AM,1034406.50919857
678,5,01/29/26 05:00 AM,1058188.57933199
679,6,01/29/26 06:00 AM,1083734.15436033
680,7,01/29/26 07:00 AM,1109279.59045828
681,8,01/29/26 08:00 AM,1133061.2222882
682,9,01/29/26 09:00 AM,1153435.54684123
683,10,01/29/26 10:00 AM,1168991.21889457
684,11,01/29/26 11:00 AM,1178645.22622708
685,12,01/29/26 12:00 PM,1181716.69079582
686,13,01/29/26 01:00 PM,1177973.26673999
687,14,01/29/26 02:00 PM,1167646.97345064
688,15,01/29/26 03:00 PM,1151418.38477177
689,16,01/29/26 04:00 PM,1130370.25174951
690,17,01/29/26 05:00 PM,1105913.71927695
691,18,01/29/26 06:00 PM,1079692.16455358
692,19,01/29/26 07:00 PM,1053469.21022493
693,20,01/29/26 08:00 PM,1029008.54347443
694,21,01/29/26 09:00 PM,1007953.73071736
695,22,01/29/26 10:00 PM,991716.217846606
696,23,01/29/26 11:00 PM,981379.148180676
697,0,01/30/26 12:00 AM,977623.550660607
698,1,01/30/26 01:00 AM,980686.734360722
699,2,01/30/26 02:00 AM,990331.719208265
700,3,01/30/26 03:00 AM,1005877.7794344
701,4,01/30/26 04:00 AM,1026242.03357889
702,5,01/30/26 05:00 AM,1050013.23675621
703,6,01/30/26 06:00 AM,1075547.94903409
704,7,01/30/26 07:00 AM,1101082.52659281
705,8,01/30/26 08:00 AM,1124853.30410031
706,9,01/30/26 09:00 AM,1145216.77855332
707,10,01/30/26 10:00 AM,1160761.60473461
708,11,01/30/26 11:00 AM,1170404.77042863
709,12,01/30/26 12:00 PM,1173465.39759801
710,13,01/30/26 01:00 PM,1169711.14038754
711,14,01/30/26 02:00 PM,1159374.01819382
712,15,01/30/26 03:00 PM,1143134.60486644
713,16,01/30/26 04:00 PM,1122075.65145709
714,17,01/30/26 05:00 PM,1097608.30286442
715,18,01/30/26 06:00 PM,1071375.9362935
716,19,01/30/26 07:00 PM,1045142.17439541
717,20,01/30/26 08:00 PM,1020670.70435914
718,21,01/30/26 09:00 PM,999605.092605538
719,22,01/30/26 10:00 PM,983356.785033032
720,23,01/30/26 11:00 PM,973008.92496569
721,0,01/31/26 12:00 AM,969242.5413501
722,1,01/31/26 01:00 AM,972294.943266132
723,2,01/31/26 02:00 AM,981929.150646577
724,3,01/31/26 03:00 AM,997464.437728144
725,4,01/31/26 04:00 AM,1017817.92305614
726,5,01/31/26 05:00 AM,1041578.36175057
727,6,01/31/26 06:00 AM,1067102.31388472
728,7,01/31/26 07:00 AM,1092626.13564438
729,8,01/31/26 08:00 AM,1116386.16170305
730,9,01/31/26 09:00 AM,1136738.88906297
731,10,01/31/26 10:00 AM,1152272.97251245
732,11,01/31/26 11:00 AM,1161905.39984146
733,12,01/31/26 12:00 PM,1164955.29301816
734,13,01/31/26 01:00 PM,1161190.30619285
735,14,01/31/26 02:00 PM,1150842.45876768
736,15,01/31/26 03:00 PM,1134592.32459772
737,16,01/31/26 04:00 PM,1113522.65474019
738,17,01/31/26 05:00 PM,1089044.59409927
739,18,01/31/26 06:00 PM,1062801.51988551
740,19,01/31/26 07:00 PM,1036557.05475551
741,20,01/31/26 08:00 PM,1012074.88590378
742,21,01/31/26 09:00 PM,990998.579756652
743,22,01/31/26 10:00 PM,974739.582218069
744,23,01/31/26 11:00 PM,964381.036617593
745,0,02/01/26 12:00 AM,960603.971907309
746,1,02/01/26 01:00 AM,963645.697172583
747,2,02/01/26 02:00 AM,973269.232351698
748,3,02/01/26 03:00 AM,988793.851686851
749,4,02/01/26 04:00 AM,1009136.67372884
750,5,02/01/26 05:00 AM,1032886.45360315
751,6,02/01/26 06:00 AM,1058399.75138856
752,7,02/01/26 07:00 AM,1083912.92327634
753,8,02/01/26 08:00 AM,1107662.30394545
754,9,02/01/26 09:00 AM,1128004.39040363
755,10,02/01/26 10:00 AM,1143527.83744464
756,11,02/01/26 11:00 AM,1153149.63286395
757,12,02/01/26 12:00 PM,1156188.89863518
758,13,02/01/26 01:00 PM,1152413.28891408
759,14,02/01/26 02:00 PM,1142054.82310827
760,15,02/01/26 03:00 PM,1125794.07507831
761,16,02/01/26 04:00 PM,1104713.79588684
762,17,02/01/26 05:00 PM,1080225.13044353
763,18,02/01/26 06:00 PM,1053971.45596437
764,19,02/01/26 07:00 PM,1027716.39511142
765,20,02/01/26 08:00 PM,1003223.63508462
766,21,02/01/26 09:00 PM,982136.742315782
767,22,02/01/26 10:00 PM,965867.162714275
768,23,02/01/26 11:00 PM,955498.03961511
769,0,02/02/26 12:00 AM,951710.401975813
770,1,02/02/26 01:00 AM,954741.558887188
771,2,02/02/26 02:00 AM,964354.530292956
772,3,02/02/26 03:00 AM,979868.590440748
773,4,02/02/26 04:00 AM,1000200.85788679
774,5,02/02/26 05:00 AM,1023940.08776201
775,6,02/02/26 06:00 AM,1049442.84015059
776,7,02/02/26 07:00 AM,1074945.47124925
777,8,02/02/26 08:00 AM,1098684.31574237
778,9,02/02/26 09:00 AM,1119015.87064309
779,10,02/02/26 10:00 AM,1134528.79075061
780,11,02/02/26 11:00 AM,1144140.0638658
781,12,02/02/26 12:00 PM,1147168.81196769
782,13,02/02/26 01:00 PM,1143382.68921746
783,14,02/02/26 02:00 PM,1133013.71502812
784,15,02/02/26 03:00 PM,1116742.46326564
785,16,02/02/26 04:00 PM,1095651.68499808
786,17,02/02/26 05:00 PM,1071152.52514049
787,18,02/02/26 06:00 PM,1044888.36091426
788,19,02/02/26 07:00 PM,1018622.81498686
789,20,02/02/26 08:00 PM,994119.574563619
790,21,02/02/26 09:00 PM,973022.20608173
791,22,02/02/26 10:00 PM,956742.155455961
792,23,02/02/26 11:00 PM,946362.566026707
793,0,02/03/26 12:00 AM,942564.466756879
794,1,02/03/26 01:00 AM,945585.166742662
795,2,02/03/26 02:00 AM,955187.685933157
796,3,02/03/26 03:00 AM,970691.298581371
797,4,02/03/26 04:00 AM,991013.123248904
798,5,02/03/26 05:00 AM,1014741.91507206
799,6,02/03/26 06:00 AM,1040234.23414039
800,7,02/03/26 07:00 AM,1065726.43665597
801,8,02/03/26 08:00 AM,1089454.85730855
802,9,02/03/26 09:00 AM,1109775.99311665
803,10,02/03/26 10:00 AM,1125278.49888481
804,11,02/03/26 11:00 AM,1134879.36241926
805,12,02/03/26 12:00 PM,1137897.70570439
806,13,02/03/26 01:00 PM,1134101.18290673
807,14,02/03/26 02:00 PM,1123721.81344465
808,15,02/03/26 03:00 PM,1107440.17118945
809,16,02/03/26 04:00 PM,1086339.00721455
810,17,02/03/26 05:00 PM,1061829.46644032
811,18,02/03/26 06:00 PM,1035554.92609353
812,19,02/03/26 07:00 PM,1009279.00884695
813,20,02/03/26 08:00 PM,984765.401911261
814,21,02/03/26 09:00 PM,963657.671728987
815,22,02/03/26 10:00 PM,947367.264220226
816,23,02/03/26 11:00 PM,936977.322730701
817,0,02/04/26 12:00 AM,933168.876228648
818,1,02/04/26 01:00 AM,936179.233815575
819,2,02/04/26 02:00 AM,945771.415445905
820,3,02/04/26 03:00 AM,961264.695377961
821,4,02/04/26 04:00 AM,981576.192178658
822,5,02/04/26 05:00 AM,1005294.66098961
823,6,02/04/26 06:00 AM,1030776.66190569
824,7,02/04/26 07:00 AM,1056258.55113428
825,8,02/04/26 08:00 AM,1079976.66337042
826,9,02/04/26 09:00 AM,1100287.49563794
827,10,02/04/26 10:00 AM,1115779.70274669
828,11,02/04/26 11:00 AM,1125370.27250819
829,12,02/04/26 12:00 PM,1128378.32691212
830,13,02/04/26 01:00 PM,1124571.52013032
831,14,02/04/26 02:00 PM,1114181.87158643
832,15,02/04/26 03:00 PM,1097889.95515706
833,16,02/04/26 04:00 PM,1076778.52192089
834,17,02/04/26 05:00 PM,1052258.71680359
835,18,02/04/26 06:00 PM,1025973.9170372
836,19,02/04/26 07:00 PM,999687.745299788
837,20,02/04/26 08:00 PM,975163.888807293
838,21,02/04/26 09:00 PM,954045.914007512
839,22,02/04/26 10:00 PM,937745.266825816
840,23,02/04/26 11:00 PM,927345.090613195
841,0,02/05/26 12:00 AM,923526.414343152
842,1,02/05/26 01:00 AM,926526.547122455
843,2,02/05/26 02:00 AM,936108.508910787
844,3,02/05/26 03:00 AM,951591.573971732
845,4,02/05/26 04:00 AM,971892.860877456
846,5,02/05/26 05:00 AM,995601.124774829
847,6,02/05/26 06:00 AM,1021072.92576397
848,7,02/05/26 07:00 AM,1046544.6200575
849,8,02/05/26 08:00 AM,1070252.54235572
850,9,02/05/26 09:00 AM,1090553.1896877
851,10,02/05/26 10:00 AM,1106035.21686852
852,11,02/05/26 11:00 AM,1115615.61171494
853,12,02/05/26 12:00 PM,1118613.49622188
854,13,02/05/26 01:00 PM,1114796.52456641
855,14,02/05/26 02:00 PM,1104396.71617739
856,15,02/05/26 03:00 PM,1088094.64493666
857,16,02/05/26 04:00 PM,1066973.06192813
858,17,02/05/26 05:00 PM,1042443.11208269
859,18,02/05/26 06:00 PM,1016148.1726376
860,19,02/05/26 07:00 PM,989851.866276132
861,20,02/05/26 08:00 PM,965317.880219452
862,21,02/05/26 09:00 PM,944189.780920564
863,22,02/05/26 10:00 PM,927879.014310046
864,23,02/05/26 11:00 PM,917468.723744097
865,0,02/06/26 12:00 AM,913639.938201418
866,1,02/06/26 01:00 AM,916629.966793982
867,2,02/06/26 02:00 AM,926201.829486668
868,3,02/06/26 03:00 AM,941674.800548254
869,4,02/06/26 04:00 AM,961965.998556101
870,5,02/06/26 05:00 AM,985664.178662268
871,6,02/06/26 06:00 AM,1011125.90097206
872,7,02/06/26 07:00 AM,1036587.52170329
873,8,02/06/26 08:00 AM,1060285.37556143
874,9,02/06/26 09:00 AM,1080575.95958074
875,10,02/06/26 10:00 AM,1096047.92858146
876,11,02/06/26 11:00 AM,1105618.27038555
877,12,02/06/26 12:00 PM,1108606.10699308
878,13,02/06/26 01:00 PM,1104779.09258629
879,14,02/06/26 02:00 PM,1094369.24659923
880,15,02/06/26 03:00 PM,1078057.14291887
881,16,02/06/26 04:00 PM,1056925.53263431
882,17,02/06/26 05:00 PM,1032385.56068158
883,18,02/06/26 06:00 PM,1006080.6043031
884,19,02/06/26 07:00 PM,979774.286187299
885,20,02/06/26 08:00 PM,955230.293560491
886,21,02/06/26 09:00 PM,934092.192880825
887,22,02/06/26 10:00 PM,917771.430084029
888,23,02/06/26 11:00 PM,907351.14853144
889,0,02/07/26 12:00 AM,903512.377206901
890,1,02/07/26 01:00 AM,906492.425227522
891,2,02/07/26 02:00 AM,916054.312563315
892,3,02/07/26 03:00 AM,931517.31348819
893,4,02/07/26 04:00 AM,951798.546584638
894,5,02/07/26 05:00 AM,975486.767009844
895,6,02/07/26 06:00 AM,1000938.53487423
896,7,02/07/26 07:00 AM,1026390.20640074
897,8,02/07/26 08:00 AM,1050078.11629997
898,9,02/07/26 09:00 AM,1070358.76161127
899,10,02/07/26 10:00 AM,1085820.79716002
900,11,02/07/26 11:00 AM,1095381.21077327
901,12,02/07/26 12:00 PM,1098359.12445622
902,13,02/07/26 01:00 PM,1094522.19239619
903,14,02/07/26 02:00 PM,1084102.43403233
904,15,02/07/26 03:00 PM,1067780.42325674
905,16,02/07/26 04:00 PM,1046638.91116359
906,17,02/07/26 05:00 PM,1022089.04269402
907,18,02/07/26 06:00 PM,995774.195095521
908,19,02/07/26 07:00 PM,969457.991061627
909,20,02/07/26 08:00 PM,944904.117823733
910,21,02/07/26 09:00 PM,923756.141845072
911,22,02/07/26 10:00 PM,907425.509066449
912,23,02/07/26 11:00 PM,896995.362854282
913,0,02/08/26 12:00 AM,893146.732197486
914,1,02/08/26 01:00 AM,896116.926218244
915,2,02/08/26 02:00 AM,905668.964891637
916,3,02/08/26 03:00 AM,921122.122496642
917,4,02/08/26 04:00 AM,941393.517620813
918,5,02/08/26 05:00 AM,965071.905426395
919,6,02/08/26 06:00 AM,990513.846028874
920,7,02/08/26 07:00 AM,1015955.69565624
921,8,02/08/26 08:00 AM,1039633.78902414
922,9,02/08/26 09:00 AM,1059904.62317699
923,10,02/08/26 10:00 AM,1075356.85294521
924,11,02/08/26 11:00 AM,1084907.46616089
925,12,02/08/26 12:00 PM,1087875.58483426
926,13,02/08/26 01:00 PM,1084028.8631577
927,14,02/08/26 02:00 PM,1073599.3205754
928,15,02/08/26 03:00 PM,1057267.53098447
929,16,02/08/26 04:00 PM,1036116.24548413
930,17,02/08/26 05:00 PM,1011556.60902053
931,18,02/08/26 06:00 PM,985231.998846205
932,19,02/08/26 07:00 PM,958906.037659699
933,20,02/08/26 08:00 PM,934342.412697428
934,21,02/08/26 09:00 PM,913184.690427643
935,22,02/08/26 10:00 PM,896844.316796164
936,23,02/08/26 11:00 PM,886404.435174417
937,0,02/09/26 12:00 AM,882546.074556329
938,1,02/09/26 01:00 AM,885506.544069085
939,2,02/09/26 02:00 AM,895048.86369277
940,3,02/09/26 03:00 AM,910492.30771136
941,4,02/09/26 04:00 AM,930753.994717408
942,5,02/09/26 05:00 AM,954422.679878151
943,6,02/09/26 06:00 AM,979854.923314068
944,7,02/09/26 07:00 AM,1005287.08125814
945,8,02/09/26 08:00 AM,1028955.48843099
946,9,02/09/26 09:00 AM,1049216.64188203
947,10,02/09/26 10:00 AM,1064659.19644664
948,11,02/09/26 11:00 AM,1074200.13996191
949,12,02/09/26 12:00 PM,1077158.59444303
950,13,02/09/26 01:00 PM,1073302.21408737
951,14,02/09/26 02:00 PM,1062863.01834406
952,15,02/09/26 03:00 PM,1046521.5811152
953,16,02/09/26 04:00 PM,1025360.65350495
954,17,02/09/26 05:00 PM,1000791.38046445
955,18,02/09/26 06:00 PM,974457.139251166
956,19,02/09/26 07:00 PM,948121.552568611
957,20,02/09/26 08:00 PM,923548.307658148
958,21,02/09/26 09:00 PM,902380.970992979
959,22,02/09/26 10:00 PM,886030.988523867
960,23,02/09/26 11:00 PM,875581.503627183
961,0,02/10/26 12:00 AM,871713.545301792
962,1,02/10/26 01:00 AM,874664.422679819
963,2,02/10/26 02:00 AM,884197.155746282
964,3,02/10/26 03:00 AM,899631.018790091
965,4,02/10/26 04:00 AM,919883.130408723
966,5,02/10/26 05:00 AM,943542.245774346
967,6,02/10/26 06:00 AM,968964.925012357
968,7,02/10/26 07:00 AM,994387.524360658
969,8,02/10/26 08:00 AM,1018046.3785448
970,9,02/10/26 09:00 AM,1038297.98461909
971,10,02/10/26 10:00 AM,1053730.99742383
972,11,02/10/26 11:00 AM,1063262.40480102
973,12,02/10/26 12:00 PM,1066211.32877077
974,13,02/10/26 01:00 PM,1062345.42353531
975,14,02/10/26 02:00 PM,1051896.70854871
976,15,02/10/26 03:00 PM,1035545.75771795
977,16,02/10/26 04:00 PM,1014375.3221521
978,17,02/10/26 05:00 PM,989796.546807165
979,18,02/10/26 06:00 PM,963452.808945521
980,19,02/10/26 07:00 PM,937107.731275554
981,20,02/10/26 08:00 PM,912525.001043515
982,21,02/10/26 09:00 PM,891348.184727484
983,22,02/10/26 10:00 PM,874988.728283101
984,23,02/10/26 11:00 PM,864529.775091611
985,0,02/11/26 12:00 AM,860652.35415675
986,1,02/11/26 01:00 AM,863593.77461551
987,2,02/11/26 02:00 AM,873117.056457774
988,3,02/11/26 03:00 AM,888541.473977313
989,4,02/11/26 04:00 AM,908784.145776467
990,5,02/11/26 05:00 AM,932433.827032255
991,6,02/11/26 06:00 AM,957847.077874931
992,7,02/11/26 07:00 AM,983260.254547246
993,8,02/11/26 08:00 AM,1006909.6917796
994,9,02/11/26 09:00 AM,1027151.88663113
995,10,02/11/26 10:00 AM,1042575.49394701
996,11,02/11/26 11:00 AM,1052097.50157405
997,12,02/11/26 12:00 PM,1055037.03153721
998,13,02/11/26 01:00 PM,1051161.73804355
999,14,02/11/26 02:00 PM,1040703.64055197
1000,15,02/11/26 03:00 PM,1024343.31297426
1001,16,02/11/26 04:00 PM,1003163.50642434
1002,17,02/11/26 05:00 PM,978575.36586302
1003,18,02/11/26 06:00 PM,952222.268557499
1004,19,02/11/26 07:00 PM,925867.837220978
1005,20,02/11/26 08:00 PM,901275.759104518
1006,21,02/11/26 09:00 PM,880089.600691007
1007,22,02/11/26 10:00 PM,863720.807940893
1008,23,02/11/26 11:00 PM,853252.524240223
1009,0,02/12/26 12:00 AM,849365.778597532
1010,1,02/12/26 01:00 AM,852297.880154611
1011,2,02/12/26 02:00 AM,861811.848906135
1012,3,02/12/26 03:00 AM,877226.959150667
1013,4,02/12/26 04:00 AM,897460.329495333
1014,5,02/12/26 05:00 AM,921100.71512194
1015,6,02/12/26 06:00 AM,946504.676165522
1016,7,02/12/26 07:00 AM,971908.568873609
1017,8,02/12/26 08:00 AM,995548.727981374
1018,9,02/12/26 09:00 AM,1015781.65055274
1019,10,02/12/26 10:00 AM,1031195.99143764
1020,11,02/12/26 11:00 AM,1040708.73848764
1021,12,02/12/26 12:00 PM,1043639.01373248
1022,13,02/12/26 01:00 PM,1039754.47138398
1023,14,02/12/26 02:00 PM,1029287.13090579
1024,15,02/12/26 03:00 PM,1012917.56621448
1025,16,02/12/26 04:00 PM,991728.528428675
1026,17,02/12/26 05:00 PM,967131.162513975
1027,18,02/12/26 06:00 PM,940768.845742308
1028,19,02/12/26 07:00 PM,914405.200831618
1029,20,02/12/26 08:00 PM,889803.915037708
1030,21,02/12/26 09:00 PM,868608.554848202
1031,22,02/12/26 10:00 PM,852230.566228283
1032,23,02/12/26 11:00 PM,841753.092568726
1033,0,02/13/26 12:00 AM,837857.162882797
1034,1,02/13/26 01:00 AM,840780.086317008
1035,2,02/13/26 02:00 AM,850284.882870759
1036,3,02/13/26 03:00 AM,865690.826847328
1037,4,02/13/26 04:00 AM,885915.03685856
1038,5,02/13/26 05:00 AM,909546.268090971
1039,6,02/13/26 06:00 AM,934941.080684306
1040,7,02/13/26 07:00 AM,960335.830890801
1041,8,02/13/26 08:00 AM,983966.853450332
1042,9,02/13/26 09:00 AM,1004190.64543152
1043,10,02/13/26 10:00 AM,1019595.861689
1044,11,02/13/26 11:00 AM,1029099.49007904
1045,12,02/13/26 12:00 PM,1032020.65263604
1046,13,02/13/26 01:00 PM,1028127.00357654
1047,14,02/13/26 02:00 PM,1017650.56236886
1048,15,02/13/26 03:00 PM,1001271.90293425
1049,16,02/13/26 04:00 PM,980073.776396024
1050,17,02/13/26 05:00 PM,955467.32772445
1051,18,02/13/26 06:00 PM,929095.93419613
1052,19,02/13/26 07:00 PM,902723.218533677
1053,20,02/13/26 08:00 PM,878112.867997561
1054,21,02/13/26 09:00 PM,856908.449080069
1055,22,02/13/26 10:00 PM,840521.407751044
1056,23,02/13/26 11:00 PM,830034.887405918
1057,0,02/14/26 12:00 AM,826129.91706261
1058,1,02/14/26 01:00 AM,829043.805872284
1059,2,02/14/26 02:00 AM,838539.573838986
1060,3,02/14/26 03:00 AM,853936.495270642
1061,4,02/14/26 04:00 AM,874151.688783735
1062,5,02/14/26 05:00 AM,897773.90956942
1063,6,02/14/26 06:00 AM,923159.717772079
1064,7,02/14/26 07:00 AM,948545.469648578
1065,8,02/14/26 08:00 AM,972167.499943424
1066,9,02/14/26 09:00 AM,992382.305729866
1067,10,02/14/26 10:00 AM,1007778.54186715
1068,11,02/14/26 11:00 AM,1017273.19621617
1069,12,02/14/26 12:00 PM,1020185.39081596
1070,13,02/14/26 01:00 PM,1016282.77988765
1071,14,02/14/26 02:00 PM,1005797.38290418
1072,15,02/14/26 03:00 PM,989409.773791401
1073,16,02/14/26 04:00 PM,968202.70367724
1074,17,02/14/26 05:00 PM,943587.31753656
1075,18,02/14/26 06:00 PM,917206.992650561
1076,19,02/14/26 07:00 PM,890825.351746452
1077,20,02/14/26 08:00 PM,866206.082089295
1078,21,02/14/26 09:00 PM,844992.750175964
1079,22,02/14/26 10:00 PM,828596.801980886
1080,23,02/14/26 11:00 PM,818101.380904078
1081,0,02/15/26 12:00 AM,814187.515968035
1082,1,02/15/26 01:00 AM,817092.516328498
1083,2,02/15/26 02:00 AM,826579.401994086
1084,3,02/15/26 03:00 AM,841967.447277292
1085,4,02/15/26 04:00 AM,862173.770799168
1086,5,02/15/26 05:00 AM,885787.12775543
1087,6,02/15/26 06:00 AM,911164.078295021
1088,7,02/15/26 07:00 AM,936540.978679364
1089,8,02/15/26 08:00 AM,960154.163657517
1090,9,02/15/26 09:00 AM,980360.130307282
1091,10,02/15/26 10:00 AM,995747.533492449
1092,11,02/15/26 11:00 AM,1005233.36107846
1093,12,02/15/26 12:00 PM,1008136.73510889
1094,13,02/15/26 01:00 PM,1004225.3098094
1095,14,02/15/26 02:00 PM,993731.104657469
1096,15,02/15/26 03:00 PM,977334.69358348
1097,16,02/15/26 04:00 PM,956118.827719886
1098,17,02/15/26 05:00 PM,931494.652046076
1099,18,02/15/26 06:00 PM,905105.543847772
1100,19,02/15/26 07:00 PM,878715.125856701
1101,20,02/15/26 08:00 PM,854087.085342438
1102,21,02/15/26 09:00 PM,832864.988806372
1103,22,02/15/26 10:00 PM,816460.282227437
1104,23,02/15/26 11:00 PM,805956.109010156
1105,0,02/16/26 12:00 AM,802033.498181527
1106,1,02/16/26 01:00 AM,804929.758901789
1107,2,02/16/26 02:00 AM,814407.911184058
1108,3,02/16/26 03:00 AM,829787.22934532
1109,4,02/16/26 04:00 AM,849984.832011114
1110,5,02/16/26 05:00 AM,873589.474381646
1111,6,02/16/26 06:00 AM,898957.716610339
1112,7,02/16/26 07:00 AM,924325.914963096
1113,8,02/16/26 08:00 AM,947930.404193454
1114,9,02/16/26 09:00 AM,968127.681383686
1115,10,02/16/26 10:00 AM,983506.401402053
1116,11,02/16/26 11:00 AM,992983.552118468
1117,12,02/16/26 12:00 PM,995878.255580956
1118,13,02/16/26 01:00 PM,991958.166019653
1119,14,02/16/26 02:00 PM,981455.302916492
1120,15,02/16/26 03:00 PM,965050.240206306
1121,16,02/16/26 04:00 PM,943825.729026001
1122,17,02/16/26 05:00 PM,919192.914359412
1123,18,02/16/26 06:00 PM,892795.173496707
1124,19,02/16/26 07:00 PM,866396.129174052
1125,20,02/16/26 08:00 PM,841759.468665462
1126,21,02/16/26 09:00 PM,820528.758476758
1127,22,02/16/26 10:00 PM,804115.444591306
1128,23,02/16/26 11:00 PM,793602.670418058
1129,0,02/17/26 12:00 AM,789671.464988435
1130,1,02/17/26 01:00 AM,792559.137467098
1131,2,02/17/26 02:00 AM,802028.707871581
1132,3,02/17/26 03:00 AM,817399.450523284
1133,4,02/17/26 04:00 AM,837588.484052159
1134,5,02/17/26 05:00 AM,861184.563662819
1135,6,02/17/26 06:00 AM,886544.249513092
1136,7,02/17/26 07:00 AM,911903.897873284
1137,8,02/17/26 08:00 AM,935499.843501329
1138,9,02/17/26 09:00 AM,955688.583483896
1139,10,02/17/26 10:00 AM,971058.772693637
1140,11,02/17/26 11:00 AM,980527.399004853
1141,12,02/17/26 12:00 PM,983413.584469955
1142,13,02/17/26 01:00 PM,979484.983323462
1143,14,02/17/26 02:00 PM,968973.615051683
1144,15,02/17/26 03:00 PM,952560.053593829
1145,16,02/17/26 04:00 PM,931327.050091176
1146,17,02/17/26 05:00 PM,906685.749531929
1147,18,02/17/26 06:00 PM,880279.52921062
1148,19,02/17/26 07:00 PM,853872.011867779
1149,20,02/17/26 08:00 PM,829226.884781778
1150,21,02/17/26 09:00 PM,807987.714462795
1151,22,02/17/26 10:00 PM,791565.946898548
1152,23,02/17/26 11:00 PM,781044.725502335
1153,0,02/18/26 12:00 AM,777105.079309926
1154,1,02/18/26 01:00 AM,779984.317490323
1155,2,02/18/26 02:00 AM,789445.460065398
1156,3,02/18/26 03:00 AM,804807.781360888
1157,4,02/18/26 04:00 AM,824988.400011076
1158,5,02/18/26 05:00 AM,848576.071224905
1159,6,02/18/26 06:00 AM,873927.355164527
1160,7,02/18/26 07:00 AM,899278.608104571
1161,8,02/18/26 08:00 AM,922866.16480729
1162,9,02/18/26 09:00 AM,943046.522363668
1163,10,02/18/26 10:00 AM,958408.335650669
1164,11,02/18/26 11:00 AM,967868.592546905
1165,12,02/18/26 12:00 PM,970746.41510909
1166,13,02/18/26 01:00 PM,966809.457576046
1167,14,02/18/26 02:00 PM,956289.739438381
1168,15,02/18/26 03:00 PM,939867.8346396
1169,16,02/18/26 04:00 PM,918626.494325273
1170,17,02/18/26 05:00 PM,893976.863487894
1171,18,02/18/26 06:00 PM,867562.319426278
1172,19,02/18/26 07:00 PM,841146.484885238
1173,20,02/18/26 08:00 PM,816493.047147425
1174,21,02/18/26 09:00 PM,795245.572727292
1175,22,02/18/26 10:00 PM,778815.50761683
1176,23,02/18/26 11:00 PM,768285.995233604
1177,0,02/19/26 12:00 AM,764338.064617649
1178,1,02/19/26 01:00 AM,767209.024942229
1179,2,02/19/26 02:00 AM,776661.896233476
1180,3,02/19/26 03:00 AM,792015.95282138
1181,4,02/19/26 04:00 AM,812188.313344476
1182,5,02/19/26 05:00 AM,835767.733015955
1183,6,02/19/26 06:00 AM,861110.772002216
1184,7,02/19/26 07:00 AM,886453.786582127
1185,8,02/19/26 08:00 AM,910033.11152218
1186,9,02/19/26 09:00 AM,930205.243917593
1187,10,02/19/26 10:00 AM,945558.838649563
1188,11,02/19/26 11:00 AM,955010.883600927
1189,12,02/19/26 12:00 PM,957880.500832627
1190,13,02/19/26 01:00 PM,953935.344587703
1191,14,02/19/26 02:00 PM,943407.434360982
1192,15,02/19/26 03:00 PM,926977.344100184
1193,16,02/19/26 04:00 PM,905727.824955088
1194,17,02/19/26 05:00 PM,881070.021922396
1195,18,02/19/26 06:00 PM,854647.312305128
1196,19,02/19/26 07:00 PM,828223.318852298
1197,20,02/19/26 08:00 PM,803561.728850752
1198,21,02/19/26 09:00 PM,782306.108819139
1199,22,02/19/26 10:00 PM,765867.904753637
1200,23,02/19/26 11:00 PM,755330.260076002
1201,0,02/20/26 12:00 AM,751374.203830451
1202,1,02/20/26 01:00 AM,754237.045194427
1203,2,02/20/26 02:00 AM,763681.80419824
1204,3,02/20/26 03:00 AM,779027.755176052
1205,4,02/20/26 04:00 AM,799192.016770568
1206,5,02/20/26 05:00 AM,822763.344199147
1207,6,02/20/26 06:00 AM,848098.297632349
1208,7,02/20/26 07:00 AM,873433.233353202
1209,8,02/20/26 08:00 AM,897004.486132353
1210,9,02/20/26 09:00 AM,917168.553069175
1211,10,02/20/26 10:00 AM,932514.089049013
1212,11,02/20/26 11:00 AM,941958.081958849
1213,12,02/20/26 12:00 PM,944819.653863766
1214,13,02/20/26 01:00 PM,940866.459010946
1215,14,02/20/26 02:00 PM,930330.516899349
1216,15,02/20/26 03:00 PM,913892.401480828
1217,16,02/20/26 04:00 PM,892634.86390929
1218,17,02/20/26 05:00 PM,867969.049185561
1219,18,02/20/26 06:00 PM,841538.334616784
1220,19,02/20/26 07:00 PM,815106.342956089
1221,20,02/20/26 08:00 PM,790436.761494439
1222,21,02/20/26 09:00 PM,769173.156754592
1223,22,02/20/26 10:00 PM,752726.974736835
1224,23,02/20/26 11:00 PM,742181.358867026
1225,0,02/21/26 12:00 AM,738217.338193485
1226,1,02/21/26 01:00 AM,741072.221897752
1227,2,02/21/26 02:00 AM,750509.030014228
1228,3,02/21/26 03:00 AM,765847.036881168
1229,4,02/21/26 04:00 AM,786003.361145364
1230,5,02/21/26 05:00 AM,809566.758028255
1231,6,02/21/26 06:00 AM,834893.787704482
1232,7,02/21/26 07:00 AM,860220.806461152
1233,8,02/21/26 08:00 AM,883784.149072981
1234,9,02/21/26 09:00 AM,903940.312643414
1235,10,02/21/26 10:00 AM,919277.952061859
1236,11,02/21/26 11:00 AM,928714.055219362
1237,12,02/21/26 12:00 PM,931567.744185066
1238,13,02/21/26 01:00 PM,927606.673210205
1239,14,02/21/26 02:00 PM,917062.861797793
1240,15,02/21/26 03:00 PM,900616.88390373
1241,16,02/21/26 04:00 PM,879351.490685968
1242,17,02/21/26 05:00 PM,854677.827149376
1243,18,02/21/26 06:00 PM,828239.270605131
1244,19,02/21/26 07:00 PM,801799.443810401
1245,20,02/21/26 08:00 PM,777122.034060177
1246,21,02/21/26 09:00 PM,755850.607881244
1247,22,02/21/26 10:00 PM,739396.611277915
1248,23,02/21/26 11:00 PM,728843.187680067
1249,0,02/22/26 12:00 AM,724871.366140034
1250,1,02/22/26 01:00 AM,727718.455843373
1251,2,02/22/26 02:00 AM,737147.476828492
1252,3,02/22/26 03:00 AM,752477.703437653
1253,4,02/22/26 04:00 AM,772626.254321648
1254,5,02/22/26 05:00 AM,796181.884705918
1255,6,02/22/26 06:00 AM,821501.154769099
1256,7,02/22/26 07:00 AM,846820.420802287
1257,8,02/22/26 08:00 AM,870376.01758419
1258,9,02/22/26 09:00 AM,890524.442222234
1259,10,02/22/26 10:00 AM,905854.349609811
1260,11,02/22/26 11:00 AM,915282.727641943
1261,12,02/22/26 12:00 PM,918128.698391747
1262,13,02/22/26 01:00 PM,914159.916114429
1263,14,02/22/26 02:00 PM,903608.400316968
1264,15,02/22/26 03:00 PM,887154.724959229
1265,16,02/22/26 04:00 PM,865881.641203123
1266,17,02/22/26 05:00 PM,841200.294057474
1267,18,02/22/26 06:00 PM,814754.060837415
1268,19,02/22/26 07:00 PM,788306.56430406
1269,20,02/22/26 08:00 PM,763621.491756346
1270,21,02/22/26 09:00 PM,742342.409725002
1271,22,02/22/26 10:00 PM,725880.764218277
1272,23,02/22/26 11:00 PM,715319.698669984
1273,0,02/23/26 12:00 AM,711340.24213639
1274,1,02/23/26 01:00 AM,714179.703806975
1275,2,02/23/26 02:00 AM,723601.103724074
1276,3,02/23/26 03:00 AM,738923.71623387
1277,4,02/23/26 04:00 AM,759064.659991072
1278,5,02/23/26 05:00 AM,782612.690225033
1279,6,02/23/26 06:00 AM,807924.367118299
1280,7,02/23/26 07:00 AM,833236.046965873
1281,8,02/23/26 08:00 AM,856784.064550364
1282,9,02/23/26 09:00 AM,876924.916983099
1283,10,02/23/26 10:00 AM,892247.259161363
1284,11,02/23/26 11:00 AM,901668.078984073
1285,12,02/23/26 12:00 PM,904506.498528231
1286,13,02/23/26 01:00 PM,900530.172052929
1287,14,02/23/26 02:00 PM,889971.119069028
1288,15,02/23/26 03:00 PM,873509.913540268
1289,16,02/23/26 04:00 PM,852229.306632435
1290,17,02/23/26 05:00 PM,827540.443358223
1291,18,02/23/26 06:00 PM,801086.701036632
1292,19,02/23/26 07:00 PM,774631.702432637
1293,20,02/23/26 08:00 PM,749939.134849038
1294,21,02/23/26 09:00 PM,728652.564820416
1295,22,02/23/26 10:00 PM,712183.438358873
1296,23,02/23/26 11:00 PM,701614.898902072
1297,0,02/24/26 12:00 AM,697627.975510122
1298,1,02/24/26 01:00 AM,700459.977376347
1299,2,02/24/26 02:00 AM,709873.92454692
1300,3,02/24/26 03:00 AM,725189.091371854
1301,4,02/24/26 04:00 AM,745322.596509691
1302,5,02/24/26 05:00 AM,768863.195193611
1303,6,02/24/26 06:00 AM,794167.447609981
1304,7,02/24/26 07:00 AM,819471.710057625
1305,8,02/24/26 08:00 AM,843012.317322968
1306,9,02/24/26 09:00 AM,863145.766521148
1307,10,02/24/26 10:00 AM,878460.71255326
1308,11,02/24/26 11:00 AM,887874.143322023
1309,12,02/24/26 12:00 PM,890705.180908243
1310,13,02/24/26 01:00 PM,886721.479574807
1311,14,02/24/26 02:00 PM,876155.058836371
1312,15,02/24/26 03:00 PM,859686.492660467
1313,16,02/24/26 04:00 PM,838398.532216665
1314,17,02/24/26 05:00 PM,813702.322521443
1315,18,02/24/26 06:00 PM,787241.240897579
1316,19,02/24/26 07:00 PM,760778.910113826
1317,20,02/24/26 08:00 PM,736079.017476753
1318,21,02/24/26 09:00 PM,714785.129524711
1319,22,02/24/26 10:00 PM,698308.692273568
1320,23,02/24/26 11:00 PM,687732.849164743
1321,0,02/25/26 12:00 AM,683738.629262108
1322,1,02/25/26 01:00 AM,686563.341762737
1323,2,02/25/26 02:00 AM,695970.006716552
1324,3,02/25/26 03:00 AM,711277.898477316
1325,4,02/25/26 04:00 AM,731404.135707311
1326,5,02/25/26 05:00 AM,754937.473643455
1327,6,02/25/26 06:00 AM,780234.472475853
1328,7,02/25/26 07:00 AM,805531.488507058
1329,8,02/25/26 08:00 AM,829064.856527224
1330,9,02/25/26 09:00 AM,849191.073655212
1331,10,02/25/26 10:00 AM,864498.794795838
1332,11,02/25/26 11:00 AM,873905.007855538
1333,12,02/25/26 12:00 PM,876728.83491883
1334,13,02/25/26 01:00 PM,872737.930252313
1335,14,02/25/26 02:00 PM,862164.313374346
1336,15,02/25/26 03:00 PM,845688.558256162
1337,16,02/25/26 04:00 PM,824393.416071032
1338,17,02/25/26 05:00 PM,799690.031839127
1339,18,02/25/26 06:00 PM,773221.782886917
1340,19,02/25/26 07:00 PM,746752.29198684
1341,20,02/25/26 08:00 PM,722045.24644915
1342,21,02/25/26 09:00 PM,700744.212815878
1343,22,02/25/26 10:00 PM,684260.637106565
1344,23,02/25/26 11:00 PM,673677.662766307
1345,0,02/26/26 12:00 AM,669676.31886264
1346,1,02/26/26 01:00 AM,672493.914596305
1347,2,02/26/26 02:00 AM,681893.470020886
1348,3,02/26/26 03:00 AM,697194.259493801
1349,4,02/26/26 04:00 AM,717313.401680987
1350,5,02/26/26 05:00 AM,740839.651823012
1351,6,02/26/26 06:00 AM,766129.570113626
1352,7,02/26/26 07:00 AM,791419.512859025
1353,8,02/26/26 08:00 AM,814945.814853003
1354,9,02/26/26 09:00 AM,835064.973218054
1355,10,02/26/26 10:00 AM,850365.642862627
1356,11,02/26/26 11:00 AM,859764.811696785
1357,12,02/26/26 12:00 PM,862581.601808669
1358,13,02/26/26 01:00 PM,858583.667468498
1359,14,02/26/26 02:00 PM,848003.028198248
1360,15,02/26/26 03:00 PM,831520.257972764
1361,16,02/26/26 04:00 PM,810218.107968926
1362,17,02/26/26 05:00 PM,785507.723210511
1363,18,02/26/26 06:00 PM,759032.481027588
1364,19,02/26/26 07:00 PM,732556.004196195
1365,20,02/26/26 08:00 PM,707841.980030179
1366,21,02/26/26 09:00 PM,686533.975075159
1367,22,02/26/26 10:00 PM,670043.435354265
1368,23,02/26/26 11:00 PM,659453.504316174
1369,0,02/27/26 12:00 AM,655445.211032001
1370,1,02/27/26 01:00 AM,658255.864706062
1371,2,02/27/26 02:00 AM,667648.485395512
1372,3,02/27/26 03:00 AM,682942.347461337
1373,4,02/27/26 04:00 AM,703054.569573037
1374,5,02/27/26 05:00 AM,726573.906974742
1375,6,02/27/26 06:00 AM,751856.919863755
1376,7,02/27/26 07:00 AM,777139.964549826
1377,8,02/27/26 08:00 AM,800659.375830297
1378,9,02/27/26 09:00 AM,820771.650831208
1379,10,02/27/26 10:00 AM,836065.444464547
1380,11,02/27/26 11:00 AM,845457.744643915
1381,12,02/27/26 12:00 PM,848267.673460988
1382,13,02/27/26 01:00 PM,844262.885189513
1383,14,02/27/26 02:00 PM,833675.399354991
1384,15,02/27/26 03:00 PM,817185.789935792
1385,16,02/27/26 04:00 PM,795876.808112313
1386,17,02/27/26 05:00 PM,771159.598911844
1387,18,02/27/26 06:00 PM,744677.539667966
1388,19,02/27/26 07:00 PM,718194.253160223
1389,20,02/27/26 08:00 PM,693473.426705966
1390,21,02/27/26 09:00 PM,672158.626854314
1391,22,02/27/26 10:00 PM,655661.299631891
1392,23,02/27/26 11:00 PM,645064.588490866
1393,0,02/28/26 12:00 AM,641049.522505842
1394,1,02/28/26 01:00 AM,643853.410884621
1395,2,02/28/26 02:00 AM,653239.273687835
1396,3,02/28/26 03:00 AM,668526.385279949
1397,4,02/28/26 04:00 AM,688631.864333934
1398,5,02/28/26 05:00 AM,712144.466097388
1399,6,02/28/26 06:00 AM,737420.750771082
1400,7,02/28/26 07:00 AM,762697.074668227
1401,8,02/28/26 08:00 AM,786209.772589619
1402,9,02/28/26 09:00 AM,806315.341664754
1403,10,02/28/26 10:00 AM,821602.436809069
1404,11,02/28/26 11:00 AM,830988.045939612
1405,12,02/28/26 12:00 PM,833791.291151499
1406,13,02/28/26 01:00 PM,829779.826721917
1407,14,02/28/26 02:00 PM,819185.672179802
1408,15,02/28/26 03:00 PM,802689.401506953
1409,16,02/28/26 04:00 PM,781373.765887193
1410,17,02/28/26 05:00 PM,756649.910351238
1411,18,02/28/26 06:00 PM,730161.212236085
1412,19,02/28/26 07:00 PM,703671.294324695
1413,20,02/28/26 08:00 PM,678943.84393783
1414,21,02/28/26 09:00 PM,657622.427628016
1415,22,02/28/26 10:00 PM,641118.491425281
1416,23,02/28/26 11:00 PM,630515.178785194
1417,0,03/01/26 12:00 AM,626493.518785755
1418,1,03/01/26 01:00 AM,629290.820638155
1419,2,03/01/26 02:00 AM,638670.104406418
1420,3,03/01/26 03:00 AM,653950.644458391
1421,4,03/01/26 04:00 AM,674049.559470428
1422,5,03/01/26 05:00 AM,697555.604693501
1423,6,03/01/26 06:00 AM,722825.340331756
1424,7,03/01/26 07:00 AM,748095.12270177
1425,8,03/01/26 08:00 AM,771601.286607708
1426,9,03/01/26 09:00 AM,791700.329182425
1427,10,03/01/26 10:00 AM,806980.905344716
1428,11,03/01/26 11:00 AM,816360.003014983
1429,12,03/01/26 12:00 PM,819156.744291691
1430,13,03/01/26 01:00 PM,815138.783455373
1431,14,03/01/26 02:00 PM,804538.140038307
1432,15,03/01/26 03:00 PM,788035.388025629
1433,16,03/01/26 04:00 PM,766713.278604499
1434,17,03/01/26 05:00 PM,741982.956808959
1435,18,03/01/26 06:00 PM,715487.799979337
1436,19,03/01/26 07:00 PM,688991.430901915
1437,20,03/01/26 08:00 PM,664257.536900772
1438,21,03/01/26 09:00 PM,642929.68453175
1439,22,03/01/26 10:00 PM,626419.319828189
1440,23,03/01/26 11:00 PM,615809.586248963
1441,0,03/02/26 12:00 AM,611781.512875376
1442,1,03/02/26 01:00 AM,614572.408921919
1443,2,03/02/26 02:00 AM,623945.29445591
1444,3,03/02/26 03:00 AM,639219.443848488
1445,4,03/02/26 04:00 AM,659311.975779294
1446,5,03/02/26 05:00 AM,682811.645502585
1447,6,03/02/26 06:00 AM,708075.013225785
1448,7,03/02/26 07:00 AM,733338.435268749
1449,8,03/02/26 08:00 AM,756838.246438912
1450,9,03/02/26 09:00 AM,776930.943872398
1451,10,03/02/26 10:00 AM,792205.182491267
1452,11,03/02/26 11:00 AM,801577.950219178
1453,12,03/02/26 12:00 PM,804368.369157856
1454,13,03/02/26 01:00 PM,800344.093591085
1455,14,03/02/26 02:00 PM,789737.14305439
1456,15,03/02/26 03:00 PM,773228.091536154
1457,16,03/02/26 04:00 PM,751899.690226776
1458,17,03/02/26 05:00 PM,727163.084163536
1459,18,03/02/26 06:00 PM,700661.650689994
1460,19,03/02/26 07:00 PM,674159.012595659
1461,20,03/02/26 08:00 PM,649418.857207839
1462,21,03/02/26 09:00 PM,628084.751085594
1463,22,03/02/26 10:00 PM,611568.140265482
1464,23,03/02/26 11:00 PM,600952.168209592
1465,0,03/03/26 12:00 AM,596917.864002434
1466,1,03/03/26 01:00 AM,599702.536861706
1467,2,03/03/26 02:00 AM,609069.206857927
1468,3,03/03/26 03:00 AM,624337.148365434
1469,4,03/03/26 04:00 AM,644423.480067061
1470,5,03/03/26 05:00 AM,667916.957220256
1471,6,03/03/26 06:00 AM,693174.140035627
1472,7,03/03/26 07:00 AM,718431.38483621
1473,8,03/03/26 08:00 AM,741925.02643262
1474,9,03/03/26 09:00 AM,762011.561964154
1475,10,03/03/26 10:00 AM,777279.64635604
1476,11,03/03/26 11:00 AM,786646.267535106
1477,12,03/03/26 12:00 PM,789430.547606237
1478,13,03/03/26 01:00 PM,785400.140856375
1479,14,03/03/26 02:00 PM,774787.0668242
1480,15,03/03/26 03:00 PM,758271.899501245
1481,16,03/03/26 04:00 PM,736937.390081054
1482,17,03/03/26 05:00 PM,712194.683604051
1483,18,03/03/26 06:00 PM,685687.157416932
1484,19,03/03/26 07:00 PM,659178.434312343
1485,20,03/03/26 08:00 PM,634432.201620719
1486,21,03/03/26 09:00 PM,613092.02590425
1487,22,03/03/26 10:00 PM,596569.353202614
1488,23,03/03/26 11:00 PM,585947.326981018
1489,0,03/04/26 12:00 AM,581906.976327088
1490,1,03/04/26 01:00 AM,584685.610461632
1491,2,03/04/26 02:00 AM,594046.249458275
1492,3,03/04/26 03:00 AM,609308.167694458
1493,4,03/04/26 04:00 AM,629388.483856111
1494,5,03/04/26 05:00 AM,652875.953203778
1495,6,03/04/26 06:00 AM,678127.135951158
1496,7,03/04/26 07:00 AM,703378.388424374
1497,8,03/04/26 08:00 AM,726866.045437122
1498,9,03/04/26 09:00 AM,746946.604131778
1499,10,03/04/26 10:00 AM,762208.719436646
1500,11,03/04/26 11:00 AM,771569.379281624
1501,12,03/04/26 12:00 PM,774347.705774663
1502,13,03/04/26 01:00 PM,770311.353205768
1503,14,03/04/26 02:00 PM,759692.341116678
1504,15,03/04/26 03:00 PM,743171.243501981
1505,16,03/04/26 04:00 PM,721830.811558271
1506,17,03/04/26 05:00 PM,697082.190329019
1507,18,03/04/26 06:00 PM,670568.757163964
1508,19,03/04/26 07:00 PM,644054.13485879
1509,20,03/04/26 08:00 PM,619302.010746968
1510,21,03/04/26 09:00 PM,597955.951393718
1511,22,03/04/26 10:00 PM,581427.402841744
1512,23,03/04/26 11:00 PM,570799.508559276
1513,0,03/05/26 12:00 AM,566753.29763696
1514,1,03/05/26 01:00 AM,569526.079298617
1515,2,03/05/26 02:00 AM,578880.873620885
1516,3,03/05/26 03:00 AM,594136.954984208
1517,4,03/05/26 04:00 AM,614211.442077523
1518,5,03/05/26 05:00 AM,637693.090164369
1519,6,03/05/26 06:00 AM,662938.459461441
1520,7,03/05/26 07:00 AM,688183.906297853
1521,8,03/05/26 08:00 AM,711665.765490287
1522,9,03/05/26 09:00 AM,731740.534184102
1523,10,03/05/26 10:00 AM,746996.867310581
1524,11,03/05/26 11:00 AM,756351.752802595
1525,12,03/05/26 12:00 PM,759124.312771066
1526,13,03/05/26 01:00 PM,755082.201508967
1527,14,03/05/26 02:00 PM,744457.438560999
1528,15,03/05/26 03:00 PM,727930.597924706
1529,16,03/05/26 04:00 PM,706584.430799639
1530,17,03/05/26 05:00 PM,681830.082232218
1531,18,03/05/26 06:00 PM,655310.929575129
1532,19,03/05/26 07:00 PM,628790.595626998
1533,20,03/05/26 08:00 PM,604032.767724234
1534,21,03/05/26 09:00 PM,582681.012434991
1535,22,03/05/26 10:00 PM,566146.775804905
1536,23,03/05/26 11:00 PM,555513.20130513
1537,0,03/06/26 12:00 AM,551461.318029235
1538,1,03/06/26 01:00 AM,554228.435203959
1539,2,03/06/26 02:00 AM,563577.572908853
1540,3,03/06/26 03:00 AM,578828.005527273
1541,4,03/06/26 04:00 AM,598896.851751059
1542,5,03/06/26 05:00 AM,622372.866846655
1543,6,03/06/26 06:00 AM,647612.611033652
1544,7,03/06/26 07:00 AM,672852.440644057
1545,8,03/06/26 08:00 AM,696328.690497444
1546,9,03/06/26 09:00 AM,716397.857742056
1547,10,03/06/26 10:00 AM,731648.597312056
1548,11,03/06/26 11:00 AM,740997.897143196
1549,12,03/06/26 12:00 PM,743764.87934927
1550,13,03/06/26 01:00 PM,739717.198226119
1551,14,03/06/26 02:00 PM,729086.87332131
1552,15,03/06/26 03:00 PM,712554.47863525
1553,16,03/06/26 04:00 PM,691202.765370345
1554,17,03/06/26 05:00 PM,666442.878575869
1555,18,03/06/26 06:00 PM,639918.195607357
1556,19,03/06/26 07:00 PM,613392.33926628
1557,20,03/06/26 08:00 PM,588628.996891888
1558,21,03/06/26 09:00 PM,567271.735055171
1559,22,03/06/26 10:00 PM,550731.999804598
1560,23,03/06/26 11:00 PM,540092.934614153
1561,0,03/07/26 12:00 AM,536035.568580227
1562,1,03/07/26 01:00 AM,538797.210932382
1563,2,03/07/26 02:00 AM,548140.881752985
1564,3,03/07/26 03:00 AM,563385.855428202
1565,4,03/07/26 04:00 AM,583449.250652685
1566,5,03/07/26 05:00 AM,606919.822695678
1567,6,03/07/26 06:00 AM,632154.131779575
1568,7,03/07/26 07:00 AM,657388.53423918
1569,8,03/07/26 08:00 AM,680859.364896854
1570,9,03/07/26 09:00 AM,700923.120903633
1571,10,03/07/26 10:00 AM,716168.457196461
1572,11,03/07/26 11:00 AM,725512.36171387
1573,12,03/07/26 12:00 PM,728273.95657243
1574,13,03/07/26 01:00 PM,724220.896070753
1575,14,03/07/26 02:00 PM,713585.199759174
1576,15,03/07/26 03:00 PM,697047.441640861
1577,16,03/07/26 04:00 PM,675690.372920981
1578,17,03/07/26 05:00 PM,650925.138651564
1579,18,03/07/26 06:00 PM,624395.116190894
1580,19,03/07/26 07:00 PM,597863.928343189
1581,20,03/07/26 08:00 PM,573095.262450443
1582,21,03/07/26 09:00 PM,551732.685086383
1583,22,03/07/26 10:00 PM,535187.642302213
1584,23,03/07/26 11:00 PM,524543.277574648
1585,0,03/08/26 12:00 AM,520480.620002804
1586,1,03/08/26 01:00 AM,523236.978818967
1587,2,03/08/26 02:00 AM,532575.374108219
1588,3,03/08/26 03:00 AM,547815.080259444
1589,4,03/08/26 04:00 AM,567873.21597
1590,5,03/08/26 05:00 AM,591338.536511839
1591,6,03/08/26 06:00 AM,616567.602110055
1592,7,03/08/26 07:00 AM,641796.769102149
1593,8,03/08/26 08:00 AM,665262.372313179
1594,9,03/08/26 09:00 AM,685320.908896865
1595,10,03/08/26 10:00 AM,700561.033792841
1596,11,03/08/26 11:00 AM,709899.734942316
1597,12,03/08/26 12:00 PM,712656.134464538
1598,13,03/08/26 01:00 PM,708597.886660792
1599,14,03/08/26 02:00 PM,697957.011084082
1600,15,03/08/26 03:00 PM,681414.08174024
1601,16,03/08/26 04:00 PM,660051.849837093
1602,17,03/08/26 05:00 PM,635281.460429325
1603,18,03/08/26 06:00 PM,608746.290877875
1604,19,03/08/26 07:00 PM,582209.963989609
1605,20,03/08/26 08:00 PM,557436.167109162
1606,21,03/08/26 09:00 PM,536068.466812903
1607,22,03/08/26 10:00 PM,519518.30915467
1608,23,03/08/26 11:00 PM,508868.837613809
1609,0,03/09/26 12:00 AM,504801.081292066
1610,1,03/09/26 01:00 AM,507552.349424345
1611,2,03/09/26 02:00 AM,516885.662098351
1612,3,03/09/26 03:00 AM,532120.29370558
1613,4,03/09/26 04:00 AM,552173.362946002
1614,5,03/09/26 05:00 AM,575633.625094176
1615,6,03/09/26 06:00 AM,600857.640377797
1616,7,03/09/26 07:00 AM,626081.765136964
1617,8,03/09/26 08:00 AM,649542.334199329
1618,9,03/09/26 09:00 AM,669595.844721202
1619,10,03/09/26 10:00 AM,684830.951644801
1620,11,03/09/26 11:00 AM,694164.642913919
1621,12,03/09/26 12:00 PM,696916.04065038
1622,13,03/09/26 01:00 PM,692852.799158041
1623,14,03/09/26 02:00 PM,682206.937992476
1624,15,03/09/26 03:00 PM,665659.031162082
1625,16,03/09/26 04:00 PM,644291.829877246
1626,17,03/09/26 05:00 PM,619516.47919521
1627,18,03/09/26 06:00 PM,592976.356479463
1628,19,03/09/26 07:00 PM,566435.08453942
1629,20,03/09/26 08:00 PM,541656.350722259
1630,21,03/09/26 09:00 PM,520283.72160689
1631,22,03/09/26 10:00 PM,503728.643249686
1632,23,03/09/26 11:00 PM,493074.259132525
1633,0,03/10/26 12:00 AM,489001.598359678
1634,1,03/10/26 01:00 AM,491747.970168575
1635,2,03/10/26 02:00 AM,501076.394649438
1636,3,03/10/26 03:00 AM,516306.146196278
1637,4,03/10/26 04:00 AM,536354.343511576
1638,5,03/10/26 05:00 AM,559809.741872395
1639,6,03/10/26 06:00 AM,585028.901508935
1640,7,03/10/26 07:00 AM,610248.178763792
1641,8,03/10/26 08:00 AM,633703.90846711
1642,9,03/10/26 09:00 AM,653752.58777769
1643,10,03/10/26 10:00 AM,668982.871640237
1644,11,03/10/26 11:00 AM,678311.748001021
1645,12,03/10/26 12:00 PM,681058.338984347
1646,13,03/10/26 01:00 PM,676990.298896543
1647,14,03/10/26 02:00 PM,666339.64729565
1648,15,03/10/26 03:00 PM,649786.958192532
1649,16,03/10/26 04:00 PM,628414.982800035
1650,17,03/10/26 05:00 PM,603634.866177856
1651,18,03/10/26 06:00 PM,577089.985691938
1652,19,03/10/26 07:00 PM,550543.964154141
1653,20,03/10/26 08:00 PM,525760.488914088
1654,21,03/10/26 09:00 PM,504383.126553128
1655,22,03/10/26 10:00 PM,487823.323130068
1656,23,03/10/26 11:00 PM,477164.222129218
1657,0,03/11/26 12:00 AM,473086.852657275
1658,1,03/11/26 01:00 AM,475828.52395409
1659,2,03/11/26 02:00 AM,485152.256112305
1660,3,03/11/26 03:00 AM,500377.323528344
1661,4,03/11/26 04:00 AM,520420.844907097
1662,5,03/11/26 05:00 AM,543871.575528034
1663,6,03/11/26 06:00 AM,569086.075623755
1664,7,03/11/26 07:00 AM,594300.701539253
1665,8,03/11/26 08:00 AM,617751.788107066
1666,9,03/11/26 09:00 AM,637795.832488383
1667,10,03/11/26 10:00 AM,653021.489630292
1668,11,03/11/26 11:00 AM,662345.747481445
1669,12,03/11/26 12:00 PM,665087.728168521
1670,13,03/11/26 01:00 PM,661015.086000222
1671,14,03/11/26 02:00 PM,650359.840536956
1672,15,03/11/26 03:00 PM,633802.565791947
1673,16,03/11/26 04:00 PM,612426.012980404
1674,17,03/11/26 05:00 PM,587641.327164377
1675,18,03/11/26 06:00 PM,561091.885712159
1676,19,03/11/26 07:00 PM,534541.311437958
1677,20,03/11/26 08:00 PM,509753.291693738
1678,21,03/11/26 09:00 PM,488371.393063185
1679,22,03/11/26 10:00 PM,471807.061607442
1680,23,03/11/26 11:00 PM,461143.440813145
1681,0,03/12/26 12:00 AM,457061.559789319
1682,1,03/12/26 01:00 AM,459798.727778135
1683,2,03/12/26 02:00 AM,469117.964874551
1684,3,03/12/26 03:00 AM,484338.545477304
1685,4,03/12/26 04:00 AM,504377.588293592
1686,5,03/12/26 05:00 AM,527823.848605189
1687,6,03/12/26 06:00 AM,553033.886646995
1688,7,03/12/26 07:00 AM,578244.058766297
1689,8,03/12/26 08:00 AM,601690.699797926
1690,9,03/12/26 09:00 AM,621730.306905357
1691,10,03/12/26 10:00 AM,636951.53503796
1692,11,03/12/26 11:00 AM,646271.372146667
1693,12,03/12/26 12:00 PM,649008.94036043
1694,13,03/12/26 01:00 PM,644931.893990221
1695,14,03/12/26 02:00 PM,634272.252598713
1696,15,03/12/26 03:00 PM,617710.590201395
1697,16,03/12/26 04:00 PM,596329.658015728
1698,17,03/12/26 05:00 PM,571540.601106018
1699,18,03/12/26 06:00 PM,544986.796842806
1700,19,03/12/26 07:00 PM,518431.868042544
1701,20,03/12/26 08:00 PM,493639.502059436
1702,21,03/12/26 09:00 PM,472253.265479405
1703,22,03/12/26 10:00 PM,455684.604365825
1704,23,03/12/26 11:00 PM,445016.662207558
1705,0,03/13/26 12:00 AM,440930.468115854
1706,1,03/13/26 01:00 AM,443663.331335101
1707,2,03/13/26 02:00 AM,452978.271962473
1708,3,03/13/26 03:00 AM,468194.564398916
1709,4,03/13/26 04:00 AM,488229.327353835
1710,5,03/13/26 05:00 AM,511671.316111206
1711,6,03/13/26 06:00 AM,536877.090908124
1712,7,03/13/26 07:00 AM,562083.008094073
1713,8,03/13/26 08:00 AM,585525.402506069
1714,9,03/13/26 09:00 AM,605560.771309773
1715,10,03/13/26 10:00 AM,620777.769456736
1716,11,03/13/26 11:00 AM,630093.384900066
1717,12,03/13/26 12:00 PM,632826.739770886
1718,13,03/13/26 01:00 PM,628745.488382336
1719,14,03/13/26 02:00 PM,618081.650299253
1720,15,03/13/26 03:00 PM,601515.799539282
1721,16,03/13/26 04:00 PM,580130.687322041
1722,17,03/13/26 05:00 PM,555337.458713986
1723,18,03/13/26 06:00 PM,528779.491087804
1724,19,03/13/26 07:00 PM,502220.407262089
1725,20,03/13/26 08:00 PM,477423.894593182
1726,21,03/13/26 09:00 PM,456033.519669139
1727,22,03/13/26 10:00 PM,439460.728555462
1728,23,03/13/26 11:00 PM,428788.664743141
1729,0,03/14/26 12:00 AM,424698.357345542
1730,1,03/14/26 01:00 AM,427427.115609173
1731,2,03/14/26 02:00 AM,436737.959633317
1732,3,03/14/26 03:00 AM,451950.163821028
1733,4,03/14/26 04:00 AM,471980.846883815
1734,5,03/14/26 05:00 AM,495418.764107751
1735,6,03/14/26 06:00 AM,520620.475732027
1736,7,03/14/26 07:00 AM,545822.338108217
1737,8,03/14/26 08:00 AM,569260.686075422
1738,9,03/14/26 09:00 AM,589292.016801387
1739,10,03/14/26 10:00 AM,604504.985239738
1740,11,03/14/26 11:00 AM,613816.579345657
1741,12,03/14/26 12:00 PM,616545.921252335
1742,13,03/14/26 01:00 PM,612460.665274976
1743,14,03/14/26 02:00 PM,601792.830980478
1744,15,03/14/26 03:00 PM,585222.992388542
1745,16,03/14/26 04:00 PM,563833.900720838
1746,17,03/14/26 05:00 PM,539036.701045868
1747,18,03/14/26 06:00 PM,512474.770738362
1748,19,03/14/26 07:00 PM,485911.732618951
1749,20,03/14/26 08:00 PM,461111.274046014
1750,21,03/14/26 09:00 PM,439716.961609633
1751,22,03/14/26 10:00 PM,423140.241377338
1752,23,03/14/26 11:00 PM,412464.25684214
1753,0,03/15/26 12:00 AM,408370.037119421
1754,1,03/15/26 01:00 AM,411094.891457701
1755,2,03/15/26 02:00 AM,420401.839958274
1756,3,03/15/26 03:00 AM,435610.157026196
1757,4,03/15/26 04:00 AM,455636.961374975
1758,5,03/15/26 05:00 AM,479071.008292681
1759,6,03/15/26 06:00 AM,504268.858020496
1760,7,03/15/26 07:00 AM,529466.866911978
1761,8,03/15/26 08:00 AM,552901.369808214
1762,9,03/15/26 09:00 AM,572928.863878925
1763,10,03/15/26 10:00 AM,588138.004079711
1764,11,03/15/26 11:00 AM,597445.778367722
1765,12,03/15/26 12:00 PM,600171.308878117
1766,13,03/15/26 01:00 PM,596082.249928059
1767,14,03/15/26 02:00 PM,585410.621086402
1768,15,03/15/26 03:00 PM,568836.996374801
1769,16,03/15/26 04:00 PM,547444.12701687
1770,17,03/15/26 05:00 PM,522643.158083058
1771,18,03/15/26 06:00 PM,496077.466950031
1772,19,03/15/26 07:00 PM,469510.676440358
1773,20,03/15/26 08:00 PM,444706.473914345
1774,21,03/15/26 09:00 PM,423308.425964003
1775,22,03/15/26 10:00 PM,406727.978658782
1776,23,03/15/26 11:00 PM,396048.27549361
1777,0,03/16/26 12:00 AM,391950.345585782
1778,1,03/16/26 01:00 AM,394671.498185729
1779,2,03/16/26 02:00 AM,403974.753396645
1780,3,03/16/26 03:00 AM,419179.38562549
1781,4,03/16/26 04:00 AM,439202.513587666
1782,5,03/16/26 05:00 AM,462632.892573134
1783,6,03/16/26 06:00 AM,487827.082824963
1784,7,03/16/26 07:00 AM,513021.440698593
1785,8,03/16/26 08:00 AM,536452.301036991
1786,9,03/16/26 09:00 AM,556476.16101175
1787,10,03/16/26 10:00 AM,571681.67558034
1788,11,03/16/26 11:00 AM,580985.832701778
1789,12,03/16/26 12:00 PM,583707.75451308
1790,13,03/16/26 01:00 PM,579615.095333268
1791,14,03/16/26 02:00 PM,568939.874733048
1792,15,03/16/26 03:00 PM,552362.666735921
1793,16,03/16/26 04:00 PM,530966.222567348
1794,17,03/16/26 05:00 PM,506161.687299612
1795,18,03/16/26 06:00 PM,479592.438311218
1796,19,03/16/26 07:00 PM,453022.098426563
1797,20,03/16/26 08:00 PM,428214.355007779
1798,21,03/16/26 09:00 PM,406812.774648699
1799,22,03/16/26 10:00 PM,390228.803420591
1800,23,03/16/26 11:00 PM,379545.584820193
1801,0,03/17/26 12:00 AM,375444.147966613
1802,1,03/17/26 01:00 AM,378161.802112082
1803,2,03/17/26 02:00 AM,387461.567361595
1804,3,03/17/26 03:00 AM,402662.718123908
1805,4,03/17/26 04:00 AM,422682.373116213
1806,5,03/17/26 05:00 AM,446109.287630258
1807,6,03/17/26 06:00 AM,471300.021910894
1808,7,03/17/26 07:00 AM,496490.932315341
1809,8,03/17/26 08:00 AM,519918.353688335
1810,9,03/17/26 09:00 AM,539938.783203242
1811,10,03/17/26 10:00 AM,555140.875819296
1812,11,03/17/26 11:00 AM,564441.619497272
1813,12,03/17/26 12:00 PM,567160.136375946
1814,13,03/17/26 01:00 PM,563064.080776088
1815,14,03/17/26 02:00 PM,552385.472270154
1816,15,03/17/26 03:00 PM,535804.884883385
1817,16,03/17/26 04:00 PM,514405.069842982
1818,17,03/17/26 05:00 PM,489597.172222963
1819,18,03/17/26 06:00 PM,463024.569403561
1820,19,03/17/26 07:00 PM,436450.884210898
1821,20,03/17/26 08:00 PM,411639.804008829
1822,21,03/17/26 09:00 PM,390234.895392903
1823,22,03/17/26 10:00 PM,373647.604436098
1824,23,03/17/26 11:00 PM,362961.074636863
1825,0,03/18/26 12:00 AM,358856.335116006
1826,1,03/18/26 01:00 AM,361570.69512746
1827,2,03/18/26 02:00 AM,370867.174777913
1828,3,03/18/26 03:00 AM,386065.048477811
1829,4,03/18/26 04:00 AM,406081.434946033
1830,5,03/18/26 05:00 AM,429505.089476008
1831,6,03/18/26 06:00 AM,454692.572314264
1832,7,03/18/26 07:00 AM,479880.239819692
1833,8,03/18/26 08:00 AM,503304.4268387
1834,9,03/18/26 09:00 AM,523321.630546314
1835,10,03/18/26 10:00 AM,538520.505903429
1836,11,03/18/26 11:00 AM,547818.040872476
1837,12,03/18/26 12:00 PM,550533.357593879
1838,13,03/18/26 01:00 PM,546434.110390057
1839,14,03/18/26 02:00 PM,535752.318835106
1840,15,03/18/26 03:00 PM,519168.556955906
1841,16,03/18/26 04:00 PM,497765.57598129
1842,17,03/18/26 05:00 PM,472954.520986905
1843,18,03/18/26 06:00 PM,446378.769354609
1844,19,03/18/26 07:00 PM,419801.943912143
1845,20,03/18/26 08:00 PM,394987.732024977
1846,21,03/18/26 09:00 PM,373579.700290271
1847,22,03/18/26 10:00 PM,356989.294782611
1848,23,03/18/26 11:00 PM,346299.659002047
1849,0,03/19/26 12:00 AM,342191.822070986
1850,1,03/19/26 01:00 AM,344903.093244952
1851,2,03/19/26 02:00 AM,354196.492632225
1852,3,03/19/26 03:00 AM,369391.294644833
1853,4,03/19/26 04:00 AM,389404.618003236
1854,5,03/19/26 05:00 AM,412825.21800244
1855,6,03/19/26 06:00 AM,438009.654890543
1856,7,03/19/26 07:00 AM,463194.285028004
1857,8,03/19/26 08:00 AM,486615.443262792
1858,9,03/19/26 09:00 AM,506629.626771492
1859,10,03/19/26 10:00 AM,521825.490516553
1860,11,03/19/26 11:00 AM,531120.022461955
1861,12,03/19/26 12:00 PM,533832.344749667
1862,13,03/19/26 01:00 PM,529730.111703648
1863,14,03/19/26 02:00 PM,519045.342899529
1864,15,03/19/26 03:00 PM,502458.612365724
1865,16,03/19/26 04:00 PM,481052.671332592
1866,17,03/19/26 05:00 PM,456238.664877302
1867,18,03/19/26 06:00 PM,429659.97038323
1868,19,03/19/26 07:00 PM,403080.210679633
1869,20,03/19/26 08:00 PM,378263.073133489
1870,21,03/19/26 09:00 PM,356852.124343464
1871,22,03/19/26 10:00 PM,340258.810385644
1872,23,03/19/26 11:00 PM,329566.274761574
1873,0,03/20/26 12:00 AM,325455.546595155
1874,1,03/20/26 01:00 AM,328163.935143397
1875,2,03/20/26 02:00 AM,337454.460516063
1876,3,03/20/26 03:00 AM,352646.39712666
1877,4,03/20/26 04:00 AM,372656.863697122
1878,5,03/20/26 05:00 AM,396074.615523924
1879,6,03/20/26 06:00 AM,421256.212856629
1880,7,03/20/26 07:00 AM,446438.012057158
1881,8,03/20/26 08:00 AM,469856.347974935
1882,9,03/20/26 09:00 AM,489867.717787998
1883,10,03/20/26 10:00 AM,505060.776460243
1884,11,03/20/26 11:00 AM,514352.511957092
1885,12,03/20/26 12:00 PM,517062.046421954
1886,13,03/20/26 01:00 PM,512957.034180222
1887,14,03/20/26 02:00 PM,502269.494808957
1888,15,03/20/26 03:00 PM,485680.002337996
1889,16,03/20/26 04:00 PM,464271.307999121
1890,17,03/20/26 05:00 PM,439454.556870917
1891,18,03/20/26 06:00 PM,412873.126338172
1892,19,03/20/26 07:00 PM,386290.63923155
1893,20,03/20/26 08:00 PM,361470.782919433
1894,21,03/20/26 09:00 PM,340057.124001884
1895,22,03/20/26 10:00 PM,323461.108556383
1896,23,03/20/26 11:00 PM,312765.880085868
1897,0,03/21/26 12:00 AM,308652.467715621
1898,1,03/21/26 01:00 AM,311358.180704037
1899,2,03/21/26 02:00 AM,320646.039162252
1900,3,03/21/26 03:00 AM,335835.317505147
1901,4,03/21/26 04:00 AM,355843.134456023
1902,5,03/21/26 05:00 AM,379258.245312717
1903,6,03/21/26 06:00 AM,404437.210326152
1904,7,03/21/26 07:00 AM,429616.385859602
1905,8,03/21/26 08:00 AM,453032.106763841
1906,9,03/21/26 09:00 AM,473040.870218253
1907,10,03/21/26 10:00 AM,488231.331188074
1908,11,03/21/26 11:00 AM,497520.477640062
1909,12,03/21/26 12:00 PM,500227.431718959
1910,13,03/21/26 01:00 PM,496119.847751485
1911,14,03/21/26 02:00 PM,485429.745316024
1912,15,03/21/26 03:00 PM,468837.698443731
1913,16,03/21/26 04:00 PM,447426.458367703
1914,17,03/21/26 05:00 PM,422607.170167833
1915,18,03/21/26 06:00 PM,396023.211230216
1916,19,03/21/26 07:00 PM,369438.204386816
1917,20,03/21/26 08:00 PM,344615.837007311
1918,21,03/21/26 09:00 PM,323199.675693055
1919,22,03/21/26 10:00 PM,306601.166522817
1920,23,03/21/26 11:00 PM,295903.453000817
1921,0,03/22/26 12:00 AM,291787.564253616
1922,1,03/22/26 01:00 AM,294490.809540881
1923,2,03/22/26 02:00 AM,303776.20897502
1924,3,03/22/26 03:00 AM,318963.036972177
1925,4,03/22/26 04:00 AM,338968.412256914
1926,5,03/22/26 05:00 AM,362381.090128324
1927,6,03/22/26 06:00 AM,387557.630838583
1928,7,03/22/26 07:00 AM,412734.390752211
1929,8,03/22/26 08:00 AM,436147.704721225
1930,9,03/22/26 09:00 AM,456154.069926246
1931,10,03/22/26 10:00 AM,471342.141333745
1932,11,03/22/26 11:00 AM,480628.90691171
1933,12,03/22/26 12:00 PM,483333.488806106
1934,13,03/22/26 01:00 PM,479223.541344874
1935,14,03/22/26 02:00 PM,468531.084107614
1936,15,03/22/26 03:00 PM,451936.691126693
1937,16,03/22/26 04:00 PM,430523.113636413
1938,17,03/22/26 05:00 PM,405701.496717871
1939,18,03/22/26 06:00 PM,379115.21775836
1940,19,03/22/26 07:00 PM,352527.899591037
1941,20,03/22/26 08:00 PM,327703.229586768
1942,21,03/22/26 09:00 PM,306284.774348094
1943,22,03/22/26 10:00 PM,289683.979954963
1944,23,03/22/26 11:00 PM,278983.989912769
1945,0,03/23/26 12:00 AM,274865.833349246
1946,1,03/23/26 01:00 AM,277566.819525227
1947,2,03/23/26 02:00 AM,286849.968554282
1948,3,03/23/26 03:00 AM,302034.554853713
1949,4,03/23/26 04:00 AM,322037.697149235
1950,5,03/23/26 05:00 AM,345448.150741091
1951,6,03/23/26 06:00 AM,370622.475882598
1952,7,03/23/26 07:00 AM,395797.028939419
1953,8,03/23/26 08:00 AM,419208.144764705
1954,9,03/23/26 09:00 AM,439212.320540207
1955,10,03/23/26 10:00 AM,454398.211233524
1956,11,03/23/26 11:00 AM,463682.804813764
1957,12,03/23/26 12:00 PM,466385.223428011
1958,13,03/23/26 01:00 PM,462273.121405318
1959,14,03/23/26 02:00 PM,451578.518326393
1960,15,03/23/26 03:00 PM,434981.988224708
1961,16,03/23/26 04:00 PM,413566.282335664
1962,17,03/23/26 05:00 PM,388742.545741453
1963,18,03/23/26 06:00 PM,362154.155830458
1964,19,03/23/26 07:00 PM,335564.735436921
1965,20,03/23/26 08:00 PM,310737.971932791
1966,21,03/23/26 09:00 PM,289317.431921686
1967,22,03/23/26 10:00 PM,272714.561484626
1968,23,03/23/26 11:00 PM,262012.504128072
1969,0,03/24/26 12:00 AM,257892.288980823
1970,1,03/24/26 01:00 AM,260591.22530477
1971,2,03/24/26 02:00 AM,269872.333214539
1972,3,03/24/26 03:00 AM,285054.88712848
1973,4,03/24/26 04:00 AM,305056.005773355
1974,5,03/24/26 05:00 AM,328464.444450447
1975,6,03/24/26 06:00 AM,353636.76341411
1976,7,03/24/26 07:00 AM,378809.319031039
1977,8,03/24/26 08:00 AM,402218.446155413
1978,9,03/24/26 09:00 AM,422220.641970005
1979,10,03/24/26 10:00 AM,437404.561443434
1980,11,03/24/26 11:00 AM,446687.192545821
1981,12,03/24/26 12:00 PM,449387.65742526
1982,13,03/24/26 01:00 PM,445273.610411808
1983,14,03/24/26 02:00 PM,434577.071087175
1984,15,03/24/26 03:00 PM,417978.613485828
1985,16,03/24/26 04:00 PM,396560.98884416
1986,17,03/24/26 05:00 PM,371735.342245351
1987,18,03/24/26 06:00 PM,345145.051078764
1988,19,03/24/26 07:00 PM,318553.738179622
1989,20,03/24/26 08:00 PM,293725.090920847
1990,21,03/24/26 09:00 PM,272302.675907024
1991,22,03/24/26 10:00 PM,255697.939220139
1992,23,03/24/26 11:00 PM,244994.024367614
1993,0,03/25/26 12:00 AM,240871.960479202
1994,1,03/25/26 01:00 AM,243569.056817745
1995,2,03/25/26 02:00 AM,252848.333498816
1996,3,03/25/26 03:00 AM,268029.064941708
1997,4,03/25/26 04:00 AM,288028.369874119
1998,5,03/25/26 05:00 AM,311435.003598265
1999,6,03/25/26 06:00 AM,336605.526369431
2000,7,03/25/26 07:00 AM,361776.294555233
2001,8,03/25/26 08:00 AM,385183.643010771
2002,9,03/25/26 09:00 AM,405184.068919734
2003,10,03/25/26 10:00 AM,420366.227251648
2004,11,03/25/26 11:00 AM,429647.105977544
2005,12,03/25/26 12:00 PM,432345.827246414
2006,13,03/25/26 01:00 PM,428230.045389215
2007,14,03/25/26 02:00 PM,417531.779988548
2008,15,03/25/26 03:00 PM,400931.605079768
2009,16,03/25/26 04:00 PM,379512.271900151
2010,17,03/25/26 05:00 PM,354684.925533756
2011,18,03/25/26 06:00 PM,328092.943370822
2012,19,03/25/26 07:00 PM,301499.94824744
2013,20,03/25/26 08:00 PM,276669.627537398
2014,21,03/25/26 09:00 PM,255245.547846142
2015,22,03/25/26 10:00 PM,238639.155256515
2016,23,03/25/26 11:00 PM,227933.593276789
2017,0,03/26/26 12:00 AM,223809.891037566
2018,1,03/26/26 01:00 AM,226505.357802531
2019,2,03/26/26 02:00 AM,235783.013688094
2020,3,03/26/26 03:00 AM,250962.133114383
2021,4,03/26/26 04:00 AM,270959.834809924
2022,5,03/26/26 05:00 AM,294364.874077759
2023,6,03/26/26 06:00 AM,319533.811173992
2024,7,03/26/26 07:00 AM,344703.002467056
2025,8,03/26/26 08:00 AM,368108.782812861
2026,9,03/26/26 09:00 AM,388107.649395903
2027,10,03/26/26 10:00 AM,403288.257186511
2028,11,03/26/26 11:00 AM,412567.594156513
2029,12,03/26/26 12:00 PM,415264.782455695
2030,13,03/26/26 01:00 PM,411147.476415801
2031,14,03/26/26 02:00 PM,400447.695620216
2032,15,03/26/26 03:00 PM,383846.014105077
2033,16,03/26/26 04:00 PM,362425.183108433
2034,17,03/26/26 05:00 PM,337596.347715114
2035,18,03/26/26 06:00 PM,311002.885316125
2036,19,03/26/26 07:00 PM,284408.418748318
2037,20,03/26/26 08:00 PM,259576.635386239
2038,21,03/26/26 09:00 PM,238151.101836086
2039,22,03/26/26 10:00 PM,221543.264181449
2040,23,03/26/26 11:00 PM,210836.265931345
2041,0,03/27/26 12:00 AM,206711.136217113
2042,1,03/27/26 01:00 AM,209405.184303174
2043,2,03/27/26 02:00 AM,218681.430306668
2044,3,03/27/26 03:00 AM,233859.148648446
2045,4,03/27/26 04:00 AM,253855.458057757
2046,5,03/27/26 05:00 AM,277259.113838358
2047,6,03/27/26 06:00 AM,302426.676247066
2048,7,03/27/26 07:00 AM,327594.501653019
2049,8,03/27/26 08:00 AM,350998.924912832
2050,9,03/27/26 09:00 AM,370996.443211698
2051,10,03/27/26 10:00 AM,386175.71152064
2052,11,03/27/26 11:00 AM,395453.717812174
2053,12,03/27/26 12:00 PM,398149.584236772
2054,13,03/27/26 01:00 PM,394030.965126857
2055,14,03/27/26 02:00 PM,383329.88006649
2056,15,03/27/26 03:00 PM,366726.903092478
2057,16,03/27/26 04:00 PM,345304.785443538
2058,17,03/27/26 05:00 PM,320474.672205161
2059,18,03/27/26 06:00 PM,293879.940769009
2060,19,03/27/26 07:00 PM,267284.213972588
2061,20,03/27/26 08:00 PM,242451.179191091
2062,21,03/27/26 09:00 PM,221024.403031361
2063,22,03/27/26 10:00 PM,204415.331577626
2064,23,03/27/26 11:00 PM,193707.108339538
2065,0,03/28/26 12:00 AM,189580.762449068
2066,1,03/28/26 01:00 AM,192273.60317126
2067,2,03/28/26 02:00 AM,201548.650623875
2068,3,03/28/26 03:00 AM,216725.179228383
2069,4,03/28/26 04:00 AM,236720.307714644
2070,5,03/28/26 05:00 AM,260122.791387022
2071,6,03/28/26 06:00 AM,285289.190502937
2072,7,03/28/26 07:00 AM,310455.861432127
2073,8,03/28/26 08:00 AM,333859.139031798
2074,9,03/28/26 09:00 AM,353855.520487734
2075,10,03/28/26 10:00 AM,369033.660771544
2076,11,03/28/26 11:00 AM,378310.547856322
2077,12,03/28/26 12:00 PM,381005.303893116
2078,13,03/28/26 01:00 PM,376885.583214923
2079,14,03/28/26 02:00 PM,366183.405406368
2080,15,03/28/26 03:00 PM,349579.344504821
2081,16,03/28/26 04:00 PM,328156.151749556
2082,17,03/28/26 05:00 PM,303324.972226618
2083,18,03/28/26 06:00 PM,276729.183328216
2084,19,03/28/26 07:00 PM,250132.407892402
2085,20,03/28/26 08:00 PM,225298.333294907
2086,21,03/28/26 09:00 PM,203870.52614311
2087,22,03/28/26 10:00 PM,187260.432521768
2088,23,03/28/26 11:00 PM,176551.195941061
2089,0,03/29/26 12:00 AM,172423.845533479
2090,1,03/29/26 01:00 AM,175115.690564583
2091,2,03/29/26 02:00 AM,184389.751152648
2092,3,03/29/26 03:00 AM,199565.30171965
2093,4,03/29/26 04:00 AM,219559.460995953
2094,5,03/29/26 05:00 AM,242960.984286419
2095,6,03/29/26 06:00 AM,268126.431848963
2096,7,03/29/26 07:00 AM,293292.16005381
2097,8,03/29/26 08:00 AM,316694.503758654
2098,9,03/29/26 09:00 AM,336689.960149759
2099,10,03/29/26 10:00 AM,351867.184199207
2100,11,03/29/26 11:00 AM,361143.163880568
2101,12,03/29/26 12:00 PM,363837.021345353
2102,13,03/29/26 01:00 PM,359716.410927022
2103,14,03/29/26 02:00 PM,349013.352210659
2104,15,03/29/26 03:00 PM,332408.419234085
2105,16,03/29/26 04:00 PM,310984.363237025
2106,17,03/29/26 05:00 PM,286152.329305967
2107,18,03/29/26 06:00 PM,259555.694833561
2108,19,03/29/26 07:00 PM,232958.082658291
2109,20,03/29/26 08:00 PM,208123.18015632
2110,21,03/29/26 09:00 PM,186694.553935453
2111,22,03/29/26 10:00 PM,170083.650080868
2112,23,03/29/26 11:00 PM,159373.612103163
2113,0,03/30/26 12:00 AM,155245.469135238
2114,1,03/30/26 01:00 AM,157936.530443064
2115,2,03/30/26 02:00 AM,167209.816145318
2116,3,03/30/26 03:00 AM,182384.600664375
2117,4,03/30/26 04:00 AM,202378.002730992
2118,5,03/30/26 05:00 AM,225778.777650423
2119,6,03/30/26 06:00 AM,250943.485680965
2120,7,03/30/26 07:00 AM,276108.483193226
2121,8,03/30/26 08:00 AM,299510.105045275
2122,9,03/30/26 09:00 AM,319504.848423746
2123,10,03/30/26 10:00 AM,334681.36830109
2124,11,03/30/26 11:00 AM,343956.652651237
2125,12,03/30/26 12:00 PM,346649.823626058
2126,13,03/30/26 01:00 PM,342528.535559364
2127,14,03/30/26 02:00 PM,331824.808036589
2128,15,03/30/26 03:00 PM,315219.215095898
2129,16,03/30/26 04:00 PM,293794.507977354
2130,17,03/30/26 05:00 PM,268961.831767782
2131,18,03/30/26 06:00 PM,242364.563860161
2132,19,03/30/26 07:00 PM,215766.327093302
2133,20,03/30/26 08:00 PM,190930.808843689
2134,21,03/30/26 09:00 PM,169501.575719442
2135,22,03/30/26 10:00 PM,152890.073806055
2136,23,03/30/26 11:00 PM,142179.446614429
2137,0,03/31/26 12:00 AM,138050.72327777
2138,1,03/31/26 01:00 AM,140741.213062348
2139,2,03/31/26 02:00 AM,150013.936087132
2140,3,03/31/26 03:00 AM,165188.166774788
2141,4,03/31/26 04:00 AM,185181.023856358
2142,5,03/31/26 05:00 AM,208581.262637374
2143,6,03/31/26 06:00 AM,233745.443376412
2144,7,03/31/26 07:00 AM,258909.922444349
2145,8,03/31/26 08:00 AM,282311.034699521
2146,9,03/31/26 09:00 AM,302305.277328826
2147,10,03/31/26 10:00 AM,317481.30530497
2148,11,03/31/26 11:00 AM,326756.106602138
2149,12,03/31/26 12:00 PM,329448.803372448
2150,13,03/31/26 01:00 PM,325327.049949957
2151,14,03/31/26 02:00 PM,314622.865920336
2152,15,03/31/26 03:00 PM,298016.825321986
2153,16,03/31/26 04:00 PM,276591.679395202
2154,17,03/31/26 05:00 PM,251758.573227031
2155,18,03/31/26 06:00 PM,225160.884210676
2156,19,03/31/26 07:00 PM,198562.235185163
2157,20,03/31/26 08:00 PM,173726.31352719
2158,21,03/31/26 09:00 PM,152296.685845083
2159,22,03/31/26 10:00 PM,135684.798224538
2160,23,03/31/26 11:00 PM,124973.794176657
2161,0,04/01/26 12:00 AM,120844.70283484
2162,1,04/01/26 01:00 AM,123534.833465543
2163,2,04/01/26 02:00 AM,132807.206187923
2164,3,04/01/26 03:00 AM,147981.095424824
2165,4,04/01/26 04:00 AM,167973.619907464
2166,5,04/01/26 05:00 AM,191373.534941548
2167,6,04/01/26 06:00 AM,216537.400785816
2168,7,04/01/26 07:00 AM,241701.573811309
2169,8,04/01/26 08:00 AM,265102.38887652
2170,9,04/01/26 09:00 AM,285096.343168499
2171,10,04/01/26 10:00 AM,300272.091660102
2172,11,04/01/26 11:00 AM,309546.622325655
2173,12,04/01/26 12:00 PM,312239.057317417
2174,13,04/01/26 01:00 PM,308117.05096958
2175,14,04/01/26 02:00 PM,297412.622867945
2176,15,04/01/26 03:00 PM,280806.347051039
2177,16,04/01/26 04:00 PM,259380.974759275
2178,17,04/01/26 05:00 PM,234547.65107982
2179,18,04/01/26 06:00 PM,207949.753405987
2180,19,04/01/26 07:00 PM,181350.904576911
2181,20,04/01/26 08:00 PM,156514.79196939
2182,21,04/01/26 09:00 PM,135084.982191851
2183,22,04/01/26 10:00 PM,118472.921330083
2184,23,04/01/26 11:00 PM,107761.752895276
2185,0,04/02/26 12:00 AM,103632.506020914
2186,1,04/02/26 01:00 AM,106322.489973536
2187,2,04/02/26 02:00 AM,115594.724872372
2188,3,04/02/26 03:00 AM,130768.485140338
2189,4,04/02/26 04:00 AM,150760.889508718
2190,5,04/02/26 05:00 AM,174160.693283279
2191,6,04/02/26 06:00 AM,199324.456722818
2192,7,04/02/26 07:00 AM,224488.536198429
2193,8,04/02/26 08:00 AM,247889.266568652
2194,9,04/02/26 09:00 AM,267883.145020581
2195,10,04/02/26 10:00 AM,283058.826527111
2196,11,04/02/26 11:00 AM,292333.299062604
2197,12,04/02/26 12:00 PM,295025.684779349
2198,13,04/02/26 01:00 PM,290903.63801156
2199,14,04/02/26 02:00 PM,280199.178345061
2200,15,04/02/26 03:00 PM,263592.879818396
2201,16,04/02/26 04:00 PM,242167.493671988
2202,17,04/02/26 05:00 PM,217334.164993013
2203,18,04/02/26 06:00 PM,190736.271174785
2204,19,04/02/26 07:00 PM,164137.435056437
2205,20,04/02/26 08:00 PM,139301.344014762
2206,21,04/02/26 09:00 PM,117871.564658174
2207,22,04/02/26 10:00 PM,101259.543072448
2208,23,04/02/26 11:00 PM,90548.4227687522
2209,0,04/03/26 12:00 AM,86419.2328805476
2210,1,04/03/26 01:00 AM,89109.2826743426
2211,2,04/03/26 02:00 AM,98381.5922693334
2212,3,04/03/26 03:00 AM,113555.436088398
2213,4,04/03/26 04:00 AM,133547.932862778
2214,5,04/03/26 05:00 AM,156947.837898191
2215,6,04/03/26 06:00 AM,182111.711453383
2216,7,04/03/26 07:00 AM,207275.909899392
2217,8,04/03/26 08:00 AM,230676.768094696
2218,9,04/03/26 09:00 AM,250670.783226324
2219,10,04/03/26 10:00 AM,265846.6102671
2220,11,04/03/26 11:00 AM,275121.237191311
2221,12,04/03/26 12:00 PM,277813.786151167
2222,13,04/03/26 01:00 PM,273691.911480798
2223,14,04/03/26 02:00 PM,262987.632765939
2224,15,04/03/26 03:00 PM,246381.524045041
2225,16,04/03/26 04:00 PM,224956.336558431
2226,17,04/03/26 05:00 PM,200123.21539318
2227,18,04/03/26 06:00 PM,173525.537942497
2228,19,04/03/26 07:00 PM,146926.927045404
2229,20,04/03/26 08:00 PM,122091.070078576
2230,21,04/03/26 09:00 PM,100661.53365031
2231,22,04/03/26 10:00 PM,84049.7638462521
2232,23,04/03/26 11:00 PM,73338.9041774448
2233,0,04/04/26 12:00 AM,69209.9837772126
2234,1,04/04/26 01:00 AM,71900.3119119255
2235,2,04/04/26 02:00 AM,81172.9087006374
2236,3,04/04/26 03:00 AM,96347.048566078
2237,4,04/04/26 04:00 AM,116339.850239336
2238,5,04/04/26 05:00 AM,139740.069025974
2239,6,04/04/26 06:00 AM,164904.265184575
2240,7,04/04/26 07:00 AM,190068.795086011
2241,8,04/04/26 08:00 AM,213469.99358859
2242,9,04/04/26 09:00 AM,233464.357879166
2243,10,04/04/26 10:00 AM,248640.542930384
2244,11,04/04/26 11:00 AM,257915.536716345
2245,12,04/04/26 12:00 PM,260608.461389071
2246,13,04/04/26 01:00 PM,256486.9712825
2247,14,04/04/26 02:00 PM,245783.085982168
2248,15,04/04/26 03:00 PM,229177.379526324
2249,16,04/04/26 04:00 PM,207752.603155088
2250,17,04/04/26 05:00 PM,182919.901955319
2251,18,04/04/26 06:00 PM,156322.653320011
2252,19,04/04/26 07:00 PM,129724.480087964
2253,20,04/04/26 08:00 PM,104889.06963563
2254,21,04/04/26 09:00 PM,83459.9885710735
2255,22,04/04/26 10:00 PM,66848.6829797089
2256,23,04/04/26 11:00 PM,56138.2963723385
2257,0,04/05/26 12:00 AM,52009.8578820433
2258,1,04/05/26 01:00 AM,54700.6767749464
2259,2,04/05/26 02:00 AM,63973.7731698482
2260,3,04/05/26 03:00 AM,79148.4214892221
2261,4,04/05/26 04:00 AM,99141.740463895
2262,5,04/05/26 05:00 AM,122542.485399163
2263,6,04/05/26 06:00 AM,147707.216553339
2264,7,04/05/26 07:00 AM,172872.29029702
2265,8,04/05/26 08:00 AM,196274.041488234
2266,9,04/05/26 09:00 AM,216268.96731355
2267,10,04/05/26 10:00 AM,231445.722745324
2268,11,04/05/26 11:00 AM,240721.295757366
2269,12,04/05/26 12:00 PM,243414.808501397
2270,13,04/05/26 01:00 PM,239293.915311054
2271,14,04/05/26 02:00 PM,228590.635771566
2272,15,04/05/26 03:00 PM,211985.54392087
2273,16,04/05/26 04:00 PM,190561.390998769
2274,17,04/05/26 05:00 PM,165729.322091803
2275,18,04/05/26 06:00 PM,139132.714592639
2276,19,04/05/26 07:00 PM,112535.191339749
2277,20,04/05/26 08:00 PM,87700.439709249
2278,21,04/05/26 09:00 PM,66272.0263088659
2279,22,04/05/26 10:00 PM,49661.3972236697
2280,23,04/05/26 11:00 PM,38951.6959641147
2281,0,04/06/26 12:00 AM,34823.9516629302
2282,1,04/06/26 01:00 AM,37515.4735858813
2283,2,04/06/26 02:00 AM,46789.2818514073
2284,3,04/06/26 03:00 AM,61964.6508816147
2285,4,04/06/26 04:00 AM,81958.6994069605
2286,5,04/06/26 05:00 AM,105360.182732365
2287,6,04/06/26 06:00 AM,130525.661115761
2288,7,04/06/26 07:00 AM,155691.490927362
2289,8,04/06/26 08:00 AM,179094.007024806
2290,9,04/06/26 09:00 AM,199089.706594269
2291,10,04/06/26 10:00 AM,214267.24460771
2292,11,04/06/26 11:00 AM,223543.609038534
2293,12,04/06/26 12:00 PM,226237.922038057
2294,13,04/06/26 01:00 PM,222117.837939503
2295,14,04/06/26 02:00 PM,211415.376327686
2296,15,04/06/26 03:00 PM,194811.111240121
2297,16,04/06/26 04:00 PM,173387.793916187
2298,17,04/06/26 05:00 PM,148556.569441993
2299,18,04/06/26 06:00 PM,121960.815209773
2300,19,04/06/26 07:00 PM,95364.1540575576
2301,20,04/06/26 08:00 PM,70530.2733610217
2302,21,04/06/26 09:00 PM,49102.7397274427
2303,22,04/06/26 10:00 PM,32492.9992414388
2304,23,04/06/26 11:00 PM,21784.1954130072
2305,0,04/07/26 12:00 AM,17657.3573744151
2306,1,04/07/26 01:00 AM,20349.7943909617
2307,2,04/07/26 02:00 AM,29624.5265806151
2308,3,04/07/26 03:00 AM,44800.8283650073
2309,4,04/07/26 04:00 AM,64795.8184741149
2310,5,04/07/26 05:00 AM,88198.2522123737
2311,6,04/07/26 06:00 AM,113364.689837228
2312,7,04/07/26 07:00 AM,138531.487718398
2313,8,04/07/26 08:00 AM,161934.980713023
2314,9,04/07/26 09:00 AM,181931.666006777
2315,10,04/07/26 10:00 AM,197110.198571111
2316,11,04/07/26 11:00 AM,206387.566378919
2317,12,04/07/26 12:00 PM,209082.891581001
2318,13,04/07/26 01:00 PM,204963.828510061
2319,14,04/07/26 02:00 PM,194262.396750387
2320,15,04/07/26 03:00 PM,177659.170338964
2321,16,04/07/26 04:00 PM,156236.900514636
2322,17,04/07/26 05:00 PM,131406.732362975
2323,18,04/07/26 06:00 PM,104812.04327567
2324,19,04/07/26 07:00 PM,78216.4560902048
2325,20,04/07/26 08:00 PM,53383.6581817009
2326,21,04/07/26 09:00 PM,31957.2161568791
2327,22,04/07/26 10:00 PM,15348.5760997961
2328,23,04/07/26 11:00 PM,4640.88151988285
2329,0,04/08/26 12:00 AM,515.16154883588
2330,1,04/08/26 01:00 AM,3208.72545137908
2331,2,04/08/26 02:00 AM,12484.5933449013
2332,3,04/08/26 03:00 AM,27662.0396504501
2333,4,04/08/26 04:00 AM,47658.183097413
2334,5,04/08/26 05:00 AM,71061.7789896333
2335,6,04/08/26 06:00 AM,96229.3875839571
2336,7,04/08/26 07:00 AM,121397.3652495
2337,8,04/08/26 08:00 AM,144802.046842799
2338,9,04/08/26 09:00 AM,164799.929548913
2339,10,04/08/26 10:00 AM,179979.668338678
2340,11,04/08/26 11:00 AM,189258.251184368
2341,12,04/08/26 12:00 PM,191954.800236158
2342,13,04/08/26 01:00 PM,187836.969826121
2343,14,04/08/26 02:00 PM,177136.779537912
2344,15,04/08/26 03:00 PM,160534.803407877
2345,16,04/08/26 04:00 PM,139113.792674218
2346,17,04/08/26 05:00 PM,114284.892421857
2347,18,04/08/26 06:00 PM,87691.4800418319
2348,19,04/08/26 07:00 PM,61097.1783709707
2349,20,04/08/26 08:00 PM,36265.6747837323
2350,21,04/08/26 09:00 PM,14840.5358861725
2351,22,04/08/26 10:00 PM,-1766.79223832293
2352,23,04/08/26 11:00 PM,-12473.1660809978
2353,0,04/09/26 12:00 AM,-16597.5565108352
2354,1,04/09/26 01:00 AM,-13902.6542637945
2355,2,04/09/26 02:00 AM,-4625.43922317574
2356,3,04/09/26 03:00 AM,10553.3630313751
2357,4,04/09/26 04:00 AM,30550.8712285488
2358,5,04/09/26 05:00 AM,53955.8406714862
2359,6,04/09/26 06:00 AM,79124.8316163266
2360,7,04/09/26 07:00 AM,104294.200431475
2361,8,04/09/26 08:00 AM,127700.281972752
2362,9,04/09/26 09:00 AM,147699.573424497
2363,10,04/09/26 10:00 AM,162880.729756822
2364,11,04/09/26 11:00 AM,172160.73894127
2365,12,04/09/26 12:00 PM,174858.723127284
2366,13,04/09/26 01:00 PM,170742.336646197
2367,14,04/09/26 02:00 PM,160043.599080922
2368,15,04/09/26 03:00 PM,143443.084467058
2369,16,04/09/26 04:00 PM,122023.544042055
2370,17,04/09/26 05:00 PM,97196.1228900787
2371,18,04/09/26 06:00 PM,70604.1984014062
2372,19,04/09/26 07:00 PM,44011.3934120991
2373,20,04/09/26 08:00 PM,19181.3952958476
2374,21,04/09/26 09:00 PM,-2242.22934206767
2375,22,04/09/26 10:00 PM,-18848.03441904
2376,23,04/09/26 11:00 PM,-29552.8764270964
2377,0,04/10/26 12:00 AM,-33675.7262360076
2378,1,04/10/26 01:00 AM,-30979.2745825261
2379,2,04/10/26 02:00 AM,-21700.5013507491
2380,3,04/10/26 03:00 AM,-6520.13212112339
2381,4,04/10/26 04:00 AM,13478.9518342351
2382,5,04/10/26 05:00 AM,36885.5058176563
2383,6,04/10/26 06:00 AM,62056.0900844653
2384,7,04/10/26 07:00 AM,87227.0610022474
2385,8,04/10/26 08:00 AM,110634.753425997
2386,9,04/10/26 09:00 AM,130635.664539228
2387,10,04/10/26 10:00 AM,145818.449311217
2388,11,04/10/26 11:00 AM,155100.09571267
2389,12,04/10/26 12:00 PM,157799.725892186
2390,13,04/10/26 01:00 PM,153684.994180255
2391,14,04/10/26 02:00 PM,142987.920158936
2392,15,04/10/26 03:00 PM,126389.077862973
2393,16,04/10/26 04:00 PM,104971.218528955
2394,17,04/10/26 05:00 PM,80145.4872401838
2395,18,04/10/26 06:00 PM,53555.2613860665
2396,19,04/10/26 07:00 PM,26964.1638017918
2397,20,04/10/26 08:00 PM,2135.88186017067
2398,21,04/10/26 09:00 PM,-19286.0178343988
2399,22,04/10/26 10:00 PM,-35890.0892001972
2400,23,04/10/26 11:00 PM,-46593.1887301434
2401,0,04/11/26 12:00 AM,-50714.2872949046
2402,1,04/11/26 01:00 AM,-48016.0756321346
2403,2,04/11/26 02:00 AM,-38735.533626835
2404,3,04/11/26 03:00 AM,-23553.3868603637
2405,4,04/11/26 04:00 AM,-3552.51660575032
2406,5,04/11/26 05:00 AM,19855.8324384165
2407,6,04/11/26 06:00 AM,45028.2205265377
2408,7,04/11/26 07:00 AM,70201.0040252706
2409,8,04/11/26 08:00 AM,93610.5177886784
2410,9,04/11/26 09:00 AM,113613.258999336
2411,10,04/11/26 10:00 AM,128797.88262558
2412,11,04/11/26 11:00 AM,138081.37663717
2413,12,04/11/26 12:00 PM,140782.863181755
2414,13,04/11/26 01:00 PM,136669.996588869
2415,14,04/11/26 02:00 PM,125974.796439613
2416,15,04/11/26 03:00 PM,109377.836767765
2417,16,04/11/26 04:00 PM,87961.8688089481
2418,17,04/11/26 05:00 PM,63138.037645489
2419,18,04/11/26 06:00 PM,36549.7206658182
2420,19,04/11/26 07:00 PM,9960.54070414228
2421,20,04/11/26 08:00 PM,-14865.8148677143
2422,21,04/11/26 09:00 PM,-36285.7794463446
2423,22,04/11/26 10:00 PM,-52887.9069510241
2424,23,04/11/26 11:00 PM,-63589.0538756722
2425,0,04/12/26 12:00 AM,-67708.1910919608
2426,1,04/12/26 01:00 AM,-65008.0093385517
2427,2,04/12/26 02:00 AM,-55725.4885014609
2428,3,04/12/26 03:00 AM,-40541.3541630639
2429,4,04/12/26 04:00 AM,-20538.4875974126
2430,5,04/12/26 05:00 AM,2871.86649587693
2431,6,04/12/26 06:00 AM,28046.2683701742
2432,7,04/12/26 07:00 AM,53221.0743911013
2433,8,04/12/26 08:00 AM,76632.61941168
2434,9,04/12/26 09:00 AM,96637.4006134412
2435,10,04/12/26 10:00 AM,111824.072963671
2436,11,04/12/26 11:00 AM,121109.624431076
2437,12,04/12/26 12:00 PM,123813.177162247
2438,13,04/12/26 01:00 PM,119702.385485654
2439,14,04/12/26 02:00 PM,109009.268981331
2440,15,04/12/26 03:00 PM,92414.4016819849
2441,16,04/12/26 04:00 PM,71000.5348221607
2442,17,04/12/26 05:00 PM,46178.8134831063
2443,18,04/12/26 06:00 PM,19592.6150521658
2444,19,04/12/26 07:00 PM,-6994.43763754425
2445,20,04/12/26 08:00 PM,-31818.6572152936
2446,21,04/12/26 09:00 PM,-53236.4770787736
2447,22,04/12/26 10:00 PM,-69836.4511483639
2448,23,04/12/26 11:00 PM,-80535.4359190911
2449,0,04/13/26 12:00 AM,-84652.4022637391
2450,1,04/13/26 01:00 AM,-81950.0409220871
2451,2,04/13/26 02:00 AM,-72665.3317812723
2452,3,04/13/26 03:00 AM,-57479.0004247953
2453,4,04/13/26 04:00 AM,-37473.9281278388
2454,5,04/13/26 05:00 AM,-14061.3595911537
2455,6,04/13/26 06:00 AM,11115.2654374911
2456,7,04/13/26 07:00 AM,36292.3033225733
2457,8,04/13/26 08:00 AM,59706.088915967
2458,9,04/13/26 09:00 AM,79713.11939805
2459,10,04/13/26 10:00 AM,94902.0497349514
2460,11,04/13/26 11:00 AM,104189.867894217
2461,12,04/13/26 12:00 PM,106895.696021271
2462,13,04/13/26 01:00 PM,102787.188443412
2463,14,04/13/26 02:00 PM,92096.3647395005
2464,15,04/13/26 03:00 PM,75503.798941063
2465,16,04/13/26 04:00 PM,54092.2422814611
2466,17,04/13/26 05:00 PM,29272.8398407537
2467,18,04/13/26 06:00 PM,2688.96900509224
2468,19,04/13/26 07:00 PM,-23895.7473936043
2469,20,04/13/26 08:00 PM,-48717.621985807
2470,21,04/13/26 09:00 PM,-70133.088170414
2471,22,04/13/26 10:00 PM,-86730.6998690157
2472,23,04/13/26 11:00 PM,-97427.3135778538
2473,0,04/14/26 12:00 AM,-101541.900170932
2474,1,04/14/26 01:00 AM,-98837.1503892543
2475,2,04/14/26 02:00 AM,-89550.0441211855
2476,3,04/14/26 03:00 AM,-74361.3069514602
2477,4,04/14/26 04:00 AM,-54353.8201564987
2478,5,04/14/26 05:00 AM,-30938.8284382931
2479,6,04/14/26 06:00 AM,-5759.77154585969
2480,7,04/14/26 07:00 AM,19419.7068840284
2481,8,04/14/26 08:00 AM,42835.9417019896
2482,9,04/14/26 09:00 AM,62845.4300871423
2483,10,04/14/26 10:00 AM,78036.8270043507
2484,11,04/14/26 11:00 AM,87327.1204198919
2485,12,04/14/26 12:00 PM,90035.4324779163
2486,13,04/14/26 01:00 PM,85929.4175044462
2487,14,04/14/26 02:00 PM,75241.0950770576
2488,15,04/14/26 03:00 PM,58651.039225992
2489,16,04/14/26 04:00 PM,37242.001183319
2490,17,04/14/26 05:00 PM,12425.1260278021
2491,18,04/14/26 06:00 PM,-14156.2088557079
2492,19,04/14/26 07:00 PM,-40738.3806365953
2493,20,04/14/26 08:00 PM,-65557.7019466413
2494,21,04/14/26 09:00 PM,-86970.6061860575
2495,22,04/14/26 10:00 PM,-103565.647277751
2496,23,04/14/26 11:00 PM,-114259.681719288
2497,0,04/15/26 12:00 AM,-118371.680385998
2498,1,04/15/26 01:00 AM,-115664.334020215
2499,2,04/15/26 02:00 AM,-106374.622511642
2500,3,04/15/26 03:00 AM,-91183.2714463514
2501,4,04/15/26 04:00 AM,-71173.16210211
2502,5,04/15/26 05:00 AM,-47755.5391822583
2503,6,04/15/26 06:00 AM,-22573.8424371663
2504,7,04/15/26 07:00 AM,2608.28449503469
2505,8,04/15/26 08:00 AM,26027.1764636013
2506,9,04/15/26 09:00 AM,46039.3306462842
2507,10,04/15/26 10:00 AM,61233.4020065766
2508,11,04/15/26 11:00 AM,70526.3785093801
2509,12,04/15/26 12:00 PM,73237.3822974644
2510,13,04/15/26 01:00 PM,69134.0676954669
2511,14,04/15/26 02:00 PM,58448.4542795753
2512,15,04/15/26 03:00 PM,41861.1160786367
2513,16,04/15/26 04:00 PM,20454.8043233231
2514,17,04/15/26 05:00 PM,-4359.3359090051
2515,18,04/15/26 06:00 PM,-30937.9272349028
2516,19,04/15/26 07:00 PM,-57517.346825167
2517,20,04/15/26 08:00 PM,-82333.9073129942
2518,21,04/15/26 09:00 PM,-103744.042100016
2519,22,04/15/26 10:00 PM,-120336.305110565
2520,23,04/15/26 11:00 PM,-131027.552843635
2521,0,04/16/26 12:00 AM,-135136.75617599
2522,1,04/16/26 01:00 AM,-132426.605851403
2523,2,04/16/26 02:00 AM,-123134.081761017
2524,3,04/16/26 03:00 AM,-107939.909492354
2525,4,04/16/26 04:00 AM,-87926.97032463
2526,5,04/16/26 05:00 AM,-64506.5089626424
2527,6,04/16/26 06:00 AM,-39321.9651582212
2528,7,04/16/26 07:00 AM,-14136.9825509616
2529,8,04/16/26 08:00 AM,9284.77370692309
2530,9,04/16/26 09:00 AM,29299.8007917105
2531,10,04/16/26 10:00 AM,44496.7536654159
2532,11,04/16/26 11:00 AM,53792.6202914584
2533,12,04/16/26 12:00 PM,56506.5228111209
2534,13,04/16/26 01:00 PM,52406.1155475501
2535,14,04/16/26 02:00 PM,41723.4180754372
2536,15,04/16/26 03:00 PM,25139.0044221301
2537,16,04/16/26 04:00 PM,3735.6258167957
2538,17,04/16/26 05:00 PM,-21075.5726647137
2539,18,04/16/26 06:00 PM,-47651.213640467
2540,19,04/16/26 07:00 PM,-74227.6742827791
2541,20,04/16/26 08:00 PM,-99041.2672263679
2542,21,04/16/26 09:00 PM,-120448.425874392
2543,22,04/16/26 10:00 PM,-137037.704152715
2544,23,04/16/26 11:00 PM,-147725.958561867
2545,0,04/17/26 12:00 AM,-151832.15998015
2546,1,04/17/26 01:00 AM,-149118.999152883
2547,2,04/17/26 02:00 AM,-139823.455972757
2548,3,04/17/26 03:00 AM,-124626.256028847
2549,4,04/17/26 04:00 AM,-104610.280601926
2550,5,04/17/26 05:00 AM,-81186.7743983552
2551,6,04/17/26 06:00 AM,-55999.1771715288
2552,7,04/17/26 07:00 AM,-30811.132562614
2553,8,04/17/26 08:00 AM,-7386.30572539911
2554,9,04/17/26 09:00 AM,12631.8005148143
2555,10,04/17/26 10:00 AM,27831.8411184572
2556,11,04/17/26 11:00 AM,37130.80404736
2557,12,04/17/26 12:00 PM,39847.8114412133
2558,13,04/17/26 01:00 PM,35750.5176215663
2559,14,04/17/26 02:00 PM,25070.9421615087
2560,15,04/17/26 03:00 PM,8489.65908678184
2561,16,04/17/26 04:00 PM,-12910.5803750571
2562,17,04/17/26 05:00 PM,-37718.6311497712
2563,18,04/17/26 06:00 PM,-64291.1158570488
2564,19,04/17/26 07:00 PM,-90864.4116708278
2565,20,04/17/26 08:00 PM,-115674.831227455
2566,21,04/17/26 09:00 PM,-137078.807931721
2567,22,04/17/26 10:00 PM,-153664.895711126
2568,23,04/17/26 11:00 PM,-164349.951067841
2569,0,04/18/26 12:00 AM,-168452.944881815
2570,1,04/18/26 01:00 AM,-165736.567900017
2571,2,04/18/26 02:00 AM,-156437.800016791
2572,3,04/18/26 03:00 AM,-141237.366822872
2573,4,04/18/26 04:00 AM,-121218.149600697
2574,5,04/18/26 05:00 AM,-97791.3930582933
2575,6,04/18/26 06:00 AM,-72600.536950728
2576,7,04/18/26 07:00 AM,-47409.2249208449
2577,8,04/18/26 08:00 AM,-23981.1221241125
2578,9,04/18/26 09:00 AM,-3959.73138751838
2579,10,04/18/26 10:00 AM,11243.6022476791
2580,11,04/18/26 11:00 AM,20545.8667416167
2581,12,04/18/26 12:00 PM,23266.1842322862
2582,13,04/18/26 01:00 PM,19172.2090395339
2583,14,04/18/26 02:00 PM,8495.96073474246
2584,15,04/18/26 03:00 PM,-8081.9866580581
2585,16,04/18/26 04:00 PM,-29478.881913027
2586,17,04/18/26 05:00 PM,-54283.5799576479
2587,18,04/18/26 06:00 PM,-80852.7034133329
2588,19,04/18/26 07:00 PM,-107422.62945575
2589,20,04/18/26 08:00 PM,-132229.670722979
2590,21,04/18/26 09:00 PM,-153630.260621548
2591,22,04/18/26 10:00 PM,-170212.953080701
2592,23,04/18/26 11:00 PM,-180894.604604354
2593,0,04/19/26 12:00 AM,-184994.186074209
2594,1,04/19/26 01:00 AM,-182274.388238987
2595,2,04/19/26 02:00 AM,-172972.190994796
2596,3,04/19/26 03:00 AM,-157768.319934132
2597,4,04/19/26 04:00 AM,-137745.656341202
2598,5,04/19/26 05:00 AM,-114315.444925805
2599,6,04/19/26 06:00 AM,-89121.1254447867
2600,7,04/19/26 07:00 AM,-63926.3415427719
2601,8,04/19/26 08:00 AM,-40494.7583770154
2602,9,04/19/26 09:00 AM,-20469.8787762951
2603,10,04/19/26 10:00 AM,-5263.04778366399
2604,11,04/19/26 11:00 AM,4042.72255921527
2605,12,04/19/26 12:00 PM,6766.55438853109
2606,13,04/19/26 01:00 PM,2676.10202232172
2607,14,04/19/26 02:00 PM,-7996.61496984217
2608,15,04/19/26 03:00 PM,-24571.0225657474
2609,16,04/19/26 04:00 PM,-45964.3695413738
2610,17,04/19/26 05:00 PM,-70765.5108260303
2611,18,04/19/26 06:00 PM,-97331.0690429593
2612,19,04/19/26 07:00 PM,-123897.421369662
2613,20,04/19/26 08:00 PM,-148700.880446058
2614,21,04/19/26 09:00 PM,-170097.879680518
2615,22,04/19/26 10:00 PM,-186676.973004131
2616,23,04/19/26 11:00 PM,-197355.016922667
2617,0,04/20/26 12:00 AM,-201450.982319682
2618,1,04/20/26 01:00 AM,-198727.559945759
2619,2,04/20/26 02:00 AM,-189421.729698868
2620,3,04/20/26 03:00 AM,-174214.217173378
2621,4,04/20/26 04:00 AM,-154187.903655365
2622,5,04/20/26 05:00 AM,-130754.033856508
2623,6,04/20/26 06:00 AM,-105556.047535535
2624,7,04/20/26 07:00 AM,-80357.5883389552
2625,8,04/20/26 08:00 AM,-56922.3214259155
2626,9,04/20/26 09:00 AM,-36893.7496270884
2627,10,04/20/26 10:00 AM,-21683.217987427
2628,11,04/20/26 11:00 AM,-12373.7385504965
2629,12,04/20/26 12:00 PM,-9646.18918201719
2630,13,04/20/26 01:00 PM,-13732.915565863
2631,14,04/20/26 02:00 PM,-24401.89813438
2632,15,04/20/26 03:00 PM,-40972.5628672765
2633,16,04/20/26 04:00 PM,-62362.1585424576
2634,17,04/20/26 05:00 PM,-87159.5400911624
2635,18,04/20/26 06:00 PM,-113721.330138567
2636,19,04/20/26 07:00 PM,-140283.905864111
2637,20,04/20/26 08:00 PM,-165083.579909656
2638,21,04/20/26 09:00 PM,-186476.78568552
2639,22,04/20/26 10:00 PM,-203052.077124746
2640,23,04/20/26 11:00 PM,-213726.310735057
2641,0,04/21/26 12:00 AM,-217818.45740197
2642,1,04/21/26 01:00 AM,-215091.207878032
2643,2,04/21/26 02:00 AM,-205781.542063184
2644,3,04/21/26 03:00 AM,-190570.185553765
2645,4,04/21/26 04:00 AM,-170540.01963783
2646,5,04/21/26 05:00 AM,-147102.289029041
2647,6,04/21/26 06:00 AM,-121900.433488109
2648,7,04/21/26 07:00 AM,-96698.096663537
2649,8,04/21/26 08:00 AM,-73258.9437164646
2650,9,04/21/26 09:00 AM,-53226.4774795638
2651,10,04/21/26 10:00 AM,-38012.042999791
2652,11,04/21/26 11:00 AM,-28698.6523227196
2653,12,04/21/26 12:00 PM,-25967.1833160821
2654,13,04/21/26 01:00 PM,-30049.981665768
2655,14,04/21/26 02:00 PM,-40715.0278061446
2656,15,04/21/26 03:00 PM,-57281.747718945
2657,16,04/21/26 04:00 PM,-78667.3901841038
2658,17,04/21/26 05:00 PM,-103460.810134893
2659,18,04/21/26 06:00 PM,-130018.630198528
2660,19,04/21/26 07:00 PM,-156577.22755649
2661,20,04/21/26 08:00 PM,-181372.914852687
2662,21,04/21/26 09:00 PM,-202762.125499489
2663,22,04/21/26 10:00 PM,-219333.413431992
2664,23,04/21/26 11:00 PM,-230003.635159981
2665,0,04/22/26 12:00 AM,-234091.761571036
2666,1,04/22/26 01:00 AM,-231360.483419771
2667,2,04/22/26 02:00 AM,-222046.780608201
2668,3,04/22/26 03:00 AM,-206831.37873474
2669,4,04/22/26 04:00 AM,-186797.159089526
2670,5,04/22/26 05:00 AM,-163355.366388304
2671,6,04/22/26 06:00 AM,-138149.440393877
2672,7,04/22/26 07:00 AM,-112943.024756841
2673,8,04/22/26 08:00 AM,-89499.7846404342
2674,9,04/22/26 09:00 AM,-69463.2228794306
2675,10,04/22/26 10:00 AM,-54244.6845228936
2676,11,04/22/26 11:00 AM,-44927.1816185081
2677,12,04/22/26 12:00 PM,-42191.5920361214
2678,13,04/22/26 01:00 PM,-46270.2614637436
2679,14,04/22/26 02:00 PM,-56931.1703378659
2680,15,04/22/26 03:00 PM,-73493.7446423493
2681,16,04/22/26 04:00 PM,-94875.2331592613
2682,17,04/22/26 05:00 PM,-119664.490824011
2683,18,04/22/26 06:00 PM,-146218.140265953
2684,19,04/22/26 07:00 PM,-172772.558668717
2685,20,04/22/26 08:00 PM,-197564.05867836
2686,21,04/22/26 09:00 PM,-218949.073709405
2687,22,04/22/26 10:00 PM,-235516.157699107
2688,23,04/22/26 11:00 PM,-246182.167159413
2689,0,04/23/26 12:00 AM,-250266.07298007
2690,1,04/23/26 01:00 AM,-247530.565917865
2691,2,04/23/26 02:00 AM,-238212.625876985
2692,3,04/23/26 03:00 AM,-222992.978458027
2693,4,04/23/26 04:00 AM,-202954.504953313
2694,5,04/23/26 05:00 AM,-179508.450080775
2695,6,04/23/26 06:00 AM,-154298.253605408
2696,7,04/23/26 07:00 AM,-129087.559180006
2697,8,04/23/26 08:00 AM,-105640.031970007
2698,9,04/23/26 09:00 AM,-85599.1748123924
2699,10,04/23/26 10:00 AM,-70376.3327584345
2700,11,04/23/26 11:00 AM,-61054.5178580315
2701,12,04/23/26 12:00 PM,-58314.6079832493
2702,13,04/23/26 01:00 PM,-62388.9488243205
2703,14,04/23/26 02:00 PM,-73045.5208199629
2704,15,04/23/26 03:00 PM,-89603.7499562687
2705,16,04/23/26 04:00 PM,-110980.885017541
2706,17,04/23/26 05:00 PM,-135765.780941428
2707,18,04/23/26 06:00 PM,-162315.060359529
2708,19,04/23/26 07:00 PM,-188865.10045772
2709,20,04/23/26 08:00 PM,-213652.213884311
2710,21,04/23/26 09:00 PM,-235032.834056082
2711,22,04/23/26 10:00 PM,-251595.51491255
2712,23,04/23/26 11:00 PM,-262257.112967925
2713,0,04/24/26 12:00 AM,-266336.599114225
2714,1,04/24/26 01:00 AM,-263596.664110509
2715,2,04/24/26 02:00 AM,-254274.287863243
2716,3,04/24/26 03:00 AM,-239050.195975306
2717,4,04/24/26 04:00 AM,-219007.269741305
2718,5,04/24/26 05:00 AM,-195556.753881464
2719,6,04/24/26 06:00 AM,-170342.088163074
2720,7,04/24/26 07:00 AM,-145126.916241226
2721,8,04/24/26 08:00 AM,-121674.903283663
2722,9,04/24/26 09:00 AM,-101629.552129672
2723,10,04/24/26 10:00 AM,-86402.2078328382
2724,11,04/24/26 11:00 AM,-77075.8824453764
2725,12,04/24/26 12:00 PM,-74331.4538416724
2726,13,04/24/26 01:00 PM,-78401.2677142837
2727,14,04/24/26 02:00 PM,-89053.3045042562
2728,15,04/24/26 03:00 PM,-105606.990200016
2729,16,04/24/26 04:00 PM,-126979.573588202
2730,17,04/24/26 05:00 PM,-151759.909608805
2731,18,04/24/26 06:00 PM,-178304.62089577
2732,19,04/24/26 07:00 PM,-204850.084637324
2733,20,04/24/26 08:00 PM,-229632.613484129
2734,21,04/24/26 09:00 PM,-251008.640855325
2735,22,04/24/26 10:00 PM,-267566.720692791
2736,23,04/24/26 11:00 PM,-278223.709513104
2737,0,04/25/26 12:00 AM,-282298.578210654
2738,1,04/25/26 01:00 AM,-279554.017546874
2739,2,04/25/26 02:00 AM,-270227.007430611
2740,3,04/25/26 03:00 AM,-254998.273467127
2741,4,04/25/26 04:00 AM,-234950.696953416
2742,5,04/25/26 05:00 AM,-211495.522612096
2743,6,04/25/26 06:00 AM,-186276.190212854
2744,7,04/25/26 07:00 AM,-161056.34341318
2745,8,04/25/26 08:00 AM,-137599.647383225
2746,9,04/25/26 09:00 AM,-117549.604964683
2747,10,04/25/26 10:00 AM,-102317.561213552
2748,11,04/25/26 11:00 AM,-92986.5281844663
2749,12,04/25/26 12:00 PM,-90237.383754232
2750,13,04/25/26 01:00 PM,-94302.4736178327
2751,14,04/25/26 02:00 PM,-104949.778218745
2752,15,04/25/26 03:00 PM,-121498.723547829
2753,16,04/25/26 04:00 PM,-142866.558394163
2754,17,04/25/26 05:00 PM,-167642.13770018
2755,18,04/25/26 06:00 PM,-194182.084102272
2756,19,04/25/26 07:00 PM,-220722.774791115
2757,20,04/25/26 08:00 PM,-245500.522419831
2758,21,04/25/26 09:00 PM,-266871.760410016
2759,22,04/25/26 10:00 PM,-283425.042706014
2760,23,04/25/26 11:00 PM,-294077.22582687
2761,0,04/26/26 12:00 AM,-298147.280669445
2762,1,04/26/26 01:00 AM,-295397.897997651
2763,2,04/26/26 02:00 AM,-286066.057722814
2764,3,04/26/26 03:00 AM,-270832.485452679
2765,4,04/26/26 04:00 AM,-250780.062486734
2766,5,04/26/26 05:00 AM,-227320.033550085
2767,6,04/26/26 06:00 AM,-202095.838414918
2768,7,04/26/26 07:00 AM,-176871.120741226
2769,8,04/26/26 08:00 AM,-153409.545701663
2770,9,04/26/26 09:00 AM,-133354.616140435
2771,10,04/26/26 10:00 AM,-118117.677116055
2772,11,04/26/26 11:00 AM,-108781.740685673
2773,12,04/26/26 12:00 PM,-106027.684728619
2774,13,04/26/26 01:00 PM,-110087.854942402
2775,14,04/26/26 02:00 PM,-120730.231773032
2776,15,04/26/26 03:00 PM,-137274.241213901
2777,16,04/26/26 04:00 PM,-158637.132056628
2778,17,04/26/26 05:00 PM,-183407.75924619
2779,18,04/26/26 06:00 PM,-209942.745421525
2780,19,04/26/26 07:00 PM,-236478.467775862
2781,20,04/26/26 08:00 PM,-261251.238964878
2782,21,04/26/26 09:00 PM,-282617.49241273
2783,22,04/26/26 10:00 PM,-299165.782066325
2784,23,04/26/26 11:00 PM,-309812.964447277
2785,0,04/27/26 12:00 AM,-313878.01045502
2786,1,04/27/26 01:00 AM,-311123.610856041
2787,2,04/27/26 02:00 AM,-301786.745564248
2788,3,04/27/26 03:00 AM,-286548.140189972
2789,4,04/27/26 04:00 AM,-266490.676035288
2790,5,04/27/26 05:00 AM,-243025.597827897
2791,6,04/27/26 06:00 AM,-217796.345342582
2792,7,04/27/26 07:00 AM,-192566.562241938
2793,8,04/27/26 08:00 AM,-169099.913701224
2794,9,04/27/26 09:00 AM,-149039.902567256
2795,10,04/27/26 10:00 AM,-133797.873901162
2796,11,04/27/26 11:00 AM,-124456.839762709
2797,12,04/27/26 12:00 PM,-121697.678033852
2798,13,04/27/26 01:00 PM,-125752.734414724
2799,14,04/27/26 02:00 PM,-136389.989353966
2800,15,04/27/26 03:00 PM,-152928.868847605
2801,16,04/27/26 04:00 PM,-174286.6216899
2802,17,04/27/26 05:00 PM,-199052.10282847
2803,18,04/27/26 06:00 PM,-225581.934904901
2804,19,04/27/26 07:00 PM,-252112.495115074
2805,20,04/27/26 08:00 PM,-276880.09611732
2806,21,04/27/26 09:00 PM,-298241.171338456
2807,22,04/27/26 10:00 PM,-314784.274728053
2808,23,04/27/26 11:00 PM,-325426.262810394
2809,0,04/28/26 12:00 AM,-329486.106487583
2810,1,04/28/26 01:00 AM,-326726.496528786
2811,2,04/28/26 02:00 AM,-317384.412850589
2812,3,04/28/26 03:00 AM,-302140.58106601
2813,4,04/28/26 04:00 AM,-282077.882479809
2814,5,04/28/26 05:00 AM,-258607.561822383
2815,6,04/28/26 06:00 AM,-233373.058871209
2816,7,04/28/26 07:00 AM,-208138.017291586
2817,8,04/28/26 08:00 AM,-184666.102261477
2818,9,04/28/26 09:00 AM,-164600.816630407
2819,10,04/28/26 10:00 AM,-149353.505462217
2820,11,04/28/26 11:00 AM,-140007.180819392
2821,12,04/28/26 12:00 PM,-137242.720586607
2822,13,04/28/26 01:00 PM,-141292.470466723
2823,14,04/28/26 02:00 PM,-151924.41091111
2824,15,04/28/26 03:00 PM,-168457.96791853
2825,16,04/28/26 04:00 PM,-189810.390285978
2826,17,04/28/26 05:00 PM,-214570.532963815
2827,18,04/28/26 06:00 PM,-241095.018596375
2828,19,04/28/26 07:00 PM,-267620.224382289
2829,20,04/28/26 08:00 PM,-292382.462982642
2830,21,04/28/26 09:00 PM,-313738.167827009
2831,22,04/28/26 10:00 PM,-330275.892867726
2832,23,04/28/26 11:00 PM,-340912.49463184
2833,0,04/29/26 12:00 AM,-344966.944024228
2834,1,04/29/26 01:00 AM,-342201.931816829
2835,2,04/29/26 02:00 AM,-332854.43792901
2836,3,04/29/26 03:00 AM,-317605.18797657
2837,4,04/29/26 04:00 AM,-297537.063267059
2838,5,04/29/26 05:00 AM,-274061.308533664
2839,6,04/29/26 06:00 AM,-248821.363556657
2840,7,04/29/26 07:00 AM,-223580.872004137
2841,8,04/29/26 08:00 AM,-200103.49905687
2842,9,04/29/26 09:00 AM,-180032.74756719
2843,10,04/29/26 10:00 AM,-164779.962601748
2844,11,04/29/26 11:00 AM,-155428.156225847
2845,12,04/29/26 12:00 PM,-152658.20632698
2846,13,04/29/26 01:00 PM,-156702.458610834
2847,14,04/29/26 02:00 PM,-167328.893531606
2848,15,04/29/26 03:00 PM,-183856.937090889
2849,16,04/29/26 04:00 PM,-205203.838088516
2850,17,04/29/26 05:00 PM,-229958.451477689
2851,18,04/29/26 06:00 PM,-256477.399905585
2852,19,04/29/26 07:00 PM,-282997.060573683
2853,20,04/29/26 08:00 PM,-307753.746145922
2854,21,04/29/26 09:00 PM,-329103.890054734
2855,22,04/29/26 10:00 PM,-345636.046255313
2856,23,04/29/26 11:00 PM,-356267.071277573
2857,0,04/30/26 12:00 AM,-360315.93602926
2858,1,04/30/26 01:00 AM,-357545.331285185
2859,2,04/30/26 02:00 AM,-348192.236967593
2860,3,04/30/26 03:00 AM,-332937.378695162
2861,4,04/30/26 04:00 AM,-312863.637778329
2862,5,04/30/26 05:00 AM,-289382.258953169
2863,6,04/30/26 06:00 AM,-264136.682002849
2864,7,04/30/26 07:00 AM,-238890.550598363
2865,8,04/30/26 08:00 AM,-215407.529923379
2866,9,04/30/26 09:00 AM,-195331.122833137
2867,10,04/30/26 10:00 AM,-180072.674397197
2868,11,04/30/26 11:00 AM,-170715.196683776
2869,12,04/30/26 12:00 PM,-167939.567583284
2870,13,04/30/26 01:00 PM,-171978.132804329
2871,14,04/30/26 02:00 PM,-182598.872804033
2872,15,04/30/26 03:00 PM,-199121.213586922
2873,16,04/30/26 04:00 PM,-220462.40395576
2874,17,04/30/26 05:00 PM,-245211.298866686
2875,18,04/30/26 06:00 PM,-271724.520969821
2876,19,04/30/26 07:00 PM,-298238.447469588
2877,20,04/30/26 08:00 PM,-322989.391032877
2878,21,04/30/26 09:00 PM,-344333.785095073
2879,22,04/30/26 10:00 PM,-360860.183614329
2880,23,04/30/26 11:00 PM,-371485.44312352
2881,0,05/01/26 12:00 AM,-375528.534533358
2882,1,05/01/26 01:00 AM,-372752.148621624
2883,2,05/01/26 02:00 AM,-363393.265313537
2884,3,05/01/26 03:00 AM,-348132.610230754
2885,4,05/01/26 04:00 AM,-328053.064686692
2886,5,05/01/26 05:00 AM,-304565.873420414
2887,6,05/01/26 06:00 AM,-279314.476218076
2888,7,05/01/26 07:00 AM,-254062.516753666
2889,8,05/01/26 08:00 AM,-230573.660213852
2890,9,05/01/26 09:00 AM,-210491.409456875
2891,10,05/01/26 10:00 AM,-195227.1095553
2892,11,05/01/26 11:00 AM,-185863.772580355
2893,12,05/01/26 12:00 PM,-183082.276425464
2894,13,05/01/26 01:00 PM,-187114.966802254
2895,14,05/01/26 02:00 PM,-197729.824170869
2896,15,05/01/26 03:00 PM,-214246.27453886
2897,16,05/01/26 04:00 PM,-235581.566712022
2898,17,05/01/26 05:00 PM,-260324.555649529
2899,18,05/01/26 06:00 PM,-286831.864004539
2900,19,05/01/26 07:00 PM,-313339.868984518
2901,20,05/01/26 08:00 PM,-338084.883259401
2902,21,05/01/26 09:00 PM,-359423.340267625
2903,22,05/01/26 10:00 PM,-375943.793970396
2904,23,05/01/26 11:00 PM,-386563.100903648
2905,0,05/02/26 12:00 AM,-390600.231981153
2906,1,05/02/26 01:00 AM,-387817.877983761
2907,2,05/02/26 02:00 AM,-378453.01883976
2908,3,05/02/26 03:00 AM,-363186.380173881
2909,4,05/02/26 04:00 AM,-343100.843302619
2910,5,05/02/26 05:00 AM,-319607.65296812
2911,6,05/02/26 06:00 AM,-294350.248959625
2912,7,05/02/26 07:00 AM,-269092.274954213
2913,8,05/02/26 08:00 AM,-245597.396141645
2914,9,05/02/26 09:00 AM,-225509.115383259
2915,10,05/02/26 10:00 AM,-210238.777754726
2916,11,05/02/26 11:00 AM,-200869.395330377
2917,12,05/02/26 12:00 PM,-198081.846006747
2918,13,05/02/26 01:00 PM,-202108.475498576
2919,14,05/02/26 02:00 PM,-212717.264269126
2920,15,05/02/26 03:00 PM,-229227.638329071
2921,16,05/02/26 04:00 PM,-250556.846487331
2922,17,05/02/26 05:00 PM,-275293.74370621
2923,18,05/02/26 06:00 PM,-301794.952641999
2924,19,05/02/26 07:00 PM,-328296.850505303
2925,20,05/02/26 08:00 PM,-353035.749969198
2926,21,05/02/26 09:00 PM,-374368.084475266
2927,22,05/02/26 10:00 PM,-390882.407987864
2928,23,05/02/26 11:00 PM,-401495.577046078
2929,0,05/03/26 12:00 AM,-405526.56256684
2930,1,05/03/26 01:00 AM,-402738.055334159
2931,2,05/03/26 02:00 AM,-393367.035279488
2932,3,05/03/26 03:00 AM,-378094.22803073
2933,4,05/03/26 04:00 AM,-358002.514907552
2934,5,05/03/26 05:00 AM,-334503.140655276
2935,6,05/03/26 06:00 AM,-309239.545066326
2936,7,05/03/26 07:00 AM,-283975.371820966
2937,8,05/03/26 08:00 AM,-260474.286112145
2938,9,05/03/26 09:00 AM,-240379.790804395
2939,10,05/03/26 10:00 AM,-225103.230976582
2940,11,05/03/26 11:00 AM,-215727.61870624
2941,12,05/03/26 12:00 PM,-212933.831893108
2942,13,05/03/26 01:00 PM,-216954.216255136
2943,14,05/03/26 02:00 PM,-227556.752258797
2944,15,05/03/26 03:00 PM,-244060.865917982
2945,16,05/03/26 04:00 PM,-265383.806044832
2946,17,05/03/26 05:00 PM,-290114.427604875
2947,18,05/03/26 06:00 PM,-316609.353257631
2948,19,05/03/26 07:00 PM,-343104.960216936
2949,20,05/03/26 08:00 PM,-367837.561159104
2950,21,05/03/26 09:00 PM,-389163.589528957
2951,22,05/03/26 10:00 PM,-405671.599294093
2952,23,05/03/26 11:00 PM,-416278.44699685
2953,0,05/04/26 12:00 AM,-420303.103557409
2954,1,05/04/26 01:00 AM,-417508.259763037
2955,2,05/04/26 02:00 AM,-408130.895548446
2956,3,05/04/26 03:00 AM,-392851.736544802
2957,4,05/04/26 04:00 AM,-372753.66407504
2958,5,05/04/26 05:00 AM,-349247.922887752
2959,6,05/04/26 06:00 AM,-323977.95277864
2960,7,05/04/26 07:00 AM,-298707.397431245
2961,8,05/04/26 08:00 AM,-275199.9220418
2962,9,05/04/26 09:00 AM,-255099.029478125
2963,10,05/04/26 10:00 AM,-239816.064822376
2964,11,05/04/26 11:00 AM,-230434.040155382
2965,12,05/04/26 12:00 PM,-227633.83338018
2966,13,05/04/26 01:00 PM,-231647.790218023
2967,14,05/04/26 02:00 PM,-242243.891138691
2968,15,05/04/26 03:00 PM,-258741.562159384
2969,16,05/04/26 04:00 PM,-280058.05209556
2970,17,05/04/26 05:00 PM,-304782.215916063
2971,18,05/04/26 06:00 PM,-331270.676283735
2972,19,05/04/26 07:00 PM,-357759.81041574
2973,20,05/04/26 08:00 PM,-382485.930991719
2974,21,05/04/26 09:00 PM,-403805.471459828
2975,22,05/04/26 10:00 PM,-420306.985791006
2976,23,05/04/26 11:00 PM,-430907.330530929
2977,0,05/05/26 12:00 AM,-434925.476603125
2978,1,05/05/26 01:00 AM,-432124.114798209
2979,2,05/05/26 02:00 AM,-422740.225054246
2980,3,05/05/26 03:00 AM,-407454.533005759
2981,4,05/05/26 04:00 AM,-387349.919979045
2982,5,05/05/26 05:00 AM,-363837.630726062
2983,6,05/05/26 06:00 AM,-338561.105045876
2984,7,05/05/26 07:00 AM,-313283.986625404
2985,8,05/05/26 08:00 AM,-289769.940664254
2986,9,05/05/26 09:00 AM,-269662.470033626
2987,10,05/05/26 10:00 AM,-254372.91981906
2988,11,05/05/26 11:00 AM,-244984.302104772
2989,12,05/05/26 12:00 PM,-242177.494797194
2990,13,05/05/26 01:00 PM,-246184.84362097
2991,14,05/05/26 02:00 PM,-256774.329049282
2992,15,05/05/26 03:00 PM,-273265.377102734
2993,16,05/05/26 04:00 PM,-294575.236600189
2994,17,05/05/26 05:00 PM,-319292.762513901
2995,18,05/05/26 06:00 PM,-345774.577510131
2996,19,05/05/26 07:00 PM,-372257.058809457
2997,20,05/05/26 08:00 PM,-396976.519094945
2998,21,05/05/26 09:00 PM,-418289.391818177
2999,22,05/05/26 10:00 PM,-434784.230953522
3000,23,05/05/26 11:00 PM,-445377.893050088
3001,0,05/06/26 12:00 AM,-449389.349034844
3002,1,05/06/26 01:00 AM,-446581.289701844
3003,2,05/06/26 02:00 AM,-437190.6949926
3004,3,05/06/26 03:00 AM,-421898.290545083
3005,4,05/06/26 04:00 AM,-401786.957689045
3006,5,05/06/26 05:00 AM,-378267.941179897
3007,6,05/06/26 06:00 AM,-352984.68082017
3008,7,05/06/26 07:00 AM,-327700.820300243
3009,8,05/06/26 08:00 AM,-304180.024823193
3010,9,05/06/26 09:00 AM,-284065.797263693
3011,10,05/06/26 10:00 AM,-268769.482710758
3012,11,05/06/26 11:00 AM,-259374.093252084
3013,12,05/06/26 12:00 PM,-256560.506797585
3014,13,05/06/26 01:00 PM,-260561.069075396
3015,14,05/06/26 02:00 PM,-271143.760562188
3016,15,05/06/26 03:00 PM,-287628.00728206
3017,16,05/06/26 04:00 PM,-308931.058057372
3018,17,05/06/26 05:00 PM,-333641.767863885
3019,18,05/06/26 06:00 PM,-360116.759371362
3020,19,05/06/26 07:00 PM,-386592.409803894
3021,20,05/06/26 08:00 PM,-411305.031848061
3022,21,05/06/26 09:00 PM,-432611.058958961
3023,22,05/06/26 10:00 PM,-449099.045114485
3024,23,05/06/26 11:00 PM,-459685.846867269
3025,0,05/07/26 12:00 AM,-463690.435147807
3026,1,05/07/26 01:00 AM,-460875.500753688
3027,2,05/07/26 02:00 AM,-451478.023629962
3028,3,05/07/26 03:00 AM,-436178.729418139
3029,4,05/07/26 04:00 AM,-416060.499451515
3030,5,05/07/26 05:00 AM,-392534.57848905
3031,6,05/07/26 06:00 AM,-367244.406336827
3032,7,05/07/26 07:00 AM,-341953.626688779
3033,8,05/07/26 08:00 AM,-318425.904751545
3034,9,05/07/26 09:00 AM,-298304.743403358
3035,10,05/07/26 10:00 AM,-283001.487736803
3036,11,05/07/26 11:00 AM,-273599.149843146
3037,12,05/07/26 12:00 PM,-270778.607635874
3038,13,05/07/26 01:00 PM,-274772.206846701
3039,14,05/07/26 02:00 PM,-285347.927955879
3040,15,05/07/26 03:00 PM,-301825.196991095
3041,16,05/07/26 04:00 PM,-323121.262778297
3042,17,05/07/26 05:00 PM,-347824.980296841
3043,18,05/07/26 06:00 PM,-374292.972220084
3044,19,05/07/26 07:00 PM,-400761.615775721
3045,20,05/07/26 08:00 PM,-425467.223653933
3046,21,05/07/26 09:00 PM,-446766.229313431
3047,22,05/07/26 10:00 PM,-463247.186735713
3048,23,05/07/26 11:00 PM,-473826.952477035
3049,0,05/08/26 12:00 AM,-477824.497471508
3050,1,05/08/26 01:00 AM,-475002.512520346
3051,2,05/08/26 02:00 AM,-465597.977572223
3052,3,05/08/26 03:00 AM,-450291.618272283
3053,4,05/08/26 04:00 AM,-430166.315957455
3054,5,05/08/26 05:00 AM,-406633.315390338
3055,6,05/08/26 06:00 AM,-381336.056380656
3056,7,05/08/26 07:00 AM,-356038.182625988
3057,8,05/08/26 08:00 AM,-332503.359336623
3058,9,05/08/26 09:00 AM,-312375.089394446
3059,10,05/08/26 10:00 AM,-297064.7178957
3060,11,05/08/26 11:00 AM,-287655.25693531
3061,12,05/08/26 12:00 PM,-284827.58443043
3062,13,05/08/26 01:00 PM,-288814.04611644
3063,14,05/08/26 02:00 PM,-299382.622477265
3064,15,05/08/26 03:00 PM,-315852.739544265
3065,16,05/08/26 04:00 PM,-337141.646147071
3066,17,05/08/26 05:00 PM,-361838.197268718
3067,18,05/08/26 06:00 PM,-388299.015586253
3068,19,05/08/26 07:00 PM,-414760.478331059
3069,20,05/08/26 08:00 PM,-439458.898197012
3070,21,05/08/26 09:00 PM,-460750.708646519
3071,22,05/08/26 10:00 PM,-477224.463664783
3072,23,05/08/26 11:00 PM,-487797.019811761
3073,0,05/09/26 12:00 AM,-491787.348025276
3074,1,05/09/26 01:00 AM,-488958.139110254
3075,2,05/09/26 02:00 AM,-479546.373019084
3076,3,05/09/26 03:00 AM,-464232.775400631
3077,4,05/09/26 04:00 AM,-444100.227595546
3078,5,05/09/26 05:00 AM,-420559.974370157
3079,6,05/09/26 06:00 AM,-395255.455537918
3080,7,05/09/26 07:00 AM,-369950.314800144
3081,8,05/09/26 08:00 AM,-346408.21737086
3082,9,05/09/26 09:00 AM,-326272.666135696
3083,10,05/09/26 10:00 AM,-310955.006194639
3084,11,05/09/26 11:00 AM,-301538.249646362
3085,12,05/09/26 12:00 PM,-298703.274411775
3086,13,05/09/26 01:00 PM,-302682.426230013
3087,14,05/09/26 02:00 PM,-313243.685588762
3088,15,05/09/26 03:00 PM,-329706.478523146
3089,16,05/09/26 04:00 PM,-350988.053866563
3090,17,05/09/26 05:00 PM,-375677.26660582
3091,18,05/09/26 06:00 PM,-402130.739421739
3092,19,05/09/26 07:00 PM,-428584.849549482
3093,20,05/09/26 08:00 PM,-453275.909686708
3094,21,05/09/26 09:00 PM,-474560.353299609
3095,22,05/09/26 10:00 PM,-491026.734377178
3096,23,05/09/26 11:00 PM,-501591.909483165
3097,0,05/10/26 12:00 AM,-505574.849559191
3098,1,05/10/26 01:00 AM,-502738.245413981
3099,2,05/10/26 02:00 AM,-493319.07700373
3100,3,05/10/26 03:00 AM,-477998.069981111
3101,4,05/10/26 04:00 AM,-457858.105690585
3102,5,05/10/26 05:00 AM,-434310.428902297
3103,6,05/10/26 06:00 AM,-408998.479433519
3104,7,05/10/26 07:00 AM,-383685.900989389
3105,8,05/10/26 08:00 AM,-360136.358787757
3106,9,05/10/26 09:00 AM,-339993.355718085
3107,10,05/10/26 10:00 AM,-324668.236884191
3108,11,05/10/26 11:00 AM,-315244.014388588
3109,12,05/10/26 12:00 PM,-312401.566156023
3110,13,05/10/26 01:00 PM,-316373.237929477
3111,14,05/10/26 02:00 PM,-326927.010200485
3112,15,05/10/26 03:00 PM,-343382.309008022
3113,16,05/10/26 04:00 PM,-364656.383189341
3114,17,05/10/26 05:00 PM,-389338.087735108
3115,18,05/10/26 06:00 PM,-415784.045330007
3116,19,05/10/26 07:00 PM,-442230.633213066
3117,20,05/10/26 08:00 PM,-466914.164085814
3118,21,05/10/26 09:00 PM,-488191.071418316
3119,22,05/10/26 10:00 PM,-504649.909203442
3120,23,05/10/26 11:00 PM,-515207.534008824
3121,0,05/11/26 12:00 AM,-519182.916779964
3122,1,05/11/26 01:00 AM,-516338.748329477
3123,2,05/11/26 02:00 AM,-506912.00861745
3124,3,05/11/26 03:00 AM,-491583.423300448
3125,4,05/11/26 04:00 AM,-471435.873726833
3126,5,05/11/26 05:00 AM,-447880.604670651
3127,6,05/11/26 06:00 AM,-422561.05595308
3128,7,05/11/26 07:00 AM,-397240.871283166
3129,8,05/11/26 08:00 AM,-373683.715882675
3130,9,05/11/26 09:00 AM,-353533.092644982
3131,10,05/11/26 10:00 AM,-338200.346677826
3132,11,05/11/26 11:00 AM,-328768.490087645
3133,12,05/11/26 12:00 PM,-325918.400803113
3134,13,05/11/26 01:00 PM,-329882.424571141
3135,14,05/11/26 02:00 PM,-340428.541887198
3136,15,05/11/26 03:00 PM,-356876.178794197
3137,16,05/11/26 04:00 PM,-378142.584133334
3138,17,05/11/26 05:00 PM,-402816.612899218
3139,18,05/11/26 06:00 PM,-429254.887780483
3140,19,05/11/26 07:00 PM,-455693.78602011
3141,20,05/11/26 08:00 PM,-480369.620323581
3142,21,05/11/26 09:00 PM,-501638.824164923
3143,22,05/11/26 10:00 PM,-518089.951540968
3144,23,05/11/26 11:00 PM,-528639.859023313
3145,0,05/12/26 12:00 AM,-532607.517561433
3146,1,05/12/26 01:00 AM,-529755.617971915
3147,2,05/12/26 02:00 AM,-520321.140218822
3148,3,05/12/26 03:00 AM,-504984.8099627
3149,4,05/12/26 04:00 AM,-484829.508555898
3150,5,05/12/26 05:00 AM,-461266.480776446
3151,6,05/12/26 06:00 AM,-435939.166449517
3152,7,05/12/26 07:00 AM,-410611.209288149
3153,8,05/12/26 08:00 AM,-387046.274518107
3154,9,05/12/26 09:00 AM,-366887.865036769
3155,10,05/12/26 10:00 AM,-351547.325955879
3156,11,05/12/26 11:00 AM,-342107.669385883
3157,12,05/12/26 12:00 PM,-339249.773259467
3158,13,05/12/26 01:00 PM,-343205.983327562
3159,14,05/12/26 02:00 PM,-353744.280089652
3160,15,05/12/26 03:00 PM,-370184.089592677
3161,16,05/12/26 04:00 PM,-391442.660681855
3162,17,05/12/26 05:00 PM,-416108.84835583
3163,18,05/12/26 06:00 PM,-442539.275307267
3164,19,05/12/26 07:00 PM,-468970.318783184
3165,20,05/12/26 08:00 PM,-493638.291493106
3166,21,05/12/26 09:00 PM,-514899.626915103
3167,22,05/12/26 10:00 PM,-531342.879050053
3168,23,05/12/26 11:00 PM,-541884.904473607
3169,0,05/13/26 12:00 AM,-545844.674139293
3170,1,05/13/26 01:00 AM,-542984.878867756
3171,2,05/13/26 02:00 AM,-533542.498627122
3172,3,05/13/26 03:00 AM,-518198.259082003
3173,4,05/13/26 04:00 AM,-498035.041588815
3174,5,05/13/26 05:00 AM,-474464.090929661
3175,6,05/13/26 06:00 AM,-449128.846933788
3176,7,05/13/26 07:00 AM,-423792.953318317
3177,8,05/13/26 08:00 AM,-400220.075313093
3178,9,05/13/26 09:00 AM,-380053.71581958
3179,10,05/13/26 10:00 AM,-364705.219953613
3180,11,05/13/26 11:00 AM,-355257.599829731
3181,12,05/13/26 12:00 PM,-352391.733384718
3182,13,05/13/26 01:00 PM,-356339.966373601
3183,14,05/13/26 02:00 PM,-366870.279299973
3184,15,05/13/26 03:00 PM,-383302.098214876
3185,16,05/13/26 04:00 PM,-404552.671967642
3186,17,05/13/26 05:00 PM,-429210.855561029
3187,18,05/13/26 06:00 PM,-455633.271691818
3188,19,05/13/26 07:00 PM,-482056.297611148
3189,20,05/13/26 08:00 PM,-506716.246032669
3190,21,05/13/26 09:00 PM,-527969.550438579
3191,22,05/13/26 10:00 PM,-544404.764833888
3192,23,05/13/26 11:00 PM,-554938.745798382
3193,0,05/14/26 12:00 AM,-558890.464289725
3194,1,05/14/26 01:00 AM,-556022.611132706
3195,2,05/14/26 02:00 AM,-546572.166299596
3196,3,05/14/26 03:00 AM,-531219.855459155
3197,4,05/14/26 04:00 AM,-511048.559971951
3198,5,05/14/26 05:00 AM,-487469.524624243
3199,6,05/14/26 06:00 AM,-462126.189249438
3200,7,05/14/26 07:00 AM,-436782.197568816
3201,8,05/14/26 08:00 AM,-413201.214816392
3202,9,05/14/26 09:00 AM,-393026.743897797
3203,10,05/14/26 10:00 AM,-377670.12993304
3204,11,05/14/26 11:00 AM,-368214.385040834
3205,12,05/14/26 12:00 PM,-365340.387162145
3206,13,05/14/26 01:00 PM,-369280.482056183
3207,14,05/14/26 02:00 PM,-379802.650230725
3208,15,05/14/26 03:00 PM,-396226.317741005
3209,16,05/14/26 04:00 PM,-417468.733440549
3210,17,05/14/26 05:00 PM,-442118.752336309
3211,18,05/14/26 06:00 PM,-468532.997129268
3212,19,05/14/26 07:00 PM,-494947.84507477
3213,20,05/14/26 08:00 PM,-519599.608890669
3214,21,05/14/26 09:00 PM,-540844.722063375
3215,22,05/14/26 10:00 PM,-557271.738602112
3216,23,05/14/26 11:00 PM,-567797.515090881
3217,0,05/15/26 12:00 AM,-571741.02249157
3218,1,05/15/26 01:00 AM,-568864.95163319
3219,2,05/15/26 02:00 AM,-559406.28249224
3220,3,05/15/26 03:00 AM,-544045.740741711
3221,4,05/15/26 04:00 AM,-523866.207746403
3222,5,05/15/26 05:00 AM,-500278.928296817
3223,6,05/15/26 06:00 AM,-474927.342230596
3224,7,05/15/26 07:00 AM,-449575.09327327
3225,8,05/15/26 08:00 AM,-425985.846663097
3226,9,05/15/26 09:00 AM,-405803.105309961
3227,10,05/15/26 10:00 AM,-390438.214338125
3228,11,05/15/26 11:00 AM,-380974.185870561
3229,12,05/15/26 12:00 PM,-378091.897852495
3230,13,05/15/26 01:00 PM,-382023.696047403
3231,14,05/15/26 02:00 PM,-392537.560967329
3232,15,05/15/26 03:00 PM,-408952.91867178
3233,16,05/15/26 04:00 PM,-430187.018018555
3234,17,05/15/26 05:00 PM,-454828.714018884
3235,18,05/15/26 06:00 PM,-481234.629378034
3236,19,05/15/26 07:00 PM,-507641.14135563
3237,20,05/15/26 08:00 PM,-532284.562673819
3238,21,05/15/26 09:00 PM,-553521.326823299
3239,22,05/15/26 10:00 PM,-569939.987817591
3240,23,05/15/26 11:00 PM,-580457.402244993
3241,0,05/16/26 12:00 AM,-584392.541071695
3242,1,05/16/26 01:00 AM,-581508.095131014
3243,2,05/16/26 02:00 AM,-572041.044403756
3244,3,05/16/26 03:00 AM,-556672.114567224
3245,4,05/16/26 04:00 AM,-536484.186990535
3246,5,05/16/26 05:00 AM,-512888.506468505
3247,6,05/16/26 06:00 AM,-487528.512843103
3248,7,05/16/26 07:00 AM,-462167.84984418
3249,8,05/16/26 08:00 AM,-438570.182714323
3250,9,05/16/26 09:00 AM,-418379.014367751
3251,10,05/16/26 10:00 AM,-403005.68993306
3252,11,05/16/26 11:00 AM,-393533.221537561
3253,12,05/16/26 12:00 PM,-390642.48713082
3254,13,05/16/26 01:00 PM,-394565.832480659
3255,14,05/16/26 02:00 PM,-405071.238103472
3256,15,05/16/26 03:00 PM,-421478.130063115
3257,16,05/16/26 04:00 PM,-442703.757221744
3258,17,05/16/26 05:00 PM,-467336.974594947
3259,18,05/16/26 06:00 PM,-493734.404892352
3260,19,05/16/26 07:00 PM,-520132.42537795
3261,20,05/16/26 08:00 PM,-544767.348778255
3262,21,05/16/26 09:00 PM,-565995.608588338
3263,22,05/16/26 10:00 PM,-582405.758826093
3264,23,05/16/26 11:00 PM,-592914.656084198
3265,0,05/17/26 12:00 AM,-596841.271333224
3266,1,05/17/26 01:00 AM,-593948.295410872
3267,2,05/17/26 02:00 AM,-584472.708302337
3268,3,05/17/26 03:00 AM,-569095.235689314
3269,4,05/17/26 04:00 AM,-548898.758945312
3270,5,05/17/26 05:00 AM,-525294.522869548
3271,6,05/17/26 06:00 AM,-499925.96730839
3272,7,05/17/26 07:00 AM,-474556.735996094
3273,8,05/17/26 08:00 AM,-450950.494179657
3274,9,05/17/26 09:00 AM,-430750.744777705
3275,10,05/17/26 10:00 AM,-415368.832923251
3276,11,05/17/26 11:00 AM,-405887.770748024
3277,12,05/17/26 12:00 PM,-402988.43620601
3278,13,05/17/26 01:00 PM,-406903.175069455
3279,14,05/17/26 02:00 PM,-417399.96785918
3280,15,05/17/26 03:00 PM,-433798.240643473
3281,16,05/17/26 04:00 PM,-455015.242288923
3282,17,05/17/26 05:00 PM,-479639.827815557
3283,18,05/17/26 06:00 PM,-506028.619937441
3284,19,05/17/26 07:00 PM,-532417.995923011
3285,20,05/17/26 08:00 PM,-557044.268503227
3286,21,05/17/26 09:00 PM,-578263.871177611
3287,22,05/17/26 10:00 PM,-594665.357968511
3288,23,05/17/26 11:00 PM,-605165.585473061
3289,0,05/18/26 12:00 AM,-609083.524666293
3290,1,05/18/26 01:00 AM,-606181.86639037
3291,2,05/18/26 02:00 AM,-596697.590634954
3292,3,05/18/26 03:00 AM,-581311.423086208
3293,4,05/18/26 04:00 AM,-561106.245122117
3294,5,05/18/26 05:00 AM,-537493.301546372
3295,6,05/18/26 06:00 AM,-512116.032209821
3296,7,05/18/26 07:00 AM,-486738.080851203
3297,8,05/18/26 08:00 AM,-463123.112722
3298,9,05/18/26 09:00 AM,-442914.630745329
3299,10,05/18/26 10:00 AM,-427523.980058693
3300,11,05/18/26 11:00 AM,-418034.172798317
3301,12,05/18/26 12:00 PM,-415126.086922687
3302,13,05/18/26 01:00 PM,-419032.068208549
3303,14,05/18/26 02:00 PM,-429520.097181231
3304,15,05/18/26 03:00 PM,-445909.599913529
3305,16,05/18/26 04:00 PM,-467117.825276543
3306,17,05/18/26 05:00 PM,-491733.628294814
3307,18,05/18/26 06:00 PM,-518113.631686927
3308,19,05/18/26 07:00 PM,-544494.21272584
3309,20,05/18/26 08:00 PM,-569111.684147036
3310,21,05/18/26 09:00 PM,-590322.479454566
3311,22,05/18/26 10:00 PM,-606715.152675307
3312,23,05/18/26 11:00 PM,-617206.560410928
3313,0,05/19/26 12:00 AM,-621115.673640997
3314,1,05/19/26 01:00 AM,-618205.183212219
3315,2,05/19/26 02:00 AM,-608712.069118799
3316,3,05/19/26 03:00 AM,-593317.057051446
3317,4,05/19/26 04:00 AM,-573103.028392697
3318,5,05/19/26 05:00 AM,-549481.227950793
3319,6,05/19/26 06:00 AM,-524095.09558114
3320,7,05/19/26 07:00 AM,-498708.275027036
3321,8,05/19/26 08:00 AM,-475084.431544526
3322,9,05/19/26 09:00 AM,-454867.068061292
3323,10,05/19/26 10:00 AM,-439467.529719406
3324,11,05/19/26 11:00 AM,-429968.828659666
3325,12,05/19/26 12:00 PM,-427051.842845132
3326,13,05/19/26 01:00 PM,-430948.91805713
3327,14,05/19/26 02:00 PM,-441428.034825568
3328,15,05/19/26 03:00 PM,-457808.619227828
3329,16,05/19/26 04:00 PM,-479007.920139596
3330,17,05/19/26 05:00 PM,-503614.792590005
3331,18,05/19/26 06:00 PM,-529985.859302236
3332,19,05/19/26 07:00 PM,-556357.497553841
3333,20,05/19/26 08:00 PM,-580966.020084905
3334,21,05/19/26 09:00 PM,-602167.860404083
3335,22,05/19/26 10:00 PM,-618551.572542858
3336,23,05/19/26 11:00 PM,-629034.013107509
3337,0,05/20/26 12:00 AM,-632934.153082218
3338,1,05/20/26 01:00 AM,-630014.683318305
3339,2,05/20/26 02:00 AM,-620512.583814593
3340,3,05/20/26 03:00 AM,-605108.580266417
3341,4,05/20/26 04:00 AM,-584885.554060935
3342,5,05/20/26 05:00 AM,-561254.75001102
3343,6,05/20/26 06:00 AM,-535859.607976709
3344,7,05/20/26 07:00 AM,-510463.771705934
3345,8,05/20/26 08:00 AM,-486830.906459379
3346,9,05/20/26 09:00 AM,-466604.515169365
3347,10,05/20/26 10:00 AM,-451195.942982612
3348,11,05/20/26 11:00 AM,-441688.20204456
3349,12,05/20/26 12:00 PM,-438762.170322924
3350,13,05/20/26 01:00 PM,-442650.193603682
3351,14,05/20/26 02:00 PM,-453120.252421398
3352,15,05/20/26 03:00 PM,-469491.772858113
3353,16,05/20/26 04:00 PM,-490682.003794178
3354,17,05/20/26 05:00 PM,-515279.80026339
3355,18,05/20/26 06:00 PM,-541641.7849936
3356,19,05/20/26 07:00 PM,-568004.335267032
3357,20,05/20/26 08:00 PM,-592603.763828446
3358,21,05/20/26 09:00 PM,-613796.504191174
3359,22,05/20/26 10:00 PM,-630171.110391381
3360,23,05/20/26 11:00 PM,-640644.439040032
3361,0,05/21/26 12:00 AM,-644535.461125994
3362,1,05/21/26 01:00 AM,-641606.867505279
3363,2,05/21/26 02:00 AM,-632095.638181404
3364,3,05/21/26 03:00 AM,-616682.498854398
3365,4,05/21/26 04:00 AM,-596450.330916122
3366,5,05/21/26 05:00 AM,-572810.37918415
3367,6,05/21/26 06:00 AM,-547406.083523224
3368,7,05/21/26 07:00 AM,-522001.087685987
3369,8,05/21/26 08:00 AM,-498359.056937834
3370,9,05/21/26 09:00 AM,-478123.494215802
3371,10,05/21/26 10:00 AM,-462705.744671326
3372,11,05/21/26 11:00 AM,-453188.820454571
3373,12,05/21/26 12:00 PM,-450253.599537974
3374,13,05/21/26 01:00 PM,-454132.427712239
3375,14,05/21/26 02:00 PM,-464593.285516663
3376,15,05/21/26 03:00 PM,-480955.599038018
3377,16,05/21/26 04:00 PM,-502136.617161394
3378,17,05/21/26 05:00 PM,-526725.194925325
3379,18,05/21/26 06:00 PM,-553077.955062404
3380,19,05/21/26 07:00 PM,-579431.274859601
3381,20,05/21/26 08:00 PM,-604021.467066427
3382,21,05/21/26 09:00 PM,-625204.965200962
3383,22,05/21/26 10:00 PM,-641570.323304128
3384,23,05/21/26 11:00 PM,-652034.397991645
3385,0,05/22/26 12:00 AM,-655916.160257142
3386,1,05/22/26 01:00 AM,-652978.300961395
3387,2,05/22/26 02:00 AM,-643457.800112685
3388,3,05/22/26 03:00 AM,-628035.383415815
3389,4,05/22/26 04:00 AM,-607793.932267414
3390,5,05/22/26 05:00 AM,-584144.691489835
3391,6,05/22/26 06:00 AM,-558731.100952596
3392,7,05/22/26 07:00 AM,-533316.804413124
3393,8,05/22/26 08:00 AM,-509665.467141595
3394,9,05/22/26 09:00 AM,-489420.592079837
3395,10,05/22/26 10:00 AM,-473993.524384074
3396,11,05/22/26 11:00 AM,-464467.276209266
3397,12,05/22/26 12:00 PM,-461522.725532643
3398,13,05/22/26 01:00 PM,-465392.218149713
3399,14,05/22/26 02:00 PM,-475843.734604572
3400,15,05/22/26 03:00 PM,-492196.7009888
3401,16,05/22/26 04:00 PM,-513368.366192293
3402,17,05/22/26 05:00 PM,-537947.585258398
3403,18,05/22/26 06:00 PM,-564290.980924523
3404,19,05/22/26 07:00 PM,-590634.930482454
3405,20,05/22/26 08:00 PM,-615215.746686522
3406,21,05/22/26 09:00 PM,-636389.863059631
3407,22,05/22/26 10:00 PM,-652745.83364753
3408,23,05/22/26 11:00 PM,-663200.515070767
3409,0,05/23/26 12:00 AM,-667072.878327805
3410,1,05/23/26 01:00 AM,-664125.614284251
3411,2,05/23/26 02:00 AM,-654595.70295323
3412,3,05/23/26 03:00 AM,-639163.870044381
3413,4,05/23/26 04:00 AM,-618912.996959179
3414,5,05/23/26 05:00 AM,-595254.328524824
3415,6,05/23/26 06:00 AM,-569831.304615684
3416,7,05/23/26 07:00 AM,-544407.568994038
3417,8,05/23/26 08:00 AM,-520746.786934919
3418,9,05/23/26 09:00 AM,-500492.461385012
3419,10,05/23/26 10:00 AM,-485055.937505404
3420,11,05/23/26 11:00 AM,-475520.227455919
3421,12,05/23/26 12:00 PM,-472566.209218654
3422,13,05/23/26 01:00 PM,-476426.228593989
3423,14,05/23/26 02:00 PM,-486868.266130891
3424,15,05/23/26 03:00 PM,-503211.747925819
3425,16,05/23/26 04:00 PM,-524373.922873545
3426,17,05/23/26 05:00 PM,-548943.646022301
3427,18,05/23/26 06:00 PM,-575277.540114377
3428,19,05/23/26 07:00 PM,-601611.98244645
3429,20,05/23/26 08:00 PM,-626183.28577774
3430,21,05/23/26 09:00 PM,-647347.883636045
3431,22,05/23/26 10:00 PM,-663694.33007201
3432,23,05/23/26 11:00 PM,-674139.481711084
3433,0,05/24/26 12:00 AM,-678002.30955663
3434,1,05/24/26 01:00 AM,-675045.504479164
3435,2,05/24/26 02:00 AM,-665506.046496716
3436,3,05/24/26 03:00 AM,-650064.661323837
3437,4,05/24/26 04:00 AM,-629804.230366917
3438,5,05/24/26 05:00 AM,-606135.998458071
3439,6,05/24/26 06:00 AM,-580703.405476589
3440,7,05/24/26 07:00 AM,-555270.095189669
3441,8,05/24/26 08:00 AM,-531599.732877274
3442,9,05/24/26 09:00 AM,-511335.821491014
3443,10,05/24/26 10:00 AM,-495889.706196909
3444,11,05/24/26 11:00 AM,-486344.399159715
3445,12,05/24/26 12:00 PM,-483380.77836647
3446,13,05/24/26 01:00 PM,-487231.189622488
3447,14,05/24/26 02:00 PM,-497663.613481685
3448,15,05/24/26 03:00 PM,-513997.476045461
3449,16,05/24/26 04:00 PM,-535150.026213539
3450,17,05/24/26 05:00 PM,-559710.1190391
3451,18,05/24/26 06:00 PM,-586034.37726939
3452,19,05/24/26 07:00 PM,-612359.178206043
3453,20,05/24/26 08:00 PM,-636920.834613236
3454,21,05/24/26 09:00 PM,-658075.780023734
3455,22,05/24/26 10:00 PM,-674412.568493145
3456,23,05/24/26 11:00 PM,-684848.056651887
3457,0,05/25/26 12:00 AM,-688701.215508294
3458,1,05/25/26 01:00 AM,-685734.735937854
3459,2,05/25/26 02:00 AM,-676185.597963577
3460,3,05/25/26 03:00 AM,-660734.527304992
3461,4,05/25/26 04:00 AM,-640464.405373473
3462,5,05/25/26 05:00 AM,-616786.477006118
3463,6,05/25/26 06:00 AM,-591344.182087206
3464,7,05/25/26 07:00 AM,-565901.164388928
3465,8,05/25/26 08:00 AM,-542221.089196237
3466,9,05/25/26 09:00 AM,-521947.459465743
3467,10,05/25/26 10:00 AM,-506491.620368463
3468,11,05/25/26 11:00 AM,-496936.584074158
3469,12,05/25/26 12:00 PM,-493963.228574868
3470,13,05/25/26 01:00 PM,-497803.899680918
3471,14,05/25/26 02:00 PM,-508226.577951231
3472,15,05/25/26 03:00 PM,-524550.689492222
3473,16,05/25/26 04:00 PM,-545693.48320863
3474,17,05/25/26 05:00 PM,-570243.814158657
3475,18,05/25/26 06:00 PM,-596558.305094569
3476,19,05/25/26 07:00 PM,-622873.333323024
3477,20,05/25/26 08:00 PM,-647425.211613228
3478,21,05/25/26 09:00 PM,-668570.373502975
3479,22,05/25/26 10:00 PM,-684897.373052906
3480,23,05/25/26 11:00 PM,-695323.066898474
3481,0,05/26/26 12:00 AM,-699166.426053053
3482,1,05/26/26 01:00 AM,-696190.141397173
3483,2,05/26/26 02:00 AM,-686631.192958886
3484,3,05/26/26 03:00 AM,-671170.306462768
3485,4,05/26/26 04:00 AM,-650890.363325243
3486,5,05/26/26 05:00 AM,-627202.608388461
3487,6,05/26/26 06:00 AM,-601750.481541758
3488,7,05/26/26 07:00 AM,-576297.62656238
3489,8,05/26/26 08:00 AM,-552607.708740343
3490,9,05/26/26 09:00 AM,-532324.231037319
3491,10,05/26/26 10:00 AM,-516858.538629391
3492,11,05/26/26 11:00 AM,-507293.643691388
3493,12,05/26/26 12:00 PM,-504310.424220424
3494,13,05/26/26 01:00 PM,-508141.226031896
3495,14,05/26/26 02:00 PM,-518554.029689806
3496,15,05/26/26 03:00 PM,-534868.261305648
3497,16,05/26/26 04:00 PM,-556001.169789244
3498,17,05/26/26 05:00 PM,-580541.610203879
3499,18,05/26/26 06:00 PM,-606846.20530691
3500,19,05/26/26 07:00 PM,-633151.332410083
3501,20,05/26/26 08:00 PM,-657693.3042877
3502,21,05/26/26 09:00 PM,-678828.554482649
3503,22,05/26/26 10:00 PM,-695145.637060672
3504,23,05/26/26 11:00 PM,-705561.408662322
3505,0,05/27/26 12:00 AM,-709394.840306077
3506,1,05/27/26 01:00 AM,-706408.622877575
3507,2,05/27/26 02:00 AM,-696839.736409977
3508,3,05/27/26 03:00 AM,-681368.906632973
3509,4,05/27/26 04:00 AM,-661079.0149681
3510,5,05/27/26 05:00 AM,-637381.306262628
3511,6,05/27/26 06:00 AM,-611919.22041101
3512,7,05/27/26 07:00 AM,-586456.401195619
3513,8,05/27/26 08:00 AM,-562756.513911595
3514,9,05/27/26 09:00 AM,-542463.061525738
3515,10,05/27/26 10:00 AM,-526987.389219265
3516,11,05/27/26 11:00 AM,-517412.509172137
3517,12,05/27/26 12:00 PM,-514419.299386604
3518,13,05/27/26 01:00 PM,-518240.105683203
3519,14,05/27/26 02:00 PM,-528642.908631079
3520,15,05/27/26 03:00 PM,-544947.134346869
3521,16,05/27/26 04:00 PM,-566070.031745543
3522,17,05/27/26 05:00 PM,-590600.455895537
3523,18,05/27/26 06:00 PM,-616895.029559359
3524,19,05/27/26 07:00 PM,-643190.130053911
3525,20,05/27/26 08:00 PM,-667722.070158654
3526,21,05/27/26 09:00 PM,-688847.283421635
3527,22,05/27/26 10:00 PM,-705154.323913759
3528,23,05/27/26 11:00 PM,-715560.048280748
3529,0,05/28/26 12:00 AM,-719383.427546246
3530,1,05/28/26 01:00 AM,-716387.152601062
3531,2,05/28/26 02:00 AM,-706808.203483532
3532,3,05/28/26 03:00 AM,-691327.305928522
3533,4,05/28/26 04:00 AM,-671027.341362748
3534,5,05/28/26 05:00 AM,-647319.554638663
3535,6,05/28/26 06:00 AM,-621847.385655904
3536,7,05/28/26 07:00 AM,-596374.47820203
3537,8,05/28/26 08:00 AM,-572664.497577371
3538,9,05/28/26 09:00 AM,-552360.94675392
3539,10,05/28/26 10:00 AM,-536875.170918088
3540,11,05/28/26 11:00 AM,-527290.182255035
3541,12,05/28/26 12:00 PM,-524286.85877221
3542,13,05/28/26 01:00 PM,-528097.546295354
3543,14,05/28/26 02:00 PM,-538490.225398815
3544,15,05/28/26 03:00 PM,-554784.32220444
3545,16,05/28/26 04:00 PM,-575897.085632409
3546,17,05/28/26 05:00 PM,-600417.370756372
3547,18,05/28/26 06:00 PM,-626701.800344051
3548,19,05/28/26 07:00 PM,-652986.751717569
3549,20,05/28/26 08:00 PM,-677508.537661605
3550,21,05/28/26 09:00 PM,-698623.591729431
3551,22,05/28/26 10:00 PM,-714920.46799718
3552,23,05/28/26 11:00 PM,-725316.023115799
3553,0,05/29/26 12:00 AM,-729129.228114167
3554,1,05/29/26 01:00 AM,-726122.773888326
3555,2,05/29/26 02:00 AM,-716533.640481847
3556,3,05/29/26 03:00 AM,-701042.553634836
3557,4,05/29/26 04:00 AM,-680732.394779251
3558,5,05/29/26 05:00 AM,-657014.408772789
3559,6,05/29/26 06:00 AM,-631532.035520333
3560,7,05/29/26 07:00 AM,-606048.918814692
3561,8,05/29/26 08:00 AM,-582328.72396145
3562,9,05/29/26 09:00 AM,-562014.953937851
3563,10,05/29/26 10:00 AM,-546518.953935566
3564,11,05/29/26 11:00 AM,-536923.736145012
3565,12,05/29/26 12:00 PM,-533910.178578901
3566,13,05/29/26 01:00 PM,-537710.62706824
3567,14,05/29/26 02:00 PM,-548093.062192643
3568,15,05/29/26 03:00 PM,-564376.910079227
3569,16,05/29/26 04:00 PM,-585479.419653446
3570,17,05/29/26 05:00 PM,-609989.445994222
3571,18,05/29/26 06:00 PM,-636263.611874556
3572,19,05/29/26 07:00 PM,-662538.294621851
3573,20,05/29/26 08:00 PM,-687049.807026069
3574,21,05/29/26 09:00 PM,-708154.582645766
3575,22,05/29/26 10:00 PM,-724441.175562362
3576,23,05/29/26 11:00 PM,-734826.442432096
3577,0,05/30/26 12:00 AM,-738629.354289138
3578,1,05/30/26 01:00 AM,-735612.602034825
3579,2,05/30/26 02:00 AM,-726013.165718027
3580,3,05/30/26 03:00 AM,-710511.771084149
3581,4,05/30/26 04:00 AM,-690191.299570452
3582,5,05/30/26 05:00 AM,-666462.996039938
3583,6,05/30/26 06:00 AM,-640970.300402798
3584,7,05/30/26 07:00 AM,-615476.856457151
3585,8,05/30/26 08:00 AM,-591746.329513892
3586,9,05/30/26 09:00 AM,-571422.222555584
3587,10,05/30/26 10:00 AM,-555915.880779211
3588,11,05/30/26 11:00 AM,-546310.316380514
3589,12,05/30/26 12:00 PM,-543286.407377526
3590,13,05/30/26 01:00 PM,-547076.499606577
3591,14,05/30/26 02:00 PM,-557448.573652613
3592,15,05/30/26 03:00 PM,-573722.055648078
3593,16,05/30/26 04:00 PM,-594814.194523757
3594,17,05/30/26 05:00 PM,-619313.845363912
3595,18,05/30/26 06:00 PM,-645577.630946878
3596,19,05/30/26 07:00 PM,-671841.928605398
3597,20,05/30/26 08:00 PM,-696343.051134776
3598,21,05/30/26 09:00 PM,-717437.432098916
3599,22,05/30/26 10:00 PM,-733713.625584582
3600,23,05/30/26 11:00 PM,-744088.488253365
3601,0,05/31/26 12:00 AM,-747880.991144784
3602,1,05/31/26 01:00 AM,-744853.825165535
3603,2,05/31/26 02:00 AM,-735243.970369841
3604,3,05/31/26 03:00 AM,-719732.15250847
3605,4,05/31/26 04:00 AM,-699401.253024043
3606,5,05/31/26 05:00 AM,-675662.516784927
3607,6,05/31/26 06:00 AM,-650159.38370668
3608,7,05/31/26 07:00 AM,-624655.497592791
3609,8,05/31/26 08:00 AM,-600914.523759525
3610,9,05/31/26 09:00 AM,-580579.96519482
3611,10,05/31/26 10:00 AM,-565063.167101037
3612,11,05/31/26 11:00 AM,-555447.141679295
3613,12,05/31/26 12:00 PM,-552412.766953011
3614,13,05/31/26 01:00 PM,-556192.388763897
3615,14,05/31/26 02:00 PM,-566553.987702284
3616,15,05/31/26 03:00 PM,-582816.989906007
3617,16,05/31/26 04:00 PM,-603898.644311242
3618,17,05/31/26 05:00 PM,-628387.806007642
3619,18,05/31/26 06:00 PM,-654641.097778941
3620,19,05/31/26 07:00 PM,-680894.896963279
3621,20,05/31/26 08:00 PM,-705385.516361361
3622,21,05/31/26 09:00 PM,-726469.389542493
3623,22,05/31/26 10:00 PM,-742735.070598846
3624,23,05/31/26 11:00 PM,-753099.416197417
3625,0,06/01/26 12:00 AM,-756881.397383139
3626,1,06/01/26 01:00 AM,-753843.705068116
3627,2,06/01/26 02:00 AM,-744223.31931199
3628,3,06/01/26 03:00 AM,-728700.965870944
3629,4,06/01/26 04:00 AM,-708359.52619302
3630,5,06/01/26 05:00 AM,-684610.245152006
3631,6,06/01/26 06:00 AM,-659096.562668886
3632,7,06/01/26 07:00 AM,-633582.122552574
3633,8,06/01/26 08:00 AM,-609830.590124767
3634,9,06/01/26 09:00 AM,-589485.468378833
3635,10,06/01/26 10:00 AM,-573958.102522567
3636,11,06/01/26 11:00 AM,-564331.504762525
3637,12,06/01/26 12:00 PM,-561286.553127561
3638,13,06/01/26 01:00 PM,-565055.59346483
3639,14,06/01/26 02:00 PM,-575406.606370106
3640,15,06/01/26 03:00 PM,-591659.01798667
3641,16,06/01/26 04:00 PM,-612730.077256145
3642,17,06/01/26 05:00 PM,-637208.639273636
3643,18,06/01/26 06:00 PM,-663451.326828328
3644,19,06/01/26 07:00 PM,-689694.517263817
3645,20,06/01/26 08:00 PM,-714174.523386266
3646,21,06/01/26 09:00 PM,-735247.77877044
3647,22,06/01/26 10:00 PM,-751502.837513973
3648,23,06/01/26 11:00 PM,-761856.556289325
3649,0,06/02/26 12:00 AM,-765627.906146896
3650,1,06/02/26 01:00 AM,-762579.578004261
3651,2,06/02/26 02:00 AM,-752948.551926531
3652,3,06/02/26 03:00 AM,-737415.553675364
3653,4,06/02/26 04:00 AM,-717063.464704278
3654,5,06/02/26 05:00 AM,-693303.529892539
3655,6,06/02/26 06:00 AM,-667779.189166611
3656,7,06/02/26 07:00 AM,-642254.086340893
3657,8,06/02/26 08:00 AM,-618491.886742564
3658,9,06/02/26 09:00 AM,-598136.093370482
3659,10,06/02/26 10:00 AM,-582598.051437932
3660,11,06/02/26 11:00 AM,-572960.77315696
3661,12,06/02/26 12:00 PM,-569905.136561916
3662,13,06/02/26 01:00 PM,-573663.487505451
3663,14,06/02/26 02:00 PM,-584003.806588839
3664,15,06/02/26 03:00 PM,-600245.51996086
3665,16,06/02/26 04:00 PM,-621305.876568643
3666,17,06/02/26 05:00 PM,-645773.731512796
3667,18,06/02/26 06:00 PM,-672005.707588015
3668,19,06/02/26 07:00 PM,-698238.182143404
3669,20,06/02/26 08:00 PM,-722707.467990641
3670,21,06/02/26 09:00 PM,-743769.998710003
3671,22,06/02/26 10:00 PM,-760014.328404642
3672,23,06/02/26 11:00 PM,-770357.313752539
3673,0,06/03/26 12:00 AM,-774117.925809615
3674,1,06/03/26 01:00 AM,-771058.855498966
3675,2,06/03/26 02:00 AM,-761417.082891234
3676,3,06/03/26 03:00 AM,-745873.333753601
3677,4,06/03/26 04:00 AM,-725510.489545117
3678,5,06/03/26 05:00 AM,-701739.795150581
3679,6,06/03/26 06:00 AM,-676204.690501993
3680,7,06/03/26 07:00 AM,-650668.819419287
3681,8,06/03/26 08:00 AM,-626895.847235184
3682,9,06/03/26 09:00 AM,-606529.276954082
3683,10,06/03/26 10:00 AM,-590980.45379481
3684,11,06/03/26 11:00 AM,-581332.389974961
3685,12,06/03/26 12:00 PM,-578265.963534433
3686,13,06/03/26 01:00 PM,-582013.52033143
3687,14,06/03/26 02:00 PM,-592343.040972773
3688,15,06/03/26 03:00 PM,-608573.951612803
3689,16,06/03/26 04:00 PM,-629623.501204203
3690,17,06/03/26 05:00 PM,-654080.544853142
3691,18,06/03/26 06:00 PM,-680301.705359876
3692,19,06/03/26 07:00 PM,-706523.360079075
3693,20,06/03/26 08:00 PM,-730981.82182798
3694,21,06/03/26 09:00 PM,-752033.52419244
3695,22,06/03/26 10:00 PM,-768267.021281175
3696,23,06/03/26 11:00 PM,-778599.169777738
3697,0,06/04/26 12:00 AM,-782348.940743626
3698,1,06/04/26 01:00 AM,-779279.025107513
3699,2,06/04/26 02:00 AM,-769626.402945618
3700,3,06/04/26 03:00 AM,-754071.800030706
3701,4,06/04/26 04:00 AM,-733698.09782741
3702,5,06/04/26 05:00 AM,-709916.541226114
3703,6,06/04/26 06:00 AM,-684370.570164407
3704,7,06/04/26 07:00 AM,-658823.828467812
3705,8,06/04/26 08:00 AM,-635039.981474642
3706,9,06/04/26 09:00 AM,-614662.532194891
3707,10,06/04/26 10:00 AM,-599102.825852983
3708,11,06/04/26 11:00 AM,-589443.87467211
3709,12,06/04/26 12:00 PM,-586366.556697771
3710,13,06/04/26 01:00 PM,-590103.217793771
3711,14,06/04/26 02:00 PM,-600421.83857254
3712,15,06/04/26 03:00 PM,-616641.845194022
3713,16,06/04/26 04:00 PM,-637680.486616512
3714,17,06/04/26 05:00 PM,-662126.617951791
3715,18,06/04/26 06:00 PM,-688336.862005726
3716,19,06/04/26 07:00 PM,-714547.596138605
3717,20,06/04/26 08:00 PM,-738995.133173285
3718,21,06/04/26 09:00 PM,-760035.906701237
3719,22,06/04/26 10:00 PM,-776258.470836802
3720,23,06/04/26 11:00 PM,-786579.682269158
3721,0,06/05/26 12:00 AM,-790318.512065426
3722,1,06/05/26 01:00 AM,-787237.651159912
3723,2,06/05/26 02:00 AM,-777574.079634462
3724,3,06/05/26 03:00 AM,-762008.523267477
3725,4,06/05/26 04:00 AM,-741623.863529222
3726,5,06/05/26 05:00 AM,-717831.34531572
3727,6,06/05/26 06:00 AM,-692274.408570197
3728,7,06/05/26 07:00 AM,-666716.697123819
3729,8,06/05/26 08:00 AM,-642921.876320542
3730,9,06/05/26 09:00 AM,-622533.449176003
3731,10,06/05/26 10:00 AM,-606962.760920276
3732,11,06/05/26 11:00 AM,-597292.823782201
3733,12,06/05/26 12:00 PM,-594204.515812929
3734,13,06/05/26 01:00 PM,-597930.182881918
3735,14,06/05/26 02:00 PM,-608237.805607254
3736,15,06/05/26 03:00 PM,-624446.81015454
3737,16,06/05/26 04:00 PM,-645474.445487729
3738,17,06/05/26 05:00 PM,-669909.566724263
3739,18,06/05/26 06:00 PM,-696108.796675676
3740,19,06/05/26 07:00 PM,-722308.512707919
3741,20,06/05/26 08:00 PM,-746745.02764952
3742,21,06/05/26 09:00 PM,-767774.775097616
3743,22,06/05/26 10:00 PM,-783986.309172224
3744,23,06/05/26 11:00 PM,-794296.486568195
3745,0,06/06/26 12:00 AM,-798024.278358327
3746,1,06/06/26 01:00 AM,-794932.375482602
3747,2,06/06/26 02:00 AM,-785257.758028548
3748,3,06/06/26 03:00 AM,-769681.151780247
3749,4,06/06/26 04:00 AM,-749285.43821365
3750,5,06/06/26 05:00 AM,-725481.862230466
3751,6,06/06/26 06:00 AM,-699913.863779609
3752,7,06/06/26 07:00 AM,-674345.086697936
3753,8,06/06/26 08:00 AM,-650539.196335094
3754,9,06/06/26 09:00 AM,-630139.695712417
3755,10,06/06/26 10:00 AM,-614557.930065673
3756,11,06/06/26 11:00 AM,-604876.911629403
3757,12,06/06/26 12:00 PM,-601777.518460456
3758,13,06/06/26 01:00 PM,-605492.096433994
3759,14,06/06/26 02:00 PM,-615788.626173809
3760,15,06/06/26 03:00 PM,-631986.533851207
3761,16,06/06/26 04:00 PM,-653003.068435852
3762,17,06/06/26 05:00 PM,-677427.085050896
3763,18,06/06/26 06:00 PM,-703615.206513586
3764,19,06/06/26 07:00 PM,-729803.810195588
3765,20,06/06/26 08:00 PM,-754229.208931144
3766,21,06/06/26 09:00 PM,-775247.836323113
3767,22,06/06/26 10:00 PM,-791448.246497229
3768,23,06/06/26 11:00 PM,-801747.296154068
3769,0,06/07/26 12:00 AM,-805463.956372151
3770,1,06/07/26 01:00 AM,-802360.918097186
3771,2,06/07/26 02:00 AM,-792675.161422432
3772,3,06/07/26 03:00 AM,-777087.412137699
3773,4,06/07/26 04:00 AM,-756680.551724672
3774,5,06/07/26 05:00 AM,-732865.825090792
3775,6,06/07/26 06:00 AM,-707286.672190711
3776,7,06/07/26 07:00 AM,-681706.736867023
3777,8,06/07/26 08:00 AM,-657889.684475117
3778,9,06/07/26 09:00 AM,-637479.018042067
3779,10,06/07/26 10:00 AM,-621886.082809386
3780,11,06/07/26 11:00 AM,-612193.891017361
3781,12,06/07/26 12:00 PM,-609083.320728589
3782,13,06/07/26 01:00 PM,-612786.717823981
3783,14,06/07/26 02:00 PM,-623072.062933081
3784,15,06/07/26 03:00 PM,-639258.78223295
3785,16,06/07/26 04:00 PM,-660264.124699007
3786,17,06/07/26 05:00 PM,-684676.94546016
3787,18,06/07/26 06:00 PM,-710853.867339418
3788,19,06/07/26 07:00 PM,-737031.267714206
3789,20,06/07/26 08:00 PM,-761445.459424531
3790,21,06/07/26 09:00 PM,-782452.876079017
3791,22,06/07/26 10:00 PM,-798642.071809164
3792,23,06/07/26 11:00 PM,-808929.903321318
3793,0,06/08/26 12:00 AM,-812635.341699771
3794,1,06/08/26 01:00 AM,-809521.077896004
3795,2,06/08/26 02:00 AM,-799824.09200905
3796,3,06/08/26 03:00 AM,-784225.109834496
3797,4,06/08/26 04:00 AM,-763807.012859805
3798,5,06/08/26 05:00 AM,-739981.0459982
3799,6,06/08/26 06:00 AM,-714390.649210114
3800,7,06/08/26 07:00 AM,-688799.466343926
3801,8,06/08/26 08:00 AM,-664971.162760809
3802,9,06/08/26 09:00 AM,-644549.241493627
3803,10,06/08/26 10:00 AM,-628945.047789683
3804,11,06/08/26 11:00 AM,-619241.593895055
3805,12,06/08/26 12:00 PM,-616119.757878133
3806,13,06/08/26 01:00 PM,-619811.885625624
3807,14,06/08/26 02:00 PM,-630085.95777287
3808,15,06/08/26 03:00 PM,-646261.400502729
3809,16,06/08/26 04:00 PM,-667255.462796423
3810,17,06/08/26 05:00 PM,-691656.999788663
3811,18,06/08/26 06:00 PM,-717822.634308261
3812,19,06/08/26 07:00 PM,-743988.743738449
3813,20,06/08/26 08:00 PM,-768391.640925045
3814,21,06/08/26 09:00 PM,-789387.759482479
3815,22,06/08/26 10:00 PM,-805565.653548067
3816,23,06/08/26 11:00 PM,-815842.179833965
3817,0,06/09/26 12:00 AM,-819536.309430284
3818,1,06/09/26 01:00 AM,-816410.733294322
3819,2,06/09/26 02:00 AM,-806702.43153093
3820,3,06/09/26 03:00 AM,-791092.129941518
3821,4,06/09/26 04:00 AM,-770662.71001937
3822,5,06/09/26 05:00 AM,-746825.416683536
3823,6,06/09/26 06:00 AM,-721223.689900273
3824,7,06/09/26 07:00 AM,-695621.173523791
3825,8,06/09/26 08:00 AM,-671781.532921094
3826,9,06/09/26 09:00 AM,-651348.271130875
3827,10,06/09/26 10:00 AM,-635732.733406272
3828,11,06/09/26 11:00 AM,-626017.931999198
3829,12,06/09/26 12:00 PM,-622884.744983884
3830,13,06/09/26 01:00 PM,-626565.518252874
3831,14,06/09/26 02:00 PM,-636828.232447348
3832,15,06/09/26 03:00 PM,-652992.313756013
3833,16,06/09/26 04:00 PM,-673975.011165931
3834,17,06/09/26 05:00 PM,-698365.179817661
3835,18,06/09/26 06:00 PM,-724519.442545863
3836,19,06/09/26 07:00 PM,-750674.17673962
3837,20,06/09/26 08:00 PM,-775065.6952506
3838,21,06/09/26 09:00 PM,-796050.431699087
3839,22,06/09/26 10:00 PM,-812216.940228254
3840,23,06/09/26 11:00 PM,-822482.077556112
3841,0,06/10/26 12:00 AM,-826164.814778632
3842,1,06/10/26 01:00 AM,-823027.842858971
3843,2,06/10/26 02:00 AM,-813308.141907845
3844,3,06/10/26 03:00 AM,-797686.437732525
3845,4,06/10/26 04:00 AM,-777245.611832164
3846,5,06/10/26 05:00 AM,-753396.909131676
3847,6,06/10/26 06:00 AM,-727783.769603191
3848,7,06/10/26 07:00 AM,-702169.837106787
3849,8,06/10/26 08:00 AM,-678318.777015342
3850,9,06/10/26 09:00 AM,-657874.092373424
3851,10,06/10/26 10:00 AM,-642247.128440047
3852,11,06/10/26 11:00 AM,-632520.897473003
3853,12,06/10/26 12:00 PM,-629376.277552399
3854,13,06/10/26 01:00 PM,-633045.614576665
3855,14,06/10/26 02:00 PM,-643296.889192862
3856,15,06/10/26 03:00 PM,-659449.527595581
3857,16,06/10/26 04:00 PM,-680420.778777772
3858,17,06/10/26 05:00 PM,-704799.497885883
3859,18,06/10/26 06:00 PM,-730942.307760461
3860,19,06/10/26 07:00 PM,-757085.585796483
3861,20,06/10/26 08:00 PM,-781465.64485151
3862,21,06/10/26 09:00 PM,-802438.918551721
3863,22,06/10/26 10:00 PM,-818593.961046185
3864,23,06/10/26 11:00 PM,-828847.629058814
3865,0,06/11/26 12:00 AM,-832518.893691476
3866,1,06/11/26 01:00 AM,-829370.445913232
3867,2,06/11/26 02:00 AM,-819639.265840699
3868,3,06/11/26 03:00 AM,-804006.079287056
3869,4,06/11/26 04:00 AM,-783553.767757362
3870,5,06/11/26 05:00 AM,-759693.576182439
3871,6,06/11/26 06:00 AM,-734068.944540328
3872,7,06/11/26 07:00 AM,-708443.516697018
3873,8,06/11/26 08:00 AM,-684580.958031301
3874,9,06/11/26 09:00 AM,-664124.771593661
3875,10,06/11/26 10:00 AM,-648486.302649027
3876,11,06/11/26 11:00 AM,-638748.563461111
3877,12,06/11/26 12:00 PM,-635592.43211594
3878,13,06/11/26 01:00 PM,-639250.254517864
3879,14,06/11/26 02:00 PM,-649490.011319871
3880,15,06/11/26 03:00 PM,-665631.128722474
3881,16,06/11/26 04:00 PM,-686590.855724551
3882,17,06/11/26 05:00 PM,-710958.047478478
3883,18,06/11/26 06:00 PM,-737089.326830733
3884,19,06/11/26 07:00 PM,-763221.071182223
3885,20,06/11/26 08:00 PM,-787589.593396444
3886,21,06/11/26 09:00 PM,-808551.327105509
3887,22,06/11/26 10:00 PM,-824694.826464423
3888,23,06/11/26 11:00 PM,-834936.948203036
3889,0,06/12/26 12:00 AM,-838596.663429158
3890,1,06/12/26 01:00 AM,-835436.663117789
3891,2,06/12/26 02:00 AM,-825693.92739149
3892,3,06/12/26 03:00 AM,-810049.182069384
3893,4,06/12/26 04:00 AM,-789585.308662477
3894,5,06/12/26 05:00 AM,-765713.552107538
3895,6,06/12/26 06:00 AM,-740077.352388557
3896,7,06/12/26 07:00 AM,-714440.353377476
3897,8,06/12/26 08:00 AM,-690566.220459037
3898,9,06/12/26 09:00 AM,-670098.456689679
3899,10,06/12/26 10:00 AM,-654448.407340288
3900,11,06/12/26 11:00 AM,-644699.084680531
3901,12,06/12/26 12:00 PM,-641531.366802397
3902,13,06/12/26 01:00 PM,-645177.599616194
3903,14,06/12/26 02:00 PM,-655405.763780872
3904,15,06/12/26 03:00 PM,-671535.285502909
3905,16,06/12/26 04:00 PM,-692483.413787147
3906,17,06/12/26 05:00 PM,-716839.003791928
3907,18,06/12/26 06:00 PM,-742958.678369701
3908,19,06/12/26 07:00 PM,-769078.814927342
3909,20,06/12/26 08:00 PM,-793435.726334315
3910,21,06/12/26 09:00 PM,-814385.846228711
3911,22,06/12/26 10:00 PM,-830517.728771506
3912,23,06/12/26 11:00 PM,-840748.230698528
3913,0,06/13/26 12:00 AM,-844396.323123562
3914,1,06/13/26 01:00 AM,-841224.69702759
3915,2,06/13/26 02:00 AM,-831470.332539152
3916,3,06/13/26 03:00 AM,-815813.955483355
3917,4,06/13/26 04:00 AM,-795338.447377185
3918,5,06/13/26 05:00 AM,-771455.0531634
3919,6,06/13/26 06:00 AM,-745807.212831975
3920,7,06/13/26 07:00 AM,-720158.57026084
3921,8,06/13/26 08:00 AM,-696272.790840729
3922,9,06/13/26 09:00 AM,-675793.37763407
3923,10,06/13/26 10:00 AM,-660131.675917742
3924,11,06/13/26 11:00 AM,-650370.697967408
3925,12,06/13/26 12:00 PM,-647191.32188105
3926,13,06/13/26 01:00 PM,-650825.893574976
3927,14,06/13/26 02:00 PM,-661042.393714133
3928,15,06/13/26 03:00 PM,-677160.248511001
3929,16,06/13/26 04:00 PM,-698096.706976423
3930,17,06/13/26 05:00 PM,-722440.624274744
3931,18,06/13/26 06:00 PM,-748548.623264418
3932,19,06/13/26 07:00 PM,-774657.081358326
3933,20,06/13/26 08:00 PM,-799002.311431943
3934,21,06/13/26 09:00 PM,-819940.747129366
3935,22,06/13/26 10:00 PM,-836060.942617584
3936,23,06/13/26 11:00 PM,-846279.754638435
3937,0,06/14/26 12:00 AM,-849916.15431172
3938,1,06/14/26 01:00 AM,-846732.832624434
3939,2,06/14/26 02:00 AM,-836966.769711135
3940,3,06/14/26 03:00 AM,-821298.691402946
3941,4,06/14/26 04:00 AM,-800811.479222875
3942,5,06/14/26 05:00 AM,-776916.3781197
3943,6,06/14/26 06:00 AM,-751256.828089418
3944,7,06/14/26 07:00 AM,-725596.473015983
3945,8,06/14/26 08:00 AM,-701698.978296154
3946,9,06/14/26 09:00 AM,-681207.846998386
3947,10,06/14/26 10:00 AM,-665534.424405586
3948,11,06/14/26 11:00 AM,-655761.722799447
3949,12,06/14/26 12:00 PM,-652570.620283981
3950,13,06/14/26 01:00 PM,-656193.46278153
3951,14,06/14/26 02:00 PM,-666398.230963074
3952,15,06/14/26 03:00 PM,-682504.351047127
3953,16,06/14/26 04:00 PM,-703429.07205057
3954,17,06/14/26 05:00 PM,-727761.249143787
3955,18,06/14/26 06:00 PM,-753857.50519127
3956,19,06/14/26 07:00 PM,-779954.217611942
3957,20,06/14/26 08:00 PM,-804287.699287318
3958,21,06/14/26 09:00 PM,-825214.383867542
3959,22,06/14/26 10:00 PM,-841322.825525645
3960,23,06/14/26 11:00 PM,-851529.881009515
3961,0,06/15/26 12:00 AM,-855154.521444997
3962,1,06/15/26 01:00 AM,-851959.437825139
3963,2,06/15/26 02:00 AM,-842181.610290547
3964,3,06/15/26 03:00 AM,-826501.764678397
3965,4,06/15/26 04:00 AM,-806002.782517751
3966,5,06/15/26 05:00 AM,-782095.908763441
3967,6,06/15/26 06:00 AM,-756424.583417521
3968,7,06/15/26 07:00 AM,-730752.450370002
3969,8,06/15/26 08:00 AM,-706843.175023701
3970,9,06/15/26 09:00 AM,-686340.260453134
3971,10,06/15/26 10:00 AM,-670655.051947272
3972,11,06/15/26 11:00 AM,-660870.561793867
3973,12,06/15/26 12:00 PM,-657667.668102999
3974,13,06/15/26 01:00 PM,-661278.716803072
3975,14,06/15/26 02:00 PM,-671471.688571137
3976,15,06/15/26 03:00 PM,-687566.009631774
3977,16,06/15/26 04:00 PM,-708478.929007935
3978,17,06/15/26 05:00 PM,-732799.301876074
3979,18,06/15/26 06:00 PM,-758883.751106755
3980,19,06/15/26 07:00 PM,-784968.654124977
3981,20,06/15/26 08:00 PM,-809290.323818329
3982,21,06/15/26 09:00 PM,-830205.19384303
3983,22,06/15/26 10:00 PM,-846301.818378191
3984,23,06/15/26 11:00 PM,-856497.054177777
3985,0,06/16/26 12:00 AM,-860109.872373715
3986,1,06/16/26 01:00 AM,-856902.963965134
3987,2,06/16/26 02:00 AM,-847113.309098723
3988,3,06/16/26 03:00 AM,-831421.633617744
3989,4,06/16/26 04:00 AM,-810910.819057342
3990,5,06/16/26 05:00 AM,-786992.110378437
3991,6,06/16/26 06:00 AM,-761308.947589171
3992,7,06/16/26 07:00 AM,-735624.974585645
3993,8,06/16/26 08:00 AM,-711703.856776767
3994,9,06/16/26 09:00 AM,-691189.097243146
3995,10,06/16/26 10:00 AM,-675492.041279843
3996,11,06/16/26 11:00 AM,-665695.701180708
3997,12,06/16/26 12:00 PM,-662480.955061915
3998,13,06/16/26 01:00 PM,-666080.148857968
3999,14,06/16/26 02:00 PM,-676261.263252012
4000,15,06/16/26 03:00 PM,-692343.724474731
4001,16,06/16/26 04:00 PM,-713244.781555176
4002,17,06/16/26 05:00 PM,-737553.289675904
4003,18,06/16/26 06:00 PM,-763625.871713582
4004,19,06/16/26 07:00 PM,-789698.905099314
4005,20,06/16/26 08:00 PM,-814008.702726795
4006,21,06/16/26 09:00 PM,-834911.698258352
4007,22,06/16/26 10:00 PM,-850996.445879204
4008,23,06/16/26 11:00 PM,-861179.802349427
4009,0,06/17/26 12:00 AM,-864780.738807057
4010,1,06/17/26 01:00 AM,-861561.946257337
4011,2,06/17/26 02:00 AM,-851760.404853069
4012,3,06/17/26 03:00 AM,-836056.840443628
4013,4,06/17/26 04:00 AM,-815534.134570278
4014,5,06/17/26 05:00 AM,-791603.532200055
4015,6,06/17/26 06:00 AM,-765908.47334722
4016,7,06/17/26 07:00 AM,-740212.601913992
4017,8,06/17/26 08:00 AM,-716279.583315402
4018,9,06/17/26 09:00 AM,-695752.920638179
4019,10,06/17/26 10:00 AM,-680043.95918351
4020,11,06/17/26 11:00 AM,-670235.711251367
4021,12,06/17/26 12:00 PM,-667009.054964052
4022,13,06/17/26 01:00 PM,-670596.336262193
4023,14,06/17/26 02:00 PM,-680765.535835066
4024,15,06/17/26 03:00 PM,-696836.079919483
4025,16,06/17/26 04:00 PM,-717725.217550625
4026,17,06/17/26 05:00 PM,-742021.803917182
4027,18,06/17/26 06:00 PM,-768082.461901953
4028,19,06/17/26 07:00 PM,-794143.568942177
4029,20,06/17/26 08:00 PM,-818441.437937684
4030,21,06/17/26 09:00 PM,-839332.502556936
4031,22,06/17/26 10:00 PM,-855405.316991291
4032,23,06/17/26 11:00 PM,-865576.738006964
4033,0,06/18/26 12:00 AM,-869165.73674813
4034,1,06/18/26 01:00 AM,-865935.004226173
4035,2,06/18/26 02:00 AM,-856121.520600039
4036,3,06/18/26 03:00 AM,-840406.011725246
4037,4,06/18/26 04:00 AM,-819871.3591492
4038,5,06/18/26 05:00 AM,-795928.807845086
4039,6,06/18/26 06:00 AM,-770221.797833309
4040,7,06/18/26 07:00 AM,-744513.973022239
4041,8,06/18/26 08:00 AM,-720568.998833054
4042,9,06/18/26 09:00 AM,-700030.378358635
4043,10,06/18/26 10:00 AM,-684309.456906318
4044,11,06/18/26 11:00 AM,-674489.24678223
4045,12,06/18/26 12:00 PM,-671250.626114824
4046,13,06/18/26 01:00 PM,-674825.940850886
4047,14,06/18/26 02:00 PM,-684983.171685847
4048,15,06/18/26 03:00 PM,-701041.744862675
4049,16,06/18/26 04:00 PM,-721918.90942271
4050,17,06/18/26 05:00 PM,-746203.5205608
4051,18,06/18/26 06:00 PM,-772252.201165907
4052,19,06/18/26 07:00 PM,-798301.328681429
4053,20,06/18/26 08:00 PM,-822587.21601336
4054,21,06/18/26 09:00 PM,-843466.296836325
4055,22,06/18/26 10:00 PM,-859527.125347848
4056,23,06/18/26 11:00 PM,-869686.558320308
4057,0,06/19/26 12:00 AM,-873263.566904049
4058,1,06/19/26 01:00 AM,-870020.842116622
4059,2,06/19/26 02:00 AM,-860195.364123141
4060,3,06/19/26 03:00 AM,-844467.858785297
4061,4,06/19/26 04:00 AM,-823921.207656666
4062,5,06/19/26 05:00 AM,-799966.655716604
4063,6,06/19/26 06:00 AM,-774247.642991693
4064,7,06/19/26 07:00 AM,-748527.813396474
4065,8,06/19/26 08:00 AM,-724570.832358302
4066,9,06/19/26 09:00 AM,-704020.202976234
4067,10,06/19/26 10:00 AM,-688287.270563786
4068,11,06/19/26 11:00 AM,-678455.047433261
4069,12,06/19/26 12:00 PM,-675204.411719294
4070,13,06/19/26 01:00 PM,-678767.709374851
4071,14,06/19/26 02:00 PM,-688912.921101544
4072,15,06/19/26 03:00 PM,-704959.473148524
4073,16,06/19/26 04:00 PM,-725824.614563318
4074,17,06/19/26 05:00 PM,-750097.200546956
4075,18,06/19/26 06:00 PM,-776133.853994587
4076,19,06/19/26 07:00 PM,-802170.952355796
4077,20,06/19/26 08:00 PM,-826444.808542765
4078,21,06/19/26 09:00 PM,-847311.85623631
4079,22,06/19/26 10:00 PM,-863360.649640143
4080,23,06/19/26 11:00 PM,-873508.045532834
4081,0,06/20/26 12:00 AM,-877073.015070921
4082,1,06/20/26 01:00 AM,-873818.249278147
4083,2,06/20/26 02:00 AM,-863980.728325821
4084,3,06/20/26 03:00 AM,-848241.178081828
4085,4,06/20/26 04:00 AM,-827682.480105942
4086,5,06/20/26 05:00 AM,-803715.879383716
4087,6,06/20/26 06:00 AM,-777984.815947928
4088,7,06/20/26 07:00 AM,-752252.933719321
4089,8,06/20/26 08:00 AM,-728283.898131449
4090,9,06/20/26 09:00 AM,-707721.212289571
4091,10,06/20/26 10:00 AM,-691976.221513403
4092,11,06/20/26 11:00 AM,-682131.938121453
4093,12,06/20/26 12:00 PM,-678869.240254561
4094,13,06/20/26 01:00 PM,-682420.473871896
4095,14,06/20/26 02:00 PM,-692553.619681277
4096,15,06/20/26 03:00 PM,-708588.103938063
4097,16,06/20/26 04:00 PM,-729441.175695987
4098,17,06/20/26 05:00 PM,-753701.69016229
4099,18,06/20/26 06:00 PM,-779726.27023833
4100,19,06/20/26 07:00 PM,-805751.293379903
4101,20,06/20/26 08:00 PM,-830013.072505403
4102,21,06/20/26 09:00 PM,-850868.041301858
4103,22,06/20/26 10:00 PM,-866904.753979195
4104,23,06/20/26 11:00 PM,-877040.067322198
4105,0,06/21/26 12:00 AM,-880592.952493621
4106,1,06/21/26 01:00 AM,-877326.100523422
4107,2,06/21/26 02:00 AM,-867476.491589131
4108,3,06/21/26 03:00 AM,-851724.851564847
4109,4,06/21/26 04:00 AM,-831154.062016567
4110,5,06/21/26 05:00 AM,-807175.367936061
4111,6,06/21/26 06:00 AM,-781432.209362331
4112,7,06/21/26 07:00 AM,-755688.230222342
4113,8,06/21/26 08:00 AM,-731707.095955868
4114,9,06/21/26 09:00 AM,-711132.309674395
4115,10,06/21/26 10:00 AM,-695375.216703863
4116,11,06/21/26 11:00 AM,-685518.829369006
4117,12,06/21/26 12:00 PM,-682244.025816889
4118,13,06/21/26 01:00 PM,-685783.15201291
4119,14,06/21/26 02:00 PM,-695904.188671116
4120,15,06/21/26 03:00 PM,-711926.562053096
4121,16,06/21/26 04:00 PM,-732767.521218812
4122,17,06/21/26 05:00 PM,-757015.921381737
4123,18,06/21/26 06:00 PM,-783028.38544946
4124,19,06/21/26 07:00 PM,-809041.290884011
4125,20,06/21/26 08:00 PM,-833290.950610017
4126,21,06/21/26 09:00 PM,-854133.798320741
4127,22,06/21/26 10:00 PM,-870158.388232344
4128,23,06/21/26 11:00 PM,-880281.577135848
4129,0,06/22/26 12:00 AM,-883822.336200244
4130,1,06/22/26 01:00 AM,-880543.356461729
4131,2,06/22/26 02:00 AM,-870681.618104068
4132,3,06/22/26 03:00 AM,-854917.847007604
4133,4,06/22/26 04:00 AM,-834334.924744572
4134,5,06/22/26 05:00 AM,-810344.096312985
4135,6,06/22/26 06:00 AM,-784588.801758086
4136,7,06/22/26 07:00 AM,-758832.685013083
4137,8,06/22/26 08:00 AM,-734839.411523997
4138,9,06/22/26 09:00 AM,-714252.484408554
4139,10,06/22/26 10:00 AM,-698483.248998943
4140,11,06/22/26 11:00 AM,-688614.717626143
4141,12,06/22/26 12:00 PM,-685327.768443466
4142,13,06/22/26 01:00 PM,-688854.74742256
4143,14,06/22/26 02:00 PM,-698963.63528372
4144,15,06/22/26 03:00 PM,-714973.858294783
4145,16,06/22/26 04:00 PM,-735802.665521963
4146,17,06/22/26 05:00 PM,-760038.912184985
4147,18,06/22/26 06:00 PM,-786039.221197689
4148,19,06/22/26 07:00 PM,-812039.970028358
4149,20,06/22/26 08:00 PM,-836277.471607873
4150,21,06/22/26 09:00 PM,-857108.159635751
4151,22,06/22/26 10:00 PM,-873120.588334409
4152,23,06/22/26 11:00 PM,-883231.614501126
4153,0,06/23/26 12:00 AM,-886760.209311147
4154,1,06/23/26 01:00 AM,-883469.063806928
4155,2,06/23/26 02:00 AM,-873595.158178494
4156,3,06/23/26 03:00 AM,-857819.218312446
4157,4,06/23/26 04:00 AM,-837224.125787278
4158,5,06/23/26 05:00 AM,-813221.125607265
4159,6,06/23/26 06:00 AM,-787453.657823912
4160,7,06/23/26 07:00 AM,-761685.366376687
4161,8,06/23/26 08:00 AM,-737679.916717876
4162,9,06/23/26 09:00 AM,-717080.811971469
4163,10,06/23/26 10:00 AM,-701299.397475918
4164,11,06/23/26 11:00 AM,-691418.685568468
4165,12,06/23/26 12:00 PM,-688119.554408699
4166,13,06/23/26 01:00 PM,-691634.349974521
4167,14,06/23/26 02:00 PM,-701731.052992501
4168,15,06/23/26 03:00 PM,-717729.089736742
4169,16,06/23/26 04:00 PM,-738545.709279729
4170,17,06/23/26 05:00 PM,-762769.766847453
4171,18,06/23/26 06:00 PM,-788757.885360028
4172,19,06/23/26 07:00 PM,-814746.442292007
4173,20,06/23/26 08:00 PM,-838971.750580542
4174,21,06/23/26 09:00 PM,-859790.243931424
4175,22,06/23/26 10:00 PM,-875790.476573343
4176,23,06/23/26 11:00 PM,-885889.305309851
4177,0,06/24/26 12:00 AM,-889405.701322469
4178,1,06/24/26 01:00 AM,-886102.355659927
4179,2,06/24/26 02:00 AM,-876216.248518527
4180,3,06/24/26 03:00 AM,-860428.105791147
4181,4,06/24/26 04:00 AM,-839820.809062558
4182,5,06/24/26 05:00 AM,-815805.603343314
4183,6,06/24/26 06:00 AM,-790025.928691198
4184,7,06/24/26 07:00 AM,-764245.429051958
4185,8,06/24/26 08:00 AM,-740227.76988416
4186,9,06/24/26 09:00 AM,-719616.454318075
4187,10,06/24/26 10:00 AM,-703822.827698437
4188,11,06/24/26 11:00 AM,-693929.902368774
4189,12,06/24/26 12:00 PM,-690618.556494946
4190,13,06/24/26 01:00 PM,-694121.13606115
4191,14,06/24/26 02:00 PM,-704205.621800234
4192,15,06/24/26 03:00 PM,-720191.43999259
4193,16,06/24/26 04:00 PM,-740995.839716984
4194,17,06/24/26 05:00 PM,-765207.676205698
4195,18,06/24/26 06:00 PM,-791183.572385129
4196,19,06/24/26 07:00 PM,-817159.905736119
4197,20,06/24/26 08:00 PM,-841372.989202109
4198,21,06/24/26 09:00 PM,-862179.256495177
4199,22,06/24/26 10:00 PM,-878167.261850304
4200,23,06/24/26 11:00 PM,-888253.862077331
4201,0,06/25/26 12:00 AM,-891758.02836407
4202,1,06/25/26 01:00 AM,-888442.451765543
4203,2,06/25/26 02:00 AM,-878544.112484343
4204,3,06/25/26 03:00 AM,-862743.736419642
4205,4,06/25/26 04:00 AM,-842124.205162503
4206,5,06/25/26 05:00 AM,-818096.763729773
4207,6,06/25/26 06:00 AM,-792304.852185531
4208,7,06/25/26 07:00 AM,-766512.11448182
4209,8,06/25/26 08:00 AM,-742482.2160835
4210,9,06/25/26 09:00 AM,-721858.66012714
4211,10,06/25/26 10:00 AM,-706052.79196377
4212,11,06/25/26 11:00 AM,-696147.623943215
4213,12,06/25/26 12:00 PM,-692824.034237635
4214,13,06/25/26 01:00 PM,-696314.368837523
4215,14,06/25/26 02:00 PM,-706386.608482028
4216,15,06/25/26 03:00 PM,-722360.17945784
4217,16,06/25/26 04:00 PM,-743152.330850028
4218,17,06/25/26 05:00 PM,-767351.917897172
4219,18,06/25/26 06:00 PM,-793315.563531972
4220,19,06/25/26 07:00 PM,-819279.645241572
4221,20,06/25/26 08:00 PM,-843480.475975715
4222,21,06/25/26 09:00 PM,-864274.489452783
4223,22,06/25/26 10:00 PM,-880250.239914059
4224,23,06/25/26 11:00 PM,-890324.584175691
4225,0,06/26/26 12:00 AM,-893816.493431794
4226,1,06/26/26 01:00 AM,-890488.658743696
4227,2,06/26/26 02:00 AM,-880578.060320296
4228,3,06/26/26 03:00 AM,-864765.424067071
4229,4,06/26/26 04:00 AM,-844133.631581393
4230,5,06/26/26 05:00 AM,-820093.927886417
4231,6,06/26/26 06:00 AM,-794289.753052527
4232,7,06/26/26 07:00 AM,-768484.751038077
4233,8,06/26/26 08:00 AM,-744442.587314235
4234,9,06/26/26 09:00 AM,-723806.765023881
4235,10,06/26/26 10:00 AM,-707988.629524354
4236,11,06/26/26 11:00 AM,-698071.19317179
4237,12,06/26/26 12:00 PM,-694735.334144659
4238,13,06/26/26 01:00 PM,-698213.398439768
4239,14,06/26/26 02:00 PM,-708273.366802577
4240,15,06/26/26 03:00 PM,-724234.665526089
4241,16,06/26/26 04:00 PM,-745014.543701686
4242,17,06/26/26 05:00 PM,-769201.856574261
4243,18,06/26/26 06:00 PM,-795153.22708283
4244,19,06/26/26 07:00 PM,-821105.032720849
4245,20,06/26/26 08:00 PM,-845293.586444379
4246,21,06/26/26 09:00 PM,-866075.321978117
4247,22,06/26/26 10:00 PM,-882038.793569661
4248,23,06/26/26 11:00 PM,-892100.858041476
4249,0,06/27/26 12:00 AM,-895580.486593994
4250,1,06/27/26 01:00 AM,-892240.370294862
4251,2,06/27/26 02:00 AM,-882317.489359295
4252,3,06/27/26 03:00 AM,-866492.569699089
4253,4,06/27/26 04:00 AM,-845848.492917936
4254,5,06/27/26 05:00 AM,-821796.504045309
4255,6,06/27/26 06:00 AM,-795980.043157913
4256,7,06/27/26 07:00 AM,-770162.754220421
4257,8,06/27/26 08:00 AM,-746108.302710324
4258,9,06/27/26 09:00 AM,-725460.191776821
4259,10,06/27/26 10:00 AM,-709629.766783574
4260,11,06/27/26 11:00 AM,-699700.04009304
4261,12,06/27/26 12:00 PM,-696351.889890012
4262,13,06/27/26 01:00 PM,-699817.662177621
4263,14,06/27/26 02:00 PM,-709865.337707649
4264,15,06/27/26 03:00 PM,-725814.342779422
4265,16,06/27/26 04:00 PM,-746581.926490648
4266,17,06/27/26 05:00 PM,-770756.944092544
4267,18,06/27/26 06:00 PM,-796696.018530451
4268,19,06/27/26 07:00 PM,-822635.527304152
4269,20,06/27/26 08:00 PM,-846811.783376031
4270,21,06/27/26 09:00 PM,-867581.220477112
4271,22,06/27/26 10:00 PM,-883532.392861322
4272,23,06/27/26 11:00 PM,-893582.157357449
4273,0,06/28/26 12:00 AM,-897049.485172258
4274,1,06/28/26 01:00 AM,-893697.067379718
4275,2,06/28/26 02:00 AM,-883761.884201377
4276,3,06/28/26 03:00 AM,-867924.661555357
4277,4,06/28/26 04:00 AM,-847268.281051679
4278,5,06/28/26 05:00 AM,-823203.987726146
4279,6,06/28/26 06:00 AM,-797375.221661794
4280,7,06/28/26 07:00 AM,-771545.626829625
4281,8,06/28/26 08:00 AM,-747478.86871346
4282,9,06/28/26 09:00 AM,-726818.450468829
4283,10,06/28/26 10:00 AM,-710975.717465725
4284,11,06/28/26 11:00 AM,-701033.682072939
4285,12,06/28/26 12:00 PM,-697673.222481593
4286,13,06/28/26 01:00 PM,-701126.684701152
4287,14,06/28/26 02:00 PM,-711162.049489729
4288,15,06/28/26 03:00 PM,-727098.743152986
4289,16,06/28/26 04:00 PM,-747854.014794961
4290,17,06/28/26 05:00 PM,-772016.719673208
4291,18,06/28/26 06:00 PM,-797943.480739399
4292,19,06/28/26 07:00 PM,-823870.675499652
4293,20,06/28/26 08:00 PM,-848034.616922687
4294,21,06/28/26 09:00 PM,-868791.738745863
4295,22,06/28/26 10:00 PM,-884730.59522944
4296,23,06/28/26 11:00 PM,-894768.043208545
4297,0,06/29/26 12:00 AM,-898223.053896277
4298,1,06/29/26 01:00 AM,-894858.318372941
4299,2,06/29/26 02:00 AM,-884910.816866422
4300,3,06/29/26 03:00 AM,-869061.27530118
4301,4,06/29/26 04:00 AM,-848392.575293572
4302,5,06/29/26 05:00 AM,-824315.961885739
4303,6,06/29/26 06:00 AM,-798474.875167054
4304,7,06/29/26 07:00 AM,-772632.959114858
4305,8,06/29/26 08:00 AM,-748553.87921931
4306,9,06/29/26 09:00 AM,-727881.138642279
4307,10,06/29/26 10:00 AM,-712026.082760098
4308,11,06/29/26 11:00 AM,-702071.723947894
4309,12,06/29/26 12:00 PM,-698698.940403132
4310,13,06/29/26 01:00 PM,-702140.078141615
4311,14,06/29/26 02:00 PM,-712163.117927797
4312,15,06/29/26 03:00 PM,-728087.486073679
4313,16,06/29/26 04:00 PM,-748830.431689641
4314,17,06/29/26 05:00 PM,-772980.810039577
4315,18,06/29/26 06:00 PM,-798895.244081501
4316,19,06/29/26 07:00 PM,-824810.111327871
4317,20,06/29/26 08:00 PM,-848961.72475375
4318,21,06/29/26 09:00 PM,-869706.518102838
4319,22,06/29/26 10:00 PM,-885633.045641739
4320,23,06/29/26 11:00 PM,-895658.16421192
4321,0,06/30/26 12:00 AM,-899100.845032821
4322,1,06/30/26 01:00 AM,-895723.779191096
4323,2,06/30/26 02:00 AM,-885763.946920967
4324,3,06/30/26 03:00 AM,-869902.074153241
4325,4,06/30/26 04:00 AM,-849221.042510616
4326,5,06/30/26 05:00 AM,-825132.097041579
4327,6,06/30/26 06:00 AM,-799278.677841846
4328,7,06/30/26 07:00 AM,-773424.428895102
4329,8,06/30/26 08:00 AM,-749333.015697851
4330,9,06/30/26 09:00 AM,-728647.941418305
4331,10,06/30/26 10:00 AM,-712780.551439144
4332,11,06/30/26 11:00 AM,-702813.858141839
4333,12,06/30/26 12:00 PM,-699428.7397302
4334,13,06/30/26 01:00 PM,-702857.542226375
4335,14,06/30/26 02:00 PM,-712868.246401165
4336,15,06/30/26 03:00 PM,-728780.278572917
4337,16,06/30/26 04:00 PM,-749510.887858355
4338,17,06/30/26 05:00 PM,-773648.92952772
4339,18,06/30/26 06:00 PM,-799551.026545373
4340,19,06/30/26 07:00 PM,-825453.556430118
4341,20,06/30/26 08:00 PM,-849592.832163365
4342,21,06/30/26 09:00 PM,-870325.287495161
4343,22,06/30/26 10:00 PM,-886239.476698456
4344,23,06/30/26 11:00 PM,-896252.256621065
4345,0,07/01/26 12:00 AM,-899682.598488777
4346,1,07/01/26 01:00 AM,-896293.19339459
4347,2,07/01/26 02:00 AM,-886321.021579076
4348,3,07/01/26 03:00 AM,-870446.808979389
4349,4,07/01/26 04:00 AM,-849753.437224577
4350,5,07/01/26 05:00 AM,-825652.151369471
4351,6,07/01/26 06:00 AM,-799786.391516139
4352,7,07/01/26 07:00 AM,-773919.801654613
4353,8,07/01/26 08:00 AM,-749816.047287745
4354,9,07/01/26 09:00 AM,-729118.631590098
4355,10,07/01/26 10:00 AM,-713238.899950697
4356,11,07/01/26 11:00 AM,-703259.864757365
4357,12,07/01/26 12:00 PM,-699862.404220261
4358,13,07/01/26 01:00 PM,-703278.86436788
4359,14,07/01/26 02:00 PM,-713277.225977374
4360,15,07/01/26 03:00 PM,-729176.915373438
4361,16,07/01/26 04:00 PM,-749895.181679146
4362,17,07/01/26 05:00 PM,-774020.88017109
4363,18,07/01/26 06:00 PM,-799910.633819979
4364,19,07/01/26 07:00 PM,-825800.820150968
4365,20,07/01/26 08:00 PM,-849927.752151816
4366,21,07/01/26 09:00 PM,-870647.86357892
4367,22,07/01/26 10:00 PM,-886549.708711581
4368,23,07/01/26 11:00 PM,-896550.144403963
4369,0,07/02/26 12:00 AM,-899968.141888206
4370,1,07/02/26 01:00 AM,-896566.392263657
4371,2,07/02/26 02:00 AM,-886581.875777241
4372,3,07/02/26 03:00 AM,-870695.31837246
4373,4,07/02/26 04:00 AM,-849989.601684713
4374,5,07/02/26 05:00 AM,-825875.970775184
4375,6,07/02/26 06:00 AM,-799997.865752288
4376,7,07/02/26 07:00 AM,-774118.93061241
4377,8,07/02/26 08:00 AM,-750002.830864752
4378,9,07/02/26 09:00 AM,-729293.069690228
4379,10,07/02/26 10:00 AM,-713400.992484213
4380,11,07/02/26 11:00 AM,-703409.611640883
4381,12,07/02/26 12:00 PM,-699999.805376746
4382,13,07/02/26 01:00 PM,-703403.919726649
4383,14,07/02/26 02:00 PM,-713389.935474095
4384,15,07/02/26 03:00 PM,-729277.27895013
4385,16,07/02/26 04:00 PM,-749983.19928418
4386,17,07/02/26 05:00 PM,-774096.551759186
4387,18,07/02/26 06:00 PM,-799973.959352209
4388,19,07/02/26 07:00 PM,-825851.799594756
4389,20,07/02/26 08:00 PM,-849966.385480937
4390,21,07/02/26 09:00 PM,-870674.150773499
4391,22,07/02/26 10:00 PM,-886563.649758095
4392,23,07/02/26 11:00 PM,-896551.739295241
4393,0,07/03/26 12:00 AM,-899957.390623427
4394,1,07/03/26 01:00 AM,-896543.294848353
4395,2,07/03/26 02:00 AM,-886546.432223293
4396,3,07/03/26 03:00 AM,-870647.528698101
4397,4,07/03/26 04:00 AM,-849929.465914529
4398,5,07/03/26 05:00 AM,-825803.488940108
4399,6,07/03/26 06:00 AM,-799913.037889608
4400,7,07/03/26 07:00 AM,-774021.756765764
4401,8,07/03/26 08:00 AM,-749893.31108413
4402,9,07/03/26 09:00 AM,-729171.204031969
4403,10,07/03/26 10:00 AM,-713266.78101101
4404,11,07/03/26 11:00 AM,-703263.054421776
4405,12,07/03/26 12:00 PM,-699840.90248713
4406,13,07/03/26 01:00 PM,-703232.671248268
4407,14,07/03/26 02:00 PM,-713206.341495044
4408,15,07/03/26 03:00 PM,-729081.339564855
4409,16,07/03/26 04:00 PM,-749774.914593478
4410,17,07/03/26 05:00 PM,-773875.921870205
4411,18,07/03/26 06:00 PM,-799740.984378447
4412,19,07/03/26 07:00 PM,-825606.479656064
4413,20,07/03/26 08:00 PM,-849708.720703513
4414,21,07/03/26 09:00 PM,-870404.141289894
4415,22,07/03/26 10:00 PM,-886281.29570721
4416,23,07/03/26 11:00 PM,-896257.040822327
4417,0,07/04/26 12:00 AM,-899650.347880085
4418,1,07/04/26 01:00 AM,-896223.907992536
4419,2,07/04/26 02:00 AM,-886214.701419302
4420,3,07/04/26 03:00 AM,-870303.454116589
4421,4,07/04/26 04:00 AM,-849573.047732497
4422,5,07/04/26 05:00 AM,-825434.72734091
4423,6,07/04/26 06:00 AM,-799531.933062944
4424,7,07/04/26 07:00 AM,-773628.308907687
4425,8,07/04/26 08:00 AM,-749487.52039704
4426,9,07/04/26 09:00 AM,-728753.070724617
4427,10,07/04/26 10:00 AM,-712836.305298496
4428,11,07/04/26 11:00 AM,-702820.23652555
4429,12,07/04/26 12:00 PM,-699385.74263499
4430,13,07/04/26 01:00 PM,-702765.169674362
4431,14,07/04/26 02:00 PM,-712726.498439868
4432,15,07/04/26 03:00 PM,-728589.155275255
4433,16,07/04/26 04:00 PM,-749270.389322648
4434,17,07/04/26 05:00 PM,-773359.055877688
4435,18,07/04/26 06:00 PM,-799211.777930135
4436,19,07/04/26 07:00 PM,-825064.933024194
4437,20,07/04/26 08:00 PM,-849154.834166675
4438,21,07/04/26 09:00 PM,-869837.915133022
4439,22,07/04/26 10:00 PM,-885702.730221588
4440,23,07/04/26 11:00 PM,-895666.136305587
4441,0,07/05/26 12:00 AM,-899047.104636205
4442,1,07/05/26 01:00 AM,-895608.326331841
4443,2,07/05/26 02:00 AM,-885586.781658467
4444,3,07/05/26 03:00 AM,-869663.196578634
4445,4,07/05/26 04:00 AM,-848920.452746789
4446,5,07/05/26 05:00 AM,-824769.795243163
4447,6,07/05/26 06:00 AM,-798854.66419522
4448,7,07/05/26 07:00 AM,-772938.703618391
4449,8,07/05/26 08:00 AM,-748785.579040927
4450,9,07/05/26 09:00 AM,-728038.793662786
4451,10,07/05/26 10:00 AM,-712109.692898392
4452,11,07/05/26 11:00 AM,-702081.289160965
4453,12,07/05/26 12:00 PM,-698634.460686058
4454,13,07/05/26 01:00 PM,-702001.553527567
4455,14,07/05/26 02:00 PM,-711950.548488036
4456,15,07/05/26 03:00 PM,-727800.871917557
4457,16,07/05/26 04:00 PM,-748469.772964601
4458,17,07/05/26 05:00 PM,-772546.106931151
4459,18,07/05/26 06:00 PM,-798386.496813314
4460,19,07/05/26 07:00 PM,-824227.320161639
4461,20,07/05/26 08:00 PM,-848304.889989277
4462,21,07/05/26 09:00 PM,-868975.640078019
4463,22,07/05/26 10:00 PM,-884828.124732558
4464,23,07/05/26 11:00 PM,-894779.200832454
4465,0,07/06/26 12:00 AM,-898147.839635235
4466,1,07/06/26 01:00 AM,-894696.732265642
4467,2,07/06/26 02:00 AM,-884662.85899599
4468,3,07/06/26 03:00 AM,-868726.945795172
4469,4,07/06/26 04:00 AM,-847971.874323978
4470,5,07/06/26 05:00 AM,-823808.889668978
4471,6,07/06/26 06:00 AM,-797881.43196398
4472,7,07/06/26 07:00 AM,-771953.145230756
4473,8,07/06/26 08:00 AM,-747787.695003897
4474,9,07/06/26 09:00 AM,-727028.584489702
4475,10,07/06/26 10:00 AM,-711087.159108935
4476,11,07/06/26 11:00 AM,-701046.431281156
4477,12,07/06/26 12:00 PM,-697587.279248261
4478,13,07/06/26 01:00 PM,-700942.04907048
4479,14,07/06/26 02:00 PM,-710878.721556701
4480,15,07/06/26 03:00 PM,-726716.723063353
4481,16,07/06/26 04:00 PM,-747373.302745246
4482,17,07/06/26 05:00 PM,-771437.315910703
4483,18,07/06/26 06:00 PM,-797265.385562167
4484,19,07/06/26 07:00 PM,-823093.889256525
4485,20,07/06/26 08:00 PM,-847159.140013267
4486,21,07/06/26 09:00 PM,-867817.57162052
4487,22,07/06/26 10:00 PM,-883657.738389316
4488,23,07/06/26 11:00 PM,-893596.497205549
4489,0,07/07/26 12:00 AM,-896952.819333085
4490,1,07/07/26 01:00 AM,-893489.395903001
4491,2,07/07/26 02:00 AM,-883443.207193948
4492,3,07/07/26 03:00 AM,-867494.979181153
4493,4,07/07/26 04:00 AM,-846727.593531741
4494,5,07/07/26 05:00 AM,-822552.29533862
4495,6,07/07/26 06:00 AM,-796612.52474193
4496,7,07/07/26 07:00 AM,-770671.925769776
4497,8,07/07/26 08:00 AM,-746494.163963084
4498,9,07/07/26 09:00 AM,-725722.742534488
4499,10,07/07/26 10:00 AM,-709769.006911083
4500,11,07/07/26 11:00 AM,-699715.969518762
4501,12,07/07/26 12:00 PM,-696244.508605753
4502,13,07/07/26 01:00 PM,-699586.970238621
4503,14,07/07/26 02:00 PM,-709511.335232582
4504,15,07/07/26 03:00 PM,-725337.029950399
4505,16,07/07/26 04:00 PM,-745981.303553212
4506,17,07/07/26 05:00 PM,-770033.011355673
4507,18,07/07/26 06:00 PM,-795848.776366558
4508,19,07/07/26 07:00 PM,-821664.976149082
4509,20,07/07/26 08:00 PM,-845717.923729065
4510,21,07/07/26 09:00 PM,-866364.052900964
4511,22,07/07/26 10:00 PM,-882191.917982138
4512,23,07/07/26 11:00 PM,-892118.375864811
4513,0,07/08/26 12:00 AM,-895462.397819176
4514,1,07/08/26 01:00 AM,-891986.674982638
4515,2,07/08/26 02:00 AM,-881928.187640174
4516,3,07/08/26 03:00 AM,-865967.66177334
4517,4,07/08/26 04:00 AM,-845187.979055586
4518,5,07/08/26 05:00 AM,-821000.384586146
4519,6,07/08/26 06:00 AM,-795048.318511485
4520,7,07/08/26 07:00 AM,-769095.424866035
4521,8,07/08/26 08:00 AM,-744905.369197045
4522,9,07/08/26 09:00 AM,-724121.654723473
4523,10,07/08/26 10:00 AM,-708155.626878741
4524,11,07/08/26 11:00 AM,-698090.298095062
4525,12,07/08/26 12:00 PM,-694606.546626989
4526,13,07/08/26 01:00 PM,-697936.718547409
4527,14,07/08/26 02:00 PM,-707848.79467786
4528,15,07/08/26 03:00 PM,-723662.201387427
4529,16,07/08/26 04:00 PM,-744294.18784357
4530,17,07/08/26 05:00 PM,-768333.609367264
4531,18,07/08/26 06:00 PM,-794137.088973605
4532,19,07/08/26 07:00 PM,-819941.004232127
4533,20,07/08/26 08:00 PM,-843981.668174971
4534,21,07/08/26 09:00 PM,-864615.514602911
4535,22,07/08/26 10:00 PM,-880431.097839627
4536,23,07/08/26 11:00 PM,-890345.274783658
4537,0,07/09/26 12:00 AM,-893677.016711518
4538,1,07/09/26 01:00 AM,-890189.014766927
4539,2,07/09/26 02:00 AM,-880118.249241181
4540,3,07/09/26 03:00 AM,-864145.446122149
4541,4,07/09/26 04:00 AM,-843353.487089599
4542,5,07/09/26 05:00 AM,-819153.61724908
4543,6,07/09/26 06:00 AM,-793189.276753372
4544,7,07/09/26 07:00 AM,-767224.10964322
4545,8,07/09/26 08:00 AM,-743021.781472189
4546,9,07/09/26 09:00 AM,-722225.795465549
4547,10,07/09/26 10:00 AM,-706247.497063034
4548,11,07/09/26 11:00 AM,-696169.898703171
4549,12,07/09/26 12:00 PM,-692673.878646824
4550,13,07/09/26 01:00 PM,-695991.782973191
4551,14,07/09/26 02:00 PM,-705891.592510122
4552,15,07/09/26 03:00 PM,-721692.733633011
4553,16,07/09/26 04:00 PM,-742312.455515629
4554,17,07/09/26 05:00 PM,-766339.61348526
4555,18,07/09/26 06:00 PM,-792130.830563307
4556,19,07/09/26 07:00 PM,-817922.484325615
4557,20,07/09/26 08:00 PM,-841950.88781063
4558,21,07/09/26 09:00 PM,-862572.474825435
4559,22,07/09/26 10:00 PM,-878375.799700016
4560,23,07/09/26 11:00 PM,-888277.719339218
4561,0,07/10/26 12:00 AM,-891597.20502586
4562,1,07/10/26 01:00 AM,-888096.947909969
4563,2,07/10/26 02:00 AM,-878013.928289142
4564,3,07/10/26 03:00 AM,-862028.872157556
4565,4,07/10/26 04:00 AM,-841224.661201279
4566,5,07/10/26 05:00 AM,-817012.540532164
4567,6,07/10/26 06:00 AM,-791035.950309292
4568,7,07/10/26 07:00 AM,-765058.534579713
4569,8,07/10/26 08:00 AM,-740843.958903289
4570,9,07/10/26 09:00 AM,-720035.726511592
4571,10,07/10/26 10:00 AM,-704045.182850657
4572,11,07/10/26 11:00 AM,-693955.34036531
4573,12,07/10/26 12:00 PM,-690447.077322712
4574,13,07/10/26 01:00 PM,-693752.739808361
4575,14,07/10/26 02:00 PM,-703640.308656404
4576,15,07/10/26 03:00 PM,-719429.210248532
4577,16,07/10/26 04:00 PM,-740036.693764812
4578,17,07/10/26 05:00 PM,-764051.614538824
4579,18,07/10/26 06:00 PM,-789830.595598266
4580,19,07/10/26 07:00 PM,-815610.014525277
4581,20,07/10/26 08:00 PM,-839626.184364599
4582,21,07/10/26 09:00 PM,-860235.538929607
4583,22,07/10/26 10:00 PM,-876026.632556579
4584,23,07/10/26 11:00 PM,-885916.322156654
4585,0,07/11/26 12:00 AM,-889223.579018942
4586,1,07/11/26 01:00 AM,-885711.094299759
4587,2,07/11/26 02:00 AM,-875615.848302994
4588,3,07/11/26 03:00 AM,-859618.567029112
4589,4,07/11/26 04:00 AM,-838802.132170472
4590,5,07/11/26 05:00 AM,-814577.788845215
4591,6,07/11/26 06:00 AM,-788588.977218709
4592,7,07/11/26 07:00 AM,-762599.341344291
4593,8,07/11/26 08:00 AM,-738372.546788109
4594,9,07/11/26 09:00 AM,-717552.096788023
4595,10,07/11/26 10:00 AM,-701549.33679635
4596,11,07/11/26 11:00 AM,-691447.279264202
4597,12,07/11/26 12:00 PM,-687926.802465025
4598,13,07/11/26 01:00 PM,-691220.252490597
4599,14,07/11/26 02:00 PM,-701095.61018135
4600,15,07/11/26 03:00 PM,-716872.301925256
4601,16,07/11/26 04:00 PM,-737467.576908663
4602,17,07/11/26 05:00 PM,-761470.290471432
4603,18,07/11/26 06:00 PM,-787237.06564754
4604,19,07/11/26 07:00 PM,-813004.280025406
4605,20,07/11/26 08:00 PM,-837008.24665605
4606,21,07/11/26 09:00 PM,-857605.399359123
4607,22,07/11/26 10:00 PM,-873384.292477183
4608,23,07/11/26 11:00 PM,-883261.782927643
4609,0,07/12/26 12:00 AM,-886556.842005888
4610,1,07/12/26 01:00 AM,-883032.160874512
4611,2,07/12/26 02:00 AM,-872924.719843676
4612,3,07/12/26 03:00 AM,-856915.244920119
4613,4,07/12/26 04:00 AM,-836086.617802473
4614,5,07/12/26 05:00 AM,-811850.08361515
4615,6,07/12/26 06:00 AM,-785849.082529791
4616,7,07/12/26 07:00 AM,-759847.258606002
4617,8,07/12/26 08:00 AM,-735608.277416202
4618,9,07/12/26 09:00 AM,-714775.64220452
4619,10,07/12/26 10:00 AM,-698760.698429541
4620,11,07/12/26 11:00 AM,-688646.458548645
4621,12,07/12/26 12:00 PM,-685113.800841544
4622,13,07/12/26 01:00 PM,-688395.071406284
4623,14,07/12/26 02:00 PM,-698258.251089562
4624,15,07/12/26 03:00 PM,-714022.766285613
4625,16,07/12/26 04:00 PM,-734605.866187051
4626,17,07/12/26 05:00 PM,-758596.40614
4627,18,07/12/26 06:00 PM,-784351.009184699
4628,19,07/12/26 07:00 PM,-810106.052915828
4629,20,07/12/26 08:00 PM,-834097.850390667
4630,21,07/12/26 09:00 PM,-854682.835435132
4631,22,07/12/26 10:00 PM,-870449.562398035
4632,23,07/12/26 11:00 PM,-880314.88820305
4633,0,07/13/26 12:00 AM,-883597.784151821
4634,1,07/13/26 01:00 AM,-880060.941413196
4635,2,07/13/26 02:00 AM,-869941.340303595
4636,3,07/13/26 03:00 AM,-853919.706836012
4637,4,07/13/26 04:00 AM,-833078.922715333
4638,5,07/13/26 05:00 AM,-808830.233072224
4639,6,07/13/26 06:00 AM,-782817.078084579
4640,7,07/13/26 07:00 AM,-756803.101818256
4641,8,07/13/26 08:00 AM,-732551.969851928
4642,9,07/13/26 09:00 AM,-711707.18543597
4643,10,07/13/26 10:00 AM,-695680.094035222
4644,11,07/13/26 11:00 AM,-685553.70811331
4645,12,07/13/26 12:00 PM,-682008.905956196
4646,13,07/13/26 01:00 PM,-685278.033668172
4647,14,07/13/26 02:00 PM,-695129.072102182
4648,15,07/13/26 03:00 PM,-710881.447658708
4649,16,07/13/26 04:00 PM,-731452.409536608
4650,17,07/13/26 05:00 PM,-755430.813088249
4651,18,07/13/26 06:00 PM,-781173.281360115
4652,19,07/13/26 07:00 PM,-806916.191953128
4653,20,07/13/26 08:00 PM,-830895.857930811
4654,21,07/13/26 09:00 PM,-851468.713125318
4655,22,07/13/26 10:00 PM,-867223.311891703
4656,23,07/13/26 11:00 PM,-877076.511159878
4657,0,07/14/26 12:00 AM,-880347.282237726
4658,1,07/14/26 01:00 AM,-876798.316300333
4659,2,07/14/26 02:00 AM,-866666.593670354
4660,3,07/14/26 03:00 AM,-850632.840367019
4661,4,07/14/26 04:00 AM,-829779.938101449
4662,5,07/14/26 05:00 AM,-805519.132010544
4663,6,07/14/26 06:00 AM,-779493.862278432
4664,7,07/14/26 07:00 AM,-753467.772977203
4665,8,07/14/26 08:00 AM,-729204.529691759
4666,9,07/14/26 09:00 AM,-708347.635678708
4667,10,07/14/26 10:00 AM,-692308.436409118
4668,11,07/14/26 11:00 AM,-682169.944352845
4669,12,07/14/26 12:00 PM,-678613.037802078
4670,13,07/14/26 01:00 PM,-681870.062867335
4671,14,07/14/26 02:00 PM,-691709.000407787
4672,15,07/14/26 03:00 PM,-707449.276830141
4673,16,07/14/26 04:00 PM,-728008.141339479
4674,17,07/14/26 05:00 PM,-751974.449294392
4675,18,07/14/26 06:00 PM,-777704.823747585
4676,19,07/14/26 07:00 PM,-803435.642306202
4677,20,07/14/26 08:00 PM,-827403.218039986
4678,21,07/14/26 09:00 PM,-847963.984787312
4679,22,07/14/26 10:00 PM,-863706.496909451
4680,23,07/14/26 11:00 PM,-873547.611342534
4681,0,07/15/26 12:00 AM,-876806.29940066
4682,1,07/15/26 01:00 AM,-873245.252265131
4683,2,07/15/26 02:00 AM,-863101.450264817
4684,3,07/15/26 03:00 AM,-847055.619425162
4685,4,07/15/26 04:00 AM,-826190.641463501
4686,5,07/15/26 05:00 AM,-801917.761522945
4687,6,07/15/26 06:00 AM,-775880.419793833
4688,7,07/15/26 07:00 AM,-749842.260354465
4689,8,07/15/26 08:00 AM,-725566.948795953
4690,9,07/15/26 09:00 AM,-704697.988381114
4691,10,07/15/26 10:00 AM,-688646.724587221
4692,11,07/15/26 11:00 AM,-678496.169890338
4693,12,07/15/26 12:00 PM,-674927.202588859
4694,13,07/15/26 01:00 PM,-678172.168799507
4695,14,07/15/26 02:00 PM,-687999.049387656
4696,15,07/15/26 03:00 PM,-703727.270766215
4697,16,07/15/26 04:00 PM,-724274.082146467
4698,17,07/15/26 05:00 PM,-748228.338893205
4699,18,07/15/26 06:00 PM,-773946.664065333
4700,19,07/15/26 07:00 PM,-799665.435276193
4701,20,07/15/26 08:00 PM,-823620.965601726
4702,21,07/15/26 09:00 PM,-844169.688886503
4703,22,07/15/26 10:00 PM,-859900.159497992
4704,23,07/15/26 11:00 PM,-869729.234378517
4705,0,07/16/26 12:00 AM,-872975.88484837
4706,1,07/16/26 01:00 AM,-869402.802095046
4707,2,07/16/26 02:00 AM,-859246.966453608
4708,3,07/16/26 03:00 AM,-843189.103955689
4709,4,07/16/26 04:00 AM,-822312.096324814
4710,5,07/16/26 05:00 AM,-798027.188710281
4711,6,07/16/26 06:00 AM,-771977.821308618
4712,7,07/16/26 07:00 AM,-745927.638204311
4713,8,07/16/26 08:00 AM,-721640.304994658
4714,9,07/16/26 09:00 AM,-700759.324948659
4715,10,07/16/26 10:00 AM,-684696.04354977
4716,11,07/16/26 11:00 AM,-674533.473280239
4717,12,07/16/26 12:00 PM,-670952.49244464
4718,13,07/16/26 01:00 PM,-674185.447165876
4719,14,07/16/26 02:00 PM,-684000.3183155
4720,15,07/16/26 03:00 PM,-699716.5323126
4721,16,07/16/26 04:00 PM,-720251.338374635
4722,17,07/16/26 05:00 PM,-744193.591872574
4723,18,07/16/26 06:00 PM,-769899.915871496
4724,19,07/16/26 07:00 PM,-795606.687990918
4725,20,07/16/26 08:00 PM,-819550.221312951
4726,21,07/16/26 09:00 PM,-840086.949688339
4727,22,07/16/26 10:00 PM,-855805.427490721
4728,23,07/16/26 11:00 PM,-865622.51166859
4729,0,07/17/26 12:00 AM,-868857.173548407
4730,1,07/17/26 01:00 AM,-865272.104323833
4731,2,07/17/26 02:00 AM,-855104.284336098
4732,3,07/17/26 03:00 AM,-839034.439623
4733,4,07/17/26 04:00 AM,-818145.451914228
4734,5,07/17/26 05:00 AM,-793848.566365244
4735,6,07/17/26 06:00 AM,-767787.223178735
4736,7,07/17/26 07:00 AM,-741725.06644535
4737,8,07/17/26 08:00 AM,-717425.761768546
4738,9,07/17/26 09:00 AM,-696532.812423482
4739,10,07/17/26 10:00 AM,-680457.563899771
4740,11,07/17/26 11:00 AM,-670283.028685816
4741,12,07/17/26 12:00 PM,-666690.085092348
4742,13,07/17/26 01:00 PM,-669911.079248423
4743,14,07/17/26 02:00 PM,-679713.992031747
4744,15,07/17/26 03:00 PM,-695418.24986756
4745,16,07/17/26 04:00 PM,-715941.101979471
4746,17,07/17/26 05:00 PM,-739871.403744599
4747,18,07/17/26 06:00 PM,-765565.778234172
4748,19,07/17/26 07:00 PM,-791260.603073852
4749,20,07/17/26 08:00 PM,-815192.191351899
4750,21,07/17/26 09:00 PM,-835716.976925199
4751,22,07/17/26 10:00 PM,-851423.514173536
4752,23,07/17/26 11:00 PM,-861228.660051546
4753,0,07/18/26 12:00 AM,-864451.385891831
4754,1,07/18/26 01:00 AM,-860854.382894193
4755,2,07/18/26 02:00 AM,-850674.631406
4756,3,07/18/26 03:00 AM,-834592.857471188
4757,4,07/18/26 04:00 AM,-813691.942825582
4758,5,07/18/26 05:00 AM,-789383.132630781
4759,6,07/18/26 06:00 AM,-763309.867095608
4760,7,07/18/26 07:00 AM,-737235.790316841
4761,8,07/18/26 08:00 AM,-712924.567904072
4762,9,07/18/26 09:00 AM,-692019.703138589
4763,10,07/18/26 10:00 AM,-675932.541516137
4764,11,07/18/26 11:00 AM,-665746.095531247
4765,12,07/18/26 12:00 PM,-662141.243500774
4766,13,07/18/26 01:00 PM,-665350.331559904
4767,14,07/18/26 02:00 PM,-675141.340592465
4768,15,07/18/26 03:00 PM,-690833.697029823
4769,16,07/18/26 04:00 PM,-711344.650101709
4770,17,07/18/26 05:00 PM,-735263.055191361
4771,18,07/18/26 06:00 PM,-760945.535376128
4772,19,07/18/26 07:00 PM,-786628.468287794
4773,20,07/18/26 08:00 PM,-810548.167020732
4774,21,07/18/26 09:00 PM,-831061.065437947
4775,22,07/18/26 10:00 PM,-846755.717925337
4776,23,07/18/26 11:00 PM,-856548.981443652
4777,0,07/19/26 12:00 AM,-859759.827331607
4778,1,07/19/26 01:00 AM,-856150.946795116
4779,2,07/19/26 02:00 AM,-845959.320187655
4780,3,07/19/26 03:00 AM,-829865.673559271
4781,4,07/19/26 04:00 AM,-808952.888651897
4782,5,07/19/26 05:00 AM,-784632.210633236
4783,6,07/19/26 06:00 AM,-758547.079718218
4784,7,07/19/26 07:00 AM,-732461.140009725
4785,8,07/19/26 08:00 AM,-708138.05712345
4786,9,07/19/26 09:00 AM,-687221.334346784
4787,10,07/19/26 10:00 AM,-671122.317181572
4788,11,07/19/26 11:00 AM,-660924.018128442
4789,12,07/19/26 12:00 PM,-657307.31551035
4790,13,07/19/26 01:00 PM,-660504.555468575
4791,14,07/19/26 02:00 PM,-670283.718893042
4792,15,07/19/26 03:00 PM,-685964.232221209
4793,16,07/19/26 04:00 PM,-706463.344688901
4794,17,07/19/26 05:00 PM,-730369.911685448
4795,18,07/19/26 06:00 PM,-756040.556294287
4796,19,07/19/26 07:00 PM,-781711.656153289
4797,20,07/19/26 08:00 PM,-805619.524362918
4798,21,07/19/26 09:00 PM,-826120.594792263
4799,22,07/19/26 10:00 PM,-841803.421833307
4800,23,07/19/26 11:00 PM,-851584.862452884
4801,0,07/20/26 12:00 AM,-854783.88799579
4802,1,07/20/26 01:00 AM,-851163.189674019
4803,2,07/20/26 02:00 AM,-840959.747847129
4804,3,07/20/26 03:00 AM,-824854.288571243
4805,4,07/20/26 04:00 AM,-803929.693594371
4806,5,07/20/26 05:00 AM,-779597.208090293
4807,6,07/20/26 06:00 AM,-753500.272280011
4808,7,07/20/26 07:00 AM,-727402.530272481
4809,8,07/20/26 08:00 AM,-703067.647689468
4810,9,07/20/26 09:00 AM,-682139.127824432
4811,10,07/20/26 10:00 AM,-666028.316185286
4812,11,07/20/26 11:00 AM,-655818.225278727
4813,12,07/20/26 12:00 PM,-652189.733433777
4814,13,07/20/26 01:00 PM,-655375.186797779
4815,14,07/20/26 02:00 PM,-665142.566266723
4816,15,07/20/26 03:00 PM,-680811.298284126
4817,16,07/20/26 04:00 PM,-701298.632091876
4818,17,07/20/26 05:00 PM,-725193.423085361
4819,18,07/20/26 06:00 PM,-750852.294354077
4820,19,07/20/26 07:00 PM,-776511.623541952
4821,20,07/20/26 08:00 PM,-800407.723755504
4822,21,07/20/26 09:00 PM,-820897.028869876
4823,22,07/20/26 10:00 PM,-836568.093283103
4824,23,07/20/26 11:00 PM,-846337.773968071
4825,0,07/21/26 12:00 AM,-849525.042275625
4826,1,07/21/26 01:00 AM,-845892.589423808
4827,2,07/21/26 02:00 AM,-835677.395778224
4828,3,07/21/26 03:00 AM,-819560.187401042
4829,4,07/21/26 04:00 AM,-798623.846046316
4830,5,07/21/26 05:00 AM,-774279.616893868
4831,6,07/21/26 06:00 AM,-748170.940170743
4832,7,07/21/26 07:00 AM,-722061.459991935
4833,8,07/21/26 08:00 AM,-697714.841985248
4834,9,07/21/26 09:00 AM,-676774.58945018
4835,10,07/21/26 10:00 AM,-660652.04790068
4836,11,07/21/26 11:00 AM,-650430.229849477
4837,12,07/21/26 12:00 PM,-646790.013631626
4838,13,07/21/26 01:00 PM,-649963.745400504
4839,14,07/21/26 02:00 PM,-659719.406058128
4840,15,07/21/26 03:00 PM,-675376.422054046
4841,16,07/21/26 04:00 PM,-695852.042636171
4842,17,07/21/26 05:00 PM,-719735.123205917
4843,18,07/21/26 06:00 PM,-745382.286858806
4844,19,07/21/26 07:00 PM,-771029.911244786
4845,20,07/21/26 08:00 PM,-794914.309476398
4846,21,07/21/26 09:00 PM,-815391.915434804
4847,22,07/21/26 10:00 PM,-831051.283524059
4848,23,07/21/26 11:00 PM,-840809.270723064
4849,0,07/22/26 12:00 AM,-843984.848388681
4850,1,07/22/26 01:00 AM,-840340.707744966
4851,2,07/22/26 02:00 AM,-830113.829163536
4852,3,07/22/26 03:00 AM,-813984.938712571
4853,4,07/22/26 04:00 AM,-793036.918152134
4854,5,07/22/26 05:00 AM,-768681.012668057
4855,6,07/22/26 06:00 AM,-742560.662493389
4856,7,07/22/26 07:00 AM,-716439.511749131
4857,8,07/22/26 08:00 AM,-692081.22606909
4858,9,07/22/26 09:00 AM,-671129.308758767
4859,10,07/22/26 10:00 AM,-654995.105338109
4860,11,07/22/26 11:00 AM,-644761.628325849
4861,12,07/22/26 12:00 PM,-641109.756063036
4862,13,07/22/26 01:00 PM,-644271.834709043
4863,14,07/22/26 02:00 PM,-654015.845171884
4864,15,07/22/26 03:00 PM,-669661.213907099
4865,16,07/22/26 04:00 PM,-690125.190168593
4866,17,07/22/26 05:00 PM,-713996.629363771
4867,18,07/22/26 06:00 PM,-739632.154594141
4868,19,07/22/26 07:00 PM,-765268.14351564
4869,20,07/22/26 08:00 PM,-789140.909246795
4870,21,07/22/26 09:00 PM,-809606.885674752
4871,22,07/22/26 10:00 PM,-825254.627209547
4872,23,07/22/26 11:00 PM,-835000.990836064
4873,0,07/23/26 12:00 AM,-838164.947917143
4874,1,07/23/26 01:00 AM,-834509.189682819
4875,2,07/23/26 02:00 AM,-824270.696510685
4876,3,07/23/26 03:00 AM,-808130.194474897
4877,4,07/23/26 04:00 AM,-787170.565341489
4878,5,07/23/26 05:00 AM,-762803.054302266
4879,6,07/23/26 06:00 AM,-736671.101596248
4880,7,07/23/26 07:00 AM,-710538.351350404
4881,8,07/23/26 08:00 AM,-686168.469204509
4882,9,07/23/26 09:00 AM,-665204.958470027
4883,10,07/23/26 10:00 AM,-649059.164672872
4884,11,07/23/26 11:00 AM,-638814.100337737
4885,12,07/23/26 12:00 PM,-635150.643811634
4886,13,07/23/26 01:00 PM,-638301.141259894
4887,14,07/23/26 02:00 PM,-648033.573596489
4888,15,07/23/26 03:00 PM,-663667.367282915
4889,16,07/23/26 04:00 PM,-684119.771579032
4890,17,07/23/26 05:00 PM,-707979.641898197
4891,18,07/23/26 06:00 PM,-733603.60134787
4892,19,07/23/26 07:00 PM,-759228.027589939
4893,20,07/23/26 08:00 PM,-783089.233748877
4894,21,07/23/26 09:00 PM,-803543.653717778
4895,22,07/23/26 10:00 PM,-819179.841912622
4896,23,07/23/26 11:00 PM,-828914.655324238
4897,0,07/24/26 12:00 AM,-832067.065321406
4898,1,07/24/26 01:00 AM,-828399.763140102
4899,2,07/24/26 02:00 AM,-818149.729163857
4900,3,07/24/26 03:00 AM,-801997.689472764
4901,4,07/24/26 04:00 AM,-781026.525838794
4902,5,07/24/26 05:00 AM,-756647.483459684
4903,6,07/24/26 06:00 AM,-730504.002580385
4904,7,07/24/26 07:00 AM,-704359.727333799
4905,8,07/24/26 08:00 AM,-679978.323365628
4906,9,07/24/26 09:00 AM,-659003.293993264
4907,10,07/24/26 10:00 AM,-642845.984748547
4908,11,07/24/26 11:00 AM,-632589.408162093
4909,12,07/24/26 12:00 PM,-628914.442586836
4910,13,07/24/26 01:00 PM,-632053.434194029
4911,14,07/24/26 02:00 PM,-641774.363903561
4912,15,07/24/26 03:00 PM,-657396.658182847
4913,16,07/24/26 04:00 PM,-677837.566297661
4914,17,07/24/26 05:00 PM,-701685.943667275
4915,18,07/24/26 06:00 PM,-727298.413405062
4916,19,07/24/26 07:00 PM,-752911.353178819
4917,20,07/24/26 08:00 PM,-776761.076118929
4918,21,07/24/26 09:00 PM,-797204.016124394
4919,22,07/24/26 10:00 PM,-812828.727617099
4920,23,07/24/26 11:00 PM,-822552.067593775
4921,0,07/25/26 12:00 AM,-825693.007429107
4922,1,07/25/26 01:00 AM,-822014.23836497
4923,2,07/25/26 02:00 AM,-811752.740790795
4924,3,07/25/26 03:00 AM,-795589.240792572
4925,4,07/25/26 04:00 AM,-774606.620148167
4926,5,07/25/26 05:00 AM,-750216.124061211
4927,6,07/25/26 06:00 AM,-724061.192782547
4928,7,07/25/26 07:00 AM,-697905.470450968
4929,8,07/25/26 08:00 AM,-673512.622718064
4930,9,07/25/26 09:00 AM,-652526.152907115
4931,10,07/25/26 10:00 AM,-636357.406555845
4932,11,07/25/26 11:00 AM,-626089.396200754
4933,12,07/25/26 12:00 PM,-622403.000200658
4934,13,07/25/26 01:00 PM,-625530.564732691
4935,14,07/25/26 02:00 PM,-635240.070722619
4936,15,07/25/26 03:00 PM,-650850.944643734
4937,16,07/25/26 04:00 PM,-671280.435767686
4938,17,07/25/26 05:00 PM,-695117.39951962
4939,18,07/25/26 06:00 PM,-720718.459018779
4940,19,07/25/26 07:00 PM,-746319.991938832
4941,20,07/25/26 08:00 PM,-770158.311416028
4942,21,07/25/26 09:00 PM,-790589.851355236
4943,22,07/25/26 10:00 PM,-806203.166184205
4944,23,07/25/26 11:00 PM,-815915.112905531
4945,0,07/26/26 12:00 AM,-819044.662899758
4946,1,07/26/26 01:00 AM,-815354.507414621
4947,2,07/26/26 02:00 AM,-805081.626845408
4948,3,07/26/26 03:00 AM,-788906.747283965
4949,4,07/26/26 04:00 AM,-767912.750514011
4950,5,07/26/26 05:00 AM,-743510.881745031
4951,6,07/26/26 06:00 AM,-717344.581233718
4952,7,07/26/26 07:00 AM,-691177.493124713
4953,8,07/26/26 08:00 AM,-666773.283075453
4954,9,07/26/26 09:00 AM,-645775.454415063
4955,10,07/26/26 10:00 AM,-629595.352687112
4956,11,07/26/26 11:00 AM,-619315.990433939
4957,12,07/26/26 12:00 PM,-615618.246020201
4958,13,07/26/26 01:00 PM,-618734.46562887
4959,14,07/26/26 02:00 PM,-628432.630191548
4960,15,07/26/26 03:00 PM,-644032.166187362
4961,16,07/26/26 04:00 PM,-664450.322893794
4962,17,07/26/26 05:00 PM,-688275.955741819
4963,18,07/26/26 06:00 PM,-713865.68785651
4964,19,07/26/26 07:00 PM,-739455.896917363
4965,20,07/26/26 08:00 PM,-763282.896066452
4966,21,07/26/26 09:00 PM,-783703.119214469
4967,22,07/26/26 10:00 PM,-799305.120794987
4968,23,07/26/26 11:00 PM,-809005.757816419
4969,0,07/27/26 12:00 AM,-812124.001665128
4970,1,07/27/26 01:00 AM,-808422.543594666
4971,2,07/27/26 02:00 AM,-798138.364006135
4972,3,07/27/26 03:00 AM,-781952.188997193
4973,4,07/27/26 04:00 AM,-760946.900357371
4974,5,07/27/26 05:00 AM,-736533.743301961
4975,6,07/27/26 06:00 AM,-710356.158093464
4976,7,07/27/26 07:00 AM,-684177.788882327
4977,8,07/27/26 08:00 AM,-659762.301331789
4978,9,07/27/26 09:00 AM,-638753.198776778
4979,10,07/27/26 10:00 AM,-622561.82676666
4980,11,07/27/26 11:00 AM,-612271.197849574
4981,12,07/27/26 12:00 PM,-608562.190395973
4982,13,07/27/26 01:00 PM,-611667.150594622
4983,14,07/27/26 02:00 PM,-621354.059382916
4984,15,07/27/26 03:00 PM,-636942.343245771
4985,16,07/27/26 04:00 PM,-657349.251466458
4986,17,07/27/26 05:00 PM,-681163.63948174
4987,18,07/27/26 06:00 PM,-706742.130422473
4988,19,07/27/26 07:00 PM,-732321.101973935
4989,20,07/27/26 08:00 PM,-756136.867283984
4990,21,07/27/26 09:00 PM,-776545.860269089
4991,22,07/27/26 10:00 PM,-792136.6353686
4992,23,07/27/26 11:00 PM,-801826.049596705
4993,0,07/28/26 12:00 AM,-804933.074345542
4994,1,07/28/26 01:00 AM,-801220.400874433
4995,2,07/28/26 02:00 AM,-790925.009590249
4996,3,07/28/26 03:00 AM,-774727.626596417
4997,4,07/28/26 04:00 AM,-753711.133688233
4998,5,07/28/26 05:00 AM,-729286.776086754
4999,6,07/28/26 06:00 AM,-703097.994060242
5000,7,07/28/26 07:00 AM,-676908.431764903
5001,8,07/28/26 08:00 AM,-652481.754869735
5002,9,07/28/26 09:00 AM,-631461.466715422
5003,10,07/28/26 10:00 AM,-615258.912857084
5004,11,07/28/26 11:00 AM,-604957.105848614
5005,12,07/28/26 12:00 PM,-601236.924066213
5006,13,07/28/26 01:00 PM,-604330.713704395
5007,14,07/28/26 02:00 PM,-614006.455706302
5008,15,07/28/26 03:00 PM,-629583.576562594
5009,16,07/28/26 04:00 PM,-649979.325562285
5010,17,07/28/26 05:00 PM,-673782.558147879
5011,18,07/28/26 06:00 PM,-699349.89745597
5012,19,07/28/26 07:00 PM,-724917.721177573
5013,20,07/28/26 08:00 PM,-748722.34246628
5014,21,07/28/26 09:00 PM,-769120.195244294
5015,22,07/28/26 10:00 PM,-784699.833956695
5016,23,07/28/26 11:00 PM,-794378.115623401
5017,0,07/29/26 12:00 AM,-797474.011642275
5018,1,07/29/26 01:00 AM,-793750.213278366
5019,2,07/29/26 02:00 AM,-783443.700944267
5020,3,07/29/26 03:00 AM,-767235.200749126
5021,4,07/29/26 04:00 AM,-746207.594493959
5022,5,07/29/26 05:00 AM,-721772.127405537
5023,6,07/29/26 06:00 AM,-695572.239757841
5024,7,07/29/26 07:00 AM,-669371.575712787
5025,8,07/29/26 08:00 AM,-644933.800945086
5026,9,07/29/26 09:00 AM,-623902.41880113
5027,10,07/29/26 10:00 AM,-607688.774841747
5028,11,07/29/26 11:00 AM,-597375.881626534
5029,12,07/29/26 12:00 PM,-593644.617537395
5030,13,07/29/26 01:00 PM,-596727.328774547
5031,14,07/29/26 02:00 PM,-606391.996286829
5032,15,07/29/26 03:00 PM,-621958.046570599
5033,16,07/29/26 04:00 PM,-642342.728920566
5034,17,07/29/26 05:00 PM,-666134.898784926
5035,18,07/29/26 06:00 PM,-691691.179305965
5036,19,07/29/26 07:00 PM,-717247.948180388
5037,20,07/29/26 08:00 PM,-741041.518567472
5038,21,07/29/26 09:00 PM,-761428.324395105
5039,22,07/29/26 10:00 PM,-776996.920114051
5040,23,07/29/26 11:00 PM,-786664.162749908
5041,0,07/30/26 12:00 AM,-789749.023706219
5042,1,07/30/26 01:00 AM,-786014.194253707
5043,2,07/30/26 02:00 AM,-775696.654810644
5044,3,07/30/26 03:00 AM,-759477.131491846
5045,4,07/30/26 04:00 AM,-738438.506104003
5046,5,07/30/26 05:00 AM,-713992.023879554
5047,6,07/30/26 06:00 AM,-687781.125098145
5048,7,07/30/26 07:00 AM,-661569.453927358
5049,8,07/30/26 08:00 AM,-637120.676047566
5050,9,07/30/26 09:00 AM,-616078.294810821
5051,10,07/30/26 10:00 AM,-599853.655783609
5052,11,07/30/26 11:00 AM,-589529.771531184
5053,12,07/30/26 12:00 PM,-585787.520441104
5054,13,07/30/26 01:00 PM,-588859.248719237
5055,14,07/30/26 02:00 PM,-598512.937320073
5056,15,07/30/26 03:00 PM,-614068.012745618
5057,16,07/30/26 04:00 PM,-634441.724296226
5058,17,07/30/26 05:00 PM,-658222.927425736
5059,18,07/30/26 06:00 PM,-683768.245282079
5060,19,07/30/26 07:00 PM,-709314.055567595
5061,20,07/30/26 08:00 PM,-733096.671447201
5062,21,07/30/26 09:00 PM,-753472.526854421
5063,22,07/30/26 10:00 PM,-769030.176245651
5064,23,07/30/26 11:00 PM,-778686.47665212
5065,0,07/31/26 12:00 AM,-781760.399483
5066,1,07/31/26 01:00 AM,-778014.636014642
5067,2,07/31/26 02:00 AM,-767686.166670941
5068,3,07/31/26 03:00 AM,-751455.717572337
5069,4,07/31/26 04:00 AM,-730406.17053114
5070,5,07/31/26 05:00 AM,-705948.770785408
5071,6,07/31/26 06:00 AM,-679726.958620403
5072,7,07/31/26 07:00 AM,-653504.378209321
5073,8,07/31/26 08:00 AM,-629044.695238146
5074,9,07/31/26 09:00 AM,-607991.413064542
5075,10,07/31/26 10:00 AM,-591755.877260602
5076,11,07/31/26 11:00 AM,-581421.100397184
5077,12,07/31/26 12:00 PM,-577667.960867453
5078,13,07/31/26 01:00 PM,-580728.804882874
5079,14,07/31/26 02:00 PM,-590371.61340354
5080,15,07/31/26 03:00 PM,-605915.812937051
5081,16,07/31/26 04:00 PM,-626278.652789359
5082,17,07/31/26 05:00 PM,-650048.988419893
5083,18,07/31/26 06:00 PM,-675583.442982175
5084,19,07/31/26 07:00 PM,-701118.394184135
5085,20,07/31/26 08:00 PM,-724890.155196276
5086,21,07/31/26 09:00 PM,-745255.159957703
5087,22,07/31/26 10:00 PM,-760801.962930398
5088,23,07/31/26 11:00 PM,-770447.421151167
5089,0,08/01/26 12:00 AM,-773510.50603476
5090,1,08/01/26 01:00 AM,-769753.908863105
5091,2,08/01/26 02:00 AM,-759414.610065668
5092,3,08/01/26 03:00 AM,-743173.335768463
5093,4,08/01/26 04:00 AM,-722112.967789364
5094,5,08/01/26 05:00 AM,-697644.751372
5095,6,08/01/26 06:00 AM,-671412.126807194
5096,7,08/01/26 07:00 AM,-645178.738273708
5097,8,08/01/26 08:00 AM,-620708.251463084
5098,9,08/01/26 09:00 AM,-599644.169738543
5099,10,08/01/26 10:00 AM,-583397.838677734
5100,11,08/01/26 11:00 AM,-573052.27085707
5101,12,08/01/26 12:00 PM,-569288.344675265
5102,13,08/01/26 01:00 PM,-572338.406349335
5103,14,08/01/26 02:00 PM,-581970.436844918
5104,15,08/01/26 03:00 PM,-597503.86267516
5105,16,08/01/26 04:00 PM,-617855.933151553
5106,17,08/01/26 05:00 PM,-641615.503739069
5107,18,08/01/26 06:00 PM,-667139.197596767
5108,19,08/01/26 07:00 PM,-692663.392438111
5109,20,08/01/26 08:00 PM,-716424.401439139
5110,21,08/01/26 09:00 PM,-736778.658544487
5111,22,08/01/26 10:00 PM,-752314.718221665
5112,23,08/01/26 11:00 PM,-761949.437513006
5113,0,08/02/26 12:00 AM,-765001.787838786
5114,1,08/02/26 01:00 AM,-761234.460486453
5115,2,08/02/26 02:00 AM,-750884.435890994
5116,3,08/02/26 03:00 AM,-734632.44018394
5117,4,08/02/26 04:00 AM,-713561.355188682
5118,5,08/02/26 05:00 AM,-689082.42615436
5119,6,08/02/26 06:00 AM,-662839.09337731
5120,7,08/02/26 07:00 AM,-636595.0010418
5121,8,08/02/26 08:00 AM,-612113.814844881
5122,9,08/02/26 09:00 AM,-591039.038155277
5123,10,08/02/26 10:00 AM,-574782.016556139
5124,11,08/02/26 11:00 AM,-564425.762629378
5125,12,08/02/26 12:00 PM,-560651.154779207
5126,13,08/02/26 01:00 PM,-563690.539228137
5127,14,08/02/26 02:00 PM,-573311.896947298
5128,15,08/02/26 03:00 PM,-588834.654455327
5129,16,08/02/26 04:00 PM,-609176.061069203
5130,17,08/02/26 05:00 PM,-632924.972259386
5131,18,08/02/26 06:00 PM,-658438.011190415
5132,19,08/02/26 07:00 PM,-683951.555581238
5133,20,08/02/26 08:00 PM,-707701.918613371
5134,21,08/02/26 09:00 PM,-728045.534236927
5135,22,08/02/26 10:00 PM,-743570.95692489
5136,23,08/02/26 11:00 PM,-753195.043725065
5137,0,08/03/26 12:00 AM,-756236.766063198
5138,1,08/03/26 01:00 AM,-752458.815232203
5139,2,08/03/26 02:00 AM,-742098.171672534
5140,3,08/03/26 03:00 AM,-725835.561521183
5141,4,08/03/26 04:00 AM,-704753.866607003
5142,5,08/03/26 05:00 AM,-680264.33218459
5143,6,08/03/26 06:00 AM,-654010.398555738
5144,7,08/03/26 07:00 AM,-627755.709910167
5145,8,08/03/26 08:00 AM,-603263.931950379
5146,9,08/03/26 09:00 AM,-582178.568050547
5147,10,08/03/26 10:00 AM,-565910.963799268
5148,11,08/03/26 11:00 AM,-555544.131783899
5149,12,08/03/26 12:00 PM,-551758.950414093
5150,13,08/03/26 01:00 PM,-554787.765917799
5151,14,08/03/26 02:00 PM,-564398.559271587
5152,15,08/03/26 03:00 PM,-579910.756999526
5153,16,08/03/26 04:00 PM,-600241.608424029
5154,17,08/03/26 05:00 PM,-623979.969020985
5155,18,08/03/26 06:00 PM,-649482.46196036
5156,19,08/03/26 07:00 PM,-674985.46496653
5157,20,08/03/26 08:00 PM,-698725.29122643
5158,21,08/03/26 09:00 PM,-719058.374695596
5159,22,08/03/26 10:00 PM,-734573.269852428
5160,23,08/03/26 11:00 PM,-744186.83375015
5161,0,08/04/26 12:00 AM,-747218.037819917
5162,1,08/04/26 01:00 AM,-743429.573360058
5163,2,08/04/26 02:00 AM,-733058.420816433
5164,3,08/04/26 03:00 AM,-716785.30633144
5165,4,08/04/26 04:00 AM,-695693.111739337
5166,5,08/04/26 05:00 AM,-671193.082300121
5167,6,08/04/26 06:00 AM,-644928.658320985
5168,7,08/04/26 07:00 AM,-618663.483997045
5169,8,08/04/26 08:00 AM,-594161.225036198
5170,9,08/04/26 09:00 AM,-573065.384818007
5171,10,08/04/26 10:00 AM,-556787.30893646
5172,11,08/04/26 11:00 AM,-546410.009984302
5173,12,08/04/26 12:00 PM,-542614.366376566
5174,13,08/04/26 01:00 PM,-545632.724346589
5175,14,08/04/26 02:00 PM,-555233.064876316
5176,15,08/04/26 03:00 PM,-570734.814495196
5177,16,08/04/26 04:00 PM,-591055.222531015
5178,17,08/04/26 05:00 PM,-614783.144465035
5179,18,08/04/26 06:00 PM,-640275.203472593
5180,19,08/04/26 07:00 PM,-665767.777283431
5181,20,08/04/26 08:00 PM,-689497.179089849
5182,21,08/04/26 09:00 PM,-709819.842852748
5183,22,08/04/26 10:00 PM,-725324.323055886
5184,23,08/04/26 11:00 PM,-734927.476757844
5185,0,08/05/26 12:00 AM,-737948.275395136
5186,1,08/05/26 01:00 AM,-734149.41027144
5187,2,08/05/26 02:00 AM,-723767.861837967
5188,3,08/05/26 03:00 AM,-707484.356242466
5189,4,08/05/26 04:00 AM,-686381.775324537
5190,5,08/05/26 05:00 AM,-661871.364349522
5191,6,08/05/26 06:00 AM,-635596.563629953
5192,7,08/05/26 07:00 AM,-609321.017366286
5193,8,08/05/26 08:00 AM,-584808.391271752
5194,9,08/05/26 09:00 AM,-563702.188731249
5195,10,08/05/26 10:00 AM,-547413.755344095
5196,11,08/05/26 11:00 AM,-537026.10370836
5197,12,08/05/26 12:00 PM,-533220.112244409
5198,13,08/05/26 01:00 PM,-536228.127190895
5199,14,08/05/26 02:00 PM,-545818.12953509
5200,15,08/05/26 03:00 PM,-561309.545811757
5201,16,08/05/26 04:00 PM,-581619.625354001
5202,17,08/05/26 05:00 PM,-605337.223648396
5203,18,08/05/26 06:00 PM,-630818.963875589
5204,19,08/05/26 07:00 PM,-656301.22377063
5205,20,08/05/26 08:00 PM,-680020.316531127
5206,21,08/05/26 09:00 PM,-700332.676123282
5207,22,08/05/26 10:00 PM,-715826.857036155
5208,23,08/05/26 11:00 PM,-725419.716333625
5209,0,08/06/26 12:00 AM,-728430.225457501
5210,1,08/06/26 01:00 AM,-724621.075716756
5211,2,08/06/26 02:00 AM,-714229.247567891
5212,3,08/06/26 03:00 AM,-697935.467163942
5213,4,08/06/26 04:00 AM,-676822.616349795
5214,5,08/06/26 05:00 AM,-652301.940396077
5215,6,08/06/26 06:00 AM,-626016.879620598
5216,7,08/06/26 07:00 AM,-599731.078229094
5217,8,08/06/26 08:00 AM,-575208.201940071
5218,9,08/06/26 09:00 AM,-554091.754143699
5219,10,08/06/26 10:00 AM,-537793.080444568
5220,11,08/06/26 11:00 AM,-527395.193446015
5221,12,08/06/26 12:00 PM,-523578.97157367
5222,13,08/06/26 01:00 PM,-526576.761071452
5223,14,08/06/26 02:00 PM,-536156.542931887
5224,15,08/06/26 03:00 PM,-551637.743695002
5225,16,08/06/26 04:00 PM,-571937.612699154
5226,17,08/06/26 05:00 PM,-595645.005436169
5227,18,08/06/26 06:00 PM,-621116.545091947
5228,19,08/06/26 07:00 PM,-646588.609406783
5229,20,08/06/26 08:00 PM,-670297.511583531
5230,21,08/06/26 09:00 PM,-690599.685593634
5231,22,08/06/26 10:00 PM,-706083.685931393
5232,23,08/06/26 11:00 PM,-715666.369665925
5233,0,08/07/26 12:00 AM,-718666.708244272
5234,1,08/07/26 01:00 AM,-714847.392980639
5235,2,08/07/26 02:00 AM,-704445.404336757
5236,3,08/07/26 03:00 AM,-688141.468470889
5237,4,08/07/26 04:00 AM,-667018.467233146
5238,5,08/07/26 05:00 AM,-642487.645899375
5239,6,08/07/26 06:00 AM,-616192.444792606
5240,7,08/07/26 07:00 AM,-589896.508123791
5241,8,08/07/26 08:00 AM,-565363.50161665
5242,9,08/07/26 09:00 AM,-544236.928666565
5243,10,08/07/26 10:00 AM,-527928.134883334
5244,11,08/07/26 11:00 AM,-517520.132875501
5245,12,08/07/26 12:00 PM,-513693.801073899
5246,13,08/07/26 01:00 PM,-516681.485727646
5247,14,08/07/26 02:00 PM,-526251.167834469
5248,15,08/07/26 03:00 PM,-541722.273939589
5249,16,08/07/26 04:00 PM,-562012.053386557
5250,17,08/07/26 05:00 PM,-585709.361672389
5251,18,08/07/26 06:00 PM,-611170.821988171
5252,19,08/07/26 07:00 PM,-636632.812079386
5253,20,08/07/26 08:00 PM,-660331.645154068
5254,21,08/07/26 09:00 PM,-680623.755188842
5255,22,08/07/26 10:00 PM,-696097.696683185
5256,23,08/07/26 11:00 PM,-705670.326711388
5257,0,08/08/26 12:00 AM,-708660.616725666
5258,1,08/08/26 01:00 AM,-704831.258045393
5259,2,08/08/26 02:00 AM,-694419.231137467
5260,3,08/08/26 03:00 AM,-678105.262165314
5261,4,08/08/26 04:00 AM,-656972.232984207
5262,5,08/08/26 05:00 AM,-632431.388875151
5263,6,08/08/26 06:00 AM,-606126.170166333
5264,7,08/08/26 07:00 AM,-579820.221073859
5265,8,08/08/26 08:00 AM,-555277.207326597
5266,9,08/08/26 09:00 AM,-534140.632325081
5267,10,08/08/26 10:00 AM,-517821.841684249
5268,11,08/08/26 11:00 AM,-507403.848017792
5269,12,08/08/26 12:00 PM,-503567.529761681
5270,13,08/08/26 01:00 PM,-506545.233170173
5271,14,08/08/26 02:00 PM,-516104.939246128
5272,15,08/08/26 03:00 PM,-531566.0745399
5273,16,08/08/26 04:00 PM,-551845.888400168
5274,17,08/08/26 05:00 PM,-575533.236329075
5275,18,08/08/26 06:00 PM,-600984.741522833
5276,19,08/08/26 07:00 PM,-626436.781732043
5277,20,08/08/26 08:00 PM,-650125.670169861
5278,21,08/08/26 09:00 PM,-670407.840818025
5279,22,08/08/26 10:00 PM,-685871.848181126
5280,23,08/08/26 11:00 PM,-695434.549338565
5281,0,08/09/26 12:00 AM,-698414.915747666
5282,1,08/09/26 01:00 AM,-694575.638732905
5283,2,08/09/26 02:00 AM,-684153.698766286
5284,3,08/09/26 03:00 AM,-667829.822016333
5285,4,08/09/26 04:00 AM,-646686.890343416
5286,5,08/09/26 05:00 AM,-622136.149033633
5287,6,08/09/26 06:00 AM,-595821.038420265
5288,7,08/09/26 07:00 AM,-569505.202724503
5289,8,08/09/26 08:00 AM,-544952.307680305
5290,9,08/09/26 09:00 AM,-523805.856693284
5291,10,08/09/26 10:00 AM,-507477.195383463
5292,11,08/09/26 11:00 AM,-497049.336369607
5293,12,08/09/26 12:00 PM,-493203.158092764
5294,13,08/09/26 01:00 PM,-496171.006812262
5295,14,08/09/26 02:00 PM,-505720.863536033
5296,15,08/09/26 03:00 PM,-521172.154819495
5297,16,08/09/26 04:00 PM,-541442.130016393
5298,17,08/09/26 05:00 PM,-565119.644633931
5299,18,08/09/26 06:00 PM,-590561.321873378
5300,19,08/09/26 07:00 PM,-616003.539490392
5301,20,08/09/26 08:00 PM,-639682.610703181
5302,21,08/09/26 09:00 PM,-659954.969498535
5303,22,08/09/26 10:00 PM,-675409.170386091
5304,23,08/09/26 11:00 PM,-684962.070450297
5305,0,08/10/26 12:00 AM,-687932.641153516
5306,1,08/10/26 01:00 AM,-684083.573825266
5307,2,08/10/26 02:00 AM,-673651.848942585
5308,3,08/10/26 03:00 AM,-657318.192679031
5309,4,08/10/26 04:00 AM,-636165.486900006
5310,5,08/10/26 05:00 AM,-611604.976896637
5311,6,08/10/26 06:00 AM,-585280.103007227
5312,7,08/10/26 07:00 AM,-558954.509457992
5313,8,08/10/26 08:00 AM,-534391.861987909
5314,9,08/10/26 09:00 AM,-513235.664007608
5315,10,08/10/26 10:00 AM,-496897.261142127
5316,11,08/10/26 11:00 AM,-486459.666015242
5317,12,08/10/26 12:00 PM,-482603.757073007
5318,13,08/10/26 01:00 PM,-485561.880579761
5319,14,08/10/26 02:00 PM,-495102.017548433
5320,15,08/10/26 03:00 PM,-510543.594539445
5321,16,08/10/26 04:00 PM,-530803.860911538
5322,17,08/10/26 05:00 PM,-554471.67217691
5323,18,08/10/26 06:00 PM,-579903.651541823
5324,19,08/10/26 07:00 PM,-605336.176766924
5325,20,08/10/26 08:00 PM,-629005.561075407
5326,21,08/10/26 09:00 PM,-649268.238459043
5327,22,08/10/26 10:00 PM,-664712.763432451
5328,23,08/10/26 11:00 PM,-674255.993085058
5329,0,08/11/26 12:00 AM,-677216.898884198
5330,1,08/11/26 01:00 AM,-673358.172164366
5331,2,08/11/26 02:00 AM,-662916.793407564
5332,3,08/11/26 03:00 AM,-646573.488792321
5333,4,08/11/26 04:00 AM,-625411.140188998
5334,5,08/11/26 05:00 AM,-600840.992893684
5335,6,08/11/26 06:00 AM,-574506.487249641
5336,7,08/11/26 07:00 AM,-548171.267488039
5337,8,08/11/26 08:00 AM,-523598.999352808
5338,9,08/11/26 09:00 AM,-502433.186259526
5339,10,08/11/26 10:00 AM,-486085.173838176
5340,11,08/11/26 11:00 AM,-475637.97471748
5341,12,08/11/26 12:00 PM,-471772.467348433
5342,13,08/11/26 01:00 PM,-474720.998000307
5343,14,08/11/26 02:00 PM,-484251.547690972
5344,15,08/11/26 03:00 PM,-499683.542985778
5345,16,08/11/26 04:00 PM,-519934.233248395
5346,17,08/11/26 05:00 PM,-543592.47399595
5347,18,08/11/26 06:00 PM,-569014.888439627
5348,19,08/11/26 07:00 PM,-594437.854344992
5349,20,08/11/26 08:00 PM,-618097.684940159
5350,21,08/11/26 09:00 PM,-638350.814221812
5351,22,08/11/26 10:00 PM,-653785.796709484
5352,23,08/11/26 11:00 PM,-663319.489497506
5353,0,08/12/26 12:00 AM,-666270.864058124
5354,1,08/12/26 01:00 AM,-662402.611730732
5355,2,08/12/26 02:00 AM,-651951.713002235
5356,3,08/12/26 03:00 AM,-635598.894056057
5357,4,08/12/26 04:00 AM,-614427.036767455
5358,5,08/12/26 05:00 AM,-589847.38643741
5359,6,08/12/26 06:00 AM,-563503.383414071
5360,7,08/12/26 07:00 AM,-537158.671933495
5361,8,08/12/26 08:00 AM,-512576.917744493
5362,9,08/12/26 09:00 AM,-491401.624267525
5363,10,08/12/26 10:00 AM,-475044.137137452
5364,11,08/12/26 11:00 AM,-464587.468987865
5365,12,08/12/26 12:00 PM,-460712.498274635
5366,13,08/12/26 01:00 PM,-463651.571271902
5367,14,08/12/26 02:00 PM,-473172.669002398
5368,15,08/12/26 03:00 PM,-488595.218036338
5369,16,08/12/26 04:00 PM,-508836.467742251
5370,17,08/12/26 05:00 PM,-532485.273642121
5371,18,08/12/26 06:00 PM,-557898.258951983
5372,19,08/12/26 07:00 PM,-583311.801442257
5373,20,08/12/26 08:00 PM,-606962.214345901
5374,21,08/12/26 09:00 PM,-627205.931664448
5375,22,08/12/26 10:00 PM,-642631.50792227
5376,23,08/12/26 11:00 PM,-652155.800218538
5377,0,08/13/26 12:00 AM,-655097.780030333
5378,1,08/13/26 01:00 AM,-651220.138701882
5379,2,08/13/26 02:00 AM,-640759.85672492
5380,3,08/13/26 03:00 AM,-624397.660287699
5381,4,08/13/26 04:00 AM,-603216.4312703
5382,5,08/13/26 05:00 AM,-578627.414978524
5383,6,08/13/26 06:00 AM,-552274.051765338
5384,7,08/13/26 07:00 AM,-525919.985871616
5385,8,08/13/26 08:00 AM,-501328.883050979
5386,9,08/13/26 09:00 AM,-480144.246728697
5387,10,08/13/26 10:00 AM,-463777.422544437
5388,11,08/13/26 11:00 AM,-453311.423136596
5389,12,08/13/26 12:00 PM,-449427.126965841
5390,13,08/13/26 01:00 PM,-452356.88031111
5391,14,08/13/26 02:00 PM,-461868.664199933
5392,15,08/13/26 03:00 PM,-477281.905207313
5393,16,08/13/26 04:00 PM,-497513.852706569
5394,17,08/13/26 05:00 PM,-521153.362224468
5395,18,08/13/26 06:00 PM,-546557.056981829
5396,19,08/13/26 07:00 PM,-571961.314753852
5397,20,08/13/26 08:00 PM,-595602.448778271
5398,21,08/13/26 09:00 PM,-615836.89306139
5399,22,08/13/26 10:00 PM,-631253.202132354
5400,23,08/13/26 11:00 PM,-640768.233095101
5401,0,08/14/26 12:00 AM,-643700.957431476
5402,1,08/14/26 01:00 AM,-639814.066490466
5403,2,08/14/26 02:00 AM,-629344.540768567
5404,3,08/14/26 03:00 AM,-612973.106458782
5405,4,08/14/26 04:00 AM,-591782.645445948
5406,5,08/14/26 05:00 AM,-567184.403040614
5407,6,08/14/26 06:00 AM,-540821.819600494
5408,7,08/14/26 07:00 AM,-514458.539371204
5409,8,08/14/26 08:00 AM,-489858.228111105
5410,9,08/14/26 09:00 AM,-468664.389250206
5411,10,08/14/26 10:00 AM,-452288.368432905
5412,11,08/14/26 11:00 AM,-441813.178302332
5413,12,08/14/26 12:00 PM,-437919.697323882
5414,13,08/14/26 01:00 PM,-440840.271781219
5415,14,08/14/26 02:00 PM,-450342.882706591
5416,15,08/14/26 03:00 PM,-465746.956679723
5417,16,08/14/26 04:00 PM,-485969.74307865
5418,17,08/14/26 05:00 PM,-509600.09743485
5419,18,08/14/26 06:00 PM,-534994.642973853
5420,19,08/14/26 07:00 PM,-560389.757475565
5421,20,08/14/26 08:00 PM,-584021.754182424
5422,21,08/14/26 09:00 PM,-604247.067105434
5423,22,08/14/26 10:00 PM,-619654.250778438
5424,23,08/14/26 11:00 PM,-629160.162310068
5425,0,08/15/26 12:00 AM,-632083.773186859
5426,1,08/15/26 01:00 AM,-628187.774762489
5427,2,08/15/26 02:00 AM,-617709.147538138
5428,3,08/15/26 03:00 AM,-601328.617711491
5429,4,08/15/26 04:00 AM,-580129.067172063
5430,5,08/15/26 05:00 AM,-555521.74123508
5431,6,08/15/26 06:00 AM,-529150.080262929
5432,7,08/15/26 07:00 AM,-502777.728505894
5433,8,08/15/26 08:00 AM,-478168.351727005
5434,9,08/15/26 09:00 AM,-456965.453360934
5435,10,08/15/26 10:00 AM,-440580.379056738
5436,11,08/15/26 11:00 AM,-430096.141462207
5437,12,08/15/26 12:00 PM,-426193.619047387
5438,13,08/15/26 01:00 PM,-429105.158100595
5439,14,08/15/26 02:00 PM,-438598.739658728
5440,15,08/15/26 03:00 PM,-453993.790306155
5441,16,08/15/26 04:00 PM,-474207.559425552
5442,17,08/15/26 05:00 PM,-497828.902553037
5443,18,08/15/26 06:00 PM,-523214.442918777
5444,19,08/15/26 07:00 PM,-548600.558307307
5445,20,08/15/26 08:00 PM,-572223.561965694
5446,21,08/15/26 09:00 PM,-592439.887909574
5447,22,08/15/26 10:00 PM,-607838.090677408
5448,23,08/15/26 11:00 PM,-617335.027382449
5449,0,08/16/26 12:00 AM,-620249.669515851
5450,1,08/16/26 01:00 AM,-616344.708435905
5451,2,08/16/26 02:00 AM,-605857.124648398
5452,3,08/16/26 03:00 AM,-589467.644355628
5453,4,08/16/26 04:00 AM,-568259.149451712
5454,5,08/16/26 05:00 AM,-543642.885256476
5455,6,08/16/26 06:00 AM,-517262.292136907
5456,7,08/16/26 07:00 AM,-490881.014347882
5457,8,08/16/26 08:00 AM,-466262.717657026
5458,9,08/16/26 09:00 AM,-445050.905503596
5459,10,08/16/26 10:00 AM,-428656.923541238
5460,11,08/16/26 11:00 AM,-418163.78442232
5461,12,08/16/26 12:00 PM,-414252.366621472
5462,13,08/16/26 01:00 PM,-417155.016431585
5463,14,08/16/26 02:00 PM,-426639.714894128
5464,15,08/16/26 03:00 PM,-442025.88859804
5465,16,08/16/26 04:00 PM,-462230.786930564
5466,17,08/16/26 05:00 PM,-485843.265432382
5467,18,08/16/26 06:00 PM,-511219.947338219
5468,19,08/16/26 07:00 PM,-536597.210437171
5469,20,08/16/26 08:00 PM,-560211.367980857
5470,21,08/16/26 09:00 PM,-580418.853989461
5471,22,08/16/26 10:00 PM,-595808.223005994
5472,23,08/16/26 11:00 PM,-605296.332148255
5473,0,08/17/26 12:00 AM,-608202.152911936
5474,1,08/17/26 01:00 AM,-604288.376659867
5475,2,08/17/26 02:00 AM,-593791.983902371
5476,3,08/17/26 03:00 AM,-577393.700846276
5477,4,08/17/26 04:00 AM,-556176.409390228
5478,5,08/17/26 05:00 AM,-531551.354858578
5479,6,08/17/26 06:00 AM,-505161.977622836
5480,7,08/17/26 07:00 AM,-478771.921942397
5481,8,08/17/26 08:00 AM,-454144.853589402
5482,9,08/17/26 09:00 AM,-432924.276007619
5483,10,08/17/26 10:00 AM,-416521.534855205
5484,11,08/17/26 11:00 AM,-406019.642789034
5485,12,08/17/26 12:00 PM,-402099.478288237
5486,13,08/17/26 01:00 PM,-404993.387650205
5487,14,08/17/26 02:00 PM,-414469.351920905
5488,15,08/17/26 03:00 PM,-429846.797693768
5489,16,08/17/26 04:00 PM,-450042.974360527
5490,17,08/17/26 05:00 PM,-473646.73746635
5491,18,08/17/26 06:00 PM,-499014.710250447
5492,19,08/17/26 07:00 PM,-524383.270506392
5493,20,08/17/26 08:00 PM,-547988.731490283
5494,21,08/17/26 09:00 PM,-568187.527226778
5495,22,08/17/26 10:00 PM,-583568.212263358
5496,23,08/17/26 11:00 PM,-593047.643722287
5497,0,08/18/26 12:00 AM,-595944.793103724
5498,1,08/18/26 01:00 AM,-592022.351774959
5499,2,08/18/26 02:00 AM,-581517.300250772
5500,3,08/18/26 03:00 AM,-565110.364742446
5501,4,08/18/26 04:00 AM,-543884.427153077
5502,5,08/18/26 05:00 AM,-519250.732811467
5503,6,08/18/26 06:00 AM,-492852.722093565
5504,7,08/18/26 07:00 AM,-466454.039263213
5505,8,08/18/26 08:00 AM,-441818.350096986
5506,9,08/18/26 09:00 AM,-420589.158043089
5507,10,08/18/26 10:00 AM,-404177.80876411
5508,11,08/18/26 11:00 AM,-393667.31492135
5509,12,08/18/26 12:00 PM,-389738.554998368
5510,13,08/18/26 01:00 PM,-392623.875296974
5511,14,08/18/26 02:00 PM,-402091.256867554
5512,15,08/18/26 03:00 PM,-417460.126307956
5513,16,08/18/26 04:00 PM,-437647.733014322
5514,17,08/18/26 05:00 PM,-461242.932536232
5515,18,08/18/26 06:00 PM,-486602.348117298
5516,19,08/18/26 07:00 PM,-511962.357555498
5517,20,08/18/26 08:00 PM,-535559.274111328
5518,21,08/18/26 09:00 PM,-555749.531813842
5519,22,08/18/26 10:00 PM,-571121.685214913
5520,23,08/18/26 11:00 PM,-580592.591441194
5521,0,08/19/26 12:00 AM,-583481.221997231
5522,1,08/19/26 01:00 AM,-579550.268254693
5523,2,08/19/26 02:00 AM,-569036.710732742
5524,3,08/19/26 03:00 AM,-552621.275647036
5525,4,08/19/26 04:00 AM,-531386.844905043
5526,5,08/19/26 05:00 AM,-506744.663839934
5527,6,08/19/26 06:00 AM,-480338.172832025
5528,7,08/19/26 07:00 AM,-453931.016149519
5529,8,08/19/26 08:00 AM,-429286.85957335
5530,9,08/19/26 09:00 AM,-408049.206556081
5531,10,08/19/26 10:00 AM,-391629.402764651
5532,11,08/19/26 11:00 AM,-381110.460864711
5533,12,08/19/26 12:00 PM,-377173.259344165
5534,13,08/19/26 01:00 PM,-380050.144509166
5535,14,08/19/26 02:00 PM,-389509.09741444
5536,15,08/19/26 03:00 PM,-404869.544662169
5537,16,08/19/26 04:00 PM,-425048.73565283
5538,17,08/19/26 05:00 PM,-448635.525940331
5539,18,08/19/26 06:00 PM,-473986.53877261
5540,19,08/19/26 07:00 PM,-499338.151951968
5541,20,08/19/26 08:00 PM,-522926.678743221
5542,21,08/19/26 09:00 PM,-543108.553179738
5543,22,08/19/26 10:00 PM,-558472.329817703
5544,23,08/19/26 11:00 PM,-567934.865788081
5545,0,08/20/26 12:00 AM,-570815.132599723
5546,1,08/20/26 01:00 AM,-566875.8216286
5547,2,08/20/26 02:00 AM,-556353.913398175
5548,3,08/20/26 03:00 AM,-539930.134128398
5549,4,08/20/26 04:00 AM,-518687.365731034
5550,5,08/20/26 05:00 AM,-494036.853543539
5551,6,08/20/26 06:00 AM,-467622.037950518
5552,7,08/20/26 07:00 AM,-441206.563224456
5553,8,08/20/26 08:00 AM,-416554.095150565
5554,9,08/20/26 09:00 AM,-395308.137185684
5555,10,08/20/26 10:00 AM,-378880.035001023
5556,11,08/20/26 11:00 AM,-368352.801266504
5557,12,08/20/26 12:00 PM,-364407.314474296
5558,13,08/20/26 01:00 PM,-367275.920934814
5559,14,08/20/26 02:00 PM,-376726.601707043
5560,15,08/20/26 03:00 PM,-392078.78339742
5561,16,08/20/26 04:00 PM,-412249.715410675
5562,17,08/20/26 05:00 PM,-435828.253304962
5563,18,08/20/26 06:00 PM,-461171.020332467
5564,19,08/20/26 07:00 PM,-486514.394299733
5565,20,08/20/26 08:00 PM,-510094.688475813
5566,21,08/20/26 09:00 PM,-530268.336898311
5567,22,08/20/26 10:00 PM,-545623.894127645
5568,23,08/20/26 11:00 PM,-555078.217299006
5569,0,08/21/26 12:00 AM,-557950.27792547
5570,1,08/21/26 01:00 AM,-554002.767387231
5571,2,08/21/26 02:00 AM,-543472.666211968
5572,3,08/21/26 03:00 AM,-527040.700623848
5573,4,08/21/26 04:00 AM,-505789.752538846
5574,5,08/21/26 05:00 AM,-481131.067298626
5575,6,08/21/26 06:00 AM,-454708.085291998
5576,7,08/21/26 07:00 AM,-428284.450795646
5577,8,08/21/26 08:00 AM,-403623.829598982
5578,9,08/21/26 09:00 AM,-382369.725163038
5579,10,08/21/26 10:00 AM,-365933.483163217
5580,11,08/21/26 11:00 AM,-355398.116273625
5581,12,08/21/26 12:00 PM,-351444.502990616
5582,13,08/21/26 01:00 PM,-354304.989628787
5583,14,08/21/26 02:00 PM,-363747.557251299
5584,15,08/21/26 03:00 PM,-379091.632468762
5585,16,08/21/26 04:00 PM,-399254.464690078
5586,17,08/21/26 05:00 PM,-422824.909477566
5587,18,08/21/26 06:00 PM,-448159.590087578
5588,19,08/21/26 07:00 PM,-473494.884330812
5589,20,08/21/26 08:00 PM,-497067.105480481
5590,21,08/21/26 09:00 PM,-517232.687578342
5591,22,08/21/26 10:00 PM,-532580.185188962
5592,23,08/21/26 11:00 PM,-542026.455451678
5593,0,08/22/26 12:00 AM,-544890.469883708
5594,1,08/22/26 01:00 AM,-540934.919869386
5595,2,08/22/26 02:00 AM,-530396.785940526
5596,3,08/22/26 03:00 AM,-513956.79432543
5597,4,08/22/26 04:00 AM,-492697.826944198
5598,5,08/22/26 05:00 AM,-468031.129142622
5599,6,08/22/26 06:00 AM,-441600.141313632
5600,7,08/22/26 07:00 AM,-415168.507738033
5601,8,08/22/26 08:00 AM,-390499.89420935
5602,9,08/22/26 09:00 AM,-369237.804192726
5603,10,08/22/26 10:00 AM,-352793.583367672
5604,11,08/22/26 11:00 AM,-342250.244412402
5605,12,08/22/26 12:00 PM,-338288.665827367
5606,13,08/22/26 01:00 PM,-341141.193931264
5607,14,08/22/26 02:00 PM,-350575.809791345
5608,15,08/22/26 03:00 PM,-365911.940022315
5609,16,08/22/26 04:00 PM,-386066.83403716
5610,17,08/22/26 05:00 PM,-409629.347402284
5611,18,08/22/26 06:00 PM,-434956.103378118
5612,19,08/22/26 07:00 PM,-460283.479779438
5613,20,08/22/26 08:00 PM,-483847.789883531
5614,21,08/22/26 09:00 PM,-504005.467736221
5615,22,08/22/26 10:00 PM,-519345.067906141
5616,23,08/22/26 11:00 PM,-528783.447536694
5617,0,08/23/26 12:00 AM,-531639.578149155
5618,1,08/23/26 01:00 AM,-527676.151131914
5619,2,08/23/26 02:00 AM,-517130.147020838
5620,3,08/23/26 03:00 AM,-500682.292048275
5621,4,08/23/26 04:00 AM,-479415.468138372
5622,5,08/23/26 05:00 AM,-454740.920640964
5623,6,08/23/26 06:00 AM,-428302.089953017
5624,7,08/23/26 07:00 AM,-401862.62035937
5625,8,08/23/26 08:00 AM,-377186.177657582
5626,9,08/23/26 09:00 AM,-355916.265316822
5627,10,08/23/26 10:00 AM,-339464.229020625
5628,11,08/23/26 11:00 AM,-328913.081451224
5629,12,08/23/26 12:00 PM,-324943.701113089
5630,13,08/23/26 01:00 PM,-327788.434328931
5631,14,08/23/26 02:00 PM,-337215.26217001
5632,15,08/23/26 03:00 PM,-352543.611255039
5633,16,08/23/26 04:00 PM,-372690.731001004
5634,17,08/23/26 05:00 PM,-396245.476978312
5635,18,08/23/26 06:00 PM,-421564.472451388
5636,19,08/23/26 07:00 PM,-446884.095239
5637,20,08/23/26 08:00 PM,-470440.658622424
5638,21,08/23/26 09:00 PM,-490590.596651469
5639,22,08/23/26 10:00 PM,-505922.463898752
5640,23,08/23/26 11:00 PM,-515353.117511649
5641,0,08/24/26 12:00 AM,-518201.529015413
5642,1,08/24/26 01:00 AM,-514230.389802405
5643,2,08/24/26 02:00 AM,-503676.680412458
5644,3,08/24/26 03:00 AM,-487221.127081885
5645,4,08/24/26 04:00 AM,-465946.611738793
5646,5,08/24/26 05:00 AM,-441264.379736972
5647,6,08/24/26 06:00 AM,-414817.871477344
5648,7,08/24/26 07:00 AM,-388370.731248696
5649,8,08/24/26 08:00 AM,-363686.624852532
5650,9,08/24/26 09:00 AM,-342409.055761965
5651,10,08/24/26 10:00 AM,-325949.369664469
5652,11,08/24/26 11:00 AM,-315390.579246212
5653,12,08/24/26 12:00 PM,-311413.563015596
5654,13,08/24/26 01:00 PM,-314250.667299256
5655,14,08/24/26 02:00 PM,-323669.873172383
5656,15,08/24/26 03:00 PM,-338990.607257608
5657,16,08/24/26 04:00 PM,-359130.118975834
5658,17,08/24/26 05:00 PM,-382677.263901383
5659,18,08/24/26 06:00 PM,-407988.665302588
5660,19,08/24/26 07:00 PM,-433300.701002127
5661,20,08/24/26 08:00 PM,-456849.684285175
5662,21,08/24/26 09:00 PM,-476992.049205443
5663,22,08/24/26 10:00 PM,-492316.350339443
5664,23,08/24/26 11:00 PM,-501739.444838445
5665,0,08/25/26 12:00 AM,-504580.304231589
5666,1,08/25/26 01:00 AM,-500601.61991512
5667,2,08/25/26 02:00 AM,-490040.372432755
5668,3,08/25/26 03:00 AM,-473577.288024682
5669,4,08/25/26 04:00 AM,-452295.248622885
5670,5,08/25/26 05:00 AM,-427605.499585023
5671,6,08/25/26 06:00 AM,-401151.481315884
5672,7,08/25/26 07:00 AM,-374696.838108121
5673,8,08/25/26 08:00 AM,-350005.235767097
5674,9,08/25/26 09:00 AM,-328720.177769779
5675,10,08/25/26 10:00 AM,-312253.009807496
5676,11,08/25/26 11:00 AM,-301686.744570263
5677,12,08/25/26 12:00 PM,-297702.260570329
5678,13,08/25/26 01:00 PM,-300531.904138171
5679,14,08/25/26 02:00 PM,-309943.656352816
5680,15,08/25/26 03:00 PM,-325256.943840728
5681,16,08/25/26 04:00 PM,-345389.016026645
5682,17,08/25/26 05:00 PM,-368928.728488713
5683,18,08/25/26 06:00 PM,-394232.70449909
5684,19,08/25/26 07:00 PM,-419537.321884274
5685,20,08/25/26 08:00 PM,-443078.893933255
5686,21,08/25/26 09:00 PM,-463213.854703559
5687,22,08/25/26 10:00 PM,-478530.758775503
5688,23,08/25/26 11:00 PM,-487946.463304165
5689,0,08/26/26 12:00 AM,-490779.939822486
5690,1,08/26/26 01:00 AM,-486793.879730509
5691,2,08/26/26 02:00 AM,-476225.263575745
5692,3,08/26/26 03:00 AM,-459754.817602173
5693,4,08/26/26 04:00 AM,-438465.423745564
5694,5,08/26/26 05:00 AM,-413768.32736736
5695,6,08/26/26 06:00 AM,-387306.96887613
5696,7,08/26/26 07:00 AM,-360844.992568301
5697,8,08/26/26 08:00 AM,-336146.064253009
5698,9,08/26/26 09:00 AM,-314853.687410992
5699,10,08/26/26 10:00 AM,-298379.20773734
5700,11,08/26/26 11:00 AM,-287805.637925833
5701,12,08/26/26 12:00 PM,-283813.856492474
5702,13,08/26/26 01:00 PM,-286636.209771497
5703,14,08/26/26 02:00 PM,-296040.678845679
5704,15,08/26/26 03:00 PM,-311346.69034523
5705,16,08/26/26 04:00 PM,-331471.493698632
5706,17,08/26/26 05:00 PM,-355003.944487768
5707,18,08/26/26 06:00 PM,-380300.665988535
5708,19,08/26/26 07:00 PM,-405598.036031159
5709,20,08/26/26 08:00 PM,-429132.367908361
5710,21,08/26/26 09:00 PM,-449260.09568139
5711,22,08/26/26 10:00 PM,-464569.773934286
5712,23,08/26/26 11:00 PM,-473978.259825843
5713,0,08/27/26 12:00 AM,-476804.524892713
5714,1,08/27/26 01:00 AM,-472811.260538653
5715,2,08/27/26 02:00 AM,-462235.447314878
5716,3,08/27/26 03:00 AM,-445757.81146907
5717,4,08/27/26 04:00 AM,-424461.234940698
5718,5,08/27/26 05:00 AM,-399756.963094898
5719,6,08/27/26 06:00 AM,-373288.436343933
5720,7,08/27/26 07:00 AM,-346819.298987915
5721,8,08/27/26 08:00 AM,-322113.216839665
5722,9,08/27/26 09:00 AM,-300813.693383601
5723,10,08/27/26 10:00 AM,-284332.07431849
5724,11,08/27/26 11:00 AM,-273751.372341784
5725,12,08/27/26 12:00 PM,-269752.465973156
5726,13,08/27/26 01:00 PM,-272567.701550504
5727,14,08/27/26 02:00 PM,-281965.060160266
5728,15,08/27/26 03:00 PM,-297263.968436312
5729,16,08/27/26 04:00 PM,-317381.675810777
5730,17,08/27/26 05:00 PM,-340907.037869195
5731,18,08/27/26 06:00 PM,-366196.677891107
5732,19,08/27/26 07:00 PM,-391486.973710385
5733,20,08/27/26 08:00 PM,-415014.238623389
5734,21,08/27/26 09:00 PM,-435134.906695001
5735,22,08/27/26 10:00 PM,-450437.532512895
5736,23,08/27/26 11:00 PM,-459838.973239491
5737,0,08/28/26 12:00 AM,-462658.20041507
5738,1,08/28/26 01:00 AM,-458657.905447004
5739,2,08/28/26 02:00 AM,-448075.068890125
5740,3,08/28/26 03:00 AM,-431590.416995731
5741,4,08/28/26 04:00 AM,-410286.831706899
5742,5,08/28/26 05:00 AM,-385575.558392372
5743,6,08/28/26 06:00 AM,-359100.037468012
5744,7,08/28/26 07:00 AM,-332623.913237531
5745,8,08/28/26 08:00 AM,-307910.851517343
5746,9,08/28/26 09:00 AM,-286604.355795458
5747,10,08/28/26 10:00 AM,-270115.771774227
5748,11,08/28/26 11:00 AM,-259528.112154688
5749,12,08/28/26 12:00 PM,-255522.255460091
5750,13,08/28/26 01:00 PM,-258330.548031912
5751,14,08/28/26 02:00 PM,-267720.970960159
5752,15,08/28/26 03:00 PM,-283012.950882271
5753,16,08/28/26 04:00 PM,-303123.737233943
5754,17,08/28/26 05:00 PM,-326642.185604274
5755,18,08/28/26 06:00 PM,-351924.919276362
5756,19,08/28/26 07:00 PM,-377208.316087628
5757,20,08/28/26 08:00 PM,-400728.689337984
5758,21,08/28/26 09:00 PM,-420842.473095856
5759,22,08/28/26 10:00 PM,-436138.221952461
5760,23,08/28/26 11:00 PM,-445532.793073754
5761,0,08/29/26 12:00 AM,-448345.158003551
5762,1,08/29/26 01:00 AM,-444338.008152756
5763,2,08/29/26 02:00 AM,-433748.324079727
5764,3,08/29/26 03:00 AM,-417256.832039282
5765,4,08/29/26 04:00 AM,-395946.413978018
5766,5,08/29/26 05:00 AM,-371228.315268194
5767,6,08/29/26 06:00 AM,-344745.976329182
5768,7,08/29/26 07:00 AM,-318263.041468203
5769,8,08/29/26 08:00 AM,-293543.176505173
5770,9,08/29/26 09:00 AM,-272229.884931601
5771,10,08/29/26 10:00 AM,-255734.512453338
5772,11,08/29/26 11:00 AM,-245140.071774909
5773,12,08/29/26 12:00 PM,-241127.441423056
5774,13,08/29/26 01:00 PM,-243928.967742738
5775,14,08/29/26 02:00 PM,-253312.631827443
5776,15,08/29/26 03:00 PM,-268597.86031809
5777,16,08/29/26 04:00 PM,-288701.902653845
5778,17,08/29/26 05:00 PM,-312213.614427276
5779,18,08/29/26 06:00 PM,-337489.618924946
5780,19,08/29/26 07:00 PM,-362766.29398774
5781,20,08/29/26 08:00 PM,-386279.952919026
5782,21,08/29/26 09:00 PM,-406387.029790685
5783,22,08/29/26 10:00 PM,-421676.079197384
5784,23,08/29/26 11:00 PM,-431063.958308524
5785,0,08/30/26 12:00 AM,-433869.638671365
5786,1,08/30/26 01:00 AM,-429855.811700247
5787,2,08/30/26 02:00 AM,-419259.457956964
5788,3,08/30/26 03:00 AM,-402761.303699768
5789,4,08/30/26 04:00 AM,-381444.23087868
5790,5,08/30/26 05:00 AM,-356719.484869382
5791,6,08/30/26 06:00 AM,-330230.506094667
5792,7,08/30/26 07:00 AM,-303740.938865172
5793,8,08/30/26 08:00 AM,-279014.449004225
5794,9,08/30/26 09:00 AM,-257694.540006741
5795,10,08/30/26 10:00 AM,-241192.557581977
5796,11,08/30/26 11:00 AM,-230591.514437858
5797,12,08/30/26 12:00 PM,-226572.289104523
5798,13,08/30/26 01:00 PM,-229367.227930323
5799,14,08/30/26 02:00 PM,-238744.312012135
5800,15,08/30/26 03:00 PM,-254022.967994261
5801,16,08/30/26 04:00 PM,-274120.445319252
5802,17,08/30/26 05:00 PM,-297625.599583052
5803,18,08/30/26 06:00 PM,-322895.054075595
5804,19,08/30/26 07:00 PM,-348165.186641138
5805,20,08/30/26 08:00 PM,-371672.310586413
5806,21,08/30/26 09:00 PM,-391772.859986664
5807,22,08/30/26 10:00 PM,-407055.389439915
5808,23,08/30/26 11:00 PM,-416436.756118922
5809,0,08/31/26 12:00 AM,-419235.931574294
5810,1,08/31/26 01:00 AM,-415215.607223718
5811,2,08/31/26 02:00 AM,-404612.763632333
5812,3,08/31/26 03:00 AM,-388108.127061724
5813,4,08/31/26 04:00 AM,-366784.57946525
5814,5,08/31/26 05:00 AM,-342053.366221925
5815,6,08/31/26 06:00 AM,-315557.927757867
5816,7,08/31/26 07:00 AM,-289061.908387036
5817,8,08/31/26 08:00 AM,-264328.973936079
5818,9,08/31/26 09:00 AM,-243002.627903229
5819,10,08/31/26 10:00 AM,-226494.216001052
5820,11,08/31/26 11:00 AM,-215886.75094078
5821,12,08/31/26 12:00 PM,-211861.111255858
5822,13,08/31/26 01:00 PM,-214649.643297933
5823,14,08/31/26 02:00 PM,-224020.328167182
5824,15,08/31/26 03:00 PM,-239292.592511197
5825,16,08/31/26 04:00 PM,-259383.685775817
5826,17,08/31/26 05:00 PM,-282882.463560268
5827,18,08/31/26 06:00 PM,-308145.549157768
5828,19,08/31/26 07:00 PM,-333409.32041585
5829,20,08/31/26 08:00 PM,-356910.090644516
5830,21,08/31/26 09:00 PM,-377004.293922281
5831,22,08/31/26 10:00 PM,-392280.48485043
5832,23,08/31/26 11:00 PM,-401655.520604985
5833,0,09/01/26 12:00 AM,-404448.372739807
5834,1,09/01/26 01:00 AM,-400421.732675839
5835,2,09/01/26 02:00 AM,-389812.580981467
5836,3,09/01/26 03:00 AM,-373301.643921523
5837,4,09/01/26 04:00 AM,-351971.803452607
5838,5,09/01/26 05:00 AM,-327234.304956967
5839,6,09/01/26 06:00 AM,-300732.588863958
5840,7,09/01/26 07:00 AM,-274230.299490767
5841,8,09/01/26 08:00 AM,-249491.102667269
5842,9,09/01/26 09:00 AM,-228158.501894917
5843,10,09/01/26 10:00 AM,-211643.842889493
5844,11,09/01/26 11:00 AM,-201030.138365447
5845,12,09/01/26 12:00 PM,-196998.266859429
5846,13,09/01/26 01:00 PM,-199780.574726295
5847,14,09/01/26 02:00 PM,-209145.043069423
5848,15,09/01/26 03:00 PM,-224411.098539601
5849,16,09/01/26 04:00 PM,-244495.990585867
5850,17,09/01/26 05:00 PM,-267988.574810633
5851,18,09/01/26 06:00 PM,-293245.474510304
5852,19,09/01/26 07:00 PM,-318503.067535594
5853,20,09/01/26 08:00 PM,-341997.667199686
5854,21,09/01/26 09:00 PM,-362085.707584268
5855,22,09/01/26 10:00 PM,-377355.743293795
5856,23,09/01/26 11:00 PM,-386724.631507456
5857,0,09/02/26 12:00 AM,-389511.343782273
5858,1,09/02/26 01:00 AM,-385478.571542351
5859,2,09/02/26 02:00 AM,-374863.295359226
5860,3,09/02/26 03:00 AM,-358346.241500884
5861,4,09/02/26 04:00 AM,-337010.29192707
5862,5,09/02/26 05:00 AM,-312266.692023177
5863,6,09/02/26 06:00 AM,-285758.882221696
5864,7,09/02/26 07:00 AM,-259250.50684295
5865,8,09/02/26 08:00 AM,-234505.231719944
5866,9,09/02/26 09:00 AM,-213166.560357259
5867,10,09/02/26 10:00 AM,-196645.838473799
5868,11,09/02/26 11:00 AM,-186026.078787134
5869,12,09/02/26 12:00 PM,-181988.159837027
5870,13,09/02/26 01:00 PM,-184764.427981448
5871,14,09/02/26 02:00 PM,-194122.86432688
5872,15,09/02/26 03:00 PM,-209382.895527214
5873,16,09/02/26 04:00 PM,-229461.771034585
5874,17,09/02/26 05:00 PM,-252948.346454505
5875,18,09/02/26 06:00 PM,-278199.245086468
5876,19,09/02/26 07:00 PM,-303450.844784274
5877,20,09/02/26 08:00 PM,-326939.45886419
5878,21,09/02/26 09:00 PM,-347021.521410981
5879,22,09/02/26 10:00 PM,-362285.587032182
5880,23,09/02/26 11:00 PM,-371648.512910049
5881,0,09/03/26 12:00 AM,-374429.270604674
5882,1,09/03/26 01:00 AM,-370390.551543221
5883,2,09/03/26 02:00 AM,-359769.33630029
5884,3,09/03/26 03:00 AM,-343246.351146921
5885,4,09/03/26 04:00 AM,-321904.478045907
5886,5,09/03/26 05:00 AM,-297154.962385691
5887,6,09/03/26 06:00 AM,-270641.244601808
5888,7,09/03/26 07:00 AM,-244126.96901762
5889,8,09/03/26 08:00 AM,-219375.801469166
5890,9,09/03/26 09:00 AM,-198031.245464057
5891,10,09/03/26 10:00 AM,-181504.646724227
5892,11,09/03/26 11:00 AM,-170879.017970269
5893,12,09/03/26 12:00 PM,-166835.237744963
5894,13,09/03/26 01:00 PM,-169605.652409296
5895,14,09/03/26 02:00 PM,-178958.243072761
5896,15,09/03/26 03:00 PM,-194212.436392259
5897,16,09/03/26 04:00 PM,-214285.481822925
5898,17,09/03/26 05:00 PM,-237766.234973271
5899,18,09/03/26 06:00 PM,-263011.319145786
5900,19,09/03/26 07:00 PM,-288257.112197262
5901,20,09/03/26 08:00 PM,-311739.927446953
5902,21,09/03/26 09:00 PM,-331816.198982607
5903,22,09/03/26 10:00 PM,-347074.481414738
5904,23,09/03/26 11:00 PM,-356431.631928575
5905,0,09/04/26 12:00 AM,-359206.622087185
5906,1,09/04/26 01:00 AM,-355162.143320697
5907,2,09/04/26 02:00 AM,-344535.176206672
5908,3,09/04/26 03:00 AM,-328006.447019111
5909,4,09/04/26 04:00 AM,-306658.837723763
5910,5,09/04/26 05:00 AM,-281903.593712021
5911,6,09/04/26 06:00 AM,-255384.155422365
5912,7,09/04/26 07:00 AM,-228864.1671811
5913,8,09/04/26 08:00 AM,-204107.294827207
5914,9,09/04/26 09:00 AM,-182757.04187123
5915,10,09/04/26 10:00 AM,-166224.754038033
5916,11,09/04/26 11:00 AM,-155593.444051133
5917,12,09/04/26 12:00 PM,-151543.99045624
5918,13,09/04/26 01:00 PM,-154308.739617253
5919,14,09/04/26 02:00 PM,-163655.672646581
5920,15,09/04/26 03:00 PM,-178904.216204037
5921,16,09/04/26 04:00 PM,-198971.619747661
5922,17,09/04/26 05:00 PM,-222446.738888869
5923,18,09/04/26 06:00 PM,-247686.196933045
5924,19,09/04/26 07:00 PM,-272926.371739879
5925,20,09/04/26 08:00 PM,-296403.576631513
5926,21,09/04/26 09:00 PM,-316474.245698582
5927,22,09/04/26 10:00 PM,-331726.933554481
5928,23,09/04/26 11:00 PM,-341078.497387319
5929,0,09/05/26 12:00 AM,-343847.908763035
5930,1,09/05/26 01:00 AM,-339797.859114628
5931,2,09/05/26 02:00 AM,-329165.329022528
5932,3,09/05/26 03:00 AM,-312631.044763593
5933,4,09/05/26 04:00 AM,-291277.888306432
5934,5,09/05/26 05:00 AM,-266517.105045292
5935,6,09/05/26 06:00 AM,-239992.135421502
5936,7,09/05/26 07:00 AM,-213466.623764214
5937,8,09/05/26 08:00 AM,-188704.235915246
5938,9,09/05/26 09:00 AM,-167348.475387983
5939,10,09/05/26 10:00 AM,-150810.687910124
5940,11,09/05/26 11:00 AM,-140173.886208012
5941,12,09/05/26 12:00 PM,-136118.948830181
5942,13,09/05/26 01:00 PM,-138878.222143353
5943,14,09/05/26 02:00 PM,-148219.687262757
5944,15,09/05/26 03:00 PM,-163462.770851012
5945,16,09/05/26 04:00 PM,-183524.722368972
5946,17,09/05/26 05:00 PM,-206994.397430856
5947,18,09/05/26 06:00 PM,-232228.419344849
5948,19,09/05/26 07:00 PM,-257463.165973438
5949,20,09/05/26 08:00 PM,-280934.950641555
5950,21,09/05/26 09:00 PM,-301000.207442626
5951,22,09/05/26 10:00 PM,-316247.490992828
5952,23,09/05/26 11:00 PM,-325593.658483053
5953,0,09/06/26 12:00 AM,-328357.681482013
5954,1,09/06/26 01:00 AM,-324302.251425481
5955,2,09/06/26 02:00 AM,-313664.348896653
5956,3,09/06/26 03:00 AM,-297124.700175152
5957,4,09/06/26 04:00 AM,-275766.187232348
5958,5,09/06/26 05:00 AM,-251000.055465242
5959,6,09/06/26 06:00 AM,-224469.745317913
5960,7,09/06/26 07:00 AM,-197938.901122263
5961,8,09/06/26 08:00 AM,-173171.188722852
5962,9,09/06/26 09:00 AM,-151810.111635805
5963,10,09/06/26 10:00 AM,-135267.015591552
5964,11,09/06/26 11:00 AM,-124624.913319171
5965,12,09/06/26 12:00 PM,-120564.683369925
5966,13,09/06/26 01:00 PM,-123318.672113253
5967,14,09/06/26 02:00 PM,-132654.860667104
5968,15,09/06/26 03:00 PM,-147892.675696813
5969,16,09/06/26 04:00 PM,-167949.366665945
5970,17,09/06/26 05:00 PM,-191413.789191423
5971,18,09/06/26 06:00 PM,-216642.566584135
5972,19,09/06/26 07:00 PM,-241872.076709265
5973,20,09/06/26 08:00 PM,-265338.63289444
5974,21,09/06/26 09:00 PM,-285398.669235777
5975,22,09/06/26 10:00 PM,-300640.740352136
5976,23,09/06/26 11:00 PM,-309981.703437091
5977,0,09/07/26 12:00 AM,-312740.530062031
5978,1,09/07/26 01:00 AM,-308679.911665404
5979,2,09/07/26 02:00 AM,-298036.828833074
5980,3,09/07/26 03:00 AM,-281492.007847329
5981,4,09/07/26 04:00 AM,-260128.330682199
5982,5,09/07/26 05:00 AM,-235357.042737341
5983,6,09/07/26 06:00 AM,-208821.584459489
5984,7,09/07/26 07:00 AM,-182285.600183191
5985,8,09/07/26 08:00 AM,-157512.755755653
5986,9,09/07/26 09:00 AM,-136146.554695639
5987,10,09/07/26 10:00 AM,-119598.342736216
5988,11,09/07/26 11:00 AM,-108951.132609093
5989,12,09/07/26 12:00 PM,-104885.802868158
5990,13,09/07/26 01:00 PM,-107634.699885478
5991,14,09/07/26 02:00 PM,-116965.80478162
5992,15,09/07/26 03:00 PM,-132198.544224534
5993,16,09/07/26 04:00 PM,-152250.167680394
5994,17,09/07/26 05:00 PM,-175709.530768731
5995,18,09/07/26 06:00 PM,-200933.256803039
5996,19,09/07/26 07:00 PM,-226157.723651096
5997,20,09/07/26 08:00 PM,-249619.244643125
5998,21,09/07/26 09:00 PM,-269674.253877833
5999,22,09/07/26 10:00 PM,-284911.305976667
6000,23,09/07/26 11:00 PM,-294247.258135784
6001,0,09/08/26 12:00 AM,-297001.081929149
6002,1,09/08/26 01:00 AM,-292935.468797783
6003,2,09/08/26 02:00 AM,-282287.399330119
6004,3,09/08/26 03:00 AM,-265737.599811013
6005,4,09/08/26 04:00 AM,-244368.952217055
6006,5,09/08/26 05:00 AM,-219592.701950458
6007,6,09/08/26 06:00 AM,-193052.28946051
6008,7,09/08/26 07:00 AM,-166511.359084307
6009,8,09/08/26 08:00 AM,-141733.576671599
6010,9,09/08/26 09:00 AM,-120362.44574369
6011,10,09/08/26 10:00 AM,-103809.312036184
6012,11,09/08/26 11:00 AM,-93157.1882833219
6013,12,09/08/26 12:00 PM,-89086.9530415194
6014,13,09/08/26 01:00 PM,-91830.9526853674
6015,14,09/08/26 02:00 PM,-101157.16833795
6016,15,09/08/26 03:00 PM,-116385.026669734
6017,16,09/08/26 04:00 PM,-136431.777149406
6018,17,09/08/26 05:00 PM,-159886.275399001
6019,18,09/08/26 06:00 PM,-185105.144734517
6020,19,09/08/26 07:00 PM,-210324.763026229
6021,20,09/08/26 08:00 PM,-233781.443606859
6022,21,09/08/26 09:00 PM,-253831.620577597
6023,22,09/08/26 10:00 PM,-269063.848562381
6024,23,09/08/26 11:00 PM,-278394.984759847
6025,0,09/09/26 12:00 AM,-281144.000746439
6026,1,09/09/26 01:00 AM,-277073.587965651
6027,2,09/09/26 02:00 AM,-266420.727008385
6028,3,09/09/26 03:00 AM,-249866.144161962
6029,4,09/09/26 04:00 AM,-228492.72140543
6030,5,09/09/26 05:00 AM,-203711.704143464
6031,6,09/09/26 06:00 AM,-177166.5328278
6032,7,09/09/26 07:00 AM,-150620.851797982
6033,8,09/09/26 08:00 AM,-125838.326906207
6034,9,09/09/26 09:00 AM,-104462.461676217
6035,10,09/09/26 10:00 AM,-87904.6018460508
6036,11,09/09/26 11:00 AM,-77247.7601523804
6037,12,09/09/26 12:00 PM,-73172.8151540487
6038,13,09/09/26 01:00 PM,-75912.1132280716
6039,14,09/09/26 02:00 PM,-85233.6354999489
6040,15,09/09/26 03:00 PM,-100456.808642564
6041,16,09/09/26 04:00 PM,-120498.882127012
6042,17,09/09/26 05:00 PM,-143948.711577735
6043,18,09/09/26 06:00 PM,-169162.920313132
6044,19,09/09/26 07:00 PM,-194377.886205877
6045,20,09/09/26 08:00 PM,-217829.922591083
6046,21,09/09/26 09:00 PM,-237875.463572332
6047,22,09/09/26 10:00 PM,-253103.063775945
6048,23,09/09/26 11:00 PM,-262429.580402937
6049,0,09/10/26 12:00 AM,-265173.985032132
6050,1,09/10/26 01:00 AM,-261098.969109394
6051,2,09/10/26 02:00 AM,-250441.513227995
6052,3,09/10/26 03:00 AM,-233882.343677617
6053,4,09/10/26 04:00 AM,-212504.34243967
6054,5,09/10/26 05:00 AM,-187718.754921182
6055,6,09/10/26 06:00 AM,-161169.021576243
6056,7,09/10/26 07:00 AM,-134618.786746741
6057,8,09/10/26 08:00 AM,-109831.716287217
6058,9,09/10/26 09:00 AM,-88451.3137237494
6059,10,09/10/26 10:00 AM,-71888.9247967148
6060,11,09/10/26 11:00 AM,-61227.5622451136
6061,12,09/10/26 12:00 PM,-57148.104630114
6062,13,09/10/26 01:00 PM,-59882.8983310509
6063,14,09/10/26 02:00 PM,-69199.9244757452
6064,15,09/10/26 03:00 PM,-84418.6097393929
6065,16,09/10/26 04:00 PM,-104456.203595394
6066,17,09/10/26 05:00 PM,-127901.5616705
6067,18,09/10/26 06:00 PM,-153111.307285406
6068,19,09/10/26 07:00 PM,-178321.818315086
6069,20,09/10/26 08:00 PM,-201769.40809694
6070,21,09/10/26 09:00 PM,-221810.51073684
6071,22,09/10/26 10:00 PM,-237033.680863391
6072,23,09/10/26 11:00 PM,-246355.775679886
6073,0,09/11/26 12:00 AM,-249095.766767425
6074,1,09/11/26 01:00 AM,-245016.345574139
6075,2,09/11/26 02:00 AM,-234354.492695569
6076,3,09/11/26 03:00 AM,-217790.934423658
6077,4,09/11/26 04:00 AM,-196408.552742076
6078,5,09/11/26 05:00 AM,-171618.593060101
6079,6,09/11/26 06:00 AM,-145064.495834073
6080,7,09/11/26 07:00 AM,-118509.905408127
6081,8,09/11/26 08:00 AM,-93718.4876390429
6082,9,09/11/26 09:00 AM,-72333.7460551359
6083,10,09/11/26 10:00 AM,-55767.0263990143
6084,11,09/11/26 11:00 AM,-45101.3414119059
6085,12,09/11/26 12:00 PM,-41017.5696572041
6086,13,09/11/26 01:00 PM,-43748.057516463
6087,14,09/11/26 02:00 PM,-53060.7861197179
6088,15,09/11/26 03:00 PM,-68275.1821443731
6089,16,09/11/26 04:00 PM,-88308.4950660395
6090,17,09/11/26 05:00 PM,-111749.580513669
6091,18,09/11/26 06:00 PM,-136955.061810154
6092,19,09/11/26 07:00 PM,-162161.316832662
6093,20,09/11/26 08:00 PM,-185604.658920784
6094,21,09/11/26 09:00 PM,-205641.522182578
6095,22,09/11/26 10:00 PM,-220860.461248825
6096,23,09/11/26 11:00 PM,-230178.333324999
6097,0,09/12/26 12:00 AM,-232914.10999437
6098,1,09/12/26 01:00 AM,-228830.48270724
6099,2,09/12/26 02:00 AM,-218164.432061312
6100,3,09/12/26 03:00 AM,-201596.684350687
6101,4,09/12/26 04:00 AM,-180210.121561191
6102,5,09/12/26 05:00 AM,-155415.989104253
6103,6,09/12/26 06:00 AM,-128857.727438361
6104,7,09/12/26 07:00 AM,-102298.980909792
6105,8,09/12/26 08:00 AM,-77503.4153774606
6106,9,09/12/26 09:00 AM,-56114.5343718206
6107,10,09/12/26 10:00 AM,-39543.6836376065
6108,11,09/12/26 11:00 AM,-28873.8759181722
6109,12,09/12/26 12:00 PM,-24785.9897790319
6110,13,09/12/26 01:00 PM,-27512.3716038554
6111,14,09/12/26 02:00 PM,-36821.0025247929
6112,15,09/12/26 03:00 PM,-52031.309221354
6113,16,09/12/26 04:00 PM,-72060.541171255
6114,17,09/12/26 05:00 PM,-95497.554005544
6115,18,09/12/26 06:00 PM,-120698.971049213
6116,19,09/12/26 07:00 PM,-145901.170181517
6117,20,09/12/26 08:00 PM,-169340.464744135
6118,21,09/12/26 09:00 PM,-189373.288847206
6119,22,09/12/26 10:00 PM,-204588.197123591
6120,23,09/12/26 11:00 PM,-213902.046780837
6121,0,09/13/26 12:00 AM,-216633.80940428
6122,1,09/13/26 01:00 AM,-212546.176446289
6123,2,09/13/26 02:00 AM,-201876.128506629
6124,3,09/13/26 03:00 AM,-185304.391881457
6125,4,09/13/26 04:00 AM,-163913.84855865
6126,5,09/13/26 05:00 AM,-139115.743951685
6127,6,09/13/26 06:00 AM,-112553.518521094
6128,7,09/13/26 07:00 AM,-85990.8166151905
6129,8,09/13/26 08:00 AM,-61191.3040949275
6130,9,09/13/26 09:00 AM,-39798.4844927871
6131,10,09/13/26 10:00 AM,-23223.7035555297
6132,11,09/13/26 11:00 AM,-12549.9740285333
6133,12,09/13/26 12:00 PM,-8458.17447932727
6134,13,09/13/26 01:00 PM,-11180.6512935962
6135,14,09/13/26 02:00 PM,-20485.3856054957
6136,15,09/13/26 03:00 PM,-35691.8040965442
6137,16,09/13/26 04:00 PM,-55717.1562464573
6138,17,09/13/26 05:00 PM,-79150.2976882774
6139,18,09/13/26 06:00 PM,-104347.851748989
6140,19,09/13/26 07:00 PM,-129546.196309833
6141,20,09/13/26 08:00 PM,-152981.644714475
6142,21,09/13/26 09:00 PM,-173010.631075028
6143,22,09/13/26 10:00 PM,-188221.710026329
6144,23,09/13/26 11:00 PM,-197531.738777896
6145,0,09/14/26 12:00 AM,-200259.688917029
6146,1,09/14/26 01:00 AM,-196168.251898063
6147,2,09/14/26 02:00 AM,-185494.408322712
6148,3,09/14/26 03:00 AM,-168918.884489089
6149,4,09/14/26 04:00 AM,-147524.562387022
6150,5,09/14/26 05:00 AM,-122722.68743193
6151,6,09/14/26 06:00 AM,-96156.7000862827
6152,7,09/14/26 07:00 AM,-69590.2447003307
6153,8,09/14/26 08:00 AM,-44786.987136959
6154,9,09/14/26 09:00 AM,-23390.430930574
6155,10,09/14/26 10:00 AM,-6811.92182985925
6156,11,09/14/26 11:00 AM,3865.52741788936
6157,12,09/14/26 12:00 PM,7961.03824322976
6158,13,09/14/26 01:00 PM,5242.26425856656
6159,14,09/14/26 02:00 PM,-4058.77567216079
6160,15,09/14/26 03:00 PM,-19261.5082323703
6161,16,09/14/26 04:00 PM,-39283.1829036713
6162,17,09/14/26 05:00 PM,-62712.6553210021
6163,18,09/14/26 06:00 PM,-87906.5488132337
6164,19,09/14/26 07:00 PM,-113101.241263489
6165,20,09/14/26 08:00 PM,-136533.046017312
6166,21,09/14/26 09:00 PM,-156558.397188691
6167,22,09/14/26 10:00 PM,-171765.849414335
6168,23,09/14/26 11:00 PM,-181072.259905622
6169,0,09/15/26 12:00 AM,-183796.600251719
6170,1,09/15/26 01:00 AM,-179701.561908815
6171,2,09/15/26 02:00 AM,-169024.125480478
6172,3,09/15/26 03:00 AM,-152445.017266671
6173,4,09/15/26 04:00 AM,-131047.11925906
6174,5,09/15/26 05:00 AM,-106241.676874908
6175,6,09/15/26 06:00 AM,-79672.1305785208
6176,7,09/15/26 07:00 AM,-53102.1247219784
6177,8,09/15/26 08:00 AM,-28295.3251699912
6178,9,09/15/26 09:00 AM,-6895.23545878784
6179,10,09/15/26 10:00 AM,9686.79866112802
6180,11,09/15/26 11:00 AM,20367.7644406496
6181,12,09/15/26 12:00 PM,24466.783308525
6182,13,09/15/26 01:00 PM,21751.5088753541
6183,14,09/15/26 02:00 PM,12453.9600032771
6184,15,09/15/26 03:00 PM,-2745.28999292268
6185,16,09/15/26 04:00 PM,-22763.4905966434
6186,17,09/15/26 05:00 PM,-46189.4974446122
6187,18,09/15/26 06:00 PM,-71379.9338674796
6188,19,09/15/26 07:00 PM,-96571.1777501513
6189,20,09/15/26 08:00 PM,-119999.542439944
6190,21,09/15/26 09:00 PM,-140021.462052614
6191,22,09/15/26 10:00 PM,-155225.491226637
6192,23,09/15/26 11:00 PM,-164528.487175152
6193,0,09/16/26 12:00 AM,-167249.421489084
6194,1,09/16/26 01:00 AM,-163150.985626369
6195,2,09/16/26 02:00 AM,-152470.160192327
6196,3,09/16/26 03:00 AM,-135887.671488664
6197,4,09/16/26 04:00 AM,-114486.401508785
6198,5,09/16/26 05:00 AM,-89677.595671688
6199,6,09/16/26 06:00 AM,-63104.6944434057
6200,7,09/16/26 07:00 AM,-36531.3421777472
6201,8,09/16/26 08:00 AM,-11721.2047411444
6202,9,09/16/26 09:00 AM,9682.21432845679
6203,10,09/16/26 10:00 AM,26267.5692788416
6204,11,09/16/26 11:00 AM,36951.847359195
6205,12,09/16/26 12:00 PM,41054.1699965585
6206,13,09/16/26 01:00 PM,38342.1907998352
6207,14,09/16/26 02:00 PM,29047.928629469
6208,15,09/16/26 03:00 PM,13851.9567985535
6209,16,09/16/26 04:00 PM,-6162.97417799753
6210,17,09/16/26 05:00 PM,-29585.7199385934
6211,18,09/16/26 06:00 PM,-54772.9038155605
6212,19,09/16/26 07:00 PM,-79960.9036954793
6213,20,09/16/26 08:00 PM,-103386.032927332
6214,21,09/16/26 09:00 PM,-123404.725628544
6215,22,09/16/26 10:00 PM,-138605.536439248
6216,23,09/16/26 11:00 PM,-147905.32257424
6217,0,09/17/26 12:00 AM,-150623.055626095
6218,1,09/17/26 01:00 AM,-146521.427054397
6219,2,09/17/26 02:00 AM,-135837.41746611
6220,3,09/17/26 03:00 AM,-119251.753164573
6221,4,09/17/26 04:00 AM,-97847.3161448288
6222,5,09/17/26 05:00 AM,-73035.3518275029
6223,6,09/17/26 06:00 AM,-46459.3006802546
6224,7,09/17/26 07:00 AM,-19882.8070585121
6225,8,09/17/26 08:00 AM,4930.46316967832
6226,9,09/17/26 09:00 AM,26337.0064647566
6227,10,09/17/26 10:00 AM,42925.4770729017
6228,11,09/17/26 11:00 AM,53612.8622416957
6229,12,09/17/26 12:00 PM,57718.2833965818
6230,13,09/17/26 01:00 PM,55009.39414487
6231,14,09/17/26 02:00 PM,45718.213345412
6232,15,09/17/26 03:00 PM,30525.314309719
6233,16,09/17/26 04:00 PM,10513.4475511228
6234,17,09/17/26 05:00 PM,-12906.242570361
6235,18,09/17/26 06:00 PM,-38090.3793886325
6236,19,09/17/26 07:00 PM,-63275.3407918397
6237,20,09/17/26 08:00 PM,-86697.4401305259
6238,21,09/17/26 09:00 PM,-106713.111523677
6239,22,09/17/26 10:00 PM,-121910.909612978
6240,23,09/17/26 11:00 PM,-131207.691614778
6241,0,09/18/26 12:00 AM,-133922.429123194
6242,1,09/18/26 01:00 AM,-129817.813599353
6243,2,09/18/26 02:00 AM,-119130.825651754
6244,3,09/18/26 03:00 AM,-102542.19158527
6245,4,09/18/26 04:00 AM,-81134.7933964716
6246,5,09/18/26 05:00 AM,-56319.8765075047
6247,6,09/18/26 06:00 AM,-29740.8813875495
6248,7,09/18/26 07:00 AM,-3161.4523935494
6249,8,09/18/26 08:00 AM,21654.7446049391
6250,9,09/18/26 09:00 AM,43064.2060668521
6251,10,09/18/26 10:00 AM,59655.5862368674
6252,11,09/18/26 11:00 AM,70345.8723610678
6253,12,09/18/26 12:00 PM,74454.1858634067
6254,13,09/18/26 01:00 PM,71748.1803497052
6255,14,09/18/26 02:00 PM,62459.8746773317
6256,15,09/18/26 03:00 PM,47269.842156319
6257,16,09/18/26 04:00 PM,27260.8332985211
6258,17,09/18/26 05:00 PM,3843.99246248841
6259,18,09/18/26 06:00 PM,-21337.3036871492
6260,19,09/18/26 07:00 PM,-46519.4330399968
6261,20,09/18/26 08:00 PM,-69938.7089480587
6262,21,09/18/26 09:00 PM,-89951.5655317731
6263,22,09/18/26 10:00 PM,-105146.55743427
6264,23,09/18/26 11:00 PM,-114440.541873344
6265,0,09/19/26 12:00 AM,-117152.49044455
6266,1,09/19/26 01:00 AM,-113045.094610452
6267,2,09/19/26 02:00 AM,-102355.334980977
6268,3,09/19/26 03:00 AM,-85763.9378624248
6269,4,09/19/26 04:00 AM,-64353.7852527873
6270,5,09/19/26 05:00 AM,-39536.1225756286
6271,6,09/19/26 06:00 AM,-12954.3903015401
6272,7,09/19/26 07:00 AM,13627.7672111283
6273,8,09/19/26 08:00 AM,38446.6840914147
6274,9,09/19/26 09:00 AM,59858.8567968554
6275,10,09/19/26 10:00 AM,76452.9395707331
6276,11,09/19/26 11:00 AM,87145.9196577424
6277,12,09/19/26 12:00 PM,91256.9184804506
6278,13,09/19/26 01:00 PM,88553.5896432948
6279,14,09/19/26 02:00 PM,79267.9520022692
6280,15,09/19/26 03:00 PM,64080.5788660331
6281,16,09/19/26 04:00 PM,44074.2207450734
6282,17,09/19/26 05:00 PM,20660.021996575
6283,18,09/19/26 06:00 PM,-4518.64071619136
6284,19,09/19/26 07:00 PM,-29698.1452841836
6285,20,09/19/26 08:00 PM,-53114.8050607582
6286,21,09/19/26 09:00 PM,-73125.0541676955
6287,22,09/19/26 10:00 PM,-88317.4472494724
6288,23,09/19/26 11:00 PM,-97608.8415252162
6289,0,09/20/26 12:00 AM,-100318.208591816
6290,1,09/20/26 01:00 AM,-96208.2399131636
6291,2,09/20/26 02:00 AM,-85515.9161005086
6292,3,09/20/26 03:00 AM,-68921.9634614724
6293,4,09/20/26 04:00 AM,-47509.2639953588
6294,5,09/20/26 05:00 AM,-22689.0631270424
6295,6,09/20/26 06:00 AM,3895.19867157823
6296,7,09/20/26 07:00 AM,30479.8770408517
6297,8,09/20/26 08:00 AM,55301.3061085204
6298,9,09/20/26 09:00 AM,76715.9823308298
6299,10,09/20/26 10:00 AM,93312.5599497732
6300,11,09/20/26 11:00 AM,104008.02620876
6301,12,09/20/26 12:00 PM,108121.502529081
6302,13,09/20/26 01:00 PM,105420.642513898
6303,14,09/20/26 02:00 PM,96137.4650179355
6304,15,09/20/26 03:00 PM,80952.5433485856
6305,16,09/20/26 04:00 PM,60948.6280150762
6306,17,09/20/26 05:00 PM,37536.8633733348
6307,18,09/20/26 06:00 PM,12360.6260853808
6308,19,09/20/26 07:00 PM,-12816.4617409933
6309,20,09/20/26 08:00 PM,-36230.713460387
6310,21,09/20/26 09:00 PM,-56238.5631958179
6311,22,09/20/26 10:00 PM,-71428.565592998
6312,23,09/20/26 11:00 PM,-80717.5778722835
6313,0,09/21/26 12:00 AM,-83424.5716317916
6314,1,09/21/26 01:00 AM,-79312.238336632
6315,2,09/21/26 02:00 AM,-68617.5585992721
6316,3,09/21/26 03:00 AM,-52021.2587285451
6317,4,09/21/26 04:00 AM,-30606.2207249622
6318,5,09/21/26 05:00 AM,-5783.69001460188
6319,6,09/21/26 06:00 AM,20802.8929294412
6320,7,09/21/26 07:00 AM,47389.88374632
6321,8,09/21/26 08:00 AM,72213.6165625864
6322,9,09/21/26 09:00 AM,93630.5878333007
6323,10,09/21/26 10:00 AM,110229.451799277
6324,11,09/21/26 11:00 AM,120927.195702749
6325,12,09/21/26 12:00 PM,125042.940963835
6326,13,09/21/26 01:00 PM,122344.341184527
6327,14,09/21/26 02:00 PM,113063.415218392
6328,15,09/21/26 03:00 PM,97880.7363716596
6329,16,09/21/26 04:00 PM,77879.0551524065
6330,17,09/21/26 05:00 PM,54469.5159154071
6331,18,09/21/26 06:00 PM,29295.4953215413
6332,19,09/21/26 07:00 PM,4120.61547745794
6333,20,09/21/26 08:00 PM,-19291.436972577
6334,21,09/21/26 09:00 PM,-39297.0961527139
6335,22,09/21/26 10:00 PM,-54484.9167097917
6336,23,09/21/26 11:00 PM,-63771.7558652875
6337,0,09/22/26 12:00 AM,-66476.585218437
6338,1,09/22/26 01:00 AM,-62362.0962354626
6339,2,09/22/26 02:00 AM,-51665.2695299432
6340,3,09/22/26 03:00 AM,-35066.8314118139
6341,4,09/22/26 04:00 AM,-13649.6638826859
6342,5,09/22/26 05:00 AM,11174.9876302652
6343,6,09/22/26 06:00 AM,37763.6826528536
6344,7,09/22/26 07:00 AM,64352.7768231467
6345,8,09/22/26 08:00 AM,89178.6042666161
6346,9,09/22/26 09:00 AM,110597.661437243
6347,10,09/22/26 10:00 AM,127198.602574766
6348,11,09/22/26 11:00 AM,137898.414920354
6349,12,09/22/26 12:00 PM,142016.219893058
6350,13,09/22/26 01:00 PM,139319.671093816
6351,14,09/22/26 02:00 PM,130040.787375132
6352,15,09/22/26 03:00 PM,114860.142042191
6353,16,09/22/26 04:00 PM,94860.4856020208
6354,17,09/22/26 05:00 PM,71452.9624083565
6355,18,09/22/26 06:00 PM,46280.9491210385
6356,19,09/22/26 07:00 PM,21108.0678456821
6357,20,09/22/26 08:00 PM,-2301.99477447027
6358,21,09/22/26 09:00 PM,-22305.6728645962
6359,22,09/22/26 10:00 PM,-37491.521072552
6360,23,09/22/26 11:00 PM,-46776.396620832
6361,0,09/23/26 12:00 AM,-49479.2711096795
6362,1,09/23/26 01:00 AM,-45362.8360063234
6363,2,09/23/26 02:00 AM,-34664.0719253436
6364,3,09/23/26 03:00 AM,-18063.7051776712
6365,4,09/23/26 04:00 AM,3355.38223408809
6366,5,09/23/26 05:00 AM,28181.9448817734
6367,6,09/23/26 06:00 AM,54772.542290216
6368,7,09/23/26 07:00 AM,81363.5300965027
6369,8,09/23/26 08:00 AM,106191.242425131
6370,9,09/23/26 09:00 AM,127612.175729113
6371,10,09/23/26 10:00 AM,144214.984247226
6372,11,09/23/26 11:00 AM,154916.655219673
6373,12,09/23/26 12:00 PM,159036.310064549
6374,13,09/23/26 01:00 PM,156341.602381844
6375,14,09/23/26 02:00 PM,147064.551023112
6376,15,09/23/26 03:00 PM,131885.729292598
6377,16,09/23/26 04:00 PM,111887.887696388
6378,17,09/23/26 05:00 PM,88482.1705872861
6379,18,09/23/26 06:00 PM,63311.9546242031
6380,19,09/23/26 07:00 PM,38140.8619118305
6381,20,09/23/26 08:00 PM,14732.5790924888
6382,21,09/23/26 09:00 PM,-5269.327959916
6383,22,09/23/26 10:00 PM,-20453.413894147
6384,23,09/23/26 11:00 PM,-29736.5359336074
6385,0,09/24/26 12:00 AM,-32437.6656794438
6386,1,09/24/26 01:00 AM,-28319.4945997825
6387,2,09/24/26 02:00 AM,-17619.0033100948
6388,3,09/24/26 03:00 AM,-1016.91812220082
6389,4,09/24/26 04:00 AM,20403.8789604092
6390,5,09/24/26 05:00 AM,45232.1425086962
6391,6,09/24/26 06:00 AM,71824.4320466134
6392,7,09/24/26 07:00 AM,98417.1032103802
6393,8,09/24/26 08:00 AM,123246.490123628
6394,9,09/24/26 09:00 AM,144669.089238506
6395,10,09/24/26 10:00 AM,161273.554792933
6396,11,09/24/26 11:00 AM,171976.874026262
6397,12,09/24/26 12:00 PM,176098.168355743
6398,13,09/24/26 01:00 PM,173405.091380516
6399,14,09/24/26 02:00 PM,164129.6619513
6400,15,09/24/26 03:00 PM,148952.453371506
6401,16,09/24/26 04:00 PM,128956.216146389
6402,17,09/24/26 05:00 PM,105552.094627928
6403,18,09/24/26 06:00 PM,80383.465474212
6404,19,09/24/26 07:00 PM,55213.9507891178
6405,20,09/24/26 08:00 PM,31807.2372141534
6406,21,09/24/26 09:00 PM,11806.8906224185
6407,22,09/24/26 10:00 PM,-3375.6436356544
6408,23,09/24/26 11:00 PM,-12657.2227842679
6409,0,09/25/26 12:00 AM,-15356.8184253577
6410,1,09/25/26 01:00 AM,-11237.1220278429
6411,2,09/25/26 02:00 AM,-535.114207977575
6412,3,09/25/26 03:00 AM,16068.4787216352
6413,4,09/25/26 04:00 AM,37490.7747567323
6414,5,09/25/26 05:00 AM,62320.5284675025
6415,6,09/25/26 06:00 AM,88914.2993771328
6416,7,09/25/26 07:00 AM,115508.44312108
6417,8,09/25/26 08:00 AM,140339.293822219
6418,9,09/25/26 09:00 AM,161763.347931944
6419,10,09/25/26 10:00 AM,178369.259687428
6420,11,09/25/26 11:00 AM,189074.016327279
6421,12,09/25/26 12:00 PM,193196.739268005
6422,13,09/25/26 01:00 PM,190505.082108014
6423,14,09/25/26 02:00 PM,181231.063697296
6424,15,09/25/26 03:00 PM,166055.257338531
6425,16,09/25/26 04:00 PM,146060.413536256
6426,17,09/25/26 05:00 PM,122657.676641735
6427,18,09/25/26 06:00 PM,97490.4233123406
6428,19,09/25/26 07:00 PM,72322.2756512452
6429,20,09/25/26 08:00 PM,48916.9202992496
6430,21,09/25/26 09:00 PM,28917.9231287599
6431,22,09/25/26 10:00 PM,13736.7294895109
6432,23,09/25/26 11:00 PM,4456.48215661217
6433,0,09/26/26 12:00 AM,1758.20952744027
6434,1,09/26/26 01:00 AM,5879.22013239814
6435,2,09/26/26 02:00 AM,16582.5333545546
6436,3,09/26/26 03:00 AM,33187.4228806353
6437,4,09/26/26 04:00 AM,54611.0067057108
6438,5,09/26/26 05:00 AM,79442.0393993048
6439,6,09/26/26 06:00 AM,106037.080483949
6440,7,09/26/26 07:00 AM,132632.485594447
6441,8,09/26/26 08:00 AM,157464.588853021
6442,9,09/26/26 09:00 AM,178889.886710426
6443,10,09/26/26 10:00 AM,195497.033403191
6444,11,09/26/26 11:00 AM,206203.016169292
6445,12,09/26/26 12:00 PM,210326.956424605
6446,13,09/26/26 01:00 PM,207636.50776691
6447,14,09/26/26 02:00 PM,198363.689045577
6448,15,09/26/26 03:00 PM,183189.073562669
6449,16,09/26/26 04:00 PM,163195.411822111
6450,17,09/26/26 05:00 PM,139793.848174557
6451,18,09/26/26 06:00 PM,114627.759276776
6452,19,09/26/26 07:00 PM,89460.7672313436
6453,20,09/26/26 08:00 PM,66056.5586784654
6454,21,09/26/26 09:00 PM,46058.6994899563
6455,22,09/26/26 10:00 PM,30878.6350149645
6456,23,09/26/26 11:00 PM,21599.5080280233
6457,0,09/27/26 12:00 AM,18902.3469259303
6458,1,09/27/26 01:00 AM,23024.4602385156
6459,2,09/27/26 02:00 AM,33728.867348281
6460,3,09/27/26 03:00 AM,50334.8419413908
6461,4,09/27/26 04:00 AM,71759.5020123568
6462,5,09/27/26 05:00 AM,96591.6021301491
6463,6,09/27/26 06:00 AM,123187.701816751
6464,7,09/27/26 07:00 AM,149784.156706419
6465,8,09/27/26 08:00 AM,174617.300920838
6466,9,09/27/26 09:00 AM,196043.630910226
6467,10,09/27/26 10:00 AM,212651.800910582
6468,11,09/27/26 11:00 AM,223358.798159354
6469,12,09/27/26 12:00 PM,227483.744071897
6470,13,09/27/26 01:00 PM,224794.292245476
6471,14,09/27/26 02:00 PM,215522.461528945
6472,15,09/27/26 03:00 PM,200348.825223858
6473,16,09/27/26 04:00 PM,180356.13383364
6474,17,09/27/26 05:00 PM,156955.531708442
6475,18,09/27/26 06:00 PM,131790.395504544
6476,19,09/27/26 07:00 PM,106624.347324024
6477,20,09/27/26 08:00 PM,83221.0738066072
6478,21,09/27/26 09:00 PM,63224.1408236261
6479,22,09/27/26 10:00 PM,48044.9937237533
6480,23,09/27/26 11:00 PM,38766.7752810485
6481,0,09/28/26 12:00 AM,36070.5138918408
6482,1,09/28/26 01:00 AM,40193.5180855021
6483,2,09/28/26 02:00 AM,50898.8072440732
6484,3,09/28/26 03:00 AM,67505.6550532637
6485,4,09/28/26 04:00 AM,88931.1795071363
6486,5,09/28/26 05:00 AM,113764.135174218
6487,6,09/28/26 06:00 AM,140361.081576051
6488,7,09/28/26 07:00 AM,166958.374346457
6489,8,09/28/26 08:00 AM,191792.347606689
6490,9,09/28/26 09:00 AM,213219.49780654
6491,10,09/28/26 10:00 AM,229828.479181585
6492,11,09/28/26 11:00 AM,240536.278968855
6493,12,09/28/26 12:00 PM,244662.018583293
6494,13,09/28/26 01:00 PM,241973.351621755
6495,14,09/28/26 02:00 PM,232702.296932691
6496,15,09/28/26 03:00 PM,217529.427817259
6497,16,09/28/26 04:00 PM,197537.494778486
6498,17,09/28/26 05:00 PM,174137.642166132
6499,18,09/28/26 06:00 PM,148973.246636093
6500,19,09/28/26 07:00 PM,123807.930290067
6501,20,09/28/26 08:00 PM,100405.379767403
6502,21,09/28/26 09:00 PM,80409.1609390569
6503,22,09/28/26 10:00 PM,65230.7191533403
6504,23,09/28/26 11:00 PM,55953.197183946
6505,0,09/29/26 12:00 AM,53257.6234268469
6506,1,09/29/26 01:00 AM,57381.3064110584
6507,2,09/29/26 02:00 AM,68087.2655182738
6508,3,09/29/26 03:00 AM,84694.7744338599
6509,4,09/29/26 04:00 AM,106120.951151538
6510,5,09/29/26 05:00 AM,130954.550239497
6511,6,09/29/26 06:00 AM,157552.131218951
6512,7,09/29/26 07:00 AM,184150.049723394
6513,8,09/29/26 08:00 AM,208984.639873759
6514,9,09/29/26 09:00 AM,230412.398119518
6515,10,09/29/26 10:00 AM,247021.978695936
6516,11,09/29/26 11:00 AM,257730.368839737
6517,12,09/29/26 12:00 PM,261856.689965557
6518,13,09/29/26 01:00 PM,259168.595669955
6519,14,09/29/26 02:00 PM,249898.104801085
6520,15,09/29/26 03:00 PM,234725.790659816
6521,16,09/29/26 04:00 PM,214734.403748888
6522,17,09/29/26 05:00 PM,191335.088417784
6523,18,09/29/26 06:00 PM,166171.22132212
6524,19,09/29/26 07:00 PM,141006.424563321
6525,20,09/29/26 08:00 PM,117604.384780472
6526,21,09/29/26 09:00 PM,97608.6678442659
6527,22,09/29/26 10:00 PM,82430.719102754
6528,23,09/29/26 11:00 PM,73153.6813293748
6529,0,09/30/26 12:00 AM,70458.5829198566
6530,1,09/30/26 01:00 AM,74582.7324029676
6531,2,09/30/26 02:00 AM,85289.14916016
6532,3,09/30/26 03:00 AM,101897.106876566
6533,4,09/30/26 04:00 AM,123323.723545675
6534,5,09/30/26 05:00 AM,148157.753735454
6535,6,09/30/26 06:00 AM,174755.75696689
6536,7,09/30/26 07:00 AM,201354.088873263
6537,8,09/30/26 08:00 AM,226189.083575291
6538,9,09/30/26 09:00 AM,247617.23752224
6539,10,09/30/26 10:00 AM,264227.204949172
6540,11,09/30/26 11:00 AM,274935.973092608
6541,12,09/30/26 12:00 PM,279062.663366993
6542,13,09/30/26 01:00 PM,276374.929368696
6543,14,09/30/26 02:00 PM,267104.789945685
6544,15,09/30/26 03:00 PM,251932.818398647
6545,16,09/30/26 04:00 PM,231941.765230147
6546,17,09/30/26 05:00 PM,208542.774789496
6547,18,09/30/26 06:00 PM,183379.223732143
6548,19,09/30/26 07:00 PM,158214.734159353
6549,20,09/30/26 08:00 PM,134812.992710047
6550,21,09/30/26 09:00 PM,114817.565254769
6551,22,09/30/26 10:00 PM,99639.8971414205
6552,23,09/30/26 11:00 PM,90363.1311432963
6553,0,10/01/26 12:00 AM,87668.295655983
6554,1,10/01/26 01:00 AM,91792.6992081127
6555,2,10/01/26 02:00 AM,102499.361181011
6556,3,10/01/26 03:00 AM,119107.555259682
6557,4,10/01/26 04:00 AM,140534.399437493
6558,5,10/01/26 05:00 AM,165368.648282292
6559,6,10/01/26 06:00 AM,191966.861314957
6560,7,10/01/26 07:00 AM,218565.39416866
6561,8,10/01/26 08:00 AM,243400.580964013
6562,9,10/01/26 09:00 AM,264828.918150184
6563,10,10/01/26 10:00 AM,281439.059962142
6564,11,10/01/26 11:00 AM,292147.993636318
6565,12,10/01/26 12:00 PM,296274.840587072
6566,13,10/01/26 01:00 PM,293587.25441069
6567,14,10/01/26 02:00 PM,284317.253955066
6568,15,10/01/26 03:00 PM,269145.412520816
6569,16,10/01/26 04:00 PM,249154.480610438
6570,17,10/01/26 05:00 PM,225755.602573179
6571,18,10/01/26 06:00 PM,200592.15506443
6572,19,10/01/26 07:00 PM,175427.760185405
6573,20,10/01/26 08:00 PM,152026.104574976
6574,21,10/01/26 09:00 PM,132030.754103642
6575,22,10/01/26 10:00 PM,116853.154119263
6576,23,10/01/26 11:00 PM,107576.447395102
6577,0,10/02/26 12:00 AM,104881.662326714
6578,1,10/02/26 01:00 AM,109006.107442705
6579,2,10/02/26 02:00 AM,119712.802124378
6580,3,10/02/26 03:00 AM,136321.020056721
6581,4,10/02/26 04:00 AM,157747.879233091
6582,5,10/02/26 05:00 AM,182582.134221328
6583,6,10/02/26 06:00 AM,209180.344542303
6584,7,10/02/26 07:00 AM,235778.865829192
6585,8,10/02/26 08:00 AM,260614.032202613
6586,9,10/02/26 09:00 AM,282042.340111747
6587,10,10/02/26 10:00 AM,298652.443791572
6588,11,10/02/26 11:00 AM,309361.330478543
6589,12,10/02/26 12:00 PM,313488.121587044
6590,13,10/02/26 01:00 PM,310800.470713389
6591,14,10/02/26 02:00 PM,301530.396705506
6592,15,10/02/26 03:00 PM,286358.472864047
6593,16,10/02/26 04:00 PM,266367.449691553
6594,17,10/02/26 05:00 PM,242968.471537319
6595,18,10/02/26 06:00 PM,217804.915056789
6596,19,10/02/26 07:00 PM,192640.402351229
6597,20,10/02/26 08:00 PM,169238.620059572
6598,21,10/02/26 09:00 PM,149243.134052386
6599,22,10/02/26 10:00 PM,134065.389677598
6600,23,10/02/26 11:00 PM,124788.529708547
6601,0,10/03/26 12:00 AM,122093.582540863
6602,1,10/03/26 01:00 AM,126217.85670324
6603,2,10/03/26 02:00 AM,136924.371577067
6604,3,10/03/26 03:00 AM,153532.400847424
6605,4,10/03/26 04:00 AM,174959.062507765
6606,5,10/03/26 05:00 AM,199793.111126031
6607,6,10/03/26 06:00 AM,226391.106223204
6608,7,10/03/26 07:00 AM,252989.403432565
6609,8,10/03/26 08:00 AM,277824.336874849
6610,9,10/03/26 09:00 AM,299252.402999356
6611,10,10/03/26 10:00 AM,315862.256041191
6612,11,10/03/26 11:00 AM,326570.883236937
6613,12,10/03/26 12:00 PM,330697.40600111
6614,13,10/03/26 01:00 PM,328009.477930162
6615,14,10/03/26 02:00 PM,318739.117872166
6616,15,10/03/26 03:00 PM,303566.899127919
6617,16,10/03/26 04:00 PM,283575.572200115
6618,17,10/03/26 05:00 PM,260176.281438204
6619,18,10/03/26 06:00 PM,235012.403497791
6620,19,10/03/26 07:00 PM,209847.560480308
6621,20,10/03/26 08:00 PM,186445.439024861
6622,21,10/03/26 09:00 PM,166449.605002185
6623,22,10/03/26 10:00 PM,151271.503760393
6624,23,10/03/26 11:00 PM,141994.278073003
6625,0,10/04/26 12:00 AM,139298.956335836
6626,1,10/04/26 01:00 AM,143422.847077778
6627,2,10/04/26 02:00 AM,154128.969680413
6628,3,10/04/26 03:00 AM,170736.597829027
6629,4,10/04/26 04:00 AM,192162.849517278
6630,5,10/04/26 05:00 AM,216996.479313317
6631,6,10/04/26 06:00 AM,243594.046738342
6632,7,10/04/26 07:00 AM,270191.907425854
6633,8,10/04/26 08:00 AM,295026.395496815
6634,9,10/04/26 09:00 AM,316454.007400752
6635,10,10/04/26 10:00 AM,333063.397373002
6636,11,10/04/26 11:00 AM,343771.552650389
6637,12,10/04/26 12:00 PM,347897.59464767
6638,13,10/04/26 01:00 PM,345209.176961547
6639,14,10/04/26 02:00 PM,335938.318440341
6640,15,10/04/26 03:00 PM,320765.592385108
6641,16,10/04/26 04:00 PM,300773.749298803
6642,17,10/04/26 05:00 PM,277373.933531141
6643,18,10/04/26 06:00 PM,252209.521737997
6644,19,10/04/26 07:00 PM,227044.136021076
6645,20,10/04/26 08:00 PM,203641.463019765
6646,21,10/04/26 09:00 PM,183645.068605084
6647,22,10/04/26 10:00 PM,168466.398125432
6648,23,10/04/26 11:00 PM,159188.59435462
6649,0,10/05/26 12:00 AM,156492.685688768
6650,1,10/05/26 01:00 AM,160615.980657062
6651,2,10/05/26 02:00 AM,171321.498641395
6652,3,10/05/26 03:00 AM,187928.513327361
6653,4,10/05/26 04:00 AM,209354.142708934
6654,5,10/05/26 05:00 AM,234187.141354589
6655,6,10/05/26 06:00 AM,260784.068785844
6656,7,10/05/26 07:00 AM,287381.280636532
6657,8,10/05/26 08:00 AM,312215.111027947
6658,9,10/05/26 09:00 AM,333642.056409955
6659,10,10/05/26 10:00 AM,350250.771018238
6660,11,10/05/26 11:00 AM,360958.242089964
6661,12,10/05/26 12:00 PM,365083.591040243
6662,13,10/05/26 01:00 PM,362394.471466135
6663,14,10/05/26 02:00 PM,353122.90221632
6664,15,10/05/26 03:00 PM,337949.456592223
6665,16,10/05/26 04:00 PM,317956.885097164
6666,17,10/05/26 05:00 PM,294556.332081236
6667,18,10/05/26 06:00 PM,269391.174200694
6668,19,10/05/26 07:00 PM,244225.033557626
6669,20,10/05/26 08:00 PM,220821.596791806
6670,21,10/05/26 09:00 PM,200824.429774648
6671,22,10/05/26 10:00 PM,185644.977854948
6672,23,10/05/26 11:00 PM,176366.38380692
6673,0,10/06/26 12:00 AM,173669.67602709
6674,1,10/06/26 01:00 AM,177792.163045055
6675,2,10/06/26 02:00 AM,188496.864243123
6676,3,10/06/26 03:00 AM,205103.053307309
6677,4,10/06/26 04:00 AM,226527.848232012
6678,5,10/06/26 05:00 AM,251360.003586135
6679,6,10/06/26 06:00 AM,277956.078891631
6680,7,10/06/26 07:00 AM,304552.429782771
6681,8,10/06/26 08:00 AM,329385.390381293
6682,9,10/06/26 09:00 AM,350811.457137508
6683,10,10/06/26 10:00 AM,367419.284287551
6684,11,10/06/26 11:00 AM,378125.859069046
6685,12,10/06/26 12:00 PM,382250.302897568
6686,13,10/06/26 01:00 PM,379560.269370637
6687,14,10/06/26 02:00 PM,370287.777337407
6688,15,10/06/26 03:00 PM,355113.400099775
6689,16,10/06/26 04:00 PM,335119.888161543
6690,17,10/06/26 05:00 PM,311718.385873287
6691,18,10/06/26 06:00 PM,286552.269891746
6692,19,10/06/26 07:00 PM,261385.162319509
6693,20,10/06/26 08:00 PM,237980.749796841
6694,21,10/06/26 09:00 PM,217982.598195661
6695,22,10/06/26 10:00 PM,202802.152865269
6696,23,10/06/26 11:00 PM,193522.556580393
6697,0,10/07/26 12:00 AM,190824.837738073
6698,1,10/07/26 01:00 AM,194946.304868425
6699,2,10/07/26 02:00 AM,205649.977354285
6700,3,10/07/26 03:00 AM,222255.128882194
6701,4,10/07/26 04:00 AM,243678.877447085
6702,5,10/07/26 05:00 AM,268509.977618402
6703,6,10/07/26 06:00 AM,295104.988918638
6704,7,10/07/26 07:00 AM,321700.266982611
6705,8,10/07/26 08:00 AM,346532.145932613
6706,9,10/07/26 09:00 AM,367957.122219512
6707,10,10/07/26 10:00 AM,384563.850080003
6708,11,10/07/26 11:00 AM,395269.316752273
6709,12,10/07/26 12:00 PM,399392.64365247
6710,13,10/07/26 01:00 PM,396701.484378687
6711,14,10/07/26 02:00 PM,387427.857780659
6712,15,10/07/26 03:00 PM,372252.337160865
6713,16,10/07/26 04:00 PM,352257.673023696
6714,17,10/07/26 05:00 PM,328855.00972032
6715,18,10/07/26 06:00 PM,303687.723908075
6716,19,10/07/26 07:00 PM,278519.437690149
6717,20,10/07/26 08:00 PM,255113.837707414
6718,21,10/07/26 09:00 PM,235114.489832403
6719,22,10/07/26 10:00 PM,219932.839415029
6720,23,10/07/26 11:00 PM,210652.029230639
6721,0,10/08/26 12:00 AM,207953.087676897
6722,1,10/08/26 01:00 AM,212073.323284552
6723,2,10/08/26 02:00 AM,222775.75543707
6724,3,10/08/26 03:00 AM,239379.657821631
6725,4,10/08/26 04:00 AM,260802.148433812
6726,5,10/08/26 05:00 AM,285631.9818437
6727,6,10/08/26 06:00 AM,312225.717574444
6728,7,10/08/26 07:00 AM,338819.711261518
6729,8,10/08/26 08:00 AM,363650.297027872
6730,9,10/08/26 09:00 AM,385073.97132504
6731,10,10/08/26 10:00 AM,401679.388390387
6732,11,10/08/26 11:00 AM,412383.535462778
6733,12,10/08/26 12:00 PM,416505.533959034
6734,13,10/08/26 01:00 PM,413813.037477933
6735,14,10/08/26 02:00 PM,404538.064869901
6736,15,10/08/26 03:00 PM,389361.189438106
6737,16,10/08/26 04:00 PM,369365.161687638
6738,17,10/08/26 05:00 PM,345961.125970365
6739,18,10/08/26 06:00 PM,320792.458944332
6740,19,10/08/26 07:00 PM,295622.782713437
6741,20,10/08/26 08:00 PM,272215.783919269
6742,21,10/08/26 09:00 PM,252215.028435076
6743,22,10/08/26 10:00 PM,237031.961611499
6744,23,10/08/26 11:00 PM,227749.726224613
6745,0,10/09/26 12:00 AM,225049.350672815
6746,1,10/09/26 01:00 AM,229168.143487592
6747,2,10/09/26 02:00 AM,239869.12405315
6748,3,10/09/26 03:00 AM,256471.566057418
6749,4,10/09/26 04:00 AM,277892.587496725
6750,5,10/09/26 05:00 AM,302720.942941912
6751,6,10/09/26 06:00 AM,329313.191916888
6752,7,10/09/26 07:00 AM,355905.690057893
6753,8,10/09/26 08:00 AM,380734.771488647
6754,9,10/09/26 09:00 AM,402156.932661456
6755,10,10/09/26 10:00 AM,418760.827814465
6756,11,10/09/26 11:00 AM,429463.44418732
6757,12,10/09/26 12:00 PM,433583.90319763
6758,13,10/09/26 01:00 PM,430889.858444969
6759,14,10/09/26 02:00 PM,421613.328780553
6760,15,10/09/26 03:00 PM,406434.887508354
6761,16,10/09/26 04:00 PM,386437.285134269
6762,17,10/09/26 05:00 PM,363031.666010974
6763,18,10/09/26 06:00 PM,337861.40679733
6764,19,10/09/26 07:00 PM,312690.129598051
6765,20,10/09/26 08:00 PM,289281.521055554
6766,21,10/09/26 09:00 PM,269279.147043913
6767,22,10/09/26 10:00 PM,254094.4529146
6768,23,10/09/26 11:00 PM,244810.581444529
6769,0,10/10/26 12:00 AM,242108.561032939
6770,1,10/10/26 01:00 AM,246225.700212162
6771,2,10/10/26 02:00 AM,256925.018367256
6772,3,10/10/26 03:00 AM,273525.789187004
6773,4,10/10/26 04:00 AM,294945.130668594
6774,5,10/10/26 05:00 AM,319771.797383733
6775,6,10/10/26 06:00 AM,346362.348857199
6776,7,10/10/26 07:00 AM,372953.140726103
6777,8,10/10/26 08:00 AM,397780.507115043
6778,9,10/10/26 09:00 AM,419200.944477209
6779,10,10/10/26 10:00 AM,435803.107051633
6780,11,10/10/26 11:00 AM,446503.982078851
6781,12,10/10/26 12:00 PM,450622.690977368
6782,13,10/10/26 01:00 PM,447926.887347659
6783,14,10/10/26 02:00 PM,438648.590041843
6784,15,10/10/26 03:00 PM,423468.372364805
6785,16,10/10/26 04:00 PM,403468.98482335
6786,17,10/10/26 05:00 PM,380061.571771078
6787,18,10/10/26 06:00 PM,354889.50986777
6788,19,10/10/26 07:00 PM,329716.421219069
6789,20,10/10/26 08:00 PM,306305.992468322
6790,21,10/10/26 09:00 PM,286301.789490538
6791,22,10/10/26 10:00 PM,271115.257638136
6792,23,10/10/26 11:00 PM,261829.539688971
6793,0,10/11/26 12:00 AM,259125.664043231
6794,1,10/11/26 01:00 AM,263240.939234203
6795,2,10/11/26 02:00 AM,273938.384647905
6796,3,10/11/26 03:00 AM,290537.273974084
6797,4,10/11/26 04:00 AM,311954.725210894
6798,5,10/11/26 05:00 AM,336779.492931017
6799,6,10/11/26 06:00 AM,363368.136660204
6800,7,10/11/26 07:00 AM,389957.012036551
6801,8,10/11/26 08:00 AM,414782.453185641
6802,9,10/11/26 09:00 AM,436200.956561653
6803,10,10/11/26 10:00 AM,452801.176404614
6804,11,10/11/26 11:00 AM,463500.09995606
6805,12,10/11/26 12:00 PM,467616.848635503
6806,13,10/11/26 01:00 PM,464919.076044421
6807,14,10/11/26 02:00 PM,455638.801035949
6808,15,10/11/26 03:00 PM,440456.596915989
6809,16,10/11/26 04:00 PM,420455.214192368
6810,17,10/11/26 05:00 PM,397045.797219712
6811,18,10/11/26 06:00 PM,371871.722658832
6812,19,10/11/26 07:00 PM,346696.612616408
6813,20,10/11/26 08:00 PM,323284.153736825
6814,21,10/11/26 09:00 PM,303277.91189614
6815,22,10/11/26 10:00 PM,288089.332447817
6816,23,10/11/26 11:00 PM,278801.558170764
6817,0,10/12/26 12:00 AM,276095.617466231
6818,1,10/12/26 01:00 AM,280208.818868565
6819,2,10/12/26 02:00 AM,290904.18176485
6820,3,10/12/26 03:00 AM,307500.979845903
6821,4,10/12/26 04:00 AM,328916.331110958
6822,5,10/12/26 05:00 AM,353738.990133774
6823,6,10/12/26 06:00 AM,380325.516441189
6824,7,10/12/26 07:00 AM,406912.265672386
6825,8,10/12/26 08:00 AM,431735.571954044
6826,9,10/12/26 09:00 AM,453151.931741439
6827,10,10/12/26 10:00 AM,469749.999275701
6828,11,10/12/26 11:00 AM,480446.761799473
6829,12,10/12/26 12:00 PM,484561.340733377
6830,13,10/12/26 01:00 PM,481861.38968001
6831,14,10/12/26 02:00 PM,472578.927493628
6832,15,10/12/26 03:00 PM,457394.527481255
6833,16,10/12/26 04:00 PM,437390.94015185
6834,17,10/12/26 05:00 PM,413979.309861172
6835,18,10/12/26 06:00 PM,388803.013271172
6836,19,10/12/26 07:00 PM,363625.672489672
6837,20,10/12/26 08:00 PM,340210.974162204
6838,21,10/12/26 09:00 PM,320202.484165979
6839,22,10/12/26 10:00 PM,305011.647855615
6840,23,10/12/26 11:00 PM,295721.608011183
6841,0,10/13/26 12:00 AM,293013.393035098
6842,1,10/13/26 01:00 AM,297124.311462874
6843,2,10/13/26 02:00 AM,307817.382682775
6844,3,10/13/26 03:00 AM,324411.880386795
6845,4,10/13/26 04:00 AM,345824.922575349
6846,5,10/13/26 05:00 AM,370645.263823385
6847,6,10/13/26 06:00 AM,397229.463658933
6848,7,10/13/26 07:00 AM,423813.877722375
6849,8,10/13/26 08:00 AM,448634.840141588
6850,9,10/13/26 09:00 AM,470048.847373056
6851,10,10/13/26 10:00 AM,486644.55365912
6852,11,10/13/26 11:00 AM,497338.946243635
6853,12,10/13/26 12:00 PM,501451.146548445
6854,13,10/13/26 01:00 PM,498748.808177368
6855,14,10/13/26 02:00 PM,489463.949985888
6856,15,10/13/26 03:00 PM,474277.145282264
6857,16,10/13/26 04:00 PM,454271.144576692
6858,17,10/13/26 05:00 PM,430857.092226171
6859,18,10/13/26 06:00 PM,405678.364893897
6860,19,10/13/26 07:00 PM,380498.584688945
6861,20,10/13/26 08:00 PM,357081.438258101
6862,21,10/13/26 09:00 PM,337070.491479835
6863,22,10/13/26 10:00 PM,321877.189710027
6864,23,10/13/26 11:00 PM,312584.675730021
6865,0,10/14/26 12:00 AM,309873.977943501
6866,1,10/14/26 01:00 AM,313982.40488726
6867,2,10/14/26 02:00 AM,324672.975950842
6868,3,10/14/26 03:00 AM,341264.964827527
6869,4,10/14/26 04:00 AM,362675.489519024
6870,5,10/14/26 05:00 AM,387493.304601572
6871,6,10/14/26 06:00 AM,414074.969604505
6872,7,10/14/26 07:00 AM,440656.840169504
6873,8,10/14/26 08:00 AM,465475.250425757
6874,9,10/14/26 09:00 AM,486886.696831062
6875,10,10/14/26 10:00 AM,503479.833629073
6876,11,10/14/26 11:00 AM,514171.648064973
6877,12,10/14/26 12:00 PM,518281.261561927
6878,13,10/14/26 01:00 PM,515576.327725088
6879,14,10/14/26 02:00 PM,506288.865411273
6880,15,10/14/26 03:00 PM,491099.447930079
6881,16,10/14/26 04:00 PM,471090.825793049
6882,17,10/14/26 05:00 PM,447674.143358528
6883,18,10/14/26 06:00 PM,422492.777291068
6884,19,10/14/26 07:00 PM,397310.349701099
6885,20,10/14/26 08:00 PM,373890.547236769
6886,21,10/14/26 09:00 PM,353876.935777916
6887,22,10/14/26 10:00 PM,338680.96068179
6888,23,10/14/26 11:00 PM,329385.76473111
6889,0,10/15/26 12:00 AM,326672.376330937
6890,1,10/15/26 01:00 AM,330778.104019455
6891,2,10/15/26 02:00 AM,341465.967187591
6892,3,10/15/26 03:00 AM,358055.239530019
6893,4,10/15/26 04:00 AM,379463.039049844
6894,5,10/15/26 05:00 AM,404278.120324712
6895,6,10/15/26 06:00 AM,430857.042885358
6896,7,10/15/26 07:00 AM,457436.162374877
6897,8,10/15/26 08:00 AM,482251.812923871
6898,9,10/15/26 09:00 AM,503660.490991558
6899,10,10/15/26 10:00 AM,520250.850823017
6900,11,10/15/26 11:00 AM,530939.879664858
6901,12,10/15/26 12:00 PM,535046.698941679
6902,13,10/15/26 01:00 PM,532338.96226007
6903,14,10/15/26 02:00 PM,523048.688478291
6904,15,10/15/26 03:00 PM,507856.450907388
6905,16,10/15/26 04:00 PM,487845.000060349
6906,17,10/15/26 05:00 PM,464425.480296977
6907,18,10/15/26 06:00 PM,439241.268283286
6908,19,10/15/26 07:00 PM,414055.986131166
6909,20,10/15/26 08:00 PM,390633.320490237
6910,21,10/15/26 09:00 PM,370616.837241804
6911,22,10/15/26 10:00 PM,355417.981744602
6912,23,10/15/26 11:00 PM,346119.896782827
6913,0,10/16/26 12:00 AM,343403.610763028
6914,1,10/16/26 01:00 AM,347506.432224878
6915,2,10/16/26 02:00 AM,358191.380560799
6916,3,10/16/26 03:00 AM,374777.729466968
6917,4,10/16/26 04:00 AM,396182.596947992
6918,5,10/16/26 05:00 AM,420994.737583022
6919,6,10/16/26 06:00 AM,447570.710904309
6920,7,10/16/26 07:00 AM,474146.872556466
6921,8,10/16/26 08:00 AM,498959.556671615
6922,9,10/16/26 09:00 AM,520365.259710499
6923,10,10/16/26 10:00 AM,536952.635919729
6924,11,10/16/26 11:00 AM,547638.67254745
6925,12,10/16/26 12:00 PM,551742.491019799
6926,13,10/16/26 01:00 PM,549031.74494491
6927,14,10/16/26 02:00 PM,539738.453182591
6928,15,10/16/26 03:00 PM,524543.189045438
6929,16,10/16/26 04:00 PM,504528.703047999
6930,17,10/16/26 05:00 PM,481106.13955164
6931,18,10/16/26 06:00 PM,455918.875223936
6932,19,10/16/26 07:00 PM,430730.532178349
6933,20,10/16/26 08:00 PM,407304.797066075
6934,21,10/16/26 09:00 PM,387285.235769999
6935,22,10/16/26 10:00 PM,372083.293650436
6936,23,10/16/26 11:00 PM,362782.11349317
6937,0,10/17/26 12:00 AM,360062.723706346
6938,1,10/17/26 01:00 AM,364162.432831231
6939,2,10/17/26 02:00 AM,374844.260261848
6940,3,10/17/26 03:00 AM,391427.47969598
6941,4,10/17/26 04:00 AM,412829.209139843
6942,5,10/17/26 05:00 AM,437638.203174205
6943,6,10/17/26 06:00 AM,464211.021332934
6944,7,10/17/26 07:00 AM,490784.019262264
6945,8,10/17/26 08:00 AM,515593.531095947
6946,9,10/17/26 09:00 AM,536996.053296358
6947,10,10/17/26 10:00 AM,553580.240111744
6948,11,10/17/26 11:00 AM,564263.078791889
6949,12,10/17/26 12:00 PM,568363.690764578
6950,13,10/17/26 01:00 PM,565649.729639593
6951,14,10/17/26 02:00 PM,556353.214278395
6952,15,10/17/26 03:00 PM,541154.717995241
6953,16,10/17/26 04:00 PM,521136.991306338
6954,17,10/17/26 05:00 PM,497711.178574722
6955,18,10/17/26 06:00 PM,472520.656469637
6956,19,10/17/26 07:00 PM,447329.047106226
6957,20,10/17/26 08:00 PM,423900.037137359
6958,21,10/17/26 09:00 PM,403877.192447609
6959,22,10/17/26 10:00 PM,388671.958398981
6960,23,10/17/26 11:00 PM,379367.47777895
6961,0,10/18/26 12:00 AM,376644.77899736
6962,1,10/18/26 01:00 AM,380741.170597178
6963,2,10/18/26 02:00 AM,391419.671974139
6964,3,10/18/26 03:00 AM,407999.556827733
6965,4,10/18/26 04:00 AM,429397.943165892
6966,5,10/18/26 05:00 AM,454203.585571103
6967,6,10/18/26 06:00 AM,480773.043578959
6968,7,10/18/26 07:00 AM,507342.672837425
6969,8,10/18/26 08:00 AM,532148.807481982
6970,9,10/18/26 09:00 AM,553547.943976744
6971,10,10/18/26 10:00 AM,570128.7365717
6972,11,10/18/26 11:00 AM,580808.17251838
6973,12,10/18/26 12:00 PM,584905.37324632
6974,13,10/18/26 01:00 PM,582187.992367054
6975,14,10/18/26 02:00 PM,572888.048743805
6976,15,10/18/26 03:00 PM,557686.115692594
6977,16,10/18/26 04:00 PM,537664.943731395
6978,17,10/18/26 05:00 PM,514235.677225015
6979,18,10/18/26 06:00 PM,489041.692844477
6980,19,10/18/26 07:00 PM,463846.612706703
6981,20,10/18/26 08:00 PM,440414.12346635
6982,21,10/18/26 09:00 PM,420387.791009781
6983,22,10/18/26 10:00 PM,405179.060700793
6984,23,10/18/26 11:00 PM,395871.075328662
6985,0,10/19/26 12:00 AM,393144.863305035
6986,1,10/19/26 01:00 AM,397237.733174686
6987,2,10/19/26 02:00 AM,407912.70433516
6988,3,10/19/26 03:00 AM,424489.050487762
6989,4,10/19/26 04:00 AM,445883.889642249
6990,5,10/19/26 05:00 AM,470685.976382931
6991,6,10/19/26 06:00 AM,497251.870247228
6992,7,10/19/26 07:00 AM,523817.926884939
6993,8,10/19/26 08:00 AM,548620.480433386
6994,9,10/19/26 09:00 AM,570016.027358523
6995,10,10/19/26 10:00 AM,586593.221912184
6996,11,10/19/26 11:00 AM,597269.051347753
6997,12,10/19/26 12:00 PM,601362.637096618
6998,13,10/19/26 01:00 PM,598641.632772176
6999,14,10/19/26 02:00 PM,589338.057239514
7000,15,10/19/26 03:00 PM,574132.483816517
7001,16,10/19/26 04:00 PM,554107.663023036
7002,17,10/19/26 05:00 PM,530674.739225755
7003,18,10/19/26 06:00 PM,505477.089097576
7004,19,10/19/26 07:00 PM,480278.334757307
7005,20,10/19/26 08:00 PM,456842.162861496
7006,21,10/19/26 09:00 PM,436812.139298402
7007,22,10/19/26 10:00 PM,421599.709433718
7008,23,10/19/26 11:00 PM,412288.016058626
7009,0,10/20/26 12:00 AM,409558.087586676
7010,1,10/20/26 01:00 AM,413647.232564558
7011,2,10/20/26 02:00 AM,424318.470391733
7012,3,10/20/26 03:00 AM,440891.074771426
7013,4,10/20/26 04:00 AM,462282.163715316
7014,5,10/20/26 05:00 AM,487080.491809645
7015,6,10/20/26 06:00 AM,513642.618593769
7016,7,10/20/26 07:00 AM,540204.899719421
7017,8,10/20/26 08:00 AM,565003.669325865
7018,9,10/20/26 09:00 AM,586395.423881003
7019,10,10/20/26 10:00 AM,602968.817638621
7020,11,10/20/26 11:00 AM,613640.837854056
7021,12,10/20/26 12:00 PM,617730.605960657
7022,13,10/20/26 01:00 PM,615005.775573785
7023,14,10/20/26 02:00 PM,605698.365560494
7024,15,10/20/26 03:00 PM,590488.949240642
7025,16,10/20/26 04:00 PM,570460.277136059
7026,17,10/20/26 05:00 PM,547023.493615404
7027,18,10/20/26 06:00 PM,521821.975353573
7028,19,10/20/26 07:00 PM,496619.344471359
7029,20,10/20/26 08:00 PM,473179.287627307
7030,21,10/20/26 09:00 PM,453145.370711669
7031,22,10/20/26 10:00 PM,437929.039092147
7032,23,10/20/26 11:00 PM,428613.435561927
7033,0,10/21/26 12:00 AM,425879.588536571
7034,1,10/21/26 01:00 AM,429964.806564786
7035,2,10/21/26 02:00 AM,440632.10904805
7036,3,10/21/26 03:00 AM,457200.769691616
7037,4,10/21/26 04:00 AM,478587.906509191
7038,5,10/21/26 05:00 AM,503382.274089049
7039,6,10/21/26 06:00 AM,529940.431972582
7040,7,10/21/26 07:00 AM,556498.735813567
7041,8,10/21/26 08:00 AM,581293.519753315
7042,9,10/21/26 09:00 AM,602681.280261778
7043,10,10/21/26 10:00 AM,619250.671594793
7044,11,10/21/26 11:00 AM,629918.68100976
7045,12,10/21/26 12:00 PM,634004.429942089
7046,13,10/21/26 01:00 PM,631275.57200921
7047,14,10/21/26 02:00 PM,621964.126080248
7048,15,10/21/26 03:00 PM,606750.665477138
7049,16,10/21/26 04:00 PM,586717.940723789
7050,17,10/21/26 05:00 PM,563277.096190948
7051,18,10/21/26 06:00 PM,538071.508555596
7052,19,10/21/26 07:00 PM,512864.799940622
7053,20,10/21/26 08:00 PM,489420.657006667
7054,21,10/21/26 09:00 PM,469382.645646087
7055,22,10/21/26 10:00 PM,454162.211228689
7056,23,10/21/26 11:00 PM,444842.496549769
7057,0,10/22/26 12:00 AM,442104.530027007
7058,1,10/22/26 01:00 AM,446185.620211225
7059,2,10/22/26 02:00 AM,456848.786506028
7060,3,10/22/26 03:00 AM,473413.302618795
7061,4,10/22/26 04:00 AM,494796.286565364
7062,5,10/22/26 05:00 AM,519586.492936148
7063,6,10/22/26 06:00 AM,546140.481274679
7064,7,10/22/26 07:00 AM,572694.607236877
7065,8,10/22/26 08:00 AM,597485.204966204
7066,9,10/22/26 09:00 AM,618868.770934763
7067,10,10/22/26 10:00 AM,635433.959400554
7068,11,10/22/26 11:00 AM,646097.757623135
7069,12,10/22/26 12:00 PM,650179.287040082
7070,13,10/22/26 01:00 PM,647446.201270998
7071,14,10/22/26 02:00 PM,638130.519187181
7072,15,10/22/26 03:00 PM,622912.814112748
7073,16,10/22/26 04:00 PM,602875.836573788
7074,17,10/22/26 05:00 PM,579430.730943237
7075,18,10/22/26 06:00 PM,554220.873900269
7076,19,10/22/26 07:00 PM,529009.887569968
7077,20,10/22/26 08:00 PM,505561.458615177
7078,21,10/22/26 09:00 PM,485519.152930455
7079,22,10/22/26 10:00 PM,470294.41588782
7080,23,10/22/26 11:00 PM,460970.39028478
7081,0,10/23/26 12:00 AM,458228.104541234
7082,1,10/23/26 01:00 AM,462304.867210225
7083,2,10/23/26 02:00 AM,472963.697697583
7084,3,10/23/26 03:00 AM,489523.869712921
7085,4,10/23/26 04:00 AM,510902.501274309
7086,5,10/23/26 05:00 AM,535688.346974398
7087,6,10/23/26 06:00 AM,562237.966358965
7088,7,10/23/26 07:00 AM,588787.71508618
7089,8,10/23/26 08:00 AM,613573.927301753
7090,9,10/23/26 09:00 AM,634953.099480044
7091,10,10/23/26 10:00 AM,651513.885881312
7092,11,10/23/26 11:00 AM,662173.273767381
7093,12,10/23/26 12:00 PM,666250.3845781
7094,13,10/23/26 01:00 PM,663512.871935337
7095,14,10/23/26 02:00 PM,654192.754712672
7096,15,10/23/26 03:00 PM,638970.606236502
7097,16,10/23/26 04:00 PM,618929.177035203
7098,17,10/23/26 05:00 PM,595479.611484003
7099,18,10/23/26 06:00 PM,570265.286264364
7100,19,10/23/26 07:00 PM,545049.823503676
7101,20,10/23/26 08:00 PM,521596.90986708
7102,21,10/23/26 09:00 PM,501550.111251443
7103,22,10/23/26 10:00 PM,486320.873031095
7104,23,10/23/26 11:00 PM,476992.338005859
7105,0,10/24/26 12:00 AM,474245.534597955
7106,1,10/24/26 01:00 AM,478317.771362747
7107,2,10/24/26 02:00 AM,488972.067708398
7108,3,10/24/26 03:00 AM,505527.697346848
7109,4,10/24/26 04:00 AM,526901.778298508
7110,5,10/24/26 05:00 AM,551683.065158369
7111,6,10/24/26 06:00 AM,578228.117474553
7112,7,10/24/26 07:00 AM,604773.290907577
7113,8,10/24/26 08:00 AM,629554.919605506
7114,9,10/24/26 09:00 AM,650929.500045062
7115,10,10/24/26 10:00 AM,667485.686488862
7116,11,10/24/26 11:00 AM,678140.466201097
7117,12,10/24/26 12:00 PM,682212.960623985
7118,13,10/24/26 01:00 PM,679470.823381771
7119,14,10/24/26 02:00 PM,670146.073350416
7120,15,10/24/26 03:00 PM,654919.283858696
7121,16,10/24/26 04:00 PM,634873.205437376
7122,17,10/24/26 05:00 PM,611418.982464076
7123,18,10/24/26 06:00 PM,586199.991622656
7124,19,10/24/26 07:00 PM,560979.855042902
7125,20,10/24/26 08:00 PM,537522.25939236
7126,21,10/24/26 09:00 PM,517470.770570311
7127,22,10/24/26 10:00 PM,502236.833953491
7128,23,10/24/26 11:00 PM,492903.592344145
7129,0,10/25/26 12:00 AM,490152.074166908
7130,1,10/25/26 01:00 AM,494219.587979577
7131,2,10/25/26 02:00 AM,504869.153192739
7132,3,10/25/26 03:00 AM,521420.043520771
7133,4,10/25/26 04:00 AM,542789.376986521
7134,5,10/25/26 05:00 AM,567565.908187421
7135,6,10/25/26 06:00 AM,594106.19667404
7136,7,10/25/26 07:00 AM,620646.598109348
7137,8,10/25/26 08:00 AM,645423.446643863
7138,9,10/25/26 09:00 AM,666793.238756765
7139,10,10/25/26 10:00 AM,683344.628713135
7140,11,10/25/26 11:00 AM,693994.603779633
7141,12,10/25/26 12:00 PM,698062.285400948
7142,13,10/25/26 01:00 PM,695315.3272038
7143,14,10/25/26 02:00 PM,685985.748066629
7144,15,10/25/26 03:00 PM,670754.121320697
7145,16,10/25/26 04:00 PM,650703.19749926
7146,17,10/25/26 05:00 PM,627244.120982424
7147,18,10/25/26 06:00 PM,602020.26845655
7148,19,10/25/26 07:00 PM,576795.262053925
7149,20,10/25/26 08:00 PM,553332.788444602
7150,21,10/25/26 09:00 PM,533276.413530366
7151,22,10/25/26 10:00 PM,518037.582690469
7152,23,10/25/26 11:00 PM,508699.438729676
7153,0,10/26/26 12:00 AM,505943.010075143
7154,1,10/26/26 01:00 AM,510005.605287191
7155,2,10/26/26 02:00 AM,520650.243778939
7156,3,10/26/26 03:00 AM,537196.199267297
7157,4,10/26/26 04:00 AM,558560.589777654
7158,5,10/26/26 05:00 AM,583332.169909983
7159,6,10/26/26 06:00 AM,609867.4992174
7160,7,10/26/26 07:00 AM,636402.933365427
7161,8,10/26/26 08:00 AM,661174.806507137
7162,9,10/26/26 09:00 AM,682539.615124269
7163,10,10/26/26 10:00 AM,699086.01348447
7164,11,10/26/26 11:00 AM,709730.988856963
7165,12,10/26/26 12:00 PM,713793.662689012
7166,13,10/26/26 01:00 PM,711041.688609915
7167,14,10/26/26 02:00 PM,701707.08550069
7168,15,10/26/26 03:00 PM,686470.426695182
7169,16,10/26/26 04:00 PM,666414.462729238
7170,17,10/26/26 05:00 PM,642950.337985557
7171,18,10/26/26 06:00 PM,617721.429153098
7172,19,10/26/26 07:00 PM,592491.358366744
7173,20,10/26/26 08:00 PM,569023.812299158
7174,21,10/26/26 09:00 PM,548962.356854733
7175,22,10/26/26 10:00 PM,533718.437415336
7176,23,10/26/26 11:00 PM,524375.196788347
7177,0,10/27/26 12:00 AM,521613.663403543
7178,1,10/27/26 01:00 AM,525671.145823876
7179,2,10/27/26 02:00 AM,536310.663465092
7180,3,10/27/26 03:00 AM,552851.490046736
7181,4,10/27/26 04:00 AM,574210.743596833
7182,5,10/27/26 05:00 AM,598977.178718003
7183,6,10/27/26 06:00 AM,625507.354966007
7184,7,10/27/26 07:00 AM,652037.628009016
7185,8,10/27/26 08:00 AM,676804.332002759
7186,9,10/27/26 09:00 AM,698163.963431635
7187,10,10/27/26 10:00 AM,714705.176565954
7188,11,10/27/26 11:00 AM,725344.958677608
7189,12,10/27/26 12:00 PM,729402.431216529
7190,13,10/27/26 01:00 PM,726645.247814692
7191,14,10/27/26 02:00 PM,717305.427355796
7192,15,10/27/26 03:00 PM,702063.543176371
7193,16,10/27/26 04:00 PM,682002.345814949
7194,17,10/27/26 05:00 PM,658532.979656923
7195,18,10/27/26 06:00 PM,633298.821393947
7196,19,10/27/26 07:00 PM,608063.493163607
7197,20,10/27/26 08:00 PM,584590.681641268
7198,21,10/27/26 09:00 PM,564523.952734032
7199,22,10/27/26 10:00 PM,549274.751826481
7200,23,10/27/26 11:00 PM,539926.22172871
7201,0,10/28/26 12:00 AM,537159.39087322
7202,1,10/28/26 01:00 AM,541211.567825683
7203,2,10/28/26 02:00 AM,551845.772004576
7204,3,10/28/26 03:00 AM,568381.277132181
7205,4,10/28/26 04:00 AM,589735.201239257
7206,5,10/28/26 05:00 AM,614496.298931167
7207,6,10/28/26 06:00 AM,641021.129766417
7208,7,10/28/26 07:00 AM,667546.049415927
7209,8,10/28/26 08:00 AM,692307.392038184
7210,9,10/28/26 09:00 AM,713661.65412034
7211,10,10/28/26 10:00 AM,730197.489935469
7212,11,10/28/26 11:00 AM,740831.886758229
7213,12,10/28/26 12:00 PM,744883.966041325
7214,13,10/28/26 01:00 PM,742121.381419505
7215,14,10/28/26 02:00 PM,732776.151779243
7216,15,10/28/26 03:00 PM,717528.850459857
7217,16,10/28/26 04:00 PM,697462.228002661
7218,17,10/28/26 05:00 PM,673987.428795843
7219,18,10/28/26 06:00 PM,648747.829533849
7220,19,10/28/26 07:00 PM,623507.052357066
7221,20,10/28/26 08:00 PM,600028.78394366
7222,21,10/28/26 09:00 PM,579956.590203543
7223,22,10/28/26 10:00 PM,564701.916524106
7224,23,10/28/26 11:00 PM,555347.905718257
7225,0,10/29/26 12:00 AM,552575.586221323
7226,1,10/29/26 01:00 AM,556622.266601795
7227,2,10/29/26 02:00 AM,567250.966280979
7228,3,10/29/26 03:00 AM,583780.958983986
7229,4,10/29/26 04:00 AM,605129.362744415
7230,5,10/29/26 05:00 AM,629884.932170466
7231,6,10/29/26 06:00 AM,656404.226823489
7232,7,10/29/26 07:00 AM,682923.602377255
7233,8,10/29/26 08:00 AM,707679.392993098
7234,9,10/29/26 09:00 AM,729028.09516103
7235,10,10/29/26 10:00 AM,745558.363156985
7236,11,10/29/26 11:00 AM,756187.184258484
7237,12,10/29/26 12:00 PM,760233.679921099
7238,13,10/29/26 01:00 PM,757465.503782451
7239,14,10/29/26 02:00 PM,748114.674731895
7240,15,10/29/26 03:00 PM,732861.766111624
7241,16,10/29/26 04:00 PM,712789.528465838
7242,17,10/29/26 05:00 PM,689309.106185614
7243,18,10/29/26 06:00 PM,664063.875968291
7244,19,10/29/26 07:00 PM,638817.459957154
7245,20,10/29/26 08:00 PM,615333.544833267
7246,21,10/29/26 09:00 PM,595255.696509447
7247,22,10/29/26 10:00 PM,579995.360375996
7248,23,10/29/26 11:00 PM,570635.679248735
7249,0,10/30/26 12:00 AM,567857.681565906
7250,1,10/30/26 01:00 AM,571898.67589892
7251,2,10/30/26 02:00 AM,582521.681672013
7252,3,10/30/26 03:00 AM,599045.972613222
7253,4,10/30/26 04:00 AM,620388.666759077
7254,5,10/30/26 05:00 AM,645138.518720718
7255,6,10/30/26 06:00 AM,671652.088062437
7256,7,10/30/26 07:00 AM,698165.730460948
7257,8,10/30/26 08:00 AM,722915.780080535
7258,9,10/30/26 09:00 AM,744258.733414164
7259,10,10/30/26 10:00 AM,760783.244740726
7260,11,10/30/26 11:00 AM,771406.301340703
7261,12,10/30/26 12:00 PM,775447.024672634
7262,13,10/30/26 01:00 PM,772673.068377107
7263,14,10/30/26 02:00 PM,763316.451346451
7264,15,10/30/26 03:00 PM,748057.746925838
7265,16,10/30/26 04:00 PM,727979.705662451
7266,17,10/30/26 05:00 PM,704493.471950349
7267,18,10/30/26 06:00 PM,679242.42248986
7268,19,10/30/26 07:00 PM,653990.179427265
7269,20,10/30/26 08:00 PM,630500.429446626
7270,21,10/30/26 09:00 PM,610416.738463762
7271,22,10/30/26 10:00 PM,595150.551871976
7272,23,10/30/26 11:00 PM,585785.012490105
7273,0,10/31/26 12:00 AM,583001.1487594
7274,1,10/31/26 01:00 AM,587036.269254293
7275,2,10/31/26 02:00 AM,597653.393402038
7276,3,10/31/26 03:00 AM,614171.7949337
7277,4,10/31/26 04:00 AM,635508.59188884
7278,5,10/31/26 05:00 AM,660252.538881629
7279,6,10/31/26 06:00 AM,686760.195479398
7280,7,10/31/26 07:00 AM,713267.917361902
7281,8,10/31/26 08:00 AM,738012.038696472
7282,9,10/31/26 09:00 AM,759349.055979123
7283,10,10/31/26 10:00 AM,775867.623491797
7284,11,10/31/26 11:00 AM,786484.728518038
7285,12,10/31/26 12:00 PM,790519.492519445
7286,13,10/31/26 01:00 PM,787739.569139672
7287,14,10/31/26 02:00 PM,778376.977274117
7288,15,10/31/26 03:00 PM,763112.290271023
7289,16,10/31/26 04:00 PM,743028.258680656
7290,17,10/31/26 05:00 PM,719536.026900152
7291,18,10/31/26 06:00 PM,694278.97163293
7292,19,10/31/26 07:00 PM,669020.715028356
7293,20,10/31/26 08:00 PM,645524.943773584
7294,21,10/31/26 09:00 PM,625435.223787535
7295,22,10/31/26 10:00 PM,610163.000466613
7296,23,10/31/26 11:00 PM,600791.416632758
7297,0,11/01/26 12:00 AM,598001.50073033
7298,1,11/01/26 01:00 AM,602030.561336878
7299,2,11/01/26 02:00 AM,612641.617882772
7300,3,11/01/26 03:00 AM,629153.944102196
7301,4,11/01/26 04:00 AM,650484.658037839
7302,5,11/01/26 05:00 AM,675222.514306999
7303,6,11/01/26 06:00 AM,701724.072480143
7304,7,11/01/26 07:00 AM,728225.688240162
7305,8,11/01/26 08:00 AM,752963.695757528
7306,9,11/01/26 09:00 AM,774294.591531399
7307,10,11/01/26 10:00 AM,790807.029846871
7308,11,11/01/26 11:00 AM,801417.997990637
7309,12,11/01/26 12:00 PM,805446.617427454
7310,13,11/01/26 01:00 PM,802660.541804137
7311,14,11/01/26 02:00 PM,793291.79001925
7312,15,11/01/26 03:00 PM,778020.935424205
7313,16,11/01/26 04:00 PM,757930.728572438
7314,17,11/01/26 05:00 PM,734432.313864263
7315,18,11/01/26 06:00 PM,709169.068006281
7316,19,11/01/26 07:00 PM,683904.61315104
7317,20,11/01/26 08:00 PM,660402.635988888
7318,21,11/01/26 09:00 PM,640306.702441932
7319,22,11/01/26 10:00 PM,625028.257909776
7320,23,11/01/26 11:00 PM,615650.44521756
7321,0,11/02/26 12:00 AM,612854.292812848
7322,1,11/02/26 01:00 AM,616877.109276397
7323,2,11/02/26 02:00 AM,627481.914041787
7324,3,11/02/26 03:00 AM,643987.980846424
7325,4,11/02/26 04:00 AM,665312.427736212
7326,5,11/02/26 05:00 AM,690044.009331676
7327,6,11/02/26 06:00 AM,716539.285206507
7328,7,11/02/26 07:00 AM,743034.61104683
7329,8,11/02/26 08:00 AM,767766.321026354
7330,9,11/02/26 09:00 AM,789090.911647476
7331,10,11/02/26 10:00 AM,805597.037198534
7332,11,11/02/26 11:00 AM,816201.68496947
7333,12,11/02/26 12:00 PM,820223.976428291
7334,13,11/02/26 01:00 PM,817431.56522507
7335,14,11/02/26 02:00 PM,808056.470261627
7336,15,11/02/26 03:00 PM,792779.264892638
7337,16,11/02/26 04:00 PM,772682.699674807
7338,17,11/02/26 05:00 PM,749177.919011721
7339,18,11/02/26 06:00 PM,723908.299613251
7340,19,11/02/26 07:00 PM,698637.463635225
7341,20,11/02/26 08:00 PM,675129.097771277
7342,21,11/02/26 09:00 PM,655026.767946797
7343,22,11/02/26 10:00 PM,639741.919564681
7344,23,11/02/26 11:00 PM,630357.695453362
7345,0,11/03/26 12:00 AM,627555.124063704
7346,1,11/03/26 01:00 AM,631571.513979765
7347,2,11/03/26 02:00 AM,642169.884638433
7348,3,11/03/26 03:00 AM,658669.50978042
7349,4,11/03/26 04:00 AM,679987.507454946
7350,5,11/03/26 05:00 AM,704712.632285855
7351,6,11/03/26 06:00 AM,731201.443850158
7352,7,11/03/26 07:00 AM,757690.297837306
7353,8,11/03/26 08:00 AM,782415.528424336
7354,9,11/03/26 09:00 AM,803733.632116979
7355,10,11/03/26 10:00 AM,820233.263206912
7356,11,11/03/26 11:00 AM,830831.408987414
7357,12,11/03/26 12:00 PM,834847.19092984
7358,13,11/03/26 01:00 PM,832048.262687611
7359,14,11/03/26 02:00 PM,822666.643165898
7360,15,11/03/26 03:00 PM,807382.905722737
7361,16,11/03/26 04:00 PM,787279.800918187
7362,17,11/03/26 05:00 PM,763768.473159204
7363,18,11/03/26 06:00 PM,738492.299159024
7364,19,11/03/26 07:00 PM,713214.901076851
7365,20,11/03/26 08:00 PM,689699.965609688
7366,21,11/03/26 09:00 PM,669591.058686309
7367,22,11/03/26 10:00 PM,654299.625712994
7368,23,11/03/26 11:00 PM,644908.809521562
7369,0,11/04/26 12:00 AM,642099.638566268
7370,1,11/04/26 01:00 AM,646109.421434565
7371,2,11/04/26 02:00 AM,656701.17756674
7372,3,11/04/26 03:00 AM,673194.180706909
7373,4,11/04/26 04:00 AM,694505.548907697
7374,5,11/04/26 05:00 AM,719224.036796358
7375,6,11/04/26 06:00 AM,745706.203953318
7376,7,11/04/26 07:00 AM,772188.406071447
7377,8,11/04/26 08:00 AM,796906.977331203
7378,9,11/04/26 09:00 AM,818218.414241743
7379,10,11/04/26 10:00 AM,834711.371098171
7380,11,11/04/26 11:00 AM,845302.835197204
7381,12,11/04/26 12:00 PM,849311.928013633
7382,13,11/04/26 01:00 PM,846506.303204317
7383,14,11/04/26 02:00 PM,837117.979677875
7384,15,11/04/26 03:00 PM,821827.53079579
7385,16,11/04/26 04:00 PM,801717.707121576
7386,17,11/04/26 05:00 PM,778199.653065642
7387,18,11/04/26 06:00 PM,752916.745344686
7388,19,11/04/26 07:00 PM,727632.606121376
7389,20,11/04/26 08:00 PM,704110.922096184
7390,21,11/04/26 09:00 PM,683995.259201355
7391,22,11/04/26 10:00 PM,668697.062846642
7392,23,11/04/26 11:00 PM,659299.475867346
7393,0,11/05/26 12:00 AM,656483.526721204
7394,1,11/05/26 01:00 AM,660486.523999157
7395,2,11/05/26 02:00 AM,671071.487144982
7396,3,11/05/26 03:00 AM,687557.689906287
7397,4,11/05/26 04:00 AM,708862.250339201
7398,5,11/05/26 05:00 AM,733573.923074476
7399,6,11/05/26 06:00 AM,760049.267696044
7400,7,11/05/26 07:00 AM,786524.639900285
7401,8,11/05/26 08:00 AM,811236.373871171
7402,9,11/05/26 09:00 AM,832540.966121378
7403,10,11/05/26 10:00 AM,849027.070949529
7404,11,11/05/26 11:00 AM,859611.675655866
7405,12,11/05/26 12:00 PM,863613.901718708
7406,13,11/05/26 01:00 PM,860801.402798448
7407,14,11/05/26 02:00 PM,851406.197807241
7408,15,11/05/26 03:00 PM,836108.86011011
7409,16,11/05/26 04:00 PM,815992.140274111
7410,17,11/05/26 05:00 PM,792467.182713204
7411,18,11/05/26 06:00 PM,767177.364147636
7412,19,11/05/26 07:00 PM,741886.30674363
7413,20,11/05/26 08:00 PM,718357.697205217
7414,21,11/05/26 09:00 PM,698235.101468206
7415,22,11/05/26 10:00 PM,682929.964945916
7416,23,11/05/26 11:00 PM,673525.430477218
7417,0,11/06/26 12:00 AM,670702.526523422
7418,1,11/06/26 01:00 AM,674698.561679048
7419,2,11/06/26 02:00 AM,685276.555391454
7420,3,11/06/26 03:00 AM,701755.781411835
7421,4,11/06/26 04:00 AM,723053.357799905
7422,5,11/06/26 05:00 AM,747758.039190011
7423,6,11/06/26 06:00 AM,774226.385169685
7424,7,11/06/26 07:00 AM,800694.751438903
7425,8,11/06/26 08:00 AM,825399.472185242
7426,9,11/06/26 09:00 AM,846697.043924984
7427,10,11/06/26 10:00 AM,863176.120960368
7428,11,11/06/26 11:00 AM,873753.690595249
7429,12,11/06/26 12:00 PM,877748.874311563
7430,13,11/06/26 01:00 PM,874929.325773329
7431,14,11/06/26 02:00 PM,865527.063896328
7432,15,11/06/26 03:00 PM,850222.66204921
7433,16,11/06/26 04:00 PM,830098.870802671
7434,17,11/06/26 05:00 PM,806566.834574302
7435,18,11/06/26 06:00 PM,781269.930087997
7436,19,11/06/26 07:00 PM,755971.779513622
7437,20,11/06/26 08:00 PM,732436.069558856
7438,21,11/06/26 09:00 PM,712306.366163162
7439,22,11/06/26 10:00 PM,696994.114743513
7440,23,11/06/26 11:00 PM,687582.458142443
7441,0,11/07/26 12:00 AM,684752.424824927
7442,1,11/07/26 01:00 AM,688741.323389149
7443,2,11/07/26 02:00 AM,699312.173286139
7444,3,11/07/26 03:00 AM,715784.248270769
7445,4,11/07/26 04:00 AM,737074.66640643
7446,5,11/07/26 05:00 AM,761772.182331153
7447,6,11/07/26 06:00 AM,788233.355636152
7448,7,11/07/26 07:00 AM,814694.542025097
7449,8,11/07/26 08:00 AM,839392.075689258
7450,9,11/07/26 09:00 AM,860682.453148615
7451,10,11/07/26 10:00 AM,877154.328709104
7452,11,11/07/26 11:00 AM,887724.689678288
7453,12,11/07/26 12:00 PM,891712.657541811
7454,13,11/07/26 01:00 PM,888885.885967404
7455,14,11/07/26 02:00 PM,879476.393874561
7456,15,11/07/26 03:00 PM,864164.754635657
7457,16,11/07/26 04:00 PM,844033.718825106
7458,17,11/07/26 05:00 PM,820494.430864228
7459,18,11/07/26 06:00 PM,795190.267480647
7460,19,11/07/26 07:00 PM,769884.850847962
7461,20,11/07/26 08:00 PM,746341.867677594
7462,21,11/07/26 09:00 PM,726204.883912743
7463,22,11/07/26 10:00 PM,710885.344974132
7464,23,11/07/26 11:00 PM,701466.393708039
7465,0,11/08/26 12:00 AM,698629.058583192
7466,1,11/08/26 01:00 AM,702610.648201535
7467,2,11/08/26 02:00 AM,713174.182017855
7468,3,11/08/26 03:00 AM,729638.933790789
7469,4,11/08/26 04:00 AM,750922.021587494
7470,5,11/08/26 05:00 AM,775612.200049772
7471,6,11/08/26 06:00 AM,802066.028772614
7472,7,11/08/26 07:00 AM,828519.863463466
7473,8,11/08/26 08:00 AM,853210.038317379
7474,9,11/08/26 09:00 AM,874493.04985812
7475,10,11/08/26 10:00 AM,890957.552395416
7476,11,11/08/26 11:00 AM,901520.533240621
7477,12,11/08/26 12:00 PM,905501.113883174
7478,13,11/08/26 01:00 PM,902666.947994609
7479,14,11/08/26 02:00 PM,893250.054498224
7480,15,11/08/26 03:00 PM,877931.006770199
7481,16,11/08/26 04:00 PM,857792.55538876
7482,17,11/08/26 05:00 PM,834245.844779043
7483,18,11/08/26 06:00 PM,808934.251672489
7484,19,11/08/26 07:00 PM,783621.398246521
7485,20,11/08/26 08:00 PM,760070.971216383
7486,21,11/08/26 09:00 PM,739926.536529106
7487,22,11/08/26 10:00 PM,724599.539609246
7488,23,11/08/26 11:00 PM,715173.123306916
7489,0,11/09/26 12:00 AM,712328.316094689
7490,1,11/09/26 01:00 AM,716302.426578346
7491,2,11/09/26 02:00 AM,726858.474216526
7492,3,11/09/26 03:00 AM,743315.732771716
7493,4,11/09/26 04:00 AM,764591.320314928
7494,5,11/09/26 05:00 AM,789273.991491823
7495,6,11/09/26 06:00 AM,815720.305901251
7496,7,11/09/26 07:00 AM,842166.619254527
7497,8,11/09/26 08:00 AM,866849.265750571
7498,9,11/09/26 09:00 AM,888124.74191702
7499,10,11/09/26 10:00 AM,904581.702067479
7500,11,11/09/26 11:00 AM,915137.133517181
7501,12,11/09/26 12:00 PM,919110.157759454
7502,13,11/09/26 01:00 PM,916268.428469712
7503,14,11/09/26 02:00 PM,906843.964575146
7504,15,11/09/26 03:00 PM,891517.339455833
7505,16,11/09/26 04:00 PM,871371.303693894
7506,17,11/09/26 05:00 PM,847817.001718369
7507,18,11/09/26 06:00 PM,822497.810264603
7508,19,11/09/26 07:00 PM,797177.351513928
7509,20,11/09/26 08:00 PM,773619.3121855
7510,21,11/09/26 09:00 PM,753467.258230267
7511,22,11/09/26 10:00 PM,738132.635076703
7512,23,11/09/26 11:00 PM,728698.585578846
7513,0,11/10/26 12:00 AM,725846.138213193
7514,1,11/10/26 01:00 AM,729812.601589459
7515,2,11/10/26 02:00 AM,740360.995170216
7516,3,11/10/26 03:00 AM,756810.592721885
7517,4,11/10/26 04:00 AM,778078.512319422
7518,5,11/10/26 05:00 AM,802753.508612433
7519,6,11/10/26 06:00 AM,829192.141203716
7520,7,11/10/26 07:00 AM,855630.765808536
7521,8,11/10/26 08:00 AM,880305.716629769
7522,9,11/10/26 09:00 AM,901573.490199013
7523,10,11/10/26 10:00 AM,918022.740833833
7524,11,11/10/26 11:00 AM,928570.45585343
7525,12,11/10/26 12:00 PM,932535.756755097
7526,13,11/10/26 01:00 PM,929686.297218226
7527,14,11/10/26 02:00 PM,920254.096173985
7528,15,11/10/26 03:00 PM,904919.727006428
7529,16,11/10/26 04:00 PM,884765.94030166
7530,17,11/10/26 05:00 PM,861203.880492711
7531,18,11/10/26 06:00 PM,835876.924318915
7532,19,11/10/26 07:00 PM,810548.693965598
7533,20,11/10/26 08:00 PM,786982.876155914
7534,21,11/10/26 09:00 PM,766823.036844815
7535,22,11/10/26 10:00 PM,751480.621464777
7536,23,11/10/26 11:00 PM,742038.772873849
7537,0,11/11/26 12:00 AM,739178.519552537
7538,1,11/11/26 01:00 AM,743137.170114574
7539,2,11/11/26 02:00 AM,753677.74402655
7540,3,11/11/26 03:00 AM,770119.51505891
7541,4,11/11/26 04:00 AM,791379.601290637
7542,5,11/11/26 05:00 AM,816046.757375362
7543,6,11/11/26 06:00 AM,842477.54291992
7544,7,11/11/26 07:00 AM,868908.313643613
7545,8,11/11/26 08:00 AM,893575.403753356
7546,9,11/11/26 09:00 AM,914835.309784791
7547,10,11/11/26 10:00 AM,931276.68605953
7548,11,11/11/26 11:00 AM,941816.519900826
7549,12,11/11/26 12:00 PM,945773.932810026
7550,13,11/11/26 01:00 PM,942916.578470578
7551,14,11/11/26 02:00 PM,933476.475817713
7552,15,11/11/26 03:00 PM,918134.198239549
7553,16,11/11/26 04:00 PM,897972.496326263
7554,17,11/11/26 05:00 PM,874402.51451495
7555,18,11/11/26 06:00 PM,849067.629549024
7556,19,11/11/26 07:00 PM,823731.463617889
7557,20,11/11/26 08:00 PM,800157.703448781
7558,21,11/11/26 09:00 PM,779989.915000738
7559,22,11/11/26 10:00 PM,764639.543710324
7560,23,11/11/26 11:00 PM,755189.732439682
7561,0,11/12/26 12:00 AM,752321.509673416
7562,1,11/12/26 01:00 AM,756272.184029355
7563,2,11/12/26 02:00 AM,766804.774978195
7564,3,11/12/26 03:00 AM,783238.556294486
7565,4,11/12/26 04:00 AM,804490.646061321
7566,5,11/12/26 05:00 AM,829149.798936447
7567,6,11/12/26 06:00 AM,855572.574530815
7568,7,11/12/26 07:00 AM,881995.328567845
7569,8,11/12/26 08:00 AM,906654.395258579
7570,9,11/12/26 09:00 AM,927906.271142786
7571,10,11/12/26 10:00 AM,944339.610546209
7572,11,11/12/26 11:00 AM,954871.400796233
7573,12,11/12/26 12:00 PM,958820.763398345
7574,13,11/12/26 01:00 PM,955955.352040137
7575,14,11/12/26 02:00 PM,946507.18566098
7576,15,11/12/26 03:00 PM,931156.837653141
7577,16,11/12/26 04:00 PM,910987.05861095
7578,17,11/12/26 05:00 PM,887408.992975658
7579,18,11/12/26 06:00 PM,862066.017494837
7580,19,11/12/26 07:00 PM,836721.754362051
7581,20,11/12/26 08:00 PM,813139.890308704
7582,21,11/12/26 09:00 PM,792963.991298
7583,22,11/12/26 10:00 PM,777605.502770679
7584,23,11/12/26 11:00 PM,768147.567593058
7585,0,11/13/26 12:00 AM,765271.214253917
7586,1,11/13/26 01:00 AM,769213.751375274
7587,2,11/13/26 02:00 AM,779738.198432005
7588,3,11/13/26 03:00 AM,796163.829202854
7589,4,11/13/26 04:00 AM,817407.761775104
7590,5,11/13/26 05:00 AM,842058.750810699
7591,6,11/13/26 06:00 AM,868473.355924791
7592,7,11/13/26 07:00 AM,894887.932845002
7593,8,11/13/26 08:00 AM,919538.81578658
7594,9,11/13/26 09:00 AM,940782.501293506
7595,10,11/13/26 10:00 AM,957207.643695733
7596,11,11/13/26 11:00 AM,967731.230324866
7597,12,11/13/26 12:00 PM,971672.382690612
7598,13,11/13/26 01:00 PM,968798.754484783
7599,14,11/13/26 02:00 PM,959342.36465098
7600,15,11/13/26 03:00 PM,943983.786585702
7601,16,11/13/26 04:00 PM,923805.77088751
7602,17,11/13/26 05:00 PM,900219.462001892
7603,18,11/13/26 06:00 PM,874868.236680661
7604,19,11/13/26 07:00 PM,849515.717121627
7605,20,11/13/26 08:00 PM,825925.590060439
7606,21,11/13/26 09:00 PM,805741.421464552
7607,22,11/13/26 10:00 PM,790374.656778962
7608,23,11/13/26 11:00 PM,780908.43887424
7609,0,11/14/26 12:00 AM,778023.796243432
7610,1,11/14/26 01:00 AM,781958.037512815
7611,2,11/14/26 02:00 AM,792474.182161536
7612,3,11/14/26 03:00 AM,808891.503972608
7613,4,11/14/26 04:00 AM,830127.12103759
7614,5,11/14/26 05:00 AM,854769.788022703
7615,6,11/14/26 06:00 AM,881176.064547379
7616,7,11/14/26 07:00 AM,907582.306343527
7617,8,11/14/26 08:00 AM,932224.847630682
7618,9,11/14/26 09:00 AM,953460.184957113
7619,10,11/14/26 10:00 AM,969876.972657072
7620,11,11/14/26 11:00 AM,980392.19806646
7621,12,11/14/26 12:00 PM,984324.982699285
7622,13,11/14/26 01:00 PM,981442.980251665
7623,14,11/14/26 02:00 PM,971978.209671506
7624,15,11/14/26 03:00 PM,956611.244359622
7625,16,11/14/26 04:00 PM,936424.834918885
7626,17,11/14/26 05:00 PM,912830.125799105
7627,18,11/14/26 06:00 PM,887470.493756414
7628,19,11/14/26 07:00 PM,862109.560992945
7629,20,11/14/26 08:00 PM,838511.014248678
7630,21,11/14/26 09:00 PM,818318.419495399
7631,22,11/14/26 10:00 PM,802943.222182436
7632,23,11/14/26 11:00 PM,793468.565184701
7633,0,11/15/26 12:00 AM,790575.47699958
7634,1,11/15/26 01:00 AM,794501.266257695
7635,2,11/15/26 02:00 AM,805008.95244254
7636,3,11/15/26 03:00 AM,821417.809341481
7637,4,11/15/26 04:00 AM,842644.95505043
7638,5,11/15/26 05:00 AM,867279.144239967
7639,6,11/15/26 06:00 AM,893676.936533884
7640,7,11/15/26 07:00 AM,920074.687668456
7641,8,11/15/26 08:00 AM,944708.731867584
7642,9,11/15/26 09:00 AM,965935.565683911
7643,10,11/15/26 10:00 AM,982343.843456062
7644,11,11/15/26 11:00 AM,992850.552524314
7645,12,11/15/26 12:00 PM,996774.814407058
7646,13,11/15/26 01:00 PM,993884.282804796
7647,14,11/15/26 02:00 PM,984410.976669823
7648,15,11/15/26 03:00 PM,969035.469407341
7649,16,11/15/26 04:00 PM,948840.511624618
7650,17,11/15/26 05:00 PM,925237.247775862
7651,18,11/15/26 06:00 PM,899869.054621603
7652,19,11/15/26 07:00 PM,874499.554368383
7653,20,11/15/26 08:00 PM,850892.433760586
7654,21,11/15/26 09:00 PM,830691.258774407
7655,22,11/15/26 10:00 PM,815307.474863593
7656,23,11/15/26 11:00 PM,805824.224907469
7657,0,11/16/26 12:00 AM,802922.537407843
7658,1,11/16/26 01:00 AM,806839.720999759
7659,2,11/16/26 02:00 AM,817338.795171142
7660,3,11/16/26 03:00 AM,833739.033713785
7661,4,11/16/26 04:00 AM,854957.554728034
7662,5,11/16/26 05:00 AM,879583.112888906
7663,6,11/16/26 06:00 AM,905972.267824634
7664,7,11/16/26 07:00 AM,932361.375275935
7665,8,11/16/26 08:00 AM,956986.769471157
7666,9,11/16/26 09:00 AM,978204.946967393
7667,10,11/16/26 10:00 AM,994604.562107721
7668,11,11/16/26 11:00 AM,1005102.60223687
7669,12,11/16/26 12:00 PM,1009018.1888777
7670,13,11/16/26 01:00 PM,1006118.97573517
7671,14,11/16/26 02:00 PM,996636.981766045
7672,15,11/16/26 03:00 PM,981252.780379989
7673,16,11/16/26 04:00 PM,961049.122188748
7674,17,11/16/26 05:00 PM,937437.151651003
7675,18,11/16/26 06:00 PM,912060.245531765
7676,19,11/16/26 07:00 PM,886682.026042056
7677,20,11/16/26 08:00 PM,863066.179930747
7678,21,11/16/26 09:00 PM,842856.273178525
7679,22,11/16/26 10:00 PM,827463.75124362
7680,23,11/16/26 11:00 PM,817971.757009861
7681,0,11/17/26 12:00 AM,815061.31898355
7682,1,11/17/26 01:00 AM,818969.745804234
7683,2,11/17/26 02:00 AM,829460.05696434
7684,3,11/17/26 03:00 AM,845851.526260172
7685,4,11/17/26 04:00 AM,867061.271796587
7686,5,11/17/26 05:00 AM,891678.048253116
7687,6,11/17/26 06:00 AM,918058.415262508
7688,7,11/17/26 07:00 AM,944438.728570002
7689,8,11/17/26 08:00 AM,969055.32240847
7690,9,11/17/26 09:00 AM,990264.693339532
7691,10,11/17/26 10:00 AM,1006655.4957108
7692,11,11/17/26 11:00 AM,1017144.71687153
7693,12,11/17/26 12:00 PM,1021051.47834912
7694,13,11/17/26 01:00 PM,1018143.43385307
7695,14,11/17/26 02:00 PM,1008652.60234469
7696,15,11/17/26 03:00 PM,993259.557238188
7697,16,11/17/26 04:00 PM,973047.049149861
7698,17,11/17/26 05:00 PM,949426.222542942
7699,18,11/17/26 06:00 PM,924040.454186999
7700,19,11/17/26 07:00 PM,898653.366297613
7701,20,11/17/26 08:00 PM,875028.645628214
7702,21,11/17/26 09:00 PM,854809.858164056
7703,22,11/17/26 10:00 PM,839408.44936794
7704,23,11/17/26 11:00 PM,829907.562128264
7705,0,11/18/26 12:00 AM,826988.224955904
7706,1,11/18/26 01:00 AM,830887.746494988
7707,2,11/18/26 02:00 AM,841369.146242523
7708,3,11/18/26 03:00 AM,857751.697999395
7709,4,11/18/26 04:00 AM,878952.519875051
7710,5,11/18/26 05:00 AM,903560.366553611
7711,6,11/18/26 06:00 AM,929931.79767242
7712,7,11/18/26 07:00 AM,956303.168981312
7713,8,11/18/26 08:00 AM,980910.814717761
7714,9,11/18/26 09:00 AM,1002111.23144799
7715,10,11/18/26 10:00 AM,1018493.07352421
7716,11,11/18/26 11:00 AM,1028973.3283003
7717,12,11/18/26 12:00 PM,1032871.11730825
7718,13,11/18/26 01:00 PM,1029954.0942622
7719,14,11/18/26 02:00 PM,1020454.27812807
7720,15,11/18/26 03:00 PM,1005052.24232468
7721,16,11/18/26 04:00 PM,984830.737472962
7722,17,11/18/26 05:00 PM,961200.908040774
7723,18,11/18/26 06:00 PM,935806.130802317
7724,19,11/18/26 07:00 PM,910410.027977804
7725,20,11/18/26 08:00 PM,886776.286325307
7726,21,11/18/26 09:00 PM,866548.471834716
7727,22,11/18/26 10:00 PM,851138.029973478
7728,23,11/18/26 11:00 PM,841628.103634637
7729,0,11/19/26 12:00 AM,838699.72133372
7730,1,11/19/26 01:00 AM,842590.191719507
7731,2,11/19/26 02:00 AM,853062.534293661
7732,3,11/19/26 03:00 AM,869436.022861729
7733,4,11/19/26 04:00 AM,890627.775537819
7734,5,11/19/26 05:00 AM,915226.547010717
7735,6,11/19/26 06:00 AM,941588.896922436
7736,7,11/19/26 07:00 AM,967951.181027481
7737,8,11/19/26 08:00 AM,992549.733568002
7738,9,11/19/26 09:00 AM,1013741.0511149
7739,10,11/19/26 10:00 AM,1030113.78802506
7740,11,11/19/26 11:00 AM,1040584.93165706
7741,12,11/19/26 12:00 PM,1044473.60354758
7742,13,11/19/26 01:00 PM,1041547.45741542
7743,14,11/19/26 02:00 PM,1032038.51223121
7744,15,11/19/26 03:00 PM,1016627.34141847
7745,16,11/19/26 04:00 PM,996396.695602839
7746,17,11/19/26 05:00 PM,972757.719256862
7747,18,11/19/26 06:00 PM,947353.789159452
7748,19,11/19/26 07:00 PM,921948.527535528
7749,20,11/19/26 08:00 PM,898305.621147876
7750,21,11/19/26 09:00 PM,878068.635991099
7751,22,11/19/26 10:00 PM,862649.017537364
7752,23,11/19/26 11:00 PM,853129.908684432
7753,0,11/20/26 12:00 AM,850192.337952557
7754,1,11/20/26 01:00 AM,854073.613995244
7755,2,11/20/26 02:00 AM,864536.756318888
7756,3,11/20/26 03:00 AM,880901.038733767
7757,4,11/20/26 04:00 AM,902083.579358723
7758,5,11/20/26 05:00 AM,926673.132887286
7759,6,11/20/26 06:00 AM,953026.258966207
7760,7,11/20/26 07:00 AM,979379.313354738
7761,8,11/20/26 08:00 AM,1003968.63029978
7762,9,11/20/26 09:00 AM,1025150.70637697
7763,10,11/20/26 10:00 AM,1041514.19594797
7764,11,11/20/26 11:00 AM,1051976.0863761
7765,12,11/20/26 12:00 PM,1055855.49920279
7766,13,11/20/26 01:00 PM,1052920.08815164
7767,14,11/20/26 02:00 PM,1043401.87219801
7768,15,11/20/26 03:00 PM,1027981.42477021
7769,16,11/20/26 04:00 PM,1007741.49649863
7770,17,11/20/26 05:00 PM,984093.231860616
7771,18,11/20/26 06:00 PM,958680.007639841
7772,19,11/20/26 07:00 PM,933265.446066013
7773,20,11/20/26 08:00 PM,909613.233906698
7774,21,11/20/26 09:00 PM,889366.937161289
7775,22,11/20/26 10:00 PM,873938.001306741
7776,23,11/20/26 11:00 PM,864409.569245611
7777,0,11/21/26 12:00 AM,861462.669502947
7778,1,11/21/26 01:00 AM,865334.610737054
7779,2,11/21/26 02:00 AM,875788.412459128
7780,3,11/21/26 03:00 AM,892143.348484253
7781,4,11/21/26 04:00 AM,913316.53693608
7782,5,11/21/26 05:00 AM,937896.732512947
7783,6,11/21/26 06:00 AM,964240.494866422
7784,7,11/21/26 07:00 AM,990584.179760574
7785,8,11/21/26 08:00 AM,1015164.12144712
7786,9,11/21/26 09:00 AM,1036336.81650653
7787,10,11/21/26 10:00 AM,1052690.91930528
7788,11,11/21/26 11:00 AM,1063143.41721152
7789,12,11/21/26 12:00 PM,1067013.43177152
7790,13,11/21/26 01:00 PM,1064068.6167137
7791,14,11/21/26 02:00 PM,1054540.99101828
7792,15,11/21/26 03:00 PM,1039111.1281184
7793,16,11/21/26 04:00 PM,1018861.77864928
7794,17,11/21/26 05:00 PM,995204.087093131
7795,18,11/21/26 06:00 PM,969781.430238468
7796,19,11/21/26 07:00 PM,944357.430319853
7797,20,11/21/26 08:00 PM,920695.774109707
7798,21,11/21/26 09:00 PM,900440.027612281
7799,22,11/21/26 10:00 PM,885001.636309391
7800,23,11/21/26 11:00 PM,875463.743108459
7801,0,11/22/26 12:00 AM,872507.376539399
7802,1,11/22/26 01:00 AM,876369.845265387
7803,2,11/22/26 02:00 AM,886814.168802492
7804,3,11/22/26 03:00 AM,903159.620970671
7805,4,11/22/26 04:00 AM,924323.319898459
7806,5,11/22/26 05:00 AM,948894.020289072
7807,6,11/22/26 06:00 AM,975228.281798963
7808,7,11/22/26 07:00 AM,1001562.46019709
7809,8,11/22/26 08:00 AM,1026132.88974005
7810,9,11/22/26 09:00 AM,1047296.06701323
7811,10,11/22/26 10:00 AM,1063640.64638798
7812,11,11/22/26 11:00 AM,1074083.61523736
7813,12,11/22/26 12:00 PM,1077944.09511254
7814,13,11/22/26 01:00 PM,1074989.73974685
7815,14,11/22/26 02:00 PM,1065452.5681254
7816,15,11/22/26 03:00 PM,1050013.15368625
7817,16,11/22/26 04:00 PM,1029754.24706955
7818,17,11/22/26 05:00 PM,1006086.9927624
7819,18,11/22/26 06:00 PM,980654.767558258
7820,19,11/22/26 07:00 PM,955221.193696595
7821,20,11/22/26 08:00 PM,931549.957954759
7822,21,11/22/26 09:00 PM,911284.626341932
7823,22,11/22/26 10:00 PM,895836.644344859
7824,23,11/22/26 11:00 PM,886289.154875895
7825,0,11/23/26 12:00 AM,883323.186469892
7826,1,11/23/26 01:00 AM,887176.047794965
7827,2,11/23/26 02:00 AM,897610.758372125
7828,3,11/23/26 03:00 AM,913946.592026276
7829,4,11/23/26 04:00 AM,935100.666890899
7830,5,11/23/26 05:00 AM,959661.73767416
7831,6,11/23/26 06:00 AM,985986.364037468
7832,7,11/23/26 07:00 AM,1012310.90175474
7833,8,11/23/26 08:00 AM,1036871.68508753
7834,9,11/23/26 09:00 AM,1058025.21062617
7835,10,11/23/26 10:00 AM,1074360.13274701
7836,11,11/23/26 11:00 AM,1084793.43882805
7837,12,11/23/26 12:00 PM,1088644.25042545
7838,13,11/23/26 01:00 PM,1085680.22127749
7839,14,11/23/26 02:00 PM,1076133.37037429
7840,15,11/23/26 03:00 PM,1060684.27115886
7841,16,11/23/26 04:00 PM,1040415.67427634
7842,17,11/23/26 05:00 PM,1016738.72421882
7843,18,11/23/26 06:00 PM,991296.79778474
7844,19,11/23/26 07:00 PM,965853.517218566
7845,20,11/23/26 08:00 PM,942172.569302639
7846,21,11/23/26 09:00 PM,921897.520051134
7847,22,11/23/26 10:00 PM,906439.814955797
7848,23,11/23/26 11:00 PM,896882.596933986
7849,0,11/24/26 12:00 AM,893906.894525557
7850,1,11/24/26 01:00 AM,897750.016403631
7851,2,11/24/26 02:00 AM,908174.982094231
7852,3,11/24/26 03:00 AM,924501.065427273
7853,4,11/24/26 04:00 AM,945645.384541254
7854,5,11/24/26 05:00 AM,970196.69414936
7855,6,11/24/26 06:00 AM,996511.55391802
7856,7,11/24/26 07:00 AM,1022826.31962617
7857,8,11/24/26 08:00 AM,1047377.3255404
7858,9,11/24/26 09:00 AM,1068521.06825608
7859,10,11/24/26 10:00 AM,1084846.20215457
7860,11,11/24/26 11:00 AM,1095269.71461892
7861,12,11/24/26 12:00 PM,1099110.72721032
7862,13,11/24/26 01:00 PM,1096136.8936721
7863,14,11/24/26 02:00 PM,1086580.23299941
7864,15,11/24/26 03:00 PM,1071121.31864032
7865,16,11/24/26 04:00 PM,1050842.90124502
7866,17,11/24/26 05:00 PM,1027156.12531064
7867,18,11/24/26 06:00 PM,1001704.36764068
7868,19,11/24/26 07:00 PM,976251.250484672
7869,20,11/24/26 08:00 PM,952560.460630006
7870,21,11/24/26 09:00 PM,932275.564095926
7871,22,11/24/26 10:00 PM,916808.00637924
7872,23,11/24/26 11:00 PM,907240.930402376
7873,0,11/25/26 12:00 AM,904255.364710262
7874,1,11/25/26 01:00 AM,908088.617981093
7875,2,11/25/26 02:00 AM,918503.709745966
7876,3,11/25/26 03:00 AM,934819.913839881
7877,4,11/25/26 04:00 AM,955954.348406413
7878,5,11/25/26 05:00 AM,980495.768163835
7879,6,11/25/26 06:00 AM,1006800.73278366
7880,7,11/25/26 07:00 AM,1033105.59804992
7881,8,11/25/26 08:00 AM,1057646.69823431
7882,9,11/25/26 09:00 AM,1078780.52993726
7883,10,11/25/26 10:00 AM,1095095.74754526
7884,11,11/25/26 11:00 AM,1105509.33844644
7885,12,11/25/26 12:00 PM,1109340.42420712
7886,13,11/25/26 01:00 PM,1106356.65857571
7887,14,11/25/26 02:00 PM,1096790.06055249
7888,15,11/25/26 03:00 PM,1081321.20359063
7889,16,11/25/26 04:00 PM,1061032.83834544
7890,17,11/25/26 05:00 PM,1037336.10931917
7891,18,11/25/26 06:00 PM,1011874.39332043
7892,19,11/25/26 07:00 PM,986411.312603877
7893,20,11/25/26 08:00 PM,962710.553962033
7894,21,11/25/26 09:00 PM,942415.683419266
7895,22,11/25/26 10:00 PM,926938.146477519
7896,23,11/25/26 11:00 PM,917361.086064349
7897,0,11/26/26 12:00 AM,914365.530729823
7898,1,11/26/26 01:00 AM,918188.789157273
7899,2,11/26/26 02:00 AM,928593.88088294
7900,3,11/26/26 03:00 AM,944900.079746966
7901,4,11/26/26 04:00 AM,966024.503898074
7902,5,11/26/26 05:00 AM,990555.908059688
7903,6,11/26/26 06:00 AM,1016850.85190847
7904,7,11/26/26 07:00 AM,1043145.69123362
7905,8,11/26/26 08:00 AM,1067676.76031196
7906,9,11/26/26 09:00 AM,1088800.55574911
7907,10,11/26/26 10:00 AM,1105105.73193671
7908,11,11/26/26 11:00 AM,1115509.27626807
7909,12,11/26/26 12:00 PM,1119330.31031465
7910,13,11/26/26 01:00 PM,1116336.48783006
7911,14,11/26/26 02:00 PM,1106759.82781973
7912,15,11/26/26 03:00 PM,1091280.90374203
7913,16,11/26/26 04:00 PM,1070982.46625743
7914,17,11/26/26 05:00 PM,1047275.65987336
7915,18,11/26/26 06:00 PM,1021803.86140363
7916,19,11/26/26 07:00 PM,996330.693108076
7917,20,11/26/26 08:00 PM,972619.841784408
7918,21,11/26/26 09:00 PM,952314.873462186
7919,22,11/26/26 10:00 PM,936827.233648549
7920,23,11/26/26 11:00 PM,927240.06527625
7921,0,11/27/26 12:00 AM,924234.396900556
7922,1,11/27/26 01:00 AM,928047.537210002
7923,2,11/27/26 02:00 AM,938442.505746035
7924,3,11/27/26 03:00 AM,954738.576354002
7925,4,11/27/26 04:00 AM,975852.867187839
7926,5,11/27/26 05:00 AM,1000374.13297618
7927,6,11/27/26 06:00 AM,1026658.93340091
7928,7,11/27/26 07:00 AM,1052943.62425643
7929,8,11/27/26 08:00 AM,1077464.5398248
7930,9,11/27/26 09:00 AM,1098578.17671686
7931,10,11/27/26 10:00 AM,1114873.18932947
7932,11,11/27/26 11:00 AM,1125266.56506117
7933,12,11/27/26 12:00 PM,1129077.42548866
7934,13,11/27/26 01:00 PM,1126073.42437077
7935,14,11/27/26 02:00 PM,1116486.58071818
7936,15,11/27/26 03:00 PM,1100997.46799448
7937,16,11/27/26 04:00 PM,1080688.83686539
7938,17,11/27/26 05:00 PM,1056971.8318436
7939,18,11/27/26 06:00 PM,1031489.82974815
7940,19,11/27/26 07:00 PM,1006006.45284412
7941,20,11/27/26 08:00 PM,982285.387934484
7942,21,11/27/26 09:00 PM,961970.201054052
7943,22,11/27/26 10:00 PM,946472.337715218
7944,23,11/27/26 11:00 PM,936874.940855996
7945,0,11/28/26 12:00 AM,933859.039036915
7946,1,11/28/26 01:00 AM,937661.940951774
7947,2,11/28/26 02:00 AM,948046.666147286
7948,3,11/28/26 03:00 AM,964332.488474069
7949,4,11/28/26 04:00 AM,985436.526091331
7950,5,11/28/26 05:00 AM,1009947.53373298
7951,6,11/28/26 06:00 AM,1036222.07108618
7952,7,11/28/26 07:00 AM,1062496.4939506
7953,8,11/28/26 08:00 AM,1087007.1366136
7954,9,11/28/26 09:00 AM,1108110.4956913
7955,10,11/28/26 10:00 AM,1124395.22558583
7956,11,11/28/26 11:00 AM,1134778.31370105
7957,12,11/28/26 12:00 PM,1138578.88161892
7958,13,11/28/26 01:00 PM,1135564.58310359
7959,14,11/28/26 02:00 PM,1125967.43717102
7960,15,11/28/26 03:00 PM,1110468.01729012
7961,16,11/28/26 04:00 PM,1090149.0741319
7962,17,11/28/26 05:00 PM,1066421.75221434
7963,18,11/28/26 06:00 PM,1040929.42836181
7964,19,11/28/26 07:00 PM,1015435.72484469
7965,20,11/28/26 08:00 PM,991704.32847127
7966,21,11/28/26 09:00 PM,971378.805281672
7967,22,11/28/26 10:00 PM,955870.600793607
7968,23,11/28/26 11:00 PM,946262.857950413
7969,0,11/29/26 12:00 AM,943236.605317936
7970,1,11/29/26 01:00 AM,947029.151595302
7971,2,11/29/26 02:00 AM,957403.516334552
7972,3,11/29/26 03:00 AM,973678.973391633
7973,4,11/29/26 04:00 AM,994772.640931084
7974,5,11/29/26 05:00 AM,1019273.27369215
7975,6,11/29/26 06:00 AM,1045537.43136733
7976,7,11/29/26 07:00 AM,1071801.46976164
7977,8,11/29/26 08:00 AM,1096301.72316777
7978,9,11/29/26 09:00 AM,1117394.68820718
7979,10,11/29/26 10:00 AM,1133669.01928738
7980,11,11/29/26 11:00 AM,1144041.70381754
7981,12,11/29/26 12:00 PM,1147831.86338499
7982,13,11/29/26 01:00 PM,1144807.15175924
7983,14,11/29/26 02:00 PM,1135199.58796159
7984,15,11/29/26 03:00 PM,1119689.74546632
7985,16,11/29/26 04:00 PM,1099360.37494981
7986,17,11/29/26 05:00 PM,1075622.62093539
7987,18,11/29/26 06:00 PM,1050119.8602528
7988,19,11/29/26 07:00 PM,1024615.7151778
7989,20,11/29/26 08:00 PM,1000873.87252403
7990,21,11/29/26 09:00 PM,980537.898337002
7991,22,11/29/26 10:00 PM,965019.2381398
7992,23,11/29/26 11:00 PM,955401.034881138
7993,0,11/30/26 12:00 AM,952364.317132245
7994,1,11/30/26 01:00 AM,956146.393597632
7995,2,11/30/26 02:00 AM,966510.283834724
7996,3,11/30/26 03:00 AM,982775.261704856
7997,4,11/30/26 04:00 AM,1003858.44537796
7998,5,11/30/26 05:00 AM,1028348.58959867
7999,6,11/30/26 06:00 AM,1054602.25406488
8000,7,11/30/26 07:00 AM,1080855.79458702
8001,8,11/30/26 08:00 AM,1105345.54546316
8002,9,11/30/26 09:00 AM,1126428.00332018
8003,10,11/30/26 10:00 AM,1142691.82257097
8004,11,11/30/26 11:00 AM,1153053.99063013
8005,12,11/30/26 12:00 PM,1156833.6290904
8006,13,11/30/26 01:00 PM,1153798.39172669
8007,14,11/30/26 02:00 PM,1144180.29756573
8008,15,11/30/26 03:00 PM,1128659.9200872
8009,16,11/30/26 04:00 PM,1108320.0099729
8010,17,11/30/26 05:00 PM,1084571.7117516
8011,18,11/30/26 06:00 PM,1059058.40225845
8012,19,11/30/26 07:00 PM,1033543.70377463
8013,20,11/30/26 08:00 PM,1009791.30311923
8014,21,11/30/26 09:00 PM,989444.766343181
8015,22,11/30/26 10:00 PM,973915.538975003
8016,23,11/30/26 11:00 PM,964286.763968844
8017,0,12/01/26 12:00 AM,961239.469901373
8018,1,12/01/26 01:00 AM,965010.965482542
8019,2,12/01/26 02:00 AM,975364.270275216
8020,3,12/01/26 03:00 AM,991618.658146181
8021,4,12/01/26 04:00 AM,1012691.24727081
8022,5,12/01/26 05:00 AM,1037170.7923992
8023,6,12/01/26 06:00 AM,1063413.85323468
8024,7,12/01/26 07:00 AM,1089656.78559314
8025,8,12/01/26 08:00 AM,1114135.92377811
8026,9,12/01/26 09:00 AM,1135207.76442194
8027,10,12/01/26 10:00 AM,1151460.96194297
8028,11,12/01/26 11:00 AM,1161812.50376126
8029,12,12/01/26 12:00 PM,1165581.51147503
8030,13,12/01/26 01:00 PM,1162535.63886464
8031,14,12/01/26 02:00 PM,1152906.9049623
8032,15,12/01/26 03:00 PM,1137375.88325318
8033,16,12/01/26 04:00 PM,1117025.32442453
8034,17,12/01/26 05:00 PM,1093266.37301062
8035,18,12/01/26 06:00 PM,1067742.40585206
8036,19,12/01/26 07:00 PM,1042217.04523553
8037,20,12/01/26 08:00 PM,1018453.97798559
8038,21,12/01/26 09:00 PM,998096.770158669
8039,22,12/01/26 10:00 PM,982556.86728877
8040,23,12/01/26 11:00 PM,972917.412335537
8041,0,12/02/26 12:00 AM,969859.433881132
8042,1,12/02/26 01:00 AM,973620.240641002
8043,2,12/02/26 02:00 AM,983962.852183513
8044,3,12/02/26 03:00 AM,1000206.54238095
8045,4,12/02/26 04:00 AM,1021268.42941419
8046,5,12/02/26 05:00 AM,1045737.26803883
8047,6,12/02/26 06:00 AM,1071969.61796372
8048,7,12/02/26 07:00 AM,1098201.83501025
8049,8,12/02/26 08:00 AM,1122670.25348747
8050,9,12/02/26 09:00 AM,1143731.37003322
8051,10,12/02/26 10:00 AM,1159973.83907139
8052,11,12/02/26 11:00 AM,1170314.64802754
8053,12,12/02/26 12:00 PM,1174072.91850542
8054,13,12/02/26 01:00 PM,1171016.30429091
8055,14,12/02/26 02:00 PM,1161376.82442175
8056,15,12/02/26 03:00 PM,1145835.05238862
8057,16,12/02/26 04:00 PM,1125473.73888432
8058,17,12/02/26 05:00 PM,1101704.02844864
8059,18,12/02/26 06:00 PM,1076169.29792774
8060,19,12/02/26 07:00 PM,1050633.16961382
8061,20,12/02/26 08:00 PM,1026859.330337
8062,21,12/02/26 09:00 PM,1006491.34615922
8063,22,12/02/26 10:00 PM,990940.662620059
8064,23,12/02/26 11:00 PM,981290.422684687
8065,0,12/03/26 12:00 AM,978221.654940819
8066,1,12/03/26 01:00 AM,981971.668109451
8067,2,12/03/26 02:00 AM,992303.481764505
8068,3,12/03/26 03:00 AM,1008536.36978382
8069,4,12/03/26 04:00 AM,1029587.45035383
8070,5,12/03/26 05:00 AM,1054045.47823568
8071,6,12/03/26 06:00 AM,1080267.0131438
8072,7,12/03/26 07:00 AM,1106488.41090513
8073,8,12/03/26 08:00 AM,1130946.0058343
8074,9,12/03/26 09:00 AM,1151996.2945747
8075,10,12/03/26 10:00 AM,1168227.9315558
8076,11,12/03/26 11:00 AM,1178557.90420874
8077,12,12/03/26 12:00 PM,1182305.33414282
8078,13,12/03/26 01:00 PM,1179237.87514953
8079,14,12/03/26 02:00 PM,1169587.54627215
8080,15,12/03/26 03:00 PM,1154034.92100698
8081,16,12/03/26 04:00 PM,1133662.75005238
8082,17,12/03/26 05:00 PM,1109882.17795373
8083,18,12/03/26 06:00 PM,1084336.58156278
8084,19,12/03/26 07:00 PM,1058789.58317732
8085,20,12/03/26 08:00 PM,1035004.86963305
8086,21,12/03/26 09:00 PM,1014626.00699753
8087,22,12/03/26 10:00 PM,999064.440815907
8088,23,12/03/26 11:00 PM,989403.314058964
8089,0,12/04/26 12:00 AM,986323.655320015
8090,1,12/04/26 01:00 AM,990062.773325659
8091,2,12/04/26 02:00 AM,1000383.68765542
8092,3,12/04/26 03:00 AM,1016605.67219274
8093,4,12/04/26 04:00 AM,1037645.84512968
8094,5,12/04/26 05:00 AM,1062092.96123298
8095,6,12/04/26 06:00 AM,1088303.58022268
8096,7,12/04/26 07:00 AM,1114514.05793135
8097,8,12/04/26 08:00 AM,1138960.72867922
8098,9,12/04/26 09:00 AM,1160000.08911533
8099,10,12/04/26 10:00 AM,1176220.79367473
8100,11,12/04/26 11:00 AM,1186539.82979422
8101,12,12/04/26 12:00 PM,1190276.31908871
8102,13,12/04/26 01:00 PM,1187197.9153553
8103,14,12/04/26 02:00 PM,1177536.63764295
8104,15,12/04/26 03:00 PM,1161973.05945354
8105,16,12/04/26 04:00 PM,1141589.9314911
8106,17,12/04/26 05:00 PM,1117798.39830663
8107,18,12/04/26 06:00 PM,1092241.83675752
8108,19,12/04/26 07:00 PM,1066683.86914721
8109,20,12/04/26 08:00 PM,1042888.18231703
8110,21,12/04/26 09:00 PM,1022498.3423402
8111,22,12/04/26 10:00 PM,1006925.79476749
8112,23,12/04/26 11:00 PM,997253.682575361
8113,0,12/05/26 12:00 AM,994163.034362759
8114,1,12/05/26 01:00 AM,997891.158861943
8115,2,12/05/26 02:00 AM,1008201.07565809
8116,3,12/05/26 03:00 AM,1024412.05864031
8117,4,12/05/26 04:00 AM,1045441.22600629
8118,5,12/05/26 05:00 AM,1069877.33252848
8119,6,12/05/26 06:00 AM,1096076.93793256
8120,7,12/05/26 07:00 AM,1122276.39805675
8121,8,12/05/26 08:00 AM,1146712.04722697
8122,9,12/05/26 09:00 AM,1167740.38209792
8123,10,12/05/26 10:00 AM,1183950.05711033
8124,11,12/05/26 11:00 AM,1194258.05970666
8125,12,12/05/26 12:00 PM,1197983.51150751
8126,13,12/05/26 01:00 PM,1194894.06631566
8127,14,12/05/26 02:00 PM,1185221.74318574
8128,15,12/05/26 03:00 PM,1169647.11562531
8129,16,12/05/26 04:00 PM,1149252.93434409
8130,17,12/05/26 05:00 PM,1125450.34389877
8131,18,12/05/26 06:00 PM,1099882.72115241
8132,19,12/05/26 07:00 PM,1074313.68841416
8133,20,12/05/26 08:00 PM,1050506.93253104
8134,21,12/05/26 09:00 PM,1030106.01958195
8135,22,12/05/26 10:00 PM,1014522.39512338
8136,23,12/05/26 11:00 PM,1004839.20213747
8137,0,12/06/26 12:00 AM,1001737.46922887
8138,1,12/06/26 01:00 AM,1005454.50513554
8139,2,12/06/26 02:00 AM,1015753.32944837
8140,3,12/06/26 03:00 AM,1031953.21606217
8141,4,12/06/26 04:00 AM,1052971.28318034
8142,5,12/06/26 05:00 AM,1077396.28558103
8143,6,12/06/26 06:00 AM,1103584.78299563
8144,7,12/06/26 07:00 AM,1129773.1312681
8145,8,12/06/26 08:00 AM,1154197.66473005
8146,9,12/06/26 09:00 AM,1175214.88004191
8147,10,12/06/26 10:00 AM,1191413.43165013
8148,11,12/06/26 11:00 AM,1201710.30700288
8149,12,12/06/26 12:00 PM,1205424.6277265
8150,13,12/06/26 01:00 PM,1202324.04762949
8151,14,12/06/26 02:00 PM,1192640.5857722
8152,15,12/06/26 03:00 PM,1177054.81566794
8153,16,12/06/26 04:00 PM,1156649.48803215
8154,17,12/06/26 05:00 PM,1132835.74742725
8155,18,12/06/26 06:00 PM,1107256.97072205
8156,19,12/06/26 07:00 PM,1081676.78023142
8157,20,12/06/26 08:00 PM,1057858.86280813
8158,21,12/06/26 09:00 PM,1037446.78453681
8159,22,12/06/26 10:00 PM,1021851.99097971
8160,23,12/06/26 11:00 PM,1012157.62512471
8161,0,12/07/26 12:00 AM,1009044.71558221
8162,1,12/07/26 01:00 AM,1012750.57109592
8163,2,12/07/26 02:00 AM,1023038.21126247
8164,3,12/07/26 03:00 AM,1039226.90998243
8165,4,12/07/26 04:00 AM,1060233.78546496
8166,5,12/07/26 05:00 AM,1084647.59249397
8167,6,12/07/26 06:00 AM,1110824.8908066
8168,7,12/07/26 07:00 AM,1137002.03625257
8169,8,12/07/26 08:00 AM,1161415.36316927
8170,9,12/07/26 09:00 AM,1182421.36822287
8171,10,12/07/26 10:00 AM,1198608.70586561
8172,11,12/07/26 11:00 AM,1208894.36355142
8173,12,12/07/26 12:00 PM,1212597.4629124
8174,13,12/07/26 01:00 PM,1209485.65776283
8175,14,12/07/26 02:00 PM,1199790.96716884
8176,15,12/07/26 03:00 PM,1184193.96464952
8177,16,12/07/26 04:00 PM,1163777.40092607
8178,17,12/07/26 05:00 PM,1139952.4205667
8179,18,12/07/26 06:00 PM,1114362.40044601
8180,19,12/07/26 07:00 PM,1088770.96288465
8181,20,12/07/26 08:00 PM,1064941.79474117
8182,21,12/07/26 09:00 PM,1044518.46210599
8183,22,12/07/26 10:00 PM,1028912.41054715
8184,23,12/07/26 11:00 PM,1019206.78305832
8185,0,12/08/26 12:00 AM,1016082.6082557
8186,1,12/08/26 01:00 AM,1019777.19488878
8187,2,12/08/26 02:00 AM,1030053.56256001
8188,3,12/08/26 03:00 AM,1046230.98517574
8189,4,12/08/26 04:00 AM,1067226.58095094
8190,5,12/08/26 05:00 AM,1091629.10467531
8191,6,12/08/26 06:00 AM,1117795.11609182
8192,7,12/08/26 07:00 AM,1143960.97105597
8193,8,12/08/26 08:00 AM,1168363.00391096
8194,9,12/08/26 09:00 AM,1189357.71132879
8195,10,12/08/26 10:00 AM,1205533.7477675
8196,11,12/08/26 11:00 AM,1215808.10068683
8197,12,12/08/26 12:00 PM,1219499.8917247
8198,13,12/08/26 01:00 PM,1216376.77470122
8199,14,12/08/26 02:00 PM,1206670.76868831
8200,15,12/08/26 03:00 PM,1191062.4472109
8201,16,12/08/26 04:00 PM,1170634.56099601
8202,17,12/08/26 05:00 PM,1146798.25461768
8203,18,12/08/26 06:00 PM,1121196.90495632
8204,19,12/08/26 07:00 PM,1095594.13433842
8205,20,12/08/26 08:00 PM,1071753.62962837
8206,21,12/08/26 09:00 PM,1051318.95692241
8207,22,12/08/26 10:00 PM,1035701.56179441
8208,23,12/08/26 11:00 PM,1025984.58724388
8209,0,12/09/26 12:00 AM,1022849.06189285
8210,1,12/09/26 01:00 AM,1026532.29449667
8211,2,12/09/26 02:00 AM,1036797.30466361
8212,3,12/09/26 03:00 AM,1052963.36630587
8213,4,12/09/26 04:00 AM,1073947.59764427
8214,5,12/09/26 05:00 AM,1098338.75347434
8215,6,12/09/26 06:00 AM,1124493.39354491
8216,7,12/09/26 07:00 AM,1150647.87371734
8217,8,12/09/26 08:00 AM,1175038.52834067
8218,9,12/09/26 09:00 AM,1196021.85409274
8219,10,12/09/26 10:00 AM,1212186.50543746
8220,11,12/09/26 11:00 AM,1222449.46984043
8221,12,12/09/26 12:00 PM,1226129.86894543
8222,13,12/09/26 01:00 PM,1222995.35657841
8223,14,12/09/26 02:00 PM,1213277.95181718
8224,15,12/09/26 03:00 PM,1197658.2281925
8225,16,12/09/26 04:00 PM,1177218.93643729
8226,17,12/09/26 05:00 PM,1153371.22113144
8227,18,12/09/26 06:00 PM,1127758.45916124
8228,19,12/09/26 07:00 PM,1102144.27285904
8229,20,12/09/26 08:00 PM,1078292.34909509
8230,21,12/09/26 09:00 PM,1057846.25397154
8231,22,12/09/26 10:00 PM,1042217.4330681
8232,23,12/09/26 11:00 PM,1032489.02939018
8233,0,12/10/26 12:00 AM,1029342.07156569
8234,1,12/10/26 01:00 AM,1033013.86835584
8235,2,12/10/26 02:00 AM,1043267.43937481
8236,3,12/10/26 03:00 AM,1059422.05854066
8237,4,12/10/26 04:00 AM,1080394.84408011
8238,5,12/10/26 05:00 AM,1104774.55079459
8239,6,12/10/26 06:00 AM,1130917.7384388
8240,7,12/10/26 07:00 AM,1157060.76287998
8241,8,12/10/26 08:00 AM,1181439.95847309
8242,9,12/10/26 09:00 AM,1202411.82190187
8243,10,12/10/26 10:00 AM,1218565.0076361
8244,11,12/10/26 11:00 AM,1228816.50314729
8245,12,12/10/26 12:00 PM,1232485.43008512
8246,13,12/10/26 01:00 PM,1229339.44228144
8247,14,12/10/26 02:00 PM,1219610.55881996
8248,15,12/10/26 03:00 PM,1203979.35323737
8249,16,12/10/26 04:00 PM,1183528.57627246
8250,17,12/10/26 05:00 PM,1159669.37251105
8251,18,12/10/26 06:00 PM,1134045.11884533
8252,19,12/10/26 07:00 PM,1108419.43761357
8253,20,12/10/26 08:00 PM,1084556.01569194
8254,21,12/10/26 09:00 PM,1064098.41918847
8255,22,12/10/26 10:00 PM,1048458.09368884
8256,23,12/10/26 11:00 PM,1038718.18220433
8257,0,12/11/26 12:00 AM,1035559.7133688
8258,1,12/11/26 01:00 AM,1039219.99594937
8259,2,12/11/26 02:00 AM,1049462.04956614
8260,3,12/11/26 03:00 AM,1065605.14814311
8261,4,12/11/26 04:00 AM,1086566.40991291
8262,5,12/11/26 05:00 AM,1110934.58968289
8263,6,12/11/26 06:00 AM,1137066.24721371
8264,7,12/11/26 07:00 AM,1163197.73837853
8265,8,12/11/26 08:00 AM,1187565.39753823
8266,9,12/11/26 09:00 AM,1208525.72138249
8267,10,12/11/26 10:00 AM,1224667.36438703
8268,11,12/11/26 11:00 AM,1234907.3140293
8269,12,12/11/26 12:00 PM,1238564.69196492
8270,13,12/11/26 01:00 PM,1235407.15203168
8271,14,12/11/26 02:00 PM,1225666.71331923
8272,15,12/11/26 03:00 PM,1210023.9493702
8273,16,12/11/26 04:00 PM,1189561.61092934
8274,17,12/11/26 05:00 PM,1165690.8425884
8275,18,12/11/26 06:00 PM,1140055.02124553
8276,19,12/11/26 07:00 PM,1114417.76924495
8277,20,12/11/26 08:00 PM,1090542.77346878
8278,21,12/11/26 09:00 PM,1070073.60003101
8279,22,12/11/26 10:00 PM,1054421.69452326
8280,23,12/11/26 11:00 PM,1044670.19996279
8281,0,12/12/26 12:00 AM,1041500.14498939
8282,1,12/12/26 01:00 AM,1045148.83837618
8283,2,12/12/26 02:00 AM,1055379.29974918
8284,3,12/12/26 03:00 AM,1071510.80303837
8285,4,12/12/26 04:00 AM,1092460.46648236
8286,5,12/12/26 05:00 AM,1116817.04489445
8287,6,12/12/26 06:00 AM,1142937.09804126
8288,7,12/12/26 07:00 AM,1169056.98180194
8289,8,12/12/26 08:00 AM,1193413.03054334
8290,9,12/12/26 09:00 AM,1214361.74096109
8291,10,12/12/26 10:00 AM,1230491.76753691
8292,11,12/12/26 11:00 AM,1240720.09775421
8293,12,12/12/26 12:00 PM,1244365.85327459
8294,13,12/12/26 01:00 PM,1241196.68794183
8295,14,12/12/26 02:00 PM,1231444.62085155
8296,15,12/12/26 03:00 PM,1215790.22555236
8297,16,12/12/26 04:00 PM,1195316.25279499
8298,17,12/12/26 05:00 PM,1171433.84717719
8299,18,12/12/26 06:00 PM,1145786.38560309
8300,19,12/12/26 07:00 PM,1120137.4904229
8301,20,12/12/26 08:00 PM,1096250.84852471
8302,21,12/12/26 09:00 PM,1075770.02602854
8303,22,12/12/26 10:00 PM,1060106.46853197
8304,23,12/12/26 11:00 PM,1050343.31905826
8305,0,12/13/26 12:00 AM,1047161.60625321
8306,1,12/13/26 01:00 AM,1050798.63889592
8307,2,12/13/26 02:00 AM,1061017.43661841
8308,3,12/13/26 03:00 AM,1077137.27335668
8309,4,12/13/26 04:00 AM,1098075.26735532
8310,5,12/13/26 05:00 AM,1122420.17343364
8311,6,12/13/26 06:00 AM,1148528.55136427
8312,7,12/13/26 07:00 AM,1174636.75703236
8313,8,12/13/26 08:00 AM,1198981.12481076
8314,9,12/13/26 09:00 AM,1219918.15140113
8315,10,12/13/26 10:00 AM,1236036.49129118
8316,11,12/13/26 11:00 AM,1246253.13197035
8317,12,12/13/26 12:00 PM,1249887.19510624
8318,13,12/13/26 01:00 PM,1246706.33454864
8319,14,12/13/26 02:00 PM,1236942.5693992
8320,15,12/13/26 03:00 PM,1221276.47321254
8321,16,12/13/26 04:00 PM,1200790.79674542
8322,17,12/13/26 05:00 PM,1176896.6846016
8323,18,12/13/26 06:00 PM,1151237.51369124
8324,19,12/13/26 07:00 PM,1125576.90637055
8325,20,12/13/26 08:00 PM,1101678.54953369
8326,21,12/13/26 09:00 PM,1081186.00930666
8327,22,12/13/26 10:00 PM,1065510.7312931
8328,23,12/13/26 11:00 PM,1055735.85852228
8329,0,12/14/26 12:00 AM,1052542.41964604
8330,1,12/14/26 01:00 AM,1056167.72344951
8331,2,12/14/26 02:00 AM,1066374.78957075
8332,3,12/14/26 03:00 AM,1082482.89195179
8333,4,12/14/26 04:00 AM,1103409.14884325
8334,5,12/14/26 05:00 AM,1127742.31507049
8335,6,12/14/26 06:00 AM,1153838.95041217
8336,7,12/14/26 07:00 AM,1179935.41075948
8337,8,12/14/26 08:00 AM,1204268.03049132
8338,9,12/14/26 09:00 AM,1225193.30631539
8339,10,12/14/26 10:00 AM,1241299.89272544
8340,11,12/14/26 11:00 AM,1251504.77721696
8341,12,12/14/26 12:00 PM,1255127.0814636
8342,13,12/14/26 01:00 PM,1251934.4593212
8343,14,12/14/26 02:00 PM,1242158.92989746
8344,15,12/14/26 03:00 PM,1226481.06675305
8345,16,12/14/26 04:00 PM,1205983.62065079
8346,17,12/14/26 05:00 PM,1182077.73620048
8347,18,12/14/26 06:00 PM,1156406.79031834
8348,19,12/14/26 07:00 PM,1130734.40536665
8349,20,12/14/26 08:00 PM,1106824.26824561
8350,21,12/14/26 09:00 PM,1086319.9450873
8351,22,12/14/26 10:00 PM,1070632.88150141
8352,23,12/14/26 11:00 PM,1060846.22052328
8353,0,12/15/26 12:00 AM,1057640.9908108
8354,1,12/15/26 01:00 AM,1061254.50115517
8355,2,12/15/26 02:00 AM,1071449.77120053
8356,3,12/15/26 03:00 AM,1087546.07489497
8357,4,12/15/26 04:00 AM,1108460.53049517
8358,5,12/15/26 05:00 AM,1132781.89283258
8359,6,12/15/26 06:00 AM,1158866.72169192
8360,7,12/15/26 07:00 AM,1184951.37297045
8361,8,12/15/26 08:00 AM,1209272.18105316
8362,9,12/15/26 09:00 AM,1230185.64265381
8363,10,12/15/26 10:00 AM,1246280.41227224
8364,11,12/15/26 11:00 AM,1256473.47741001
8365,12,12/15/26 12:00 PM,1260083.95974686
8366,13,12/15/26 01:00 PM,1256879.5131447
8367,14,12/15/26 02:00 PM,1247092.15671732
8368,15,12/15/26 03:00 PM,1231402.46403147
8369,16,12/15/26 04:00 PM,1210893.18585606
8370,17,12/15/26 05:00 PM,1186975.46680698
8371,18,12/15/26 06:00 PM,1161292.68380652
8372,19,12/15/26 07:00 PM,1135608.45922307
8373,20,12/15/26 08:00 PM,1111686.47996292
8374,21,12/15/26 09:00 PM,1091170.31216422
8375,22,12/15/26 10:00 PM,1075471.40144277
8376,23,12/15/26 11:00 PM,1065672.89084001
8377,0,12/16/26 12:00 AM,1062455.80901992
8378,1,12/16/26 01:00 AM,1066057.46477979
8379,2,12/16/26 02:00 AM,1076240.87776987
8380,3,12/16/26 03:00 AM,1092325.32194433
8381,4,12/16/26 04:00 AM,1113227.91556597
8382,5,12/16/26 05:00 AM,1137537.41347234
8383,6,12/16/26 06:00 AM,1163610.37545426
8384,7,12/16/26 07:00 AM,1189683.15741509
8385,8,12/16/26 08:00 AM,1213992.09374593
8386,9,12/16/26 09:00 AM,1234893.68116665
8387,10,12/16/26 10:00 AM,1250976.57418321
8388,11,12/16/26 11:00 AM,1261157.76030325
8389,12,12/16/26 12:00 PM,1264756.36121263
8390,13,12/16/26 01:00 PM,1261540.03077939
8391,14,12/16/26 02:00 PM,1251740.78812342
8392,15,12/16/26 03:00 PM,1236039.20681759
8393,16,12/16/26 04:00 PM,1215518.03763691
8394,17,12/16/26 05:00 PM,1191588.42520341
8395,18,12/16/26 06:00 PM,1165893.74644549
8396,19,12/16/26 07:00 PM,1140197.62373766
8397,20,12/16/26 08:00 PM,1116263.74399231
8398,21,12/16/26 09:00 PM,1095735.67335375
8399,22,12/16/26 10:00 PM,1080024.85744388
8400,23,12/16/26 11:00 PM,1070214.43931026
8401,0,12/17/26 12:00 AM,1066985.447623
8402,1,12/17/26 01:00 AM,1070575.19118553
8403,2,12/17/26 02:00 AM,1080746.68965421
8404,3,12/17/26 03:00 AM,1096819.21698936
8405,4,12/17/26 04:00 AM,1117709.89145989
8406,5,12/17/26 05:00 AM,1142007.46790949
8407,6,12/17/26 06:00 AM,1168068.50613511
8408,7,12/17/26 07:00 AM,1194129.36204626
8409,8,12/17/26 08:00 AM,1218426.37004014
8410,9,12/17/26 09:00 AM,1239316.02684279
8411,10,12/17/26 10:00 AM,1255386.98696628
8412,11,12/17/26 11:00 AM,1265556.23792442
8413,12,12/17/26 12:00 PM,1269142.90140919
8414,13,12/17/26 01:00 PM,1265914.63129477
8415,14,12/17/26 02:00 PM,1256103.4467072
8416,15,12/17/26 03:00 PM,1240389.92122549
8417,16,12/17/26 04:00 PM,1219856.80563079
8418,17,12/17/26 05:00 PM,1195915.24455128
8419,18,12/17/26 06:00 PM,1170208.61492151
8420,19,12/17/26 07:00 PM,1144500.53912213
8421,20,12/17/26 08:00 PM,1120554.70407169
8422,21,12/17/26 09:00 PM,1100014.67592063
8423,22,12/17/26 10:00 PM,1084291.90029702
8424,23,12/17/26 11:00 PM,1074469.52025457
8425,0,12/18/26 12:00 AM,1071228.56446955
8426,1,12/18/26 01:00 AM,1074806.34175153
8427,2,12/18/26 02:00 AM,1084965.87176303
8428,3,12/18/26 03:00 AM,1101026.42847052
8429,4,12/18/26 04:00 AM,1121905.13014908
8430,5,12/18/26 05:00 AM,1146190.73164856
8431,6,12/18/26 06:00 AM,1172239.79277206
8432,7,12/18/26 07:00 AM,1198288.66943526
8433,8,12/18/26 08:00 AM,1222573.69604152
8434,9,12/18/26 09:00 AM,1243451.36932304
8435,10,12/18/26 10:00 AM,1259510.34379806
8436,11,12/18/26 11:00 AM,1269667.60698656
8437,12,12/18/26 12:00 PM,1273242.28058667
8438,13,12/18/26 01:00 PM,1270002.01847876
8439,14,12/18/26 02:00 PM,1260178.83979501
8440,15,12/18/26 03:00 PM,1244453.31812063
8441,16,12/18/26 04:00 PM,1223908.20424293
8442,17,12/18/26 05:00 PM,1199954.64279625
8443,18,12/18/26 06:00 PM,1174236.01072133
8444,19,12/18/26 07:00 PM,1148515.93040499
8445,20,12/18/26 08:00 PM,1124558.08877195
8446,21,12/18/26 09:00 PM,1104006.05197885
8447,22,12/18/26 10:00 PM,1088271.2656599
8448,23,12/18/26 11:00 PM,1078436.87287501
8449,0,12/19/26 12:00 AM,1075183.90230662
8450,1,12/19/26 01:00 AM,1078749.66277049
8451,2,12/19/26 02:00 AM,1088897.17393533
8452,3,12/19/26 03:00 AM,1104945.70977377
8453,4,12/19/26 04:00 AM,1125812.3885671
8454,5,12/19/26 05:00 AM,1150085.96517133
8455,6,12/19/26 06:00 AM,1176122.99939576
8456,7,12/19/26 07:00 AM,1202159.84716225
8457,8,12/19/26 08:00 AM,1226432.84288036
8458,9,12/19/26 09:00 AM,1247298.48328847
8459,10,12/19/26 10:00 AM,1263345.422911
8460,11,12/19/26 11:00 AM,1273490.64927413
8461,12,12/19/26 12:00 PM,1277053.2840822
8462,13,12/19/26 01:00 PM,1273800.98122175
8463,14,12/19/26 02:00 PM,1263965.75983116
8464,15,12/19/26 03:00 PM,1248228.19350184
8465,16,12/19/26 04:00 PM,1227671.03302729
8466,17,12/19/26 05:00 PM,1203705.42304805
8467,18,12/19/26 06:00 PM,1177974.74051106
8468,19,12/19/26 07:00 PM,1152242.60780934
8469,20,12/19/26 08:00 PM,1128272.7118738
8470,21,12/19/26 09:00 PM,1107708.61886728
8471,22,12/19/26 10:00 PM,1091961.77443022
8472,23,12/19/26 11:00 PM,1082115.3216287
8473,0,12/20/26 12:00 AM,1078850.28915139
8474,1,12/20/26 01:00 AM,1082403.98582023
8475,2,12/20/26 02:00 AM,1092539.43131015
8476,3,12/20/26 03:00 AM,1108575.89959999
8477,4,12/20/26 04:00 AM,1129430.50897724
8478,5,12/20/26 05:00 AM,1153692.01430412
8479,6,12/20/26 06:00 AM,1179716.97539615
8480,7,12/20/26 07:00 AM,1205741.74818138
8481,8,12/20/26 08:00 AM,1230002.6670756
8482,9,12/20/26 09:00 AM,1250856.2288234
8483,10,12/20/26 10:00 AM,1266891.08795542
8484,11,12/20/26 11:00 AM,1277024.23200403
8485,12,12/20/26 12:00 PM,1280574.78267981
8486,13,12/20/26 01:00 PM,1277310.39387549
8487,14,12/20/26 02:00 PM,1267463.08473571
8488,15,12/20/26 03:00 PM,1251713.42885805
8489,16,12/20/26 04:00 PM,1231144.17704226
8490,17,12/20/26 05:00 PM,1207166.4739351
8491,18,12/20/26 06:00 PM,1181423.69648972
8492,19,12/20/26 07:00 PM,1155679.46710535
8493,20,12/20/26 08:00 PM,1131697.47271916
8494,21,12/20/26 09:00 PM,1111121.27950018
8495,22,12/20/26 10:00 PM,1095362.33309509
8496,23,12/20/26 11:00 PM,1085503.77657619
8497,0,12/21/26 12:00 AM,1082226.63863838
8498,1,12/21/26 01:00 AM,1085768.22810983
8499,2,12/21/26 02:00 AM,1095891.56467168
8500,3,12/21/26 03:00 AM,1111915.92230903
8501,4,12/21/26 04:00 AM,1132758.41931558
8502,5,12/21/26 05:00 AM,1157007.81055978
8503,6,12/21/26 06:00 AM,1183020.65586338
8504,7,12/21/26 07:00 AM,1209033.31116069
8505,8,12/21/26 08:00 AM,1233282.1108737
8506,9,12/21/26 09:00 AM,1254123.55175325
8507,10,12/21/26 10:00 AM,1270146.2883362
8508,11,12/21/26 11:00 AM,1280267.30816119
8509,12,12/21/26 12:00 PM,1283805.732945
8510,13,12/21/26 01:00 PM,1280529.21658662
8511,14,12/21/26 02:00 PM,1270669.77823692
8512,15,12/21/26 03:00 PM,1254907.99149973
8513,16,12/21/26 04:00 PM,1234326.60718103
8514,17,12/21/26 05:00 PM,1210336.76993381
8515,18,12/21/26 06:00 PM,1184581.85671749
8516,19,12/21/26 07:00 PM,1158825.48993753
8517,20,12/21/26 08:00 PM,1134831.35653733
8518,21,12/21/26 09:00 PM,1114243.0226922
8519,22,12/21/26 10:00 PM,1098471.93405502
8520,23,12/21/26 11:00 PM,1088601.23370437
8521,0,12/22/26 12:00 AM,1085311.95034138
8522,1,12/22/26 01:00 AM,1088841.39280048
8523,2,12/22/26 02:00 AM,1098952.58076906
8524,3,12/22/26 03:00 AM,1114964.78823846
8525,4,12/22/26 04:00 AM,1135795.13350862
8526,5,12/22/26 05:00 AM,1160032.37145427
8527,6,12/22/26 06:00 AM,1186033.06190339
8528,7,12/22/26 07:00 AM,1212033.56079655
8529,8,12/22/26 08:00 AM,1236270.20256199
8530,9,12/22/26 09:00 AM,1257099.48395681
8531,10,12/22/26 10:00 AM,1273110.05952413
8532,11,12/22/26 11:00 AM,1283218.91680883
8533,12,12/22/26 12:00 PM,1286745.17753396
8534,13,12/22/26 01:00 PM,1283456.49560476
8535,14,12/22/26 02:00 PM,1273584.89017836
8536,15,12/22/26 03:00 PM,1257810.93486484
8537,16,12/22/26 04:00 PM,1237217.38047647
8538,17,12/22/26 05:00 PM,1213215.37167248
8539,18,12/22/26 06:00 PM,1187448.28541854
8540,19,12/22/26 07:00 PM,1161679.74412639
8541,20,12/22/26 08:00 PM,1137673.43474569
8542,21,12/22/26 09:00 PM,1117072.923458
8543,22,12/22/26 10:00 PM,1101289.65592248
8544,23,12/22/26 11:00 PM,1091406.77522398
8545,0,12/23/26 12:00 AM,1088105.31006988
8546,1,12/23/26 01:00 AM,1091622.56930089
8547,2,12/23/26 02:00 AM,1101721.57261065
8548,3,12/23/26 03:00 AM,1117721.59399678
8549,4,12/23/26 04:00 AM,1138539.7517655
8550,5,12/23/26 05:00 AM,1162764.80079778
8551,6,12/23/26 06:00 AM,1188753.3009279
8552,7,12/23/26 07:00 AM,1214741.60810268
8553,8,12/23/26 08:00 AM,1238966.05675665
8554,9,12/23/26 09:00 AM,1259783.14365317
8555,10,12/23/26 10:00 AM,1275781.52334163
8556,11,12/23/26 11:00 AM,1285878.18337319
8557,12,12/23/26 12:00 PM,1289392.24547718
8558,13,12/23/26 01:00 PM,1286091.36356511
8559,14,12/23/26 02:00 PM,1276207.55680039
8560,15,12/23/26 03:00 PM,1260421.39879937
8561,16,12/23/26 04:00 PM,1239815.64038059
8562,17,12/23/26 05:00 PM,1215801.42620958
8563,18,12/23/26 06:00 PM,1190022.13325828
8564,19,12/23/26 07:00 PM,1164241.3839447
8565,20,12/23/26 08:00 PM,1140222.86522479
8566,21,12/23/26 09:00 PM,1119610.14328638
8567,22,12/23/26 10:00 PM,1103814.66379493
8568,23,12/23/26 11:00 PM,1093919.56984156
8569,0,12/24/26 12:00 AM,1090605.89013993
8570,1,12/24/26 01:00 AM,1094110.93353703
8571,2,12/24/26 02:00 AM,1104197.7197328
8572,3,12/24/26 03:00 AM,1120185.52273114
8573,4,12/24/26 04:00 AM,1140991.46084454
8574,5,12/24/26 05:00 AM,1165204.28896029
8575,6,12/24/26 06:00 AM,1191180.56691892
8576,7,12/24/26 07:00 AM,1217156.65067356
8577,8,12/24/26 08:00 AM,1241368.87466501
8578,9,12/24/26 09:00 AM,1262173.73566293
8579,10,12/24/26 10:00 AM,1278159.88822301
8580,11,12/24/26 11:00 AM,1288244.31990269
8581,12,12/24/26 12:00 PM,1291746.15243758
8582,13,12/24/26 01:00 PM,1288433.0397455
8583,14,12/24/26 02:00 PM,1278537.00099613
8584,15,12/24/26 03:00 PM,1262738.60981213
8585,16,12/24/26 04:00 PM,1242120.61701834
8586,17,12/24/26 05:00 PM,1218094.16728656
8587,18,12/24/26 06:00 PM,1192302.63759503
8588,19,12/24/26 07:00 PM,1166509.65036807
8589,20,12/24/26 08:00 PM,1142478.89256791
8590,21,12/24/26 09:00 PM,1121853.9303887
8591,22,12/24/26 10:00 PM,1106046.20950217
8592,23,12/24/26 11:00 PM,1096138.87300574
8593,0,12/25/26 12:00 AM,1092812.94961938
8594,1,12/25/26 01:00 AM,1096305.74819638
8595,2,12/25/26 02:00 AM,1106380.28844297
8596,3,12/25/26 03:00 AM,1122355.84436934
8597,4,12/25/26 04:00 AM,1143149.53429431
8598,5,12/25/26 05:00 AM,1167350.11311144
8599,6,12/25/26 06:00 AM,1193314.14066758
8600,7,12/25/26 07:00 AM,1219277.97292215
8601,8,12/25/26 08:00 AM,1243477.94432227
8602,9,12/25/26 09:00 AM,1264270.55164389
8603,10,12/25/26 10:00 AM,1280244.449449
8604,11,12/25/26 11:00 AM,1290316.62530135
8605,12,12/25/26 12:00 PM,1293806.20094286
8606,13,12/25/26 01:00 PM,1290480.83029765
8607,14,12/25/26 02:00 PM,1280572.5325417
8608,15,12/25/26 03:00 PM,1264761.881304
8609,16,12/25/26 04:00 PM,1244131.62741565
8610,17,12/25/26 05:00 PM,1220092.91555481
8611,18,12/25/26 06:00 PM,1194289.122706
8612,19,12/25/26 07:00 PM,1168483.87129985
8613,20,12/25/26 08:00 PM,1144440.84830491
8614,21,12/25/26 09:00 PM,1123803.61992162
8615,22,12/25/26 10:00 PM,1107983.63182804
8616,23,12/25/26 11:00 PM,1098064.02712789
8617,0,12/26/26 12:00 AM,1094725.83454746
8618,1,12/26/26 01:00 AM,1098206.36294633
8619,2,12/26/26 02:00 AM,1108268.63203707
8620,3,12/26/26 03:00 AM,1124231.91583617
8621,4,12/26/26 04:00 AM,1145013.33266876
8622,5,12/26/26 05:00 AM,1169201.63743472
8623,6,12/26/26 06:00 AM,1195153.38998721
8624,7,12/26/26 07:00 AM,1221104.94629197
8625,8,12/26/26 08:00 AM,1245292.64080243
8626,9,12/26/26 09:00 AM,1266072.97030085
8627,10,12/26/26 10:00 AM,1282034.58935555
8628,11,12/26/26 11:00 AM,1292094.48553659
8629,12,12/26/26 12:00 PM,1295571.7805922
8630,13,12/26/26 01:00 PM,1292234.12845282
8631,14,12/26/26 02:00 PM,1282313.54830076
8632,15,12/26/26 03:00 PM,1266490.61377131
8633,16,12/26/26 04:00 PM,1245848.07570192
8634,17,12/26/26 05:00 PM,1221797.07877702
8635,18,12/26/26 06:00 PM,1195980.9999875
8636,19,12/26/26 07:00 PM,1170163.46177028
8637,20,12/26/26 08:00 PM,1146108.15110024
8638,21,12/26/26 09:00 PM,1125458.63418414
8639,22,12/26/26 10:00 PM,1109626.35670636
8640,23,12/26/26 11:00 PM,1099694.46177695
8641,0,12/27/26 12:00 AM,1096343.97812851
8642,1,12/27/26 01:00 AM,1099812.21462695
8643,2,12/27/26 02:00 AM,1109862.19099117
8644,3,12/27/26 03:00 AM,1125813.18124397
8645,4,12/27/26 04:00 AM,1146582.30371681
8646,5,12/27/26 05:00 AM,1170758.31331589
8647,6,12/27/26 06:00 AM,1196697.76990071
8648,7,12/27/26 07:00 AM,1222637.02944332
8649,8,12/27/26 08:00 AM,1246812.42640348
8650,9,12/27/26 09:00 AM,1267580.45756978
8651,10,12/27/26 10:00 AM,1283529.77751686
8652,11,12/27/26 11:00 AM,1293577.37382111
8653,12,12/27/26 12:00 PM,1297042.36823709
8654,13,12/27/26 01:00 PM,1293692.41470157
8655,14,12/27/26 02:00 PM,1283759.53240319
8656,15,12/27/26 03:00 PM,1267924.29498356
8657,16,12/27/26 04:00 PM,1247269.45328645
8658,17,12/27/26 05:00 PM,1223206.15200265
8659,18,12/27/26 06:00 PM,1197377.76812934
8660,19,12/27/26 07:00 PM,1171547.92410981
8661,20,12/27/26 08:00 PM,1147480.30692524
8662,21,12/27/26 09:00 PM,1126818.48278874
8663,22,12/27/26 10:00 PM,1110973.89739101
8664,23,12/27/26 11:00 PM,1101029.69384843
8665,0,12/28/26 12:00 AM,1097666.90089994
8666,1,12/28/26 01:00 AM,1101122.82741779
8667,2,12/28/26 02:00 AM,1111160.49312719
8668,3,12/28/26 03:00 AM,1127099.17205729
8669,4,12/28/26 04:00 AM,1147855.98254588
8670,5,12/28/26 05:00 AM,1172019.67950549
8671,6,12/28/26 06:00 AM,1197946.82280196
8672,7,12/28/26 07:00 AM,1223873.76841366
8673,8,12/28/26 08:00 AM,1248036.8508067
8674,9,12/28/26 09:00 AM,1268792.566776
8675,10,12/28/26 10:00 AM,1284729.57090254
8676,11,12/28/26 11:00 AM,1294764.85076904
8677,12,12/28/26 12:00 PM,1298217.5281364
8678,13,12/28/26 01:00 PM,1294855.25694771
8679,14,12/28/26 02:00 PM,1284910.05639796
8680,15,12/28/26 03:00 PM,1269062.50013511
8681,16,12/28/26 04:00 PM,1248395.33900925
8682,17,12/28/26 05:00 PM,1224319.7177175
8683,18,12/28/26 06:00 PM,1198479.0132634
8684,19,12/28/26 07:00 PM,1172636.84809656
8685,20,12/28/26 08:00 PM,1148556.90920451
8686,21,12/28/26 09:00 PM,1127882.76280669
8687,22,12/28/26 10:00 PM,1112025.85460015
8688,23,12/28/26 11:00 PM,1102069.3277076
8689,0,12/29/26 12:00 AM,1098694.21087432
8690,1,12/29/26 01:00 AM,1102137.8129789
8691,2,12/29/26 02:00 AM,1112163.15375289
8692,3,12/29/26 03:00 AM,1128089.50723179
8693,4,12/29/26 04:00 AM,1148833.99175971
8694,5,12/29/26 05:00 AM,1172985.36225555
8695,6,12/29/26 06:00 AM,1198900.17859145
8696,7,12/29/26 07:00 AM,1224814.79675217
8697,8,12/29/26 08:00 AM,1248965.55121013
8698,9,12/29/26 09:00 AM,1269708.93876659
8699,10,12/29/26 10:00 AM,1285633.61400889
8700,11,12/29/26 11:00 AM,1295656.56452608
8701,12,12/29/26 12:00 PM,1299096.9120854
8702,13,12/29/26 01:00 PM,1295722.31063631
8703,14,12/29/26 02:00 PM,1285764.7793801
8704,15,12/29/26 03:00 PM,1269904.8919711
8705,16,12/29/26 04:00 PM,1249225.39926574
8706,17,12/29/26 05:00 PM,1225137.44596749
8707,18,12/29/26 06:00 PM,1199284.40908622
8708,19,12/29/26 07:00 PM,1173429.91107789
8709,20,12/29/26 08:00 PM,1149337.63893638
8710,21,12/29/26 09:00 PM,1128651.15888747
8711,22,12/29/26 10:00 PM,1112781.91663454
8712,23,12/29/26 11:00 PM,1102813.05530668
8713,0,12/30/26 12:00 AM,1099425.60365548
8714,1,12/30/26 01:00 AM,1102856.8705659
8715,2,12/30/26 02:00 AM,1112869.87577582
8716,3,12/30/26 03:00 AM,1128783.89332708
8717,4,12/30/26 04:00 AM,1149516.04157017
8718,5,12/30/26 05:00 AM,1173655.07543029
8719,6,12/30/26 06:00 AM,1199557.55478597
8720,7,12/30/26 07:00 AM,1225459.83562828
8721,8,12/30/26 08:00 AM,1249598.25243601
8722,9,12/30/26 09:00 AM,1270329.30201677
8723,10,12/30/26 10:00 AM,1286241.63896422
8724,11,12/30/26 11:00 AM,1296252.25087378
8725,12,12/30/26 12:00 PM,1299680.25951904
8726,13,12/30/26 01:00 PM,1296293.31885578
8727,14,12/30/26 02:00 PM,1286323.44809168
8728,15,12/30/26 03:00 PM,1270451.22088738
8729,16,12/30/26 04:00 PM,1249759.38810568
8730,17,12/30/26 05:00 PM,1225659.09445638
8731,18,12/30/26 06:00 PM,1199793.71695572
8732,19,12/30/26 07:00 PM,1173926.87806599
8733,20,12/30/26 08:00 PM,1149822.26478742
8734,21,12/30/26 09:00 PM,1129123.44335215
8735,22,12/30/26 10:00 PM,1113241.85946991
8736,23,12/30/26 11:00 PM,1103260.65627612
8737,0,12/31/26 12:00 AM,1099860.86252874
8738,1,12/31/26 01:00 AM,1103279.78711906
8739,2,12/31/26 02:00 AM,1113280.44979132
8740,3,12/31/26 03:00 AM,1129182.12459372
8741,4,12/31/26 04:00 AM,1149901.92988308
8742,5,12/31/26 05:00 AM,1174028.62059096
8743,6,12/31/26 06:00 AM,1199918.75660224
8744,7,12/31/26 07:00 AM,1225808.69391434
8745,8,12/31/26 08:00 AM,1249934.76701239
8746,9,12/31/26 09:00 AM,1270653.47271035
8747,10,12/31/26 10:00 AM,1286553.46560825
8748,11,12/31/26 11:00 AM,1296551.73330784
8749,12,12/31/26 12:00 PM,1299967.39758907
8750,13,12/31/26 01:00 PM,1296568.11241407
8751,14,12/31/26 02:00 PM,1286585.89699687
8752,15,12/31/26 03:00 PM,1270701.32500445
8753,16,12/31/26 04:00 PM,1249997.14730597
8754,17,12/31/26 05:00 PM,1225884.50861758
8755,18,12/31/26 06:00 PM,1200006.78596187
8756,19,12/31/26 07:00 PM,1174127.60180749
8757,20,12/31/26 08:00 PM,1150010.64316101
8758,21,12/31/26 09:00 PM,1129299.47626091
8759,22,12/31/26 10:00 PM,1113405.54682329
8760,23,12/31/26 11:00 PM,1103411.99798992
