"year","gcm","ssp","avg"
"2015","CMCC-CM2-SR5","ssp126","10.27754389299093"
"2015","CMCC-CM2-SR5","ssp245","9.451219883585932"
"2015","CMCC-CM2-SR5","ssp370","10.63368418171617"
"2015","CMCC-CM2-SR5","ssp585","9.57916512310608"
"2015","EC-Earth3-Veg","ssp126","12.403772749340526"
"2015","EC-Earth3-Veg","ssp245","11.383953703621394"
"2015","EC-Earth3-Veg","ssp370","11.588939831093418"
"2015","EC-Earth3-Veg","ssp585","12.516290839703926"
"2015","IPSL-CM6A-LR","ssp126","11.916842071537527"
"2015","IPSL-CM6A-LR","ssp245","11.29196758600224"
"2015","IPSL-CM6A-LR","ssp370","11.450410543715998"
"2015","IPSL-CM6A-LR","ssp585","12.20076384420478"
"2015","MIROC6","ssp126","11.987147731151108"
"2015","MIROC6","ssp245","11.37904253942726"
"2015","MIROC6","ssp370","11.122770465430309"
"2015","MIROC6","ssp585","11.718110862693358"
"2015","MPI-ESM1-2-HR","ssp126","11.372752382252902"
"2015","MPI-ESM1-2-HR","ssp245","10.392083462535618"
"2015","MPI-ESM1-2-HR","ssp370","11.682199331482455"
"2015","MPI-ESM1-2-HR","ssp585","11.28920073592495"
"2015","NorESM2-MM","ssp126","12.112270202675248"
"2015","NorESM2-MM","ssp245","10.614072677419731"
"2015","NorESM2-MM","ssp370","10.861043385900668"
"2015","NorESM2-MM","ssp585","11.24377060781821"
"2016","CMCC-CM2-SR5","ssp126","11.115071970909481"
"2016","CMCC-CM2-SR5","ssp245","11.809134414576501"
"2016","CMCC-CM2-SR5","ssp370","10.322934968850225"
"2016","CMCC-CM2-SR5","ssp585","10.95782053072732"
"2016","EC-Earth3-Veg","ssp126","12.288018669791008"
"2016","EC-Earth3-Veg","ssp245","10.927341224561342"
"2016","EC-Earth3-Veg","ssp370","10.882579834850825"
"2016","EC-Earth3-Veg","ssp585","11.852352328941066"
"2016","IPSL-CM6A-LR","ssp126","9.820534364350134e+36"
"2016","IPSL-CM6A-LR","ssp245","11.082445369754009"
"2016","IPSL-CM6A-LR","ssp370","11.578237188879843"
"2016","IPSL-CM6A-LR","ssp585","11.657088366545937"
"2016","MIROC6","ssp126","11.586608395218404"
"2016","MIROC6","ssp245","10.922207544760933"
"2016","MIROC6","ssp370","11.779624998771803"
"2016","MIROC6","ssp585","12.474191457056694"
"2016","MPI-ESM1-2-HR","ssp126","12.158548627168539"
"2016","MPI-ESM1-2-HR","ssp245","10.297513992472547"
"2016","MPI-ESM1-2-HR","ssp370","11.086543068227838"
"2016","MPI-ESM1-2-HR","ssp585","10.330672857534864"
"2016","NorESM2-MM","ssp126","10.766771388782844"
"2016","NorESM2-MM","ssp245","12.466157631095117"
"2016","NorESM2-MM","ssp370","10.4857038081801"
"2016","NorESM2-MM","ssp585","11.6833778971336"
"2017","CMCC-CM2-SR5","ssp126","11.105479372114146"
"2017","CMCC-CM2-SR5","ssp245","9.94377663940272"
"2017","CMCC-CM2-SR5","ssp370","10.44569787585092"
"2017","CMCC-CM2-SR5","ssp585","10.71970709397029"
"2017","EC-Earth3-Veg","ssp126","12.365058220236255"
"2017","EC-Earth3-Veg","ssp245","11.057075256486817"
"2017","EC-Earth3-Veg","ssp370","11.524755954659293"
"2017","EC-Earth3-Veg","ssp585","11.574000878951347"
"2017","IPSL-CM6A-LR","ssp126","12.187423788143171"
"2017","IPSL-CM6A-LR","ssp245","12.759055813763622"
"2017","IPSL-CM6A-LR","ssp370","11.766478586907265"
"2017","IPSL-CM6A-LR","ssp585","12.354950175520786"
"2017","MIROC6","ssp126","12.229302457890146"
"2017","MIROC6","ssp245","11.606657408452572"
"2017","MIROC6","ssp370","10.14839897080073"
"2017","MIROC6","ssp585","11.649997832894359"
"2017","MPI-ESM1-2-HR","ssp126","11.09175431231461"
"2017","MPI-ESM1-2-HR","ssp245","10.02870380570017"
"2017","MPI-ESM1-2-HR","ssp370","11.434811493390788"
"2017","MPI-ESM1-2-HR","ssp585","11.45575385806047"
"2017","NorESM2-MM","ssp126","10.229782750746212"
"2017","NorESM2-MM","ssp245","9.974718671190004"
"2017","NorESM2-MM","ssp370","11.1820934175536"
"2017","NorESM2-MM","ssp585","11.39438527311875"
"2018","CMCC-CM2-SR5","ssp126","10.70869619574097"
"2018","CMCC-CM2-SR5","ssp245","11.078388440102598"
"2018","CMCC-CM2-SR5","ssp370","10.252944202151427"
"2018","CMCC-CM2-SR5","ssp585","11.47279173109506"
"2018","EC-Earth3-Veg","ssp126","11.162191091014355"
"2018","EC-Earth3-Veg","ssp245","11.009904940386322"
"2018","EC-Earth3-Veg","ssp370","11.623125012152585"
"2018","EC-Earth3-Veg","ssp585","11.542464845130734"
"2018","IPSL-CM6A-LR","ssp126","12.503762872742444"
"2018","IPSL-CM6A-LR","ssp245","11.604788804491907"
"2018","IPSL-CM6A-LR","ssp370","12.87318568371847"
"2018","IPSL-CM6A-LR","ssp585","12.053571457739869"
"2018","MIROC6","ssp126","11.448885177464923"
"2018","MIROC6","ssp245","10.339849524910282"
"2018","MIROC6","ssp370","11.601877124167604"
"2018","MIROC6","ssp585","12.769724484385506"
"2018","MPI-ESM1-2-HR","ssp126","10.331609869446366"
"2018","MPI-ESM1-2-HR","ssp245","11.02181110299602"
"2018","MPI-ESM1-2-HR","ssp370","10.47105399888061"
"2018","MPI-ESM1-2-HR","ssp585","11.090655101130272"
"2018","NorESM2-MM","ssp126","12.14021871935153"
"2018","NorESM2-MM","ssp245","11.001334089582274"
"2018","NorESM2-MM","ssp370","11.24565419420232"
"2018","NorESM2-MM","ssp585","11.012102116813777"
"2019","CMCC-CM2-SR5","ssp126","9.809914692380007"
"2019","CMCC-CM2-SR5","ssp245","12.428001505657356"
"2019","CMCC-CM2-SR5","ssp370","10.578705120290849"
"2019","CMCC-CM2-SR5","ssp585","11.279650602594112"
"2019","EC-Earth3-Veg","ssp126","11.297073383859601"
"2019","EC-Earth3-Veg","ssp245","11.342944504463084"
"2019","EC-Earth3-Veg","ssp370","10.837522471589185"
"2019","EC-Earth3-Veg","ssp585","11.214957773708525"
"2019","IPSL-CM6A-LR","ssp126","11.097632556819068"
"2019","IPSL-CM6A-LR","ssp245","11.996880480540904"
"2019","IPSL-CM6A-LR","ssp370","11.048953286576397"
"2019","IPSL-CM6A-LR","ssp585","10.496008386970901"
"2019","MIROC6","ssp126","11.480181271676756"
"2019","MIROC6","ssp245","10.724036322565912"
"2019","MIROC6","ssp370","11.603175194660434"
"2019","MIROC6","ssp585","11.7755960478121"
"2019","MPI-ESM1-2-HR","ssp126","10.257381297559817"
"2019","MPI-ESM1-2-HR","ssp245","10.290596789647504"
"2019","MPI-ESM1-2-HR","ssp370","11.000021711233408"
"2019","MPI-ESM1-2-HR","ssp585","10.745164269842642"
"2019","NorESM2-MM","ssp126","10.201890907400216"
"2019","NorESM2-MM","ssp245","10.404392834253555"
"2019","NorESM2-MM","ssp370","9.713555789610146"
"2019","NorESM2-MM","ssp585","10.866312874418568"
"2020","CMCC-CM2-SR5","ssp126","11.405642545646723"
"2020","CMCC-CM2-SR5","ssp245","11.72326864445487"
"2020","CMCC-CM2-SR5","ssp370","10.45974274136411"
"2020","CMCC-CM2-SR5","ssp585","11.317771973733546"
"2020","EC-Earth3-Veg","ssp126","11.535273802693855"
"2020","EC-Earth3-Veg","ssp245","11.347803878440892"
"2020","EC-Earth3-Veg","ssp370","11.227528084103206"
"2020","EC-Earth3-Veg","ssp585","11.180438080662766"
"2020","IPSL-CM6A-LR","ssp126","9.800709774058957"
"2020","IPSL-CM6A-LR","ssp245","10.620181202051103"
"2020","IPSL-CM6A-LR","ssp370","10.564006845267784"
"2020","IPSL-CM6A-LR","ssp585","10.220501057215568"
"2020","MIROC6","ssp126","11.018610654165926"
"2020","MIROC6","ssp245","11.89908299364153"
"2020","MIROC6","ssp370","11.857110869992907"
"2020","MIROC6","ssp585","11.187055340605202"
"2020","MPI-ESM1-2-HR","ssp126","11.800747982809236"
"2020","MPI-ESM1-2-HR","ssp245","11.665471614488323"
"2020","MPI-ESM1-2-HR","ssp370","12.09383621504172"
"2020","MPI-ESM1-2-HR","ssp585","8.90812404203154"
"2020","NorESM2-MM","ssp126","11.595066648140604"
"2020","NorESM2-MM","ssp245","11.305239346380285"
"2020","NorESM2-MM","ssp370","10.122072113471555"
"2020","NorESM2-MM","ssp585","10.617424120539486"
"2021","CMCC-CM2-SR5","ssp126","11.225436785753336"
"2021","CMCC-CM2-SR5","ssp245","12.474047528913129"
"2021","CMCC-CM2-SR5","ssp370","11.159695093870614"
"2021","CMCC-CM2-SR5","ssp585","11.133922471042396"
"2021","EC-Earth3-Veg","ssp126","13.063295694066452"
"2021","EC-Earth3-Veg","ssp245","11.622628310457157"
"2021","EC-Earth3-Veg","ssp370","12.050937160191287"
"2021","EC-Earth3-Veg","ssp585","11.097019914134586"
"2021","IPSL-CM6A-LR","ssp126","10.644352438798192"
"2021","IPSL-CM6A-LR","ssp245","11.618168791640603"
"2021","IPSL-CM6A-LR","ssp370","11.993589147400073"
"2021","IPSL-CM6A-LR","ssp585","11.56575937443131"
"2021","MIROC6","ssp126","11.99181679776066"
"2021","MIROC6","ssp245","11.249077042781021"
"2021","MIROC6","ssp370","10.701859331664805"
"2021","MIROC6","ssp585","10.510609994044914"
"2021","MPI-ESM1-2-HR","ssp126","10.702933539423908"
"2021","MPI-ESM1-2-HR","ssp245","11.297082194414267"
"2021","MPI-ESM1-2-HR","ssp370","10.726340196492295"
"2021","MPI-ESM1-2-HR","ssp585","10.478133576614336"
"2021","NorESM2-MM","ssp126","10.900596579870891"
"2021","NorESM2-MM","ssp245","11.125464416113331"
"2021","NorESM2-MM","ssp370","10.1580852573081"
"2021","NorESM2-MM","ssp585","10.213291219971461"
"2022","CMCC-CM2-SR5","ssp126","10.718084092195761"
"2022","CMCC-CM2-SR5","ssp245","10.341379981767679"
"2022","CMCC-CM2-SR5","ssp370","11.106053615938585"
"2022","CMCC-CM2-SR5","ssp585","10.193949464213775"
"2022","EC-Earth3-Veg","ssp126","11.261418152368334"
"2022","EC-Earth3-Veg","ssp245","11.321813621019045"
"2022","EC-Earth3-Veg","ssp370","11.77052520789104"
"2022","EC-Earth3-Veg","ssp585","10.30282927378438"
"2022","IPSL-CM6A-LR","ssp126","10.913522248795823"
"2022","IPSL-CM6A-LR","ssp245","11.668330800647212"
"2022","IPSL-CM6A-LR","ssp370","11.729848964133865"
"2022","IPSL-CM6A-LR","ssp585","10.831704153012168"
"2022","MIROC6","ssp126","12.149449995216344"
"2022","MIROC6","ssp245","11.521891766060653"
"2022","MIROC6","ssp370","11.974517774639107"
"2022","MIROC6","ssp585","11.637961298597553"
"2022","MPI-ESM1-2-HR","ssp126","11.567689385327519"
"2022","MPI-ESM1-2-HR","ssp245","11.8921493833117"
"2022","MPI-ESM1-2-HR","ssp370","11.60627893122089"
"2022","MPI-ESM1-2-HR","ssp585","11.573813637961063"
"2022","NorESM2-MM","ssp126","12.201847475643332"
"2022","NorESM2-MM","ssp245","10.953415869361443"
"2022","NorESM2-MM","ssp370","10.54489363113431"
"2022","NorESM2-MM","ssp585","12.467093887492444"
"2023","CMCC-CM2-SR5","ssp126","11.4291295267258"
"2023","CMCC-CM2-SR5","ssp245","10.354775448297161"
"2023","CMCC-CM2-SR5","ssp370","11.344753822525002"
"2023","CMCC-CM2-SR5","ssp585","10.674998175427499"
"2023","EC-Earth3-Veg","ssp126","10.344372548345119"
"2023","EC-Earth3-Veg","ssp245","10.753360582325561"
"2023","EC-Earth3-Veg","ssp370","11.773443036995506"
"2023","EC-Earth3-Veg","ssp585","11.522838188586974"
"2023","IPSL-CM6A-LR","ssp126","11.41760019709785"
"2023","IPSL-CM6A-LR","ssp245","10.40966002696957"
"2023","IPSL-CM6A-LR","ssp370","11.413023813254068"
"2023","IPSL-CM6A-LR","ssp585","11.557153063911628"
"2023","MIROC6","ssp126","11.072577023487804"
"2023","MIROC6","ssp245","12.757190399517711"
"2023","MIROC6","ssp370","11.627990210328472"
"2023","MIROC6","ssp585","10.41404787462612"
"2023","MPI-ESM1-2-HR","ssp126","11.358842981982866"
"2023","MPI-ESM1-2-HR","ssp245","9.962721758655174"
"2023","MPI-ESM1-2-HR","ssp370","11.366586127066475"
"2023","MPI-ESM1-2-HR","ssp585","11.102273690933933"
"2023","NorESM2-MM","ssp126","11.037499944897172"
"2023","NorESM2-MM","ssp245","10.473435188941833"
"2023","NorESM2-MM","ssp370","10.756376713200167"
"2023","NorESM2-MM","ssp585","11.137312232326321"
"2024","CMCC-CM2-SR5","ssp126","11.795751464110683"
"2024","CMCC-CM2-SR5","ssp245","11.5672090948525"
"2024","CMCC-CM2-SR5","ssp370","11.84304418598636"
"2024","CMCC-CM2-SR5","ssp585","10.851796260543127"
"2024","EC-Earth3-Veg","ssp126","11.040396759452824"
"2024","EC-Earth3-Veg","ssp245","11.152027419580875"
"2024","EC-Earth3-Veg","ssp370","11.619342863775922"
"2024","EC-Earth3-Veg","ssp585","10.875543390743248"
"2024","IPSL-CM6A-LR","ssp126","10.784432435985169"
"2024","IPSL-CM6A-LR","ssp245","12.497402911164793"
"2024","IPSL-CM6A-LR","ssp370","12.231204401605417"
"2024","IPSL-CM6A-LR","ssp585","10.380989478523421"
"2024","MIROC6","ssp126","11.995864666019738"
"2024","MIROC6","ssp245","11.93596914795977"
"2024","MIROC6","ssp370","10.88960408796268"
"2024","MIROC6","ssp585","11.528049498605538"
"2024","MPI-ESM1-2-HR","ssp126","12.003452115217684"
"2024","MPI-ESM1-2-HR","ssp245","8.906392645559906"
"2024","MPI-ESM1-2-HR","ssp370","11.298173677664163"
"2024","MPI-ESM1-2-HR","ssp585","12.260544023347297"
"2024","NorESM2-MM","ssp126","10.632107847320375"
"2024","NorESM2-MM","ssp245","10.03037595967408"
"2024","NorESM2-MM","ssp370","10.240939742362166"
"2024","NorESM2-MM","ssp585","10.278973634394"
"2025","CMCC-CM2-SR5","ssp126","10.748927181474354"
"2025","CMCC-CM2-SR5","ssp245","10.829430246265865"
"2025","CMCC-CM2-SR5","ssp370","10.919269746255564"
"2025","CMCC-CM2-SR5","ssp585","11.110989500702274"
"2025","EC-Earth3-Veg","ssp126","12.144668715574447"
"2025","EC-Earth3-Veg","ssp245","11.20699314136509"
"2025","EC-Earth3-Veg","ssp370","10.965019955991483"
"2025","EC-Earth3-Veg","ssp585","11.717571851676203"
"2025","IPSL-CM6A-LR","ssp126","10.610852163939152"
"2025","IPSL-CM6A-LR","ssp245","11.920366113185557"
"2025","IPSL-CM6A-LR","ssp370","11.435316414945147"
"2025","IPSL-CM6A-LR","ssp585","11.812475757369056"
"2025","MIROC6","ssp126","12.513030864837063"
"2025","MIROC6","ssp245","11.97301568759767"
"2025","MIROC6","ssp370","11.714752041067307"
"2025","MIROC6","ssp585","11.155320693134888"
"2025","MPI-ESM1-2-HR","ssp126","10.863487457110415"
"2025","MPI-ESM1-2-HR","ssp245","12.7694985078791"
"2025","MPI-ESM1-2-HR","ssp370","10.51637989467703"
"2025","MPI-ESM1-2-HR","ssp585","10.47126097525765"
"2025","NorESM2-MM","ssp126","11.381337834349353"
"2025","NorESM2-MM","ssp245","10.299567303968356"
"2025","NorESM2-MM","ssp370","11.535756903962225"
"2025","NorESM2-MM","ssp585","10.374373905407904"
"2026","CMCC-CM2-SR5","ssp126","10.006485335352089"
"2026","CMCC-CM2-SR5","ssp245","10.752129490171308"
"2026","CMCC-CM2-SR5","ssp370","10.298983753623471"
"2026","CMCC-CM2-SR5","ssp585","10.003042958220584"
"2026","EC-Earth3-Veg","ssp126","11.577057856303686"
"2026","EC-Earth3-Veg","ssp245","11.475754966678366"
"2026","EC-Earth3-Veg","ssp370","11.20279537952912"
"2026","EC-Earth3-Veg","ssp585","13.026277202076638"
"2026","IPSL-CM6A-LR","ssp126","10.796103259763447"
"2026","IPSL-CM6A-LR","ssp245","12.375764843845074"
"2026","IPSL-CM6A-LR","ssp370","11.5654389435322"
"2026","IPSL-CM6A-LR","ssp585","11.295961176842072"
"2026","MIROC6","ssp126","11.95452409118566"
"2026","MIROC6","ssp245","11.377800228976758"
"2026","MIROC6","ssp370","11.940521316745182"
"2026","MIROC6","ssp585","12.229088987444468"
"2026","MPI-ESM1-2-HR","ssp126","10.775366960197648"
"2026","MPI-ESM1-2-HR","ssp245","11.52862406348799"
"2026","MPI-ESM1-2-HR","ssp370","11.594212226528933"
"2026","MPI-ESM1-2-HR","ssp585","11.736425921685495"
"2026","NorESM2-MM","ssp126","11.151664092995096"
"2026","NorESM2-MM","ssp245","10.509145581197739"
"2026","NorESM2-MM","ssp370","10.162326146442641"
"2026","NorESM2-MM","ssp585","10.261297119180002"
"2027","CMCC-CM2-SR5","ssp126","10.508150523638307"
"2027","CMCC-CM2-SR5","ssp245","11.018134192957705"
"2027","CMCC-CM2-SR5","ssp370","10.581266080898331"
"2027","CMCC-CM2-SR5","ssp585","11.57189633435474"
"2027","EC-Earth3-Veg","ssp126","12.488558315160525"
"2027","EC-Earth3-Veg","ssp245","11.358733966681903"
"2027","EC-Earth3-Veg","ssp370","11.325336080121932"
"2027","EC-Earth3-Veg","ssp585","12.86594629234267"
"2027","IPSL-CM6A-LR","ssp126","10.983225927395296"
"2027","IPSL-CM6A-LR","ssp245","11.527357546339337"
"2027","IPSL-CM6A-LR","ssp370","11.94475884568632"
"2027","IPSL-CM6A-LR","ssp585","10.830868704046004"
"2027","MIROC6","ssp126","11.245399683323523"
"2027","MIROC6","ssp245","11.985359573934906"
"2027","MIROC6","ssp370","11.417929448722012"
"2027","MIROC6","ssp585","12.17254041172083"
"2027","MPI-ESM1-2-HR","ssp126","11.052443895878516"
"2027","MPI-ESM1-2-HR","ssp245","10.8379010165641"
"2027","MPI-ESM1-2-HR","ssp370","10.710974055398232"
"2027","MPI-ESM1-2-HR","ssp585","11.410603041253472"
"2027","NorESM2-MM","ssp126","10.826299149832597"
"2027","NorESM2-MM","ssp245","11.249778237266117"
"2027","NorESM2-MM","ssp370","10.793877340797717"
"2027","NorESM2-MM","ssp585","11.483908875716107"
"2028","CMCC-CM2-SR5","ssp126","11.44700364253309"
"2028","CMCC-CM2-SR5","ssp245","11.37127780807354"
"2028","CMCC-CM2-SR5","ssp370","11.198539585411567"
"2028","CMCC-CM2-SR5","ssp585","11.63967129597627"
"2028","EC-Earth3-Veg","ssp126","12.491053316042205"
"2028","EC-Earth3-Veg","ssp245","11.657059547476429"
"2028","EC-Earth3-Veg","ssp370","11.168492177455226"
"2028","EC-Earth3-Veg","ssp585","12.595351959796945"
"2028","IPSL-CM6A-LR","ssp126","11.558399869199462"
"2028","IPSL-CM6A-LR","ssp245","11.13611023160328"
"2028","IPSL-CM6A-LR","ssp370","10.981427571598102"
"2028","IPSL-CM6A-LR","ssp585","11.198297415745596"
"2028","MIROC6","ssp126","12.440824604210468"
"2028","MIROC6","ssp245","10.913585968628162"
"2028","MIROC6","ssp370","10.986385992423468"
"2028","MIROC6","ssp585","11.544811362720191"
"2028","MPI-ESM1-2-HR","ssp126","10.78251768898366"
"2028","MPI-ESM1-2-HR","ssp245","11.330018290901139"
"2028","MPI-ESM1-2-HR","ssp370","10.034748619720034"
"2028","MPI-ESM1-2-HR","ssp585","10.31786222285385"
"2028","NorESM2-MM","ssp126","10.971040787021714"
"2028","NorESM2-MM","ssp245","10.578734066192624"
"2028","NorESM2-MM","ssp370","10.443712243205557"
"2028","NorESM2-MM","ssp585","11.006203196934853"
"2029","CMCC-CM2-SR5","ssp126","11.411861489097653"
"2029","CMCC-CM2-SR5","ssp245","11.356267456716145"
"2029","CMCC-CM2-SR5","ssp370","10.397530916254574"
"2029","CMCC-CM2-SR5","ssp585","11.0649672190419"
"2029","EC-Earth3-Veg","ssp126","12.438995582672032"
"2029","EC-Earth3-Veg","ssp245","12.465987331437832"
"2029","EC-Earth3-Veg","ssp370","11.22069363218451"
"2029","EC-Earth3-Veg","ssp585","11.68503298861348"
"2029","IPSL-CM6A-LR","ssp126","11.308784555340585"
"2029","IPSL-CM6A-LR","ssp245","11.618900410039112"
"2029","IPSL-CM6A-LR","ssp370","11.638953910362918"
"2029","IPSL-CM6A-LR","ssp585","11.094022703686326"
"2029","MIROC6","ssp126","11.760359606826274"
"2029","MIROC6","ssp245","11.879872236190684"
"2029","MIROC6","ssp370","12.199099600284901"
"2029","MIROC6","ssp585","11.069579839557154"
"2029","MPI-ESM1-2-HR","ssp126","11.450626265193197"
"2029","MPI-ESM1-2-HR","ssp245","12.295818323681353"
"2029","MPI-ESM1-2-HR","ssp370","10.514515856506916"
"2029","MPI-ESM1-2-HR","ssp585","11.441630924624466"
"2029","NorESM2-MM","ssp126","10.131743604218675"
"2029","NorESM2-MM","ssp245","11.319733740919222"
"2029","NorESM2-MM","ssp370","10.259495190615336"
"2029","NorESM2-MM","ssp585","10.27416509799056"
"2030","CMCC-CM2-SR5","ssp126","11.512267203266907"
"2030","CMCC-CM2-SR5","ssp245","11.348264468889912"
"2030","CMCC-CM2-SR5","ssp370","10.687681765506495"
"2030","CMCC-CM2-SR5","ssp585","12.138904176496574"
"2030","EC-Earth3-Veg","ssp126","12.736019507527976"
"2030","EC-Earth3-Veg","ssp245","10.293188094887997"
"2030","EC-Earth3-Veg","ssp370","10.667907263153703"
"2030","EC-Earth3-Veg","ssp585","11.538005386689598"
"2030","IPSL-CM6A-LR","ssp126","12.075821252034796"
"2030","IPSL-CM6A-LR","ssp245","11.927511531451625"
"2030","IPSL-CM6A-LR","ssp370","10.440057694366612"
"2030","IPSL-CM6A-LR","ssp585","12.01867649731541"
"2030","MIROC6","ssp126","12.815556164733113"
"2030","MIROC6","ssp245","11.54266041930984"
"2030","MIROC6","ssp370","11.789883873652116"
"2030","MIROC6","ssp585","10.592999190857478"
"2030","MPI-ESM1-2-HR","ssp126","9.83395840021416"
"2030","MPI-ESM1-2-HR","ssp245","10.597658314273497"
"2030","MPI-ESM1-2-HR","ssp370","11.730844110453928"
"2030","MPI-ESM1-2-HR","ssp585","11.32235258355876"
"2030","NorESM2-MM","ssp126","10.500551288867946"
"2030","NorESM2-MM","ssp245","10.131658587982393"
"2030","NorESM2-MM","ssp370","10.699410440842767"
"2030","NorESM2-MM","ssp585","11.249427629645021"
"2031","CMCC-CM2-SR5","ssp126","11.386419402300827"
"2031","CMCC-CM2-SR5","ssp245","12.232910764446686"
"2031","CMCC-CM2-SR5","ssp370","10.831263024637883"
"2031","CMCC-CM2-SR5","ssp585","12.72360780336352"
"2031","EC-Earth3-Veg","ssp126","11.963024411530906"
"2031","EC-Earth3-Veg","ssp245","11.060454119136292"
"2031","EC-Earth3-Veg","ssp370","10.718831395694016"
"2031","EC-Earth3-Veg","ssp585","12.189233889760551"
"2031","IPSL-CM6A-LR","ssp126","11.147877298649226"
"2031","IPSL-CM6A-LR","ssp245","12.250368537662588"
"2031","IPSL-CM6A-LR","ssp370","11.415529089175871"
"2031","IPSL-CM6A-LR","ssp585","10.700610879860147"
"2031","MIROC6","ssp126","11.196105569798911"
"2031","MIROC6","ssp245","12.244548203501257"
"2031","MIROC6","ssp370","10.912822798170419"
"2031","MIROC6","ssp585","11.074134668645687"
"2031","MPI-ESM1-2-HR","ssp126","9.861218304761454"
"2031","MPI-ESM1-2-HR","ssp245","9.912198540978862"
"2031","MPI-ESM1-2-HR","ssp370","11.512507953118723"
"2031","MPI-ESM1-2-HR","ssp585","10.42430824929448"
"2031","NorESM2-MM","ssp126","11.43855275817191"
"2031","NorESM2-MM","ssp245","10.924567705113335"
"2031","NorESM2-MM","ssp370","10.330004717859259"
"2031","NorESM2-MM","ssp585","11.746944570015865"
"2032","CMCC-CM2-SR5","ssp126","11.768042331732174"
"2032","CMCC-CM2-SR5","ssp245","11.996914263977011"
"2032","CMCC-CM2-SR5","ssp370","11.455527173180466"
"2032","CMCC-CM2-SR5","ssp585","11.672621132304009"
"2032","EC-Earth3-Veg","ssp126","11.546890063092999"
"2032","EC-Earth3-Veg","ssp245","11.986324639748215"
"2032","EC-Earth3-Veg","ssp370","10.267055106116638"
"2032","EC-Earth3-Veg","ssp585","11.997303727333128"
"2032","IPSL-CM6A-LR","ssp126","10.700231332863186"
"2032","IPSL-CM6A-LR","ssp245","12.843239069823007"
"2032","IPSL-CM6A-LR","ssp370","12.892148133436004"
"2032","IPSL-CM6A-LR","ssp585","11.177004741670718"
"2032","MIROC6","ssp126","10.899153440729863"
"2032","MIROC6","ssp245","12.127903094188436"
"2032","MIROC6","ssp370","12.312452405758526"
"2032","MIROC6","ssp585","11.371932523635845"
"2032","MPI-ESM1-2-HR","ssp126","10.248473451480486"
"2032","MPI-ESM1-2-HR","ssp245","11.447019303876262"
"2032","MPI-ESM1-2-HR","ssp370","10.877744222406442"
"2032","MPI-ESM1-2-HR","ssp585","11.093356898649029"
"2032","NorESM2-MM","ssp126","10.738479303820514"
"2032","NorESM2-MM","ssp245","11.854319307409689"
"2032","NorESM2-MM","ssp370","11.271111157059028"
"2032","NorESM2-MM","ssp585","11.698947773256911"
"2033","CMCC-CM2-SR5","ssp126","12.097251067858894"
"2033","CMCC-CM2-SR5","ssp245","11.184181653368755"
"2033","CMCC-CM2-SR5","ssp370","11.056069040541724"
"2033","CMCC-CM2-SR5","ssp585","11.78596836766781"
"2033","EC-Earth3-Veg","ssp126","11.225864999601617"
"2033","EC-Earth3-Veg","ssp245","11.879606612969695"
"2033","EC-Earth3-Veg","ssp370","11.84349883348191"
"2033","EC-Earth3-Veg","ssp585","12.216795667577067"
"2033","IPSL-CM6A-LR","ssp126","12.12166126269526"
"2033","IPSL-CM6A-LR","ssp245","11.956511771079944"
"2033","IPSL-CM6A-LR","ssp370","12.483579718024915"
"2033","IPSL-CM6A-LR","ssp585","12.53561147212659"
"2033","MIROC6","ssp126","12.653761123470204"
"2033","MIROC6","ssp245","11.334309728531892"
"2033","MIROC6","ssp370","11.710713719436367"
"2033","MIROC6","ssp585","12.463623941776376"
"2033","MPI-ESM1-2-HR","ssp126","10.635976698755174"
"2033","MPI-ESM1-2-HR","ssp245","11.23963623815652"
"2033","MPI-ESM1-2-HR","ssp370","10.444410332773634"
"2033","MPI-ESM1-2-HR","ssp585","10.89618518096541"
"2033","NorESM2-MM","ssp126","10.597861864622873"
"2033","NorESM2-MM","ssp245","11.07420403137282"
"2033","NorESM2-MM","ssp370","10.889453754371354"
"2033","NorESM2-MM","ssp585","12.166072056447602"
"2034","CMCC-CM2-SR5","ssp126","11.686022047712212"
"2034","CMCC-CM2-SR5","ssp245","13.142379291032304"
"2034","CMCC-CM2-SR5","ssp370","11.541048666864832"
"2034","CMCC-CM2-SR5","ssp585","13.080888594208327"
"2034","EC-Earth3-Veg","ssp126","11.37610387306123"
"2034","EC-Earth3-Veg","ssp245","11.81731209212099"
"2034","EC-Earth3-Veg","ssp370","12.176075245234898"
"2034","EC-Earth3-Veg","ssp585","12.16832409270879"
"2034","IPSL-CM6A-LR","ssp126","12.23748602247825"
"2034","IPSL-CM6A-LR","ssp245","13.385296258503958"
"2034","IPSL-CM6A-LR","ssp370","11.924599893638634"
"2034","IPSL-CM6A-LR","ssp585","11.875547154177273"
"2034","MIROC6","ssp126","11.705806802421863"
"2034","MIROC6","ssp245","11.926120948292885"
"2034","MIROC6","ssp370","12.399254588806828"
"2034","MIROC6","ssp585","11.141111058035648"
"2034","MPI-ESM1-2-HR","ssp126","10.314019009086326"
"2034","MPI-ESM1-2-HR","ssp245","11.54289931738462"
"2034","MPI-ESM1-2-HR","ssp370","12.17183317654704"
"2034","MPI-ESM1-2-HR","ssp585","10.598809639225951"
"2034","NorESM2-MM","ssp126","11.337259725830943"
"2034","NorESM2-MM","ssp245","10.770837792932252"
"2034","NorESM2-MM","ssp370","10.09236696140652"
"2034","NorESM2-MM","ssp585","11.781428453578936"
"2035","CMCC-CM2-SR5","ssp126","11.859152905272744"
"2035","CMCC-CM2-SR5","ssp245","12.709565987920529"
"2035","CMCC-CM2-SR5","ssp370","11.607554045944081"
"2035","CMCC-CM2-SR5","ssp585","12.07716995043054"
"2035","EC-Earth3-Veg","ssp126","12.683324505129752"
"2035","EC-Earth3-Veg","ssp245","10.328095520860261"
"2035","EC-Earth3-Veg","ssp370","11.094607849789865"
"2035","EC-Earth3-Veg","ssp585","10.976601039161311"
"2035","IPSL-CM6A-LR","ssp126","12.483586606600154"
"2035","IPSL-CM6A-LR","ssp245","11.081933588175142"
"2035","IPSL-CM6A-LR","ssp370","12.566233626042374"
"2035","IPSL-CM6A-LR","ssp585","12.280056376667634"
"2035","MIROC6","ssp126","10.313562995365121"
"2035","MIROC6","ssp245","11.520676201945076"
"2035","MIROC6","ssp370","12.266853020495716"
"2035","MIROC6","ssp585","12.037764441558839"
"2035","MPI-ESM1-2-HR","ssp126","10.584324150637842"
"2035","MPI-ESM1-2-HR","ssp245","10.51114602113669"
"2035","MPI-ESM1-2-HR","ssp370","10.8831186669531"
"2035","MPI-ESM1-2-HR","ssp585","11.52257347854857"
"2035","NorESM2-MM","ssp126","10.480843730269454"
"2035","NorESM2-MM","ssp245","10.289374827552141"
"2035","NorESM2-MM","ssp370","11.393705679423688"
"2035","NorESM2-MM","ssp585","11.602981027645844"
"2036","CMCC-CM2-SR5","ssp126","11.860174646485195"
"2036","CMCC-CM2-SR5","ssp245","11.173800300521659"
"2036","CMCC-CM2-SR5","ssp370","12.402683319626775"
"2036","CMCC-CM2-SR5","ssp585","11.799591401402324"
"2036","EC-Earth3-Veg","ssp126","11.485266640356455"
"2036","EC-Earth3-Veg","ssp245","11.014676248077436"
"2036","EC-Earth3-Veg","ssp370","11.81261140639659"
"2036","EC-Earth3-Veg","ssp585","11.745993163036738"
"2036","IPSL-CM6A-LR","ssp126","12.101390630512952"
"2036","IPSL-CM6A-LR","ssp245","12.534036535323734"
"2036","IPSL-CM6A-LR","ssp370","11.021560494685067"
"2036","IPSL-CM6A-LR","ssp585","12.408505629292543"
"2036","MIROC6","ssp126","11.726093536244313"
"2036","MIROC6","ssp245","11.788551144621662"
"2036","MIROC6","ssp370","11.08369981944278"
"2036","MIROC6","ssp585","12.348826773708536"
"2036","MPI-ESM1-2-HR","ssp126","10.435710695378093"
"2036","MPI-ESM1-2-HR","ssp245","10.698075962939956"
"2036","MPI-ESM1-2-HR","ssp370","11.327527911302727"
"2036","MPI-ESM1-2-HR","ssp585","11.144863134781918"
"2036","NorESM2-MM","ssp126","11.971746612573307"
"2036","NorESM2-MM","ssp245","11.502055809462181"
"2036","NorESM2-MM","ssp370","11.684278041283063"
"2036","NorESM2-MM","ssp585","11.371039935844811"
"2037","CMCC-CM2-SR5","ssp126","11.376761285781"
"2037","CMCC-CM2-SR5","ssp245","12.250383537070087"
"2037","CMCC-CM2-SR5","ssp370","10.92072327946557"
"2037","CMCC-CM2-SR5","ssp585","12.350363260337824"
"2037","EC-Earth3-Veg","ssp126","11.41788065959423"
"2037","EC-Earth3-Veg","ssp245","11.053727085702919"
"2037","EC-Earth3-Veg","ssp370","13.11042399239898"
"2037","EC-Earth3-Veg","ssp585","11.74833657532435"
"2037","IPSL-CM6A-LR","ssp126","12.267371216686188"
"2037","IPSL-CM6A-LR","ssp245","11.48950127218151"
"2037","IPSL-CM6A-LR","ssp370","11.661081000763836"
"2037","IPSL-CM6A-LR","ssp585","11.441839350332884"
"2037","MIROC6","ssp126","12.301032983177537"
"2037","MIROC6","ssp245","11.61034605535434"
"2037","MIROC6","ssp370","12.042155286318511"
"2037","MIROC6","ssp585","12.226498133551061"
"2037","MPI-ESM1-2-HR","ssp126","11.401619777031476"
"2037","MPI-ESM1-2-HR","ssp245","10.463092206834819"
"2037","MPI-ESM1-2-HR","ssp370","11.146879825749291"
"2037","MPI-ESM1-2-HR","ssp585","12.054465377521723"
"2037","NorESM2-MM","ssp126","10.715831513323623"
"2037","NorESM2-MM","ssp245","11.698970323294049"
"2037","NorESM2-MM","ssp370","11.518781175658614"
"2037","NorESM2-MM","ssp585","11.332515792526968"
"2038","CMCC-CM2-SR5","ssp126","11.936644549171303"
"2038","CMCC-CM2-SR5","ssp245","11.65532863027737"
"2038","CMCC-CM2-SR5","ssp370","11.993194649290752"
"2038","CMCC-CM2-SR5","ssp585","11.333072322495463"
"2038","EC-Earth3-Veg","ssp126","11.600851231893115"
"2038","EC-Earth3-Veg","ssp245","11.070925801087567"
"2038","EC-Earth3-Veg","ssp370","12.79227847478017"
"2038","EC-Earth3-Veg","ssp585","11.827852971713735"
"2038","IPSL-CM6A-LR","ssp126","11.787156033195762"
"2038","IPSL-CM6A-LR","ssp245","11.955299203883225"
"2038","IPSL-CM6A-LR","ssp370","11.773746626179232"
"2038","IPSL-CM6A-LR","ssp585","12.431911504399684"
"2038","MIROC6","ssp126","12.349279569049013"
"2038","MIROC6","ssp245","11.955917094721903"
"2038","MIROC6","ssp370","11.997128417564834"
"2038","MIROC6","ssp585","11.694485104091848"
"2038","MPI-ESM1-2-HR","ssp126","11.187555281960694"
"2038","MPI-ESM1-2-HR","ssp245","11.35308986665967"
"2038","MPI-ESM1-2-HR","ssp370","10.087062594314336"
"2038","MPI-ESM1-2-HR","ssp585","11.167447880076281"
"2038","NorESM2-MM","ssp126","11.326318669590204"
"2038","NorESM2-MM","ssp245","10.852565853721696"
"2038","NorESM2-MM","ssp370","10.093258230199295"
"2038","NorESM2-MM","ssp585","10.474808261046325"
"2039","CMCC-CM2-SR5","ssp126","12.839369447493807"
"2039","CMCC-CM2-SR5","ssp245","12.629062675652587"
"2039","CMCC-CM2-SR5","ssp370","11.61811466115361"
"2039","CMCC-CM2-SR5","ssp585","12.555497015469822"
"2039","EC-Earth3-Veg","ssp126","11.64617531462591"
"2039","EC-Earth3-Veg","ssp245","12.24739398798895"
"2039","EC-Earth3-Veg","ssp370","11.487513155688996"
"2039","EC-Earth3-Veg","ssp585","12.037478585999414"
"2039","IPSL-CM6A-LR","ssp126","12.68937940003848"
"2039","IPSL-CM6A-LR","ssp245","12.199075737631812"
"2039","IPSL-CM6A-LR","ssp370","12.884669627079349"
"2039","IPSL-CM6A-LR","ssp585","12.436391905990597"
"2039","MIROC6","ssp126","12.259641680321508"
"2039","MIROC6","ssp245","11.911519898806757"
"2039","MIROC6","ssp370","12.53774372841663"
"2039","MIROC6","ssp585","11.790126576013417"
"2039","MPI-ESM1-2-HR","ssp126","11.37765788712611"
"2039","MPI-ESM1-2-HR","ssp245","10.150879102144188"
"2039","MPI-ESM1-2-HR","ssp370","10.744094392619369"
"2039","MPI-ESM1-2-HR","ssp585","11.101837855567954"
"2039","NorESM2-MM","ssp126","11.534350727266657"
"2039","NorESM2-MM","ssp245","12.305145295691139"
"2039","NorESM2-MM","ssp370","11.05510948291689"
"2039","NorESM2-MM","ssp585","12.507250409089263"
"2040","CMCC-CM2-SR5","ssp126","10.909460572295878"
"2040","CMCC-CM2-SR5","ssp245","12.137220568205667"
"2040","CMCC-CM2-SR5","ssp370","11.990479719842796"
"2040","CMCC-CM2-SR5","ssp585","12.876262327519232"
"2040","EC-Earth3-Veg","ssp126","9.821970292150949"
"2040","EC-Earth3-Veg","ssp245","12.42630008199398"
"2040","EC-Earth3-Veg","ssp370","11.653961870464148"
"2040","EC-Earth3-Veg","ssp585","12.271186784256976"
"2040","IPSL-CM6A-LR","ssp126","10.77526985097346"
"2040","IPSL-CM6A-LR","ssp245","12.880180209634005"
"2040","IPSL-CM6A-LR","ssp370","13.12475973608834"
"2040","IPSL-CM6A-LR","ssp585","12.252273292711088"
"2040","MIROC6","ssp126","11.332811711656625"
"2040","MIROC6","ssp245","10.593011532787179"
"2040","MIROC6","ssp370","11.818858945460157"
"2040","MIROC6","ssp585","12.507058608648494"
"2040","MPI-ESM1-2-HR","ssp126","11.467403164212564"
"2040","MPI-ESM1-2-HR","ssp245","11.627918963587842"
"2040","MPI-ESM1-2-HR","ssp370","10.995385638894762"
"2040","MPI-ESM1-2-HR","ssp585","11.818211046426601"
"2040","NorESM2-MM","ssp126","10.238032183485615"
"2040","NorESM2-MM","ssp245","11.210971936353285"
"2040","NorESM2-MM","ssp370","10.31517275242053"
"2040","NorESM2-MM","ssp585","12.398217900622871"
"2041","CMCC-CM2-SR5","ssp126","11.843807937843474"
"2041","CMCC-CM2-SR5","ssp245","11.4960040225422"
"2041","CMCC-CM2-SR5","ssp370","12.528086836834877"
"2041","CMCC-CM2-SR5","ssp585","13.23450212881759"
"2041","EC-Earth3-Veg","ssp126","12.449576036494204"
"2041","EC-Earth3-Veg","ssp245","12.802283519779154"
"2041","EC-Earth3-Veg","ssp370","11.103303421613536"
"2041","EC-Earth3-Veg","ssp585","12.131946567407827"
"2041","IPSL-CM6A-LR","ssp126","10.869123325974055"
"2041","IPSL-CM6A-LR","ssp245","11.719947296900667"
"2041","IPSL-CM6A-LR","ssp370","11.754344120791295"
"2041","IPSL-CM6A-LR","ssp585","11.902360428449565"
"2041","MIROC6","ssp126","10.754127466639018"
"2041","MIROC6","ssp245","11.711511487037487"
"2041","MIROC6","ssp370","12.41325776257901"
"2041","MIROC6","ssp585","11.214894739901073"
"2041","MPI-ESM1-2-HR","ssp126","11.611882960544389"
"2041","MPI-ESM1-2-HR","ssp245","10.937373982603049"
"2041","MPI-ESM1-2-HR","ssp370","11.191140053151962"
"2041","MPI-ESM1-2-HR","ssp585","11.340249513769079"
"2041","NorESM2-MM","ssp126","10.051316701731944"
"2041","NorESM2-MM","ssp245","11.41627687697173"
"2041","NorESM2-MM","ssp370","11.733355904913685"
"2041","NorESM2-MM","ssp585","12.36673155935932"
"2042","CMCC-CM2-SR5","ssp126","12.205145130951966"
"2042","CMCC-CM2-SR5","ssp245","11.61546006984804"
"2042","CMCC-CM2-SR5","ssp370","12.36035065441201"
"2042","CMCC-CM2-SR5","ssp585","11.96188237157668"
"2042","EC-Earth3-Veg","ssp126","11.520895082654313"
"2042","EC-Earth3-Veg","ssp245","11.304172729153176"
"2042","EC-Earth3-Veg","ssp370","10.62044101072394"
"2042","EC-Earth3-Veg","ssp585","13.305725201628157"
"2042","IPSL-CM6A-LR","ssp126","11.05530884517463"
"2042","IPSL-CM6A-LR","ssp245","11.262619009726931"
"2042","IPSL-CM6A-LR","ssp370","11.784765811015365"
"2042","IPSL-CM6A-LR","ssp585","12.327878938826464"
"2042","MIROC6","ssp126","11.241768449282626"
"2042","MIROC6","ssp245","11.363273920082396"
"2042","MIROC6","ssp370","11.225819558581515"
"2042","MIROC6","ssp585","11.792430222223324"
"2042","MPI-ESM1-2-HR","ssp126","12.962170771673401"
"2042","MPI-ESM1-2-HR","ssp245","12.359363707554948"
"2042","MPI-ESM1-2-HR","ssp370","11.232553427675782"
"2042","MPI-ESM1-2-HR","ssp585","10.736944530183102"
"2042","NorESM2-MM","ssp126","11.017476290534995"
"2042","NorESM2-MM","ssp245","11.555188878513269"
"2042","NorESM2-MM","ssp370","11.372888921860273"
"2042","NorESM2-MM","ssp585","12.061099485672381"
"2043","CMCC-CM2-SR5","ssp126","12.699653763732247"
"2043","CMCC-CM2-SR5","ssp245","11.429822147656742"
"2043","CMCC-CM2-SR5","ssp370","12.980729925439462"
"2043","CMCC-CM2-SR5","ssp585","12.317561226292911"
"2043","EC-Earth3-Veg","ssp126","11.872576669634151"
"2043","EC-Earth3-Veg","ssp245","13.185326757289229"
"2043","EC-Earth3-Veg","ssp370","10.476893548787142"
"2043","EC-Earth3-Veg","ssp585","12.1069071435579"
"2043","IPSL-CM6A-LR","ssp126","11.928494216291845"
"2043","IPSL-CM6A-LR","ssp245","12.595442452836627"
"2043","IPSL-CM6A-LR","ssp370","12.906798487961224"
"2043","IPSL-CM6A-LR","ssp585","13.032820022214507"
"2043","MIROC6","ssp126","12.235461620493318"
"2043","MIROC6","ssp245","12.472743654848484"
"2043","MIROC6","ssp370","12.251265222581825"
"2043","MIROC6","ssp585","12.345922962394617"
"2043","MPI-ESM1-2-HR","ssp126","10.768044787589046"
"2043","MPI-ESM1-2-HR","ssp245","9.889142741716613"
"2043","MPI-ESM1-2-HR","ssp370","12.132741554696022"
"2043","MPI-ESM1-2-HR","ssp585","11.530838413878246"
"2043","NorESM2-MM","ssp126","11.173690837745644"
"2043","NorESM2-MM","ssp245","11.003843922159936"
"2043","NorESM2-MM","ssp370","11.943465169378477"
"2043","NorESM2-MM","ssp585","12.420506107317683"
"2044","CMCC-CM2-SR5","ssp126","12.595966978599352"
"2044","CMCC-CM2-SR5","ssp245","11.137052800871688"
"2044","CMCC-CM2-SR5","ssp370","11.894983440856617"
"2044","CMCC-CM2-SR5","ssp585","11.958538448239223"
"2044","EC-Earth3-Veg","ssp126","10.802770107965763"
"2044","EC-Earth3-Veg","ssp245","12.258401469555887"
"2044","EC-Earth3-Veg","ssp370","11.673688698929285"
"2044","EC-Earth3-Veg","ssp585","11.39800874081487"
"2044","IPSL-CM6A-LR","ssp126","12.096760838661638"
"2044","IPSL-CM6A-LR","ssp245","11.78012006751913"
"2044","IPSL-CM6A-LR","ssp370","12.783467980313542"
"2044","IPSL-CM6A-LR","ssp585","12.73648835895529"
"2044","MIROC6","ssp126","11.50817333478946"
"2044","MIROC6","ssp245","12.15990362489388"
"2044","MIROC6","ssp370","11.98890113889407"
"2044","MIROC6","ssp585","11.71299789258176"
"2044","MPI-ESM1-2-HR","ssp126","11.863613520952057"
"2044","MPI-ESM1-2-HR","ssp245","12.658175296202842"
"2044","MPI-ESM1-2-HR","ssp370","11.090156516746452"
"2044","MPI-ESM1-2-HR","ssp585","11.685282777276914"
"2044","NorESM2-MM","ssp126","11.4719508472845"
"2044","NorESM2-MM","ssp245","11.800900725477373"
"2044","NorESM2-MM","ssp370","10.916616895662825"
"2044","NorESM2-MM","ssp585","11.576778272413978"
"2045","CMCC-CM2-SR5","ssp126","12.089249758836207"
"2045","CMCC-CM2-SR5","ssp245","13.053513448344773"
"2045","CMCC-CM2-SR5","ssp370","12.996301925651405"
"2045","CMCC-CM2-SR5","ssp585","13.55908631938903"
"2045","EC-Earth3-Veg","ssp126","11.859119290766651"
"2045","EC-Earth3-Veg","ssp245","10.885528514105147"
"2045","EC-Earth3-Veg","ssp370","10.925313066396507"
"2045","EC-Earth3-Veg","ssp585","12.603901936268072"
"2045","IPSL-CM6A-LR","ssp126","11.633178938955778"
"2045","IPSL-CM6A-LR","ssp245","11.65194097360746"
"2045","IPSL-CM6A-LR","ssp370","12.697001385015646"
"2045","IPSL-CM6A-LR","ssp585","12.336776673837063"
"2045","MIROC6","ssp126","11.992264710551389"
"2045","MIROC6","ssp245","11.990717821235537"
"2045","MIROC6","ssp370","11.981775510172993"
"2045","MIROC6","ssp585","12.58722650949098"
"2045","MPI-ESM1-2-HR","ssp126","10.824351397919555"
"2045","MPI-ESM1-2-HR","ssp245","10.775711807376412"
"2045","MPI-ESM1-2-HR","ssp370","11.27764562766241"
"2045","MPI-ESM1-2-HR","ssp585","10.912464989489582"
"2045","NorESM2-MM","ssp126","11.516123478879438"
"2045","NorESM2-MM","ssp245","11.077071637219854"
"2045","NorESM2-MM","ssp370","11.727720028765036"
"2045","NorESM2-MM","ssp585","12.10836381688108"
"2046","CMCC-CM2-SR5","ssp126","12.323939901538612"
"2046","CMCC-CM2-SR5","ssp245","12.931519337890554"
"2046","CMCC-CM2-SR5","ssp370","13.670901117801584"
"2046","CMCC-CM2-SR5","ssp585","13.583872421255261"
"2046","EC-Earth3-Veg","ssp126","12.83669200285713"
"2046","EC-Earth3-Veg","ssp245","11.918969283111768"
"2046","EC-Earth3-Veg","ssp370","11.625797762363176"
"2046","EC-Earth3-Veg","ssp585","12.52802244311307"
"2046","IPSL-CM6A-LR","ssp126","12.250024551987972"
"2046","IPSL-CM6A-LR","ssp245","11.248587564836052"
"2046","IPSL-CM6A-LR","ssp370","12.248708363020894"
"2046","IPSL-CM6A-LR","ssp585","12.45020012147795"
"2046","MIROC6","ssp126","13.127872668133175"
"2046","MIROC6","ssp245","11.670677763665285"
"2046","MIROC6","ssp370","11.923798829088714"
"2046","MIROC6","ssp585","11.558095631497736"
"2046","MPI-ESM1-2-HR","ssp126","11.5336359224484"
"2046","MPI-ESM1-2-HR","ssp245","10.92199558969918"
"2046","MPI-ESM1-2-HR","ssp370","10.486165675598706"
"2046","MPI-ESM1-2-HR","ssp585","10.5002192798216"
"2046","NorESM2-MM","ssp126","12.107390537188968"
"2046","NorESM2-MM","ssp245","10.283368352926619"
"2046","NorESM2-MM","ssp370","11.310021733829899"
"2046","NorESM2-MM","ssp585","12.38968860192403"
"2047","CMCC-CM2-SR5","ssp126","12.954004216974933"
"2047","CMCC-CM2-SR5","ssp245","12.477433232623142"
"2047","CMCC-CM2-SR5","ssp370","12.706974674965421"
"2047","CMCC-CM2-SR5","ssp585","13.099843445501623"
"2047","EC-Earth3-Veg","ssp126","11.28498655188283"
"2047","EC-Earth3-Veg","ssp245","11.9914050247584"
"2047","EC-Earth3-Veg","ssp370","12.701237688359877"
"2047","EC-Earth3-Veg","ssp585","12.87040654522756"
"2047","IPSL-CM6A-LR","ssp126","11.362782134945814"
"2047","IPSL-CM6A-LR","ssp245","12.43094394199564"
"2047","IPSL-CM6A-LR","ssp370","12.433217063258704"
"2047","IPSL-CM6A-LR","ssp585","13.216623667987344"
"2047","MIROC6","ssp126","12.036091778054969"
"2047","MIROC6","ssp245","12.623454932939499"
"2047","MIROC6","ssp370","12.700501397568702"
"2047","MIROC6","ssp585","10.876798187267779"
"2047","MPI-ESM1-2-HR","ssp126","11.34570777361865"
"2047","MPI-ESM1-2-HR","ssp245","10.75546675647272"
"2047","MPI-ESM1-2-HR","ssp370","11.385415511250551"
"2047","MPI-ESM1-2-HR","ssp585","10.867542507170304"
"2047","NorESM2-MM","ssp126","12.110613760331336"
"2047","NorESM2-MM","ssp245","11.183615128826094"
"2047","NorESM2-MM","ssp370","12.475516926214928"
"2047","NorESM2-MM","ssp585","11.815858938608166"
"2048","CMCC-CM2-SR5","ssp126","12.747589732914696"
"2048","CMCC-CM2-SR5","ssp245","13.240237606305948"
"2048","CMCC-CM2-SR5","ssp370","12.829232422775231"
"2048","CMCC-CM2-SR5","ssp585","12.607575170962964"
"2048","EC-Earth3-Veg","ssp126","12.24255850155533"
"2048","EC-Earth3-Veg","ssp245","11.530899513696273"
"2048","EC-Earth3-Veg","ssp370","10.924078535628196"
"2048","EC-Earth3-Veg","ssp585","12.36204167198685"
"2048","IPSL-CM6A-LR","ssp126","12.172256939966534"
"2048","IPSL-CM6A-LR","ssp245","11.5283036494631"
"2048","IPSL-CM6A-LR","ssp370","12.515767811046903"
"2048","IPSL-CM6A-LR","ssp585","12.68301248122541"
"2048","MIROC6","ssp126","12.03038336365144"
"2048","MIROC6","ssp245","12.576633037130557"
"2048","MIROC6","ssp370","12.334373999321926"
"2048","MIROC6","ssp585","12.78775551387573"
"2048","MPI-ESM1-2-HR","ssp126","11.49036873047213"
"2048","MPI-ESM1-2-HR","ssp245","12.004408565120439"
"2048","MPI-ESM1-2-HR","ssp370","10.706307546901325"
"2048","MPI-ESM1-2-HR","ssp585","11.41457294267315"
"2048","NorESM2-MM","ssp126","10.844135160470614"
"2048","NorESM2-MM","ssp245","12.141992022407795"
"2048","NorESM2-MM","ssp370","10.552405802523966"
"2048","NorESM2-MM","ssp585","11.733074384306306"
"2049","CMCC-CM2-SR5","ssp126","11.95478930616119"
"2049","CMCC-CM2-SR5","ssp245","12.039441690356423"
"2049","CMCC-CM2-SR5","ssp370","12.279414437232235"
"2049","CMCC-CM2-SR5","ssp585","12.874015445282394"
"2049","EC-Earth3-Veg","ssp126","11.319594381365512"
"2049","EC-Earth3-Veg","ssp245","11.784279206675077"
"2049","EC-Earth3-Veg","ssp370","12.15668842510552"
"2049","EC-Earth3-Veg","ssp585","13.662968776926673"
"2049","IPSL-CM6A-LR","ssp126","12.79848005540635"
"2049","IPSL-CM6A-LR","ssp245","13.666521980200434"
"2049","IPSL-CM6A-LR","ssp370","12.513684726307025"
"2049","IPSL-CM6A-LR","ssp585","12.37042507517075"
"2049","MIROC6","ssp126","11.935855618536316"
"2049","MIROC6","ssp245","11.845119581573572"
"2049","MIROC6","ssp370","12.39634652906871"
"2049","MIROC6","ssp585","12.693878255331184"
"2049","MPI-ESM1-2-HR","ssp126","12.584982511252017"
"2049","MPI-ESM1-2-HR","ssp245","11.83662109041393"
"2049","MPI-ESM1-2-HR","ssp370","12.117734989801583"
"2049","MPI-ESM1-2-HR","ssp585","11.2456771597667"
"2049","NorESM2-MM","ssp126","10.3608760155496"
"2049","NorESM2-MM","ssp245","12.001704258294009"
"2049","NorESM2-MM","ssp370","11.872285294831615"
"2049","NorESM2-MM","ssp585","12.452138324382185"
"2050","CMCC-CM2-SR5","ssp126","12.758733310968742"
"2050","CMCC-CM2-SR5","ssp245","11.943178048391388"
"2050","CMCC-CM2-SR5","ssp370","12.764026764955437"
"2050","CMCC-CM2-SR5","ssp585","12.963161068568091"
"2050","EC-Earth3-Veg","ssp126","13.037528009783502"
"2050","EC-Earth3-Veg","ssp245","12.525631192090419"
"2050","EC-Earth3-Veg","ssp370","10.853381461350775"
"2050","EC-Earth3-Veg","ssp585","12.668256298265806"
"2050","IPSL-CM6A-LR","ssp126","13.19198881819521"
"2050","IPSL-CM6A-LR","ssp245","12.63917595450947"
"2050","IPSL-CM6A-LR","ssp370","12.271903475134913"
"2050","IPSL-CM6A-LR","ssp585","13.249096874327725"
"2050","MIROC6","ssp126","11.030071971536568"
"2050","MIROC6","ssp245","12.228274114213612"
"2050","MIROC6","ssp370","12.625003498487523"
"2050","MIROC6","ssp585","12.645274730241276"
"2050","MPI-ESM1-2-HR","ssp126","10.79840803932512"
"2050","MPI-ESM1-2-HR","ssp245","11.493124219058794"
"2050","MPI-ESM1-2-HR","ssp370","12.682504433780679"
"2050","MPI-ESM1-2-HR","ssp585","11.093423245043407"
"2050","NorESM2-MM","ssp126","10.959172456475935"
"2050","NorESM2-MM","ssp245","11.549423085469005"
"2050","NorESM2-MM","ssp370","11.130933543093201"
"2050","NorESM2-MM","ssp585","11.514252286992933"
"2051","CMCC-CM2-SR5","ssp126","12.389208640882224"
"2051","CMCC-CM2-SR5","ssp245","12.54925716036817"
"2051","CMCC-CM2-SR5","ssp370","13.190008684152872"
"2051","CMCC-CM2-SR5","ssp585","12.049102706334672"
"2051","EC-Earth3-Veg","ssp126","11.865594178302795"
"2051","EC-Earth3-Veg","ssp245","11.85456828365717"
"2051","EC-Earth3-Veg","ssp370","13.210504778643106"
"2051","EC-Earth3-Veg","ssp585","12.184703552198158"
"2051","IPSL-CM6A-LR","ssp126","12.302879929753045"
"2051","IPSL-CM6A-LR","ssp245","11.714591376395889"
"2051","IPSL-CM6A-LR","ssp370","11.674583007705284"
"2051","IPSL-CM6A-LR","ssp585","11.719704412244"
"2051","MIROC6","ssp126","12.13849663707719"
"2051","MIROC6","ssp245","11.557700063732185"
"2051","MIROC6","ssp370","12.218288660423987"
"2051","MIROC6","ssp585","12.199844633925071"
"2051","MPI-ESM1-2-HR","ssp126","11.18296681277807"
"2051","MPI-ESM1-2-HR","ssp245","11.144153414624764"
"2051","MPI-ESM1-2-HR","ssp370","12.041417323141165"
"2051","MPI-ESM1-2-HR","ssp585","11.128332976855447"
"2051","NorESM2-MM","ssp126","11.690906236043357"
"2051","NorESM2-MM","ssp245","11.617630160175217"
"2051","NorESM2-MM","ssp370","11.333676104376929"
"2051","NorESM2-MM","ssp585","11.286717231231783"
"2052","CMCC-CM2-SR5","ssp126","12.57826304028377"
"2052","CMCC-CM2-SR5","ssp245","12.38841574074245"
"2052","CMCC-CM2-SR5","ssp370","12.707497991318474"
"2052","CMCC-CM2-SR5","ssp585","13.258164780748794"
"2052","EC-Earth3-Veg","ssp126","11.229542806782453"
"2052","EC-Earth3-Veg","ssp245","11.544634305099844"
"2052","EC-Earth3-Veg","ssp370","12.564338789953814"
"2052","EC-Earth3-Veg","ssp585","13.110580212725667"
"2052","IPSL-CM6A-LR","ssp126","10.768541857161878"
"2052","IPSL-CM6A-LR","ssp245","12.128644636037734"
"2052","IPSL-CM6A-LR","ssp370","12.647033468497098"
"2052","IPSL-CM6A-LR","ssp585","13.176446957757124"
"2052","MIROC6","ssp126","12.212328296232453"
"2052","MIROC6","ssp245","12.832762124552982"
"2052","MIROC6","ssp370","12.361498197240445"
"2052","MIROC6","ssp585","12.935734044921595"
"2052","MPI-ESM1-2-HR","ssp126","10.874628191103314"
"2052","MPI-ESM1-2-HR","ssp245","11.643860356139726"
"2052","MPI-ESM1-2-HR","ssp370","12.282940550854656"
"2052","MPI-ESM1-2-HR","ssp585","13.019026889430549"
"2052","NorESM2-MM","ssp126","11.569163057040669"
"2052","NorESM2-MM","ssp245","12.495544004112077"
"2052","NorESM2-MM","ssp370","12.49841549747162"
"2052","NorESM2-MM","ssp585","12.442006723287475"
"2053","CMCC-CM2-SR5","ssp126","12.162988685300073"
"2053","CMCC-CM2-SR5","ssp245","13.191754440104425"
"2053","CMCC-CM2-SR5","ssp370","13.625365695061447"
"2053","CMCC-CM2-SR5","ssp585","12.47562965801077"
"2053","EC-Earth3-Veg","ssp126","12.30047157404678"
"2053","EC-Earth3-Veg","ssp245","11.668714082117573"
"2053","EC-Earth3-Veg","ssp370","12.541520516587799"
"2053","EC-Earth3-Veg","ssp585","12.754526492155085"
"2053","IPSL-CM6A-LR","ssp126","12.558455097539452"
"2053","IPSL-CM6A-LR","ssp245","12.76317527057299"
"2053","IPSL-CM6A-LR","ssp370","12.562796025905657"
"2053","IPSL-CM6A-LR","ssp585","13.217734854560044"
"2053","MIROC6","ssp126","11.908627817409483"
"2053","MIROC6","ssp245","12.098107909854614"
"2053","MIROC6","ssp370","11.768560084038398"
"2053","MIROC6","ssp585","12.93252469337371"
"2053","MPI-ESM1-2-HR","ssp126","10.515567971926584"
"2053","MPI-ESM1-2-HR","ssp245","9.980072600746013"
"2053","MPI-ESM1-2-HR","ssp370","12.164920809839588"
"2053","MPI-ESM1-2-HR","ssp585","12.576666744603227"
"2053","NorESM2-MM","ssp126","10.742047436526558"
"2053","NorESM2-MM","ssp245","12.373328145679121"
"2053","NorESM2-MM","ssp370","11.240100981097788"
"2053","NorESM2-MM","ssp585","11.501900786292245"
"2054","CMCC-CM2-SR5","ssp126","12.538559273346147"
"2054","CMCC-CM2-SR5","ssp245","12.330117806021951"
"2054","CMCC-CM2-SR5","ssp370","12.855018072732145"
"2054","CMCC-CM2-SR5","ssp585","13.069850712132611"
"2054","EC-Earth3-Veg","ssp126","10.782072516572162"
"2054","EC-Earth3-Veg","ssp245","12.560523157485083"
"2054","EC-Earth3-Veg","ssp370","11.909352896301518"
"2054","EC-Earth3-Veg","ssp585","12.687690106921481"
"2054","IPSL-CM6A-LR","ssp126","12.583222571181494"
"2054","IPSL-CM6A-LR","ssp245","12.01489005298096"
"2054","IPSL-CM6A-LR","ssp370","14.04217804677776"
"2054","IPSL-CM6A-LR","ssp585","13.042739616860992"
"2054","MIROC6","ssp126","11.864999564089223"
"2054","MIROC6","ssp245","12.271633445851254"
"2054","MIROC6","ssp370","12.08530572832947"
"2054","MIROC6","ssp585","12.138155697523239"
"2054","MPI-ESM1-2-HR","ssp126","12.664449605034648"
"2054","MPI-ESM1-2-HR","ssp245","11.196307336940132"
"2054","MPI-ESM1-2-HR","ssp370","12.433942138331972"
"2054","MPI-ESM1-2-HR","ssp585","12.171603064094011"
"2054","NorESM2-MM","ssp126","11.230998780848754"
"2054","NorESM2-MM","ssp245","12.108337686698572"
"2054","NorESM2-MM","ssp370","10.680397687679607"
"2054","NorESM2-MM","ssp585","12.319705294079007"
"2055","CMCC-CM2-SR5","ssp126","12.25573601091499"
"2055","CMCC-CM2-SR5","ssp245","12.72723155534639"
"2055","CMCC-CM2-SR5","ssp370","12.532229825794765"
"2055","CMCC-CM2-SR5","ssp585","12.764733335600004"
"2055","EC-Earth3-Veg","ssp126","11.79630928038974"
"2055","EC-Earth3-Veg","ssp245","12.550882131061384"
"2055","EC-Earth3-Veg","ssp370","13.270372023248617"
"2055","EC-Earth3-Veg","ssp585","14.141880588351693"
"2055","IPSL-CM6A-LR","ssp126","12.215529344051005"
"2055","IPSL-CM6A-LR","ssp245","11.262503375828008"
"2055","IPSL-CM6A-LR","ssp370","12.831818845783696"
"2055","IPSL-CM6A-LR","ssp585","13.263542767423955"
"2055","MIROC6","ssp126","12.186665121935064"
"2055","MIROC6","ssp245","10.90660330388111"
"2055","MIROC6","ssp370","12.685435248726657"
"2055","MIROC6","ssp585","12.241661316454556"
"2055","MPI-ESM1-2-HR","ssp126","12.65176591036265"
"2055","MPI-ESM1-2-HR","ssp245","11.948910331026253"
"2055","MPI-ESM1-2-HR","ssp370","11.730561277143334"
"2055","MPI-ESM1-2-HR","ssp585","10.665042533990437"
"2055","NorESM2-MM","ssp126","11.11111434257215"
"2055","NorESM2-MM","ssp245","11.644194414092176"
"2055","NorESM2-MM","ssp370","12.799714406105354"
"2055","NorESM2-MM","ssp585","11.613922777205076"
"2056","CMCC-CM2-SR5","ssp126","11.32997982859821"
"2056","CMCC-CM2-SR5","ssp245","14.195914409035254"
"2056","CMCC-CM2-SR5","ssp370","13.187954458194312"
"2056","CMCC-CM2-SR5","ssp585","13.623337013259757"
"2056","EC-Earth3-Veg","ssp126","10.907288952669274"
"2056","EC-Earth3-Veg","ssp245","11.792377030287991"
"2056","EC-Earth3-Veg","ssp370","12.04749820031094"
"2056","EC-Earth3-Veg","ssp585","13.447996780739203"
"2056","IPSL-CM6A-LR","ssp126","11.146287576744346"
"2056","IPSL-CM6A-LR","ssp245","12.217062577015325"
"2056","IPSL-CM6A-LR","ssp370","12.359342058880628"
"2056","IPSL-CM6A-LR","ssp585","14.37340348511191"
"2056","MIROC6","ssp126","11.988128680811105"
"2056","MIROC6","ssp245","11.490490913387905"
"2056","MIROC6","ssp370","12.228693107758414"
"2056","MIROC6","ssp585","12.37900590968942"
"2056","MPI-ESM1-2-HR","ssp126","11.41333971140647"
"2056","MPI-ESM1-2-HR","ssp245","11.45787851315302"
"2056","MPI-ESM1-2-HR","ssp370","10.895819302626146"
"2056","MPI-ESM1-2-HR","ssp585","11.497142412087836"
"2056","NorESM2-MM","ssp126","10.713957707232373"
"2056","NorESM2-MM","ssp245","12.480269826830742"
"2056","NorESM2-MM","ssp370","12.075899290174803"
"2056","NorESM2-MM","ssp585","11.250366784254089"
"2057","CMCC-CM2-SR5","ssp126","11.626211370504715"
"2057","CMCC-CM2-SR5","ssp245","13.095123615834215"
"2057","CMCC-CM2-SR5","ssp370","13.719445471785065"
"2057","CMCC-CM2-SR5","ssp585","14.497778054659527"
"2057","EC-Earth3-Veg","ssp126","10.680418998000999"
"2057","EC-Earth3-Veg","ssp245","11.269443276452495"
"2057","EC-Earth3-Veg","ssp370","13.116966403746918"
"2057","EC-Earth3-Veg","ssp585","13.422356524657603"
"2057","IPSL-CM6A-LR","ssp126","13.05776869934031"
"2057","IPSL-CM6A-LR","ssp245","12.832771074429784"
"2057","IPSL-CM6A-LR","ssp370","11.983626324819125"
"2057","IPSL-CM6A-LR","ssp585","13.929365925125344"
"2057","MIROC6","ssp126","12.151110022345645"
"2057","MIROC6","ssp245","12.288205478997915"
"2057","MIROC6","ssp370","13.225658111606691"
"2057","MIROC6","ssp585","13.363512862346148"
"2057","MPI-ESM1-2-HR","ssp126","11.068502018362556"
"2057","MPI-ESM1-2-HR","ssp245","11.644572418248579"
"2057","MPI-ESM1-2-HR","ssp370","11.444349488235115"
"2057","MPI-ESM1-2-HR","ssp585","12.911914017626598"
"2057","NorESM2-MM","ssp126","10.56598833378598"
"2057","NorESM2-MM","ssp245","12.746880482773236"
"2057","NorESM2-MM","ssp370","10.512115395080592"
"2057","NorESM2-MM","ssp585","12.175243875497543"
"2058","CMCC-CM2-SR5","ssp126","13.489152897519196"
"2058","CMCC-CM2-SR5","ssp245","11.565865924447982"
"2058","CMCC-CM2-SR5","ssp370","12.808770440483075"
"2058","CMCC-CM2-SR5","ssp585","13.488296358614361"
"2058","EC-Earth3-Veg","ssp126","12.010252720753336"
"2058","EC-Earth3-Veg","ssp245","11.370611998848833"
"2058","EC-Earth3-Veg","ssp370","12.428161369375545"
"2058","EC-Earth3-Veg","ssp585","13.56156127649183"
"2058","IPSL-CM6A-LR","ssp126","12.080278463981148"
"2058","IPSL-CM6A-LR","ssp245","13.404668012694254"
"2058","IPSL-CM6A-LR","ssp370","11.280699592344257"
"2058","IPSL-CM6A-LR","ssp585","13.46008688032491"
"2058","MIROC6","ssp126","11.140168254662397"
"2058","MIROC6","ssp245","12.665128051159588"
"2058","MIROC6","ssp370","12.907710876286702"
"2058","MIROC6","ssp585","12.76393292926626"
"2058","MPI-ESM1-2-HR","ssp126","12.000941642693757"
"2058","MPI-ESM1-2-HR","ssp245","11.588329380761714"
"2058","MPI-ESM1-2-HR","ssp370","11.850991489782931"
"2058","MPI-ESM1-2-HR","ssp585","12.070109830520936"
"2058","NorESM2-MM","ssp126","10.254854813462456"
"2058","NorESM2-MM","ssp245","13.226321442454923"
"2058","NorESM2-MM","ssp370","13.40047373935905"
"2058","NorESM2-MM","ssp585","12.385097962552862"
"2059","CMCC-CM2-SR5","ssp126","13.541764059459437"
"2059","CMCC-CM2-SR5","ssp245","13.554186738102569"
"2059","CMCC-CM2-SR5","ssp370","11.892427380152908"
"2059","CMCC-CM2-SR5","ssp585","13.117723415083397"
"2059","EC-Earth3-Veg","ssp126","9.89065884745937"
"2059","EC-Earth3-Veg","ssp245","12.440951172403404"
"2059","EC-Earth3-Veg","ssp370","12.542082353853132"
"2059","EC-Earth3-Veg","ssp585","13.368278939227178"
"2059","IPSL-CM6A-LR","ssp126","11.556499680441224"
"2059","IPSL-CM6A-LR","ssp245","13.308742427578425"
"2059","IPSL-CM6A-LR","ssp370","12.990074959256342"
"2059","IPSL-CM6A-LR","ssp585","13.263351464515015"
"2059","MIROC6","ssp126","12.17356360267726"
"2059","MIROC6","ssp245","10.646409845749307"
"2059","MIROC6","ssp370","11.68427413985283"
"2059","MIROC6","ssp585","13.517746527805567"
"2059","MPI-ESM1-2-HR","ssp126","10.374499390145857"
"2059","MPI-ESM1-2-HR","ssp245","10.654582596767982"
"2059","MPI-ESM1-2-HR","ssp370","12.53880657169279"
"2059","MPI-ESM1-2-HR","ssp585","10.464246368784705"
"2059","NorESM2-MM","ssp126","11.315269206016596"
"2059","NorESM2-MM","ssp245","11.042246557968697"
"2059","NorESM2-MM","ssp370","11.405317228685785"
"2059","NorESM2-MM","ssp585","13.38954312982937"
"2060","CMCC-CM2-SR5","ssp126","12.838526947543095"
"2060","CMCC-CM2-SR5","ssp245","14.26327729169856"
"2060","CMCC-CM2-SR5","ssp370","12.938584967462926"
"2060","CMCC-CM2-SR5","ssp585","13.710454619796367"
"2060","EC-Earth3-Veg","ssp126","11.960530457618129"
"2060","EC-Earth3-Veg","ssp245","10.869872268024054"
"2060","EC-Earth3-Veg","ssp370","12.210032723044518"
"2060","EC-Earth3-Veg","ssp585","13.799118688891562"
"2060","IPSL-CM6A-LR","ssp126","11.820282447146433"
"2060","IPSL-CM6A-LR","ssp245","12.577345851072947"
"2060","IPSL-CM6A-LR","ssp370","12.407500572947958"
"2060","IPSL-CM6A-LR","ssp585","13.88942217889989"
"2060","MIROC6","ssp126","11.735805650707546"
"2060","MIROC6","ssp245","12.814164902664592"
"2060","MIROC6","ssp370","13.027665541863044"
"2060","MIROC6","ssp585","12.197846064960371"
"2060","MPI-ESM1-2-HR","ssp126","11.517116674902779"
"2060","MPI-ESM1-2-HR","ssp245","11.508979925731106"
"2060","MPI-ESM1-2-HR","ssp370","11.078874582207327"
"2060","MPI-ESM1-2-HR","ssp585","11.921579545615804"
"2060","NorESM2-MM","ssp126","10.329413974814386"
"2060","NorESM2-MM","ssp245","11.189893974931262"
"2060","NorESM2-MM","ssp370","12.851440056599083"
"2060","NorESM2-MM","ssp585","11.727664226487626"
"2061","CMCC-CM2-SR5","ssp126","13.695848155970772"
"2061","CMCC-CM2-SR5","ssp245","13.468692394637968"
"2061","CMCC-CM2-SR5","ssp370","13.083564988983643"
"2061","CMCC-CM2-SR5","ssp585","14.587470445989474"
"2061","EC-Earth3-Veg","ssp126","10.640249718258467"
"2061","EC-Earth3-Veg","ssp245","11.738703888547542"
"2061","EC-Earth3-Veg","ssp370","12.937452122587636"
"2061","EC-Earth3-Veg","ssp585","14.357686830595238"
"2061","IPSL-CM6A-LR","ssp126","11.558945392242093"
"2061","IPSL-CM6A-LR","ssp245","13.400376019877495"
"2061","IPSL-CM6A-LR","ssp370","12.712602915390399"
"2061","IPSL-CM6A-LR","ssp585","15.071432453774971"
"2061","MIROC6","ssp126","12.115358108491716"
"2061","MIROC6","ssp245","12.520748843195832"
"2061","MIROC6","ssp370","13.421765276301691"
"2061","MIROC6","ssp585","12.667826751780114"
"2061","MPI-ESM1-2-HR","ssp126","10.542316487445918"
"2061","MPI-ESM1-2-HR","ssp245","11.78982455833822"
"2061","MPI-ESM1-2-HR","ssp370","12.478066759392036"
"2061","MPI-ESM1-2-HR","ssp585","12.983825872747916"
"2061","NorESM2-MM","ssp126","11.43684684156018"
"2061","NorESM2-MM","ssp245","12.289997911077688"
"2061","NorESM2-MM","ssp370","11.585256866582261"
"2061","NorESM2-MM","ssp585","13.423201126269529"
"2062","CMCC-CM2-SR5","ssp126","14.290323144924873"
"2062","CMCC-CM2-SR5","ssp245","12.34187761625343"
"2062","CMCC-CM2-SR5","ssp370","12.861080661476016"
"2062","CMCC-CM2-SR5","ssp585","12.877749940313317"
"2062","EC-Earth3-Veg","ssp126","11.750040866360314"
"2062","EC-Earth3-Veg","ssp245","12.482145882846542"
"2062","EC-Earth3-Veg","ssp370","12.704029506429622"
"2062","EC-Earth3-Veg","ssp585","13.160505073716955"
"2062","IPSL-CM6A-LR","ssp126","11.376206796025894"
"2062","IPSL-CM6A-LR","ssp245","12.594924976638868"
"2062","IPSL-CM6A-LR","ssp370","13.055994313270636"
"2062","IPSL-CM6A-LR","ssp585","14.342128087649282"
"2062","MIROC6","ssp126","11.825148774300635"
"2062","MIROC6","ssp245","12.625131132753383"
"2062","MIROC6","ssp370","11.784337719354507"
"2062","MIROC6","ssp585","12.678986182826437"
"2062","MPI-ESM1-2-HR","ssp126","12.370499922031087"
"2062","MPI-ESM1-2-HR","ssp245","12.060005950743436"
"2062","MPI-ESM1-2-HR","ssp370","12.63841751189929"
"2062","MPI-ESM1-2-HR","ssp585","12.580935810273045"
"2062","NorESM2-MM","ssp126","10.257764341935518"
"2062","NorESM2-MM","ssp245","12.02109367115573"
"2062","NorESM2-MM","ssp370","11.698314440935919"
"2062","NorESM2-MM","ssp585","12.582411107858462"
"2063","CMCC-CM2-SR5","ssp126","12.305803121043875"
"2063","CMCC-CM2-SR5","ssp245","14.54542784202997"
"2063","CMCC-CM2-SR5","ssp370","12.413165610080975"
"2063","CMCC-CM2-SR5","ssp585","14.26608425767063"
"2063","EC-Earth3-Veg","ssp126","11.361967300068324"
"2063","EC-Earth3-Veg","ssp245","12.067825532134648"
"2063","EC-Earth3-Veg","ssp370","13.196466869571923"
"2063","EC-Earth3-Veg","ssp585","12.846171007288879"
"2063","IPSL-CM6A-LR","ssp126","13.254801278483956"
"2063","IPSL-CM6A-LR","ssp245","12.998663776158303"
"2063","IPSL-CM6A-LR","ssp370","12.644178921729964"
"2063","IPSL-CM6A-LR","ssp585","14.475960952651125"
"2063","MIROC6","ssp126","11.784001153532456"
"2063","MIROC6","ssp245","12.65411590711077"
"2063","MIROC6","ssp370","13.273390037013158"
"2063","MIROC6","ssp585","12.862965561636537"
"2063","MPI-ESM1-2-HR","ssp126","12.07015364533277"
"2063","MPI-ESM1-2-HR","ssp245","12.2507414563054"
"2063","MPI-ESM1-2-HR","ssp370","13.484863257563621"
"2063","MPI-ESM1-2-HR","ssp585","12.248569414263207"
"2063","NorESM2-MM","ssp126","12.531670694819793"
"2063","NorESM2-MM","ssp245","11.8069421546913"
"2063","NorESM2-MM","ssp370","11.14995175664827"
"2063","NorESM2-MM","ssp585","12.688862265325385"
"2064","CMCC-CM2-SR5","ssp126","13.115210137716629"
"2064","CMCC-CM2-SR5","ssp245","12.928786831559425"
"2064","CMCC-CM2-SR5","ssp370","13.571158706235364"
"2064","CMCC-CM2-SR5","ssp585","12.538929691616527"
"2064","EC-Earth3-Veg","ssp126","12.289151458358944"
"2064","EC-Earth3-Veg","ssp245","12.207579550638286"
"2064","EC-Earth3-Veg","ssp370","12.815571423439875"
"2064","EC-Earth3-Veg","ssp585","14.378295748729517"
"2064","IPSL-CM6A-LR","ssp126","12.205410316106732"
"2064","IPSL-CM6A-LR","ssp245","13.028807945795783"
"2064","IPSL-CM6A-LR","ssp370","13.907181183858736"
"2064","IPSL-CM6A-LR","ssp585","13.516774827145161"
"2064","MIROC6","ssp126","11.968666047762916"
"2064","MIROC6","ssp245","11.674688312838027"
"2064","MIROC6","ssp370","13.140693266856957"
"2064","MIROC6","ssp585","11.850735847584241"
"2064","MPI-ESM1-2-HR","ssp126","11.251175100448863"
"2064","MPI-ESM1-2-HR","ssp245","12.102810603085802"
"2064","MPI-ESM1-2-HR","ssp370","11.809272461052762"
"2064","MPI-ESM1-2-HR","ssp585","13.443832386136924"
"2064","NorESM2-MM","ssp126","11.110102196941478"
"2064","NorESM2-MM","ssp245","11.324771097853468"
"2064","NorESM2-MM","ssp370","12.305733687758735"
"2064","NorESM2-MM","ssp585","13.09887256610478"
"2065","CMCC-CM2-SR5","ssp126","12.121340373029923"
"2065","CMCC-CM2-SR5","ssp245","14.213323969967647"
"2065","CMCC-CM2-SR5","ssp370","13.21881299711951"
"2065","CMCC-CM2-SR5","ssp585","14.893452773449972"
"2065","EC-Earth3-Veg","ssp126","11.46773858245346"
"2065","EC-Earth3-Veg","ssp245","12.974220232476297"
"2065","EC-Earth3-Veg","ssp370","13.436739013188404"
"2065","EC-Earth3-Veg","ssp585","13.857353518423986"
"2065","IPSL-CM6A-LR","ssp126","11.587539222324798"
"2065","IPSL-CM6A-LR","ssp245","12.587770245981682"
"2065","IPSL-CM6A-LR","ssp370","13.480244879970183"
"2065","IPSL-CM6A-LR","ssp585","14.22608094658872"
"2065","MIROC6","ssp126","12.566967142354187"
"2065","MIROC6","ssp245","11.306417077715928"
"2065","MIROC6","ssp370","12.677043798173461"
"2065","MIROC6","ssp585","13.060973399886771"
"2065","MPI-ESM1-2-HR","ssp126","11.489662589994632"
"2065","MPI-ESM1-2-HR","ssp245","11.54287962277027"
"2065","MPI-ESM1-2-HR","ssp370","11.769094432593366"
"2065","MPI-ESM1-2-HR","ssp585","12.52147199817525"
"2065","NorESM2-MM","ssp126","12.496340731457758"
"2065","NorESM2-MM","ssp245","11.502726745524317"
"2065","NorESM2-MM","ssp370","13.094729928465876"
"2065","NorESM2-MM","ssp585","12.561566312029106"
"2066","CMCC-CM2-SR5","ssp126","11.665164385785026"
"2066","CMCC-CM2-SR5","ssp245","14.150933459606106"
"2066","CMCC-CM2-SR5","ssp370","12.70176909862889"
"2066","CMCC-CM2-SR5","ssp585","14.13639507735165"
"2066","EC-Earth3-Veg","ssp126","12.283673078442188"
"2066","EC-Earth3-Veg","ssp245","11.681416185489287"
"2066","EC-Earth3-Veg","ssp370","12.626321936122272"
"2066","EC-Earth3-Veg","ssp585","13.369028246158534"
"2066","IPSL-CM6A-LR","ssp126","11.906916464576774"
"2066","IPSL-CM6A-LR","ssp245","13.251730398921675"
"2066","IPSL-CM6A-LR","ssp370","13.847385202520728"
"2066","IPSL-CM6A-LR","ssp585","13.865128655735612"
"2066","MIROC6","ssp126","11.694646632088748"
"2066","MIROC6","ssp245","12.359727500771807"
"2066","MIROC6","ssp370","12.681843234309033"
"2066","MIROC6","ssp585","13.889944187575338"
"2066","MPI-ESM1-2-HR","ssp126","12.069622033944494"
"2066","MPI-ESM1-2-HR","ssp245","11.343086489974258"
"2066","MPI-ESM1-2-HR","ssp370","12.28412587307064"
"2066","MPI-ESM1-2-HR","ssp585","12.760243401640654"
"2066","NorESM2-MM","ssp126","11.708917912800311"
"2066","NorESM2-MM","ssp245","10.491234520947684"
"2066","NorESM2-MM","ssp370","12.17051700098401"
"2066","NorESM2-MM","ssp585","12.548126895854448"
"2067","CMCC-CM2-SR5","ssp126","12.922772252419538"
"2067","CMCC-CM2-SR5","ssp245","13.054753861705066"
"2067","CMCC-CM2-SR5","ssp370","13.248116445588161"
"2067","CMCC-CM2-SR5","ssp585","13.382592103451694"
"2067","EC-Earth3-Veg","ssp126","11.41959596192108"
"2067","EC-Earth3-Veg","ssp245","12.801130628910556"
"2067","EC-Earth3-Veg","ssp370","13.671177968609925"
"2067","EC-Earth3-Veg","ssp585","14.141183664183"
"2067","IPSL-CM6A-LR","ssp126","12.57760886231248"
"2067","IPSL-CM6A-LR","ssp245","11.588864176722382"
"2067","IPSL-CM6A-LR","ssp370","13.164406043926645"
"2067","IPSL-CM6A-LR","ssp585","13.314435271025513"
"2067","MIROC6","ssp126","11.018076858252975"
"2067","MIROC6","ssp245","12.92510574330221"
"2067","MIROC6","ssp370","13.638186055532822"
"2067","MIROC6","ssp585","13.938192574365955"
"2067","MPI-ESM1-2-HR","ssp126","11.93540645551553"
"2067","MPI-ESM1-2-HR","ssp245","11.712299167637376"
"2067","MPI-ESM1-2-HR","ssp370","12.692171329055641"
"2067","MPI-ESM1-2-HR","ssp585","12.090937535588408"
"2067","NorESM2-MM","ssp126","10.829674046678543"
"2067","NorESM2-MM","ssp245","13.04654212423864"
"2067","NorESM2-MM","ssp370","12.041705373247083"
"2067","NorESM2-MM","ssp585","11.25336308452203"
"2068","CMCC-CM2-SR5","ssp126","13.741101407437274"
"2068","CMCC-CM2-SR5","ssp245","11.921239378056798"
"2068","CMCC-CM2-SR5","ssp370","13.275911297678089"
"2068","CMCC-CM2-SR5","ssp585","13.247323026719252"
"2068","EC-Earth3-Veg","ssp126","11.664784552665537"
"2068","EC-Earth3-Veg","ssp245","14.033849150266462"
"2068","EC-Earth3-Veg","ssp370","13.760560954267026"
"2068","EC-Earth3-Veg","ssp585","14.088822554008638"
"2068","IPSL-CM6A-LR","ssp126","11.987177535071643"
"2068","IPSL-CM6A-LR","ssp245","12.52278285836344"
"2068","IPSL-CM6A-LR","ssp370","13.025527959103893"
"2068","IPSL-CM6A-LR","ssp585","14.593568523116799"
"2068","MIROC6","ssp126","11.538436111611867"
"2068","MIROC6","ssp245","12.527146181197704"
"2068","MIROC6","ssp370","12.660656546506695"
"2068","MIROC6","ssp585","12.504838912366958"
"2068","MPI-ESM1-2-HR","ssp126","12.292313555487402"
"2068","MPI-ESM1-2-HR","ssp245","12.469405852639975"
"2068","MPI-ESM1-2-HR","ssp370","11.601365326655769"
"2068","MPI-ESM1-2-HR","ssp585","12.255397599713175"
"2068","NorESM2-MM","ssp126","12.26969639489832"
"2068","NorESM2-MM","ssp245","12.314467514590813"
"2068","NorESM2-MM","ssp370","12.956497365162765"
"2068","NorESM2-MM","ssp585","12.356778763175665"
"2069","CMCC-CM2-SR5","ssp126","12.881881108945109"
"2069","CMCC-CM2-SR5","ssp245","12.124171624906198"
"2069","CMCC-CM2-SR5","ssp370","13.530611295410013"
"2069","CMCC-CM2-SR5","ssp585","14.24977122400158"
"2069","EC-Earth3-Veg","ssp126","13.869407752507378"
"2069","EC-Earth3-Veg","ssp245","12.944667272112406"
"2069","EC-Earth3-Veg","ssp370","12.60280289432231"
"2069","EC-Earth3-Veg","ssp585","13.710553180601508"
"2069","IPSL-CM6A-LR","ssp126","12.518576598220179"
"2069","IPSL-CM6A-LR","ssp245","12.581725355911336"
"2069","IPSL-CM6A-LR","ssp370","13.455884226275073"
"2069","IPSL-CM6A-LR","ssp585","14.886122701063682"
"2069","MIROC6","ssp126","12.201460156395987"
"2069","MIROC6","ssp245","11.727653110035181"
"2069","MIROC6","ssp370","13.06878075681607"
"2069","MIROC6","ssp585","13.11406965100283"
"2069","MPI-ESM1-2-HR","ssp126","10.499380162535433"
"2069","MPI-ESM1-2-HR","ssp245","12.338272593657754"
"2069","MPI-ESM1-2-HR","ssp370","11.780675387102711"
"2069","MPI-ESM1-2-HR","ssp585","12.110957178944663"
"2069","NorESM2-MM","ssp126","11.839038873788878"
"2069","NorESM2-MM","ssp245","11.823361471535364"
"2069","NorESM2-MM","ssp370","12.517987740675368"
"2069","NorESM2-MM","ssp585","12.769457582277076"
"2070","CMCC-CM2-SR5","ssp126","12.731169115082826"
"2070","CMCC-CM2-SR5","ssp245","11.882368484156027"
"2070","CMCC-CM2-SR5","ssp370","14.131063473946362"
"2070","CMCC-CM2-SR5","ssp585","13.022934320835146"
"2070","EC-Earth3-Veg","ssp126","12.185645863112088"
"2070","EC-Earth3-Veg","ssp245","11.67095332572526"
"2070","EC-Earth3-Veg","ssp370","14.191657968449457"
"2070","EC-Earth3-Veg","ssp585","14.161824382115187"
"2070","IPSL-CM6A-LR","ssp126","12.201289497700559"
"2070","IPSL-CM6A-LR","ssp245","14.04025095010912"
"2070","IPSL-CM6A-LR","ssp370","13.592627818557832"
"2070","IPSL-CM6A-LR","ssp585","13.43780120474767"
"2070","MIROC6","ssp126","11.857711288997622"
"2070","MIROC6","ssp245","12.591864274867497"
"2070","MIROC6","ssp370","14.067665571430775"
"2070","MIROC6","ssp585","13.844440538102464"
"2070","MPI-ESM1-2-HR","ssp126","11.929919771538179"
"2070","MPI-ESM1-2-HR","ssp245","11.570721811252396"
"2070","MPI-ESM1-2-HR","ssp370","12.484612363843643"
"2070","MPI-ESM1-2-HR","ssp585","12.570726715355711"
"2070","NorESM2-MM","ssp126","11.541020794463085"
"2070","NorESM2-MM","ssp245","11.743887695929883"
"2070","NorESM2-MM","ssp370","12.853005089027144"
"2070","NorESM2-MM","ssp585","11.887613641215939"
"2071","CMCC-CM2-SR5","ssp126","12.996101407030784"
"2071","CMCC-CM2-SR5","ssp245","13.64996677093406"
"2071","CMCC-CM2-SR5","ssp370","13.252447837778758"
"2071","CMCC-CM2-SR5","ssp585","14.806753309333876"
"2071","EC-Earth3-Veg","ssp126","11.127699941486869"
"2071","EC-Earth3-Veg","ssp245","12.45173568176535"
"2071","EC-Earth3-Veg","ssp370","13.478939555740817"
"2071","EC-Earth3-Veg","ssp585","14.28913210004921"
"2071","IPSL-CM6A-LR","ssp126","11.345411601581823"
"2071","IPSL-CM6A-LR","ssp245","12.946103171920074"
"2071","IPSL-CM6A-LR","ssp370","12.447362146504437"
"2071","IPSL-CM6A-LR","ssp585","14.782909264834386"
"2071","MIROC6","ssp126","12.958683530893815"
"2071","MIROC6","ssp245","12.992351318742882"
"2071","MIROC6","ssp370","13.418902650972713"
"2071","MIROC6","ssp585","13.367990622252064"
"2071","MPI-ESM1-2-HR","ssp126","11.56034648988617"
"2071","MPI-ESM1-2-HR","ssp245","10.945480500741146"
"2071","MPI-ESM1-2-HR","ssp370","11.390361887146533"
"2071","MPI-ESM1-2-HR","ssp585","12.654405697329782"
"2071","NorESM2-MM","ssp126","12.103612488393031"
"2071","NorESM2-MM","ssp245","11.674902591298864"
"2071","NorESM2-MM","ssp370","12.807998157692191"
"2071","NorESM2-MM","ssp585","12.7030887367055"
"2072","CMCC-CM2-SR5","ssp126","11.991374926861585"
"2072","CMCC-CM2-SR5","ssp245","13.856005781422727"
"2072","CMCC-CM2-SR5","ssp370","13.807603948668175"
"2072","CMCC-CM2-SR5","ssp585","13.281730465688922"
"2072","EC-Earth3-Veg","ssp126","11.895507658553248"
"2072","EC-Earth3-Veg","ssp245","11.783436898381849"
"2072","EC-Earth3-Veg","ssp370","12.913781611954699"
"2072","EC-Earth3-Veg","ssp585","13.25995816202317"
"2072","IPSL-CM6A-LR","ssp126","12.616470977683715"
"2072","IPSL-CM6A-LR","ssp245","13.615168801588998"
"2072","IPSL-CM6A-LR","ssp370","13.794621995830791"
"2072","IPSL-CM6A-LR","ssp585","15.000847656732104"
"2072","MIROC6","ssp126","12.24724790391828"
"2072","MIROC6","ssp245","13.234282528828361"
"2072","MIROC6","ssp370","12.793175314603126"
"2072","MIROC6","ssp585","13.495960757843108"
"2072","MPI-ESM1-2-HR","ssp126","11.818594730469757"
"2072","MPI-ESM1-2-HR","ssp245","11.958391997905512"
"2072","MPI-ESM1-2-HR","ssp370","12.074573028138873"
"2072","MPI-ESM1-2-HR","ssp585","13.562736694702501"
"2072","NorESM2-MM","ssp126","11.472044275599696"
"2072","NorESM2-MM","ssp245","11.883827368582171"
"2072","NorESM2-MM","ssp370","12.28056527148377"
"2072","NorESM2-MM","ssp585","13.552711784928798"
"2073","CMCC-CM2-SR5","ssp126","12.873686378212916"
"2073","CMCC-CM2-SR5","ssp245","13.696704864720697"
"2073","CMCC-CM2-SR5","ssp370","13.224356541742122"
"2073","CMCC-CM2-SR5","ssp585","13.222302560220522"
"2073","EC-Earth3-Veg","ssp126","11.727153137579272"
"2073","EC-Earth3-Veg","ssp245","12.09045448965654"
"2073","EC-Earth3-Veg","ssp370","13.813891788784172"
"2073","EC-Earth3-Veg","ssp585","15.746000394048211"
"2073","IPSL-CM6A-LR","ssp126","13.009204516882347"
"2073","IPSL-CM6A-LR","ssp245","13.73657163338992"
"2073","IPSL-CM6A-LR","ssp370","13.745274323981349"
"2073","IPSL-CM6A-LR","ssp585","14.511519981420625"
"2073","MIROC6","ssp126","11.854420479362872"
"2073","MIROC6","ssp245","12.05601092775684"
"2073","MIROC6","ssp370","13.265123977708592"
"2073","MIROC6","ssp585","13.079080114195222"
"2073","MPI-ESM1-2-HR","ssp126","11.208797798463628"
"2073","MPI-ESM1-2-HR","ssp245","11.823671814779322"
"2073","MPI-ESM1-2-HR","ssp370","13.637501675379994"
"2073","MPI-ESM1-2-HR","ssp585","12.478699764561455"
"2073","NorESM2-MM","ssp126","11.140406165301235"
"2073","NorESM2-MM","ssp245","12.554183188678605"
"2073","NorESM2-MM","ssp370","12.994596025402249"
"2073","NorESM2-MM","ssp585","11.926842570907226"
"2074","CMCC-CM2-SR5","ssp126","12.583929786282924"
"2074","CMCC-CM2-SR5","ssp245","13.9950613388593"
"2074","CMCC-CM2-SR5","ssp370","13.051713075793991"
"2074","CMCC-CM2-SR5","ssp585","14.179851289051765"
"2074","EC-Earth3-Veg","ssp126","11.577436066605044"
"2074","EC-Earth3-Veg","ssp245","13.036645926059952"
"2074","EC-Earth3-Veg","ssp370","13.000392414916298"
"2074","EC-Earth3-Veg","ssp585","13.605663791571352"
"2074","IPSL-CM6A-LR","ssp126","12.654181711108924"
"2074","IPSL-CM6A-LR","ssp245","13.598789298350681"
"2074","IPSL-CM6A-LR","ssp370","13.492427086003644"
"2074","IPSL-CM6A-LR","ssp585","14.904057183802196"
"2074","MIROC6","ssp126","12.112635453358001"
"2074","MIROC6","ssp245","12.999904336483796"
"2074","MIROC6","ssp370","13.41292087250808"
"2074","MIROC6","ssp585","13.941191118062138"
"2074","MPI-ESM1-2-HR","ssp126","9.763390854579518"
"2074","MPI-ESM1-2-HR","ssp245","10.972674553361445"
"2074","MPI-ESM1-2-HR","ssp370","13.253318612810201"
"2074","MPI-ESM1-2-HR","ssp585","12.711563448808219"
"2074","NorESM2-MM","ssp126","9.853424690870725"
"2074","NorESM2-MM","ssp245","12.14673078761183"
"2074","NorESM2-MM","ssp370","12.542021134366601"
"2074","NorESM2-MM","ssp585","12.211168873022151"
"2075","CMCC-CM2-SR5","ssp126","12.821246767596907"
"2075","CMCC-CM2-SR5","ssp245","12.670925204713892"
"2075","CMCC-CM2-SR5","ssp370","13.05675882668278"
"2075","CMCC-CM2-SR5","ssp585","14.304552147477082"
"2075","EC-Earth3-Veg","ssp126","13.208649887868892"
"2075","EC-Earth3-Veg","ssp245","12.510398748527242"
"2075","EC-Earth3-Veg","ssp370","12.781863277200312"
"2075","EC-Earth3-Veg","ssp585","14.20389382788852"
"2075","IPSL-CM6A-LR","ssp126","12.195522807885522"
"2075","IPSL-CM6A-LR","ssp245","13.561340631591847"
"2075","IPSL-CM6A-LR","ssp370","12.559921597415203"
"2075","IPSL-CM6A-LR","ssp585","14.714756245955664"
"2075","MIROC6","ssp126","12.693498703611597"
"2075","MIROC6","ssp245","11.603175128556972"
"2075","MIROC6","ssp370","12.990701658303475"
"2075","MIROC6","ssp585","13.42980935472504"
"2075","MPI-ESM1-2-HR","ssp126","11.466809362901607"
"2075","MPI-ESM1-2-HR","ssp245","11.069686752613677"
"2075","MPI-ESM1-2-HR","ssp370","12.468035703031418"
"2075","MPI-ESM1-2-HR","ssp585","12.682377532116128"
"2075","NorESM2-MM","ssp126","10.931189354947627"
"2075","NorESM2-MM","ssp245","11.559532283017594"
"2075","NorESM2-MM","ssp370","13.3010702057395"
"2075","NorESM2-MM","ssp585","13.322038345158123"
"2076","CMCC-CM2-SR5","ssp126","13.034976270178756"
"2076","CMCC-CM2-SR5","ssp245","13.453323430274127"
"2076","CMCC-CM2-SR5","ssp370","13.168523108062693"
"2076","CMCC-CM2-SR5","ssp585","15.219251470702645"
"2076","EC-Earth3-Veg","ssp126","11.566354356730528"
"2076","EC-Earth3-Veg","ssp245","12.80647571601028"
"2076","EC-Earth3-Veg","ssp370","14.371876380138925"
"2076","EC-Earth3-Veg","ssp585","14.52666265422157"
"2076","IPSL-CM6A-LR","ssp126","11.974000473282851"
"2076","IPSL-CM6A-LR","ssp245","14.355210020479777"
"2076","IPSL-CM6A-LR","ssp370","14.400623977863916"
"2076","IPSL-CM6A-LR","ssp585","15.404678074456411"
"2076","MIROC6","ssp126","12.618537724169501"
"2076","MIROC6","ssp245","13.059399473612915"
"2076","MIROC6","ssp370","12.657620477830095"
"2076","MIROC6","ssp585","13.421263329221352"
"2076","MPI-ESM1-2-HR","ssp126","9.965643657241388"
"2076","MPI-ESM1-2-HR","ssp245","12.00620096961468"
"2076","MPI-ESM1-2-HR","ssp370","12.322136577290339"
"2076","MPI-ESM1-2-HR","ssp585","12.338296264586074"
"2076","NorESM2-MM","ssp126","11.851127395612822"
"2076","NorESM2-MM","ssp245","12.181677663573577"
"2076","NorESM2-MM","ssp370","12.854865875800831"
"2076","NorESM2-MM","ssp585","12.723591931704753"
"2077","CMCC-CM2-SR5","ssp245","14.049350090249076"
"2077","CMCC-CM2-SR5","ssp370","14.218314152110588"
"2077","CMCC-CM2-SR5","ssp585","15.09617807774376"
"2077","EC-Earth3-Veg","ssp126","12.501550725238522"
"2077","EC-Earth3-Veg","ssp245","12.207123913628328"
"2077","EC-Earth3-Veg","ssp370","15.603705878341444"
"2077","EC-Earth3-Veg","ssp585","12.778292529168937"
"2077","IPSL-CM6A-LR","ssp126","13.638229669921726"
"2077","IPSL-CM6A-LR","ssp245","12.183696614528133"
"2077","IPSL-CM6A-LR","ssp370","14.158280631889202"
"2077","IPSL-CM6A-LR","ssp585","15.565930221103875"
"2077","MIROC6","ssp126","12.039700684979714"
"2077","MIROC6","ssp245","12.058237214343672"
"2077","MIROC6","ssp370","13.628131593485175"
"2077","MIROC6","ssp585","13.21717121476971"
"2077","MPI-ESM1-2-HR","ssp126","10.325673844087145"
"2077","MPI-ESM1-2-HR","ssp245","11.310490422844763"
"2077","MPI-ESM1-2-HR","ssp370","11.694764252017267"
"2077","MPI-ESM1-2-HR","ssp585","11.98536495392585"
"2077","NorESM2-MM","ssp126","11.17627107984398"
"2077","NorESM2-MM","ssp245","11.830426275790467"
"2077","NorESM2-MM","ssp370","11.636799604412419"
"2077","NorESM2-MM","ssp585","14.188389863812825"
"2078","CMCC-CM2-SR5","ssp126","10.98813877047197"
"2078","CMCC-CM2-SR5","ssp245","13.288716437299438"
"2078","CMCC-CM2-SR5","ssp370","13.933625003003481"
"2078","CMCC-CM2-SR5","ssp585","14.292022901019251"
"2078","EC-Earth3-Veg","ssp126","11.79445449844195"
"2078","EC-Earth3-Veg","ssp245","13.65380150006933"
"2078","EC-Earth3-Veg","ssp370","14.39669782185077"
"2078","EC-Earth3-Veg","ssp585","14.130812440278884"
"2078","IPSL-CM6A-LR","ssp126","11.953679521087468"
"2078","IPSL-CM6A-LR","ssp245","12.53088769771424"
"2078","IPSL-CM6A-LR","ssp370","14.67174168140989"
"2078","IPSL-CM6A-LR","ssp585","15.559409008056061"
"2078","MIROC6","ssp126","12.52515835413857"
"2078","MIROC6","ssp245","11.499288038023403"
"2078","MIROC6","ssp370","13.562392872444606"
"2078","MIROC6","ssp585","14.109011688819963"
"2078","MPI-ESM1-2-HR","ssp126","11.236471342028675"
"2078","MPI-ESM1-2-HR","ssp245","12.333283730267258"
"2078","MPI-ESM1-2-HR","ssp370","11.581575672577888"
"2078","MPI-ESM1-2-HR","ssp585","11.54183768884517"
"2078","NorESM2-MM","ssp126","11.277456696131647"
"2078","NorESM2-MM","ssp245","10.803606012578815"
"2078","NorESM2-MM","ssp370","11.834838916274153"
"2078","NorESM2-MM","ssp585","13.705789698001643"
"2079","CMCC-CM2-SR5","ssp126","12.784513906474686"
"2079","CMCC-CM2-SR5","ssp245","14.657873543781403"
"2079","CMCC-CM2-SR5","ssp370","12.586613106765874"
"2079","CMCC-CM2-SR5","ssp585","15.570715724785503"
"2079","EC-Earth3-Veg","ssp126","11.728773870548663"
"2079","EC-Earth3-Veg","ssp245","12.248998744280362"
"2079","EC-Earth3-Veg","ssp370","13.872401818952875"
"2079","EC-Earth3-Veg","ssp585","13.613882169448962"
"2079","IPSL-CM6A-LR","ssp126","12.559566351099654"
"2079","IPSL-CM6A-LR","ssp245","12.676186355227657"
"2079","IPSL-CM6A-LR","ssp370","14.932444421036863"
"2079","IPSL-CM6A-LR","ssp585","16.942539136594835"
"2079","MIROC6","ssp126","13.040485294288958"
"2079","MIROC6","ssp245","11.49308248135728"
"2079","MIROC6","ssp370","12.967915011312309"
"2079","MIROC6","ssp585","14.421013843685921"
"2079","MPI-ESM1-2-HR","ssp126","9.921415423259464"
"2079","MPI-ESM1-2-HR","ssp245","11.451062472016321"
"2079","MPI-ESM1-2-HR","ssp370","12.637916053469334"
"2079","MPI-ESM1-2-HR","ssp585","12.254927358814605"
"2079","NorESM2-MM","ssp126","10.930767992087725"
"2079","NorESM2-MM","ssp245","12.334113353133716"
"2079","NorESM2-MM","ssp370","12.762858655744287"
"2079","NorESM2-MM","ssp585","13.56538073775671"
"2080","CMCC-CM2-SR5","ssp126","11.386096932100516"
"2080","CMCC-CM2-SR5","ssp245","13.641525042248471"
"2080","CMCC-CM2-SR5","ssp370","14.671430483372214"
"2080","CMCC-CM2-SR5","ssp585","13.663237246918621"
"2080","EC-Earth3-Veg","ssp126","10.952914990059488"
"2080","EC-Earth3-Veg","ssp245","13.030857775888668"
"2080","EC-Earth3-Veg","ssp370","13.866411307514262"
"2080","EC-Earth3-Veg","ssp585","13.778791863391804"
"2080","IPSL-CM6A-LR","ssp126","12.837835611896677"
"2080","IPSL-CM6A-LR","ssp245","13.509154622247086"
"2080","IPSL-CM6A-LR","ssp370","13.27445976898873"
"2080","IPSL-CM6A-LR","ssp585","15.560854999842173"
"2080","MIROC6","ssp126","12.2069263055116"
"2080","MIROC6","ssp245","12.056670364743997"
"2080","MIROC6","ssp370","13.00125682299018"
"2080","MIROC6","ssp585","13.924096167819126"
"2080","MPI-ESM1-2-HR","ssp126","9.903129469664734"
"2080","MPI-ESM1-2-HR","ssp245","12.7448225460423"
"2080","MPI-ESM1-2-HR","ssp370","11.604248303469204"
"2080","MPI-ESM1-2-HR","ssp585","12.473236326161324"
"2080","NorESM2-MM","ssp126","10.948005529451786"
"2080","NorESM2-MM","ssp245","12.648532441181711"
"2080","NorESM2-MM","ssp370","12.727672767829533"
"2080","NorESM2-MM","ssp585","13.09506796918906"
"2081","CMCC-CM2-SR5","ssp126","12.598087703379788"
"2081","CMCC-CM2-SR5","ssp245","13.480404136014824"
"2081","CMCC-CM2-SR5","ssp370","14.300370725432037"
"2081","CMCC-CM2-SR5","ssp585","14.385573812597963"
"2081","EC-Earth3-Veg","ssp126","12.61076446533369"
"2081","EC-Earth3-Veg","ssp245","12.228515114565646"
"2081","EC-Earth3-Veg","ssp370","13.262235140155674"
"2081","EC-Earth3-Veg","ssp585","14.359543418476877"
"2081","IPSL-CM6A-LR","ssp126","12.2277773359564"
"2081","IPSL-CM6A-LR","ssp245","12.73845885361095"
"2081","IPSL-CM6A-LR","ssp370","13.7613530002006"
"2081","IPSL-CM6A-LR","ssp585","14.48717564762114"
"2081","MIROC6","ssp126","12.252141046908697"
"2081","MIROC6","ssp245","12.251142269432476"
"2081","MIROC6","ssp370","13.523604640673467"
"2081","MIROC6","ssp585","14.787257560847017"
"2081","MPI-ESM1-2-HR","ssp126","12.251363610819947"
"2081","MPI-ESM1-2-HR","ssp245","11.460066855226572"
"2081","MPI-ESM1-2-HR","ssp370","11.290539096877113"
"2081","MPI-ESM1-2-HR","ssp585","13.351570160760009"
"2081","NorESM2-MM","ssp126","10.989190818924992"
"2081","NorESM2-MM","ssp245","12.117947147725062"
"2081","NorESM2-MM","ssp370","11.097727440439854"
"2081","NorESM2-MM","ssp585","14.033078036399479"
"2082","CMCC-CM2-SR5","ssp126","13.4408896380582"
"2082","CMCC-CM2-SR5","ssp245","14.316167011034045"
"2082","CMCC-CM2-SR5","ssp370","14.078322867202875"
"2082","CMCC-CM2-SR5","ssp585","15.423198935648077"
"2082","EC-Earth3-Veg","ssp126","11.840209524889639"
"2082","EC-Earth3-Veg","ssp245","13.098382388973889"
"2082","EC-Earth3-Veg","ssp370","13.57881075030046"
"2082","EC-Earth3-Veg","ssp585","13.104578294068656"
"2082","IPSL-CM6A-LR","ssp126","11.907768052166805"
"2082","IPSL-CM6A-LR","ssp245","12.648386398959664"
"2082","IPSL-CM6A-LR","ssp370","13.6280659812859"
"2082","IPSL-CM6A-LR","ssp585","14.750560780586389"
"2082","MIROC6","ssp126","11.694113612102258"
"2082","MIROC6","ssp245","12.031938000267326"
"2082","MIROC6","ssp370","12.655392945095121"
"2082","MIROC6","ssp585","13.486494251238565"
"2082","MPI-ESM1-2-HR","ssp126","11.4781465849725"
"2082","MPI-ESM1-2-HR","ssp245","11.994312183333413"
"2082","MPI-ESM1-2-HR","ssp370","12.835905032943309"
"2082","MPI-ESM1-2-HR","ssp585","12.795298404509168"
"2082","NorESM2-MM","ssp126","12.14049656705226"
"2082","NorESM2-MM","ssp245","12.812749353579306"
"2082","NorESM2-MM","ssp370","13.210352210771743"
"2082","NorESM2-MM","ssp585","13.369359582125902"
"2083","CMCC-CM2-SR5","ssp126","12.400726979604343"
"2083","CMCC-CM2-SR5","ssp245","13.788541388615421"
"2083","CMCC-CM2-SR5","ssp370","13.478959900972574"
"2083","CMCC-CM2-SR5","ssp585","14.696677560125133"
"2083","EC-Earth3-Veg","ssp126","12.256619040015222"
"2083","EC-Earth3-Veg","ssp245","12.820692537725238"
"2083","EC-Earth3-Veg","ssp370","13.164963098144172"
"2083","EC-Earth3-Veg","ssp585","14.482979636195383"
"2083","IPSL-CM6A-LR","ssp126","11.861583324040703"
"2083","IPSL-CM6A-LR","ssp245","13.566024097001081"
"2083","IPSL-CM6A-LR","ssp370","13.243800223198136"
"2083","IPSL-CM6A-LR","ssp585","16.589389691777424"
"2083","MIROC6","ssp126","12.188711765735755"
"2083","MIROC6","ssp245","12.496740442402869"
"2083","MIROC6","ssp370","11.99736169504377"
"2083","MIROC6","ssp585","14.300712084479523"
"2083","MPI-ESM1-2-HR","ssp126","10.929155890985081"
"2083","MPI-ESM1-2-HR","ssp245","12.480731509501735"
"2083","MPI-ESM1-2-HR","ssp370","12.975820218352176"
"2083","MPI-ESM1-2-HR","ssp585","14.024143899998098"
"2083","NorESM2-MM","ssp126","11.191618822808573"
"2083","NorESM2-MM","ssp245","11.67165272848508"
"2083","NorESM2-MM","ssp370","13.524149045361298"
"2083","NorESM2-MM","ssp585","13.570490863984961"
"2084","CMCC-CM2-SR5","ssp126","12.953300329478198"
"2084","CMCC-CM2-SR5","ssp245","13.738707005848996"
"2084","CMCC-CM2-SR5","ssp370","13.70256921791307"
"2084","CMCC-CM2-SR5","ssp585","15.301589940265771"
"2084","EC-Earth3-Veg","ssp126","12.503305170366447"
"2084","EC-Earth3-Veg","ssp245","13.395847939951357"
"2084","EC-Earth3-Veg","ssp370","13.91244513175759"
"2084","EC-Earth3-Veg","ssp585","14.502797585973385"
"2084","IPSL-CM6A-LR","ssp126","12.398988117276328"
"2084","IPSL-CM6A-LR","ssp245","13.056091627269975"
"2084","IPSL-CM6A-LR","ssp370","13.279532563602483"
"2084","IPSL-CM6A-LR","ssp585","14.800918564532159"
"2084","MIROC6","ssp126","11.022452242539913"
"2084","MIROC6","ssp245","12.973831195919127"
"2084","MIROC6","ssp370","12.548078574921663"
"2084","MIROC6","ssp585","13.233104334736497"
"2084","MPI-ESM1-2-HR","ssp126","11.286790787543145"
"2084","MPI-ESM1-2-HR","ssp245","11.675105246618976"
"2084","MPI-ESM1-2-HR","ssp370","12.903797419928354"
"2084","MPI-ESM1-2-HR","ssp585","13.54567884376191"
"2084","NorESM2-MM","ssp126","12.001803752610353"
"2084","NorESM2-MM","ssp245","12.26613383541761"
"2084","NorESM2-MM","ssp370","12.866771088705274"
"2084","NorESM2-MM","ssp585","13.870115640300321"
"2085","CMCC-CM2-SR5","ssp126","14.63573127419052"
"2085","CMCC-CM2-SR5","ssp245","14.434174449309774"
"2085","CMCC-CM2-SR5","ssp370","14.645496184591652"
"2085","CMCC-CM2-SR5","ssp585","15.875131477349221"
"2085","EC-Earth3-Veg","ssp126","11.475055488127259"
"2085","EC-Earth3-Veg","ssp245","13.403535817984542"
"2085","EC-Earth3-Veg","ssp370","14.883384280697737"
"2085","EC-Earth3-Veg","ssp585","16.152549540054597"
"2085","IPSL-CM6A-LR","ssp126","12.36688837886588"
"2085","IPSL-CM6A-LR","ssp245","13.102127511733839"
"2085","IPSL-CM6A-LR","ssp370","14.61228363209367"
"2085","IPSL-CM6A-LR","ssp585","16.230210671195234"
"2085","MIROC6","ssp126","11.492648695291168"
"2085","MIROC6","ssp245","12.011107599507197"
"2085","MIROC6","ssp370","13.016968826942632"
"2085","MIROC6","ssp585","13.671268496895634"
"2085","MPI-ESM1-2-HR","ssp126","11.793756237272259"
"2085","MPI-ESM1-2-HR","ssp245","11.843509472481752"
"2085","MPI-ESM1-2-HR","ssp370","14.322694625538034"
"2085","MPI-ESM1-2-HR","ssp585","12.640009059191396"
"2085","NorESM2-MM","ssp126","10.61429371162029"
"2085","NorESM2-MM","ssp245","11.633067826033287"
"2085","NorESM2-MM","ssp370","13.84643917822951"
"2085","NorESM2-MM","ssp585","13.725452562611892"
"2086","CMCC-CM2-SR5","ssp126","13.015030214107876"
"2086","CMCC-CM2-SR5","ssp245","14.404014110466917"
"2086","CMCC-CM2-SR5","ssp370","14.139706181289126"
"2086","CMCC-CM2-SR5","ssp585","16.08417788318031"
"2086","EC-Earth3-Veg","ssp126","11.771650562488068"
"2086","EC-Earth3-Veg","ssp245","13.451314984261352"
"2086","EC-Earth3-Veg","ssp370","15.288745483704183"
"2086","EC-Earth3-Veg","ssp585","15.218752955899577"
"2086","IPSL-CM6A-LR","ssp126","13.13597420802123"
"2086","IPSL-CM6A-LR","ssp245","14.553059341899129"
"2086","IPSL-CM6A-LR","ssp370","14.808856082205835"
"2086","IPSL-CM6A-LR","ssp585","15.3397488247314"
"2086","MIROC6","ssp126","12.175546157925728"
"2086","MIROC6","ssp245","12.625249373100841"
"2086","MIROC6","ssp370","12.653427506827368"
"2086","MIROC6","ssp585","14.447158206602161"
"2086","MPI-ESM1-2-HR","ssp126","11.7939972227122"
"2086","MPI-ESM1-2-HR","ssp245","13.019445265362732"
"2086","MPI-ESM1-2-HR","ssp370","13.497692009816069"
"2086","MPI-ESM1-2-HR","ssp585","13.261936048198443"
"2086","NorESM2-MM","ssp126","11.823145449240602"
"2086","NorESM2-MM","ssp245","12.265392926913727"
"2086","NorESM2-MM","ssp370","13.197337755004368"
"2086","NorESM2-MM","ssp585","12.512277801440748"
"2087","CMCC-CM2-SR5","ssp126","13.10231699719229"
"2087","CMCC-CM2-SR5","ssp245","15.193390286141005"
"2087","CMCC-CM2-SR5","ssp370","13.564963984474982"
"2087","CMCC-CM2-SR5","ssp585","14.647482472849312"
"2087","EC-Earth3-Veg","ssp126","12.317235376478578"
"2087","EC-Earth3-Veg","ssp245","13.19457379906735"
"2087","EC-Earth3-Veg","ssp370","13.798264055781889"
"2087","EC-Earth3-Veg","ssp585","15.404337314592853"
"2087","IPSL-CM6A-LR","ssp126","13.36123765471421"
"2087","IPSL-CM6A-LR","ssp245","14.035898678654275"
"2087","IPSL-CM6A-LR","ssp370","14.607470856731988"
"2087","IPSL-CM6A-LR","ssp585","16.096824279196188"
"2087","MIROC6","ssp126","12.460753649047769"
"2087","MIROC6","ssp245","12.98507969591269"
"2087","MIROC6","ssp370","13.900070781134566"
"2087","MIROC6","ssp585","13.758905174926063"
"2087","MPI-ESM1-2-HR","ssp126","10.87047716021946"
"2087","MPI-ESM1-2-HR","ssp245","11.08069520983013"
"2087","MPI-ESM1-2-HR","ssp370","13.360441129174207"
"2087","MPI-ESM1-2-HR","ssp585","13.671020501328327"
"2087","NorESM2-MM","ssp126","10.175308621370016"
"2087","NorESM2-MM","ssp245","12.088600822711166"
"2087","NorESM2-MM","ssp370","13.848292720297428"
"2087","NorESM2-MM","ssp585","14.515874826203394"
"2088","CMCC-CM2-SR5","ssp126","13.072866103244616"
"2088","CMCC-CM2-SR5","ssp245","13.848987813544491"
"2088","CMCC-CM2-SR5","ssp370","15.425481574846524"
"2088","CMCC-CM2-SR5","ssp585","15.000428102494054"
"2088","EC-Earth3-Veg","ssp126","12.613494679011955"
"2088","EC-Earth3-Veg","ssp245","12.939299858166843"
"2088","EC-Earth3-Veg","ssp370","13.510507917767088"
"2088","EC-Earth3-Veg","ssp585","15.533219362237789"
"2088","IPSL-CM6A-LR","ssp126","12.135039201318325"
"2088","IPSL-CM6A-LR","ssp245","14.432722005075377"
"2088","IPSL-CM6A-LR","ssp370","14.852876054974637"
"2088","IPSL-CM6A-LR","ssp585","15.937953134952611"
"2088","MIROC6","ssp126","11.303579905605975"
"2088","MIROC6","ssp245","12.358232893632694"
"2088","MIROC6","ssp370","13.41096544105236"
"2088","MIROC6","ssp585","14.595616252488066"
"2088","MPI-ESM1-2-HR","ssp126","11.206220570653558"
"2088","MPI-ESM1-2-HR","ssp245","11.8381895585311"
"2088","MPI-ESM1-2-HR","ssp370","12.733528098883712"
"2088","MPI-ESM1-2-HR","ssp585","14.763686254257523"
"2088","NorESM2-MM","ssp126","11.33227324977151"
"2088","NorESM2-MM","ssp245","12.73743043035556"
"2088","NorESM2-MM","ssp370","12.182253328540687"
"2088","NorESM2-MM","ssp585","13.390975779523176"
"2089","CMCC-CM2-SR5","ssp126","13.95077483884514"
"2089","CMCC-CM2-SR5","ssp245","13.76961983435986"
"2089","CMCC-CM2-SR5","ssp370","16.028064545046337"
"2089","CMCC-CM2-SR5","ssp585","16.34148732430374"
"2089","EC-Earth3-Veg","ssp126","11.337555112126365"
"2089","EC-Earth3-Veg","ssp245","12.55288790304673"
"2089","EC-Earth3-Veg","ssp370","15.36440959674294"
"2089","EC-Earth3-Veg","ssp585","15.734590057190934"
"2089","IPSL-CM6A-LR","ssp126","12.540062038429596"
"2089","IPSL-CM6A-LR","ssp245","13.658339446428823"
"2089","IPSL-CM6A-LR","ssp370","14.517502184995115"
"2089","IPSL-CM6A-LR","ssp585","16.498713116661847"
"2089","MIROC6","ssp126","12.08050418516701"
"2089","MIROC6","ssp245","12.350238553299377"
"2089","MIROC6","ssp370","14.369967162432829"
"2089","MIROC6","ssp585","13.748967578452927"
"2089","MPI-ESM1-2-HR","ssp126","10.897684233763707"
"2089","MPI-ESM1-2-HR","ssp245","11.981360764602373"
"2089","MPI-ESM1-2-HR","ssp370","13.837871724737544"
"2089","MPI-ESM1-2-HR","ssp585","14.324602158845627"
"2089","NorESM2-MM","ssp126","11.084173802495453"
"2089","NorESM2-MM","ssp245","11.461761730519703"
"2089","NorESM2-MM","ssp370","13.656991821722782"
"2089","NorESM2-MM","ssp585","14.273291608420855"
"2090","CMCC-CM2-SR5","ssp126","12.677942311843074"
"2090","CMCC-CM2-SR5","ssp245","14.240830429933899"
"2090","CMCC-CM2-SR5","ssp370","14.005929305686372"
"2090","CMCC-CM2-SR5","ssp585","15.860411394639238"
"2090","EC-Earth3-Veg","ssp126","12.361980193412489"
"2090","EC-Earth3-Veg","ssp245","12.945744393529269"
"2090","EC-Earth3-Veg","ssp370","14.11366403930423"
"2090","EC-Earth3-Veg","ssp585","15.394412935254074"
"2090","IPSL-CM6A-LR","ssp126","13.287348644344029"
"2090","IPSL-CM6A-LR","ssp245","13.409744376306142"
"2090","IPSL-CM6A-LR","ssp370","15.308520328606049"
"2090","IPSL-CM6A-LR","ssp585","15.555664710896982"
"2090","MIROC6","ssp126","11.34901671591492"
"2090","MIROC6","ssp245","12.522077010578974"
"2090","MIROC6","ssp370","14.278078846051038"
"2090","MIROC6","ssp585","14.69250553818571"
"2090","MPI-ESM1-2-HR","ssp126","9.888164835889583"
"2090","MPI-ESM1-2-HR","ssp245","11.520900415972653"
"2090","MPI-ESM1-2-HR","ssp370","12.8357556714065"
"2090","MPI-ESM1-2-HR","ssp585","14.179982091043756"
"2090","NorESM2-MM","ssp126","11.601416855999567"
"2090","NorESM2-MM","ssp245","11.547473501047804"
"2090","NorESM2-MM","ssp370","13.39112786213106"
"2090","NorESM2-MM","ssp585","14.892622033733934"
"2091","CMCC-CM2-SR5","ssp126","12.148499389261712"
"2091","CMCC-CM2-SR5","ssp245","14.497204324410863"
"2091","CMCC-CM2-SR5","ssp370","14.210059147926906"
"2091","CMCC-CM2-SR5","ssp585","16.799628504052265"
"2091","EC-Earth3-Veg","ssp126","12.061646803447415"
"2091","EC-Earth3-Veg","ssp245","12.4962839679847"
"2091","EC-Earth3-Veg","ssp370","14.035977554897093"
"2091","EC-Earth3-Veg","ssp585","16.306144977428154"
"2091","IPSL-CM6A-LR","ssp126","11.891372035602458"
"2091","IPSL-CM6A-LR","ssp245","12.762766245126993"
"2091","IPSL-CM6A-LR","ssp370","15.442028195781157"
"2091","IPSL-CM6A-LR","ssp585","16.072226476233844"
"2091","MIROC6","ssp126","12.263777210990883"
"2091","MIROC6","ssp245","12.888244586896478"
"2091","MIROC6","ssp370","12.572463159119462"
"2091","MIROC6","ssp585","15.34687071658403"
"2091","MPI-ESM1-2-HR","ssp126","9.606165401104489"
"2091","MPI-ESM1-2-HR","ssp245","11.79546505223628"
"2091","MPI-ESM1-2-HR","ssp370","12.338157420000115"
"2091","MPI-ESM1-2-HR","ssp585","14.06697057977608"
"2091","NorESM2-MM","ssp126","10.320789785152352"
"2091","NorESM2-MM","ssp245","12.15494035288212"
"2091","NorESM2-MM","ssp370","12.619206675391647"
"2091","NorESM2-MM","ssp585","13.545810484363717"
"2092","CMCC-CM2-SR5","ssp126","14.136260686519124"
"2092","CMCC-CM2-SR5","ssp245","14.068157463755208"
"2092","CMCC-CM2-SR5","ssp370","12.92740141653473"
"2092","CMCC-CM2-SR5","ssp585","16.599669940431664"
"2092","EC-Earth3-Veg","ssp126","12.133696012096074"
"2092","EC-Earth3-Veg","ssp245","12.62298029834964"
"2092","EC-Earth3-Veg","ssp370","15.640879116619924"
"2092","EC-Earth3-Veg","ssp585","16.218701850276826"
"2092","IPSL-CM6A-LR","ssp126","11.983561384538804"
"2092","IPSL-CM6A-LR","ssp245","13.078443639720655"
"2092","IPSL-CM6A-LR","ssp370","15.115337623380439"
"2092","IPSL-CM6A-LR","ssp585","16.18770393148416"
"2092","MIROC6","ssp126","10.83148316527814"
"2092","MIROC6","ssp245","12.803417899263804"
"2092","MIROC6","ssp370","14.331325586499867"
"2092","MIROC6","ssp585","14.65156654705604"
"2092","MPI-ESM1-2-HR","ssp126","11.09998274712779"
"2092","MPI-ESM1-2-HR","ssp245","11.651207420510753"
"2092","MPI-ESM1-2-HR","ssp370","11.94410142178941"
"2092","MPI-ESM1-2-HR","ssp585","14.33236495278545"
"2092","NorESM2-MM","ssp126","11.148675933219005"
"2092","NorESM2-MM","ssp245","11.842878502794564"
"2092","NorESM2-MM","ssp370","12.465790473963754"
"2092","NorESM2-MM","ssp585","13.205577480659217"
"2093","CMCC-CM2-SR5","ssp126","13.196730085721276"
"2093","CMCC-CM2-SR5","ssp245","13.475933603218067"
"2093","CMCC-CM2-SR5","ssp370","14.90235011180933"
"2093","CMCC-CM2-SR5","ssp585","16.093259036780832"
"2093","EC-Earth3-Veg","ssp126","12.744089034591806"
"2093","EC-Earth3-Veg","ssp245","12.641075619004164"
"2093","EC-Earth3-Veg","ssp370","15.082970270307491"
"2093","EC-Earth3-Veg","ssp585","15.615251540924639"
"2093","IPSL-CM6A-LR","ssp126","12.686301818877654"
"2093","IPSL-CM6A-LR","ssp245","13.601892461321189"
"2093","IPSL-CM6A-LR","ssp370","15.648761574074745"
"2093","IPSL-CM6A-LR","ssp585","17.211497365666308"
"2093","MIROC6","ssp126","11.328701109899587"
"2093","MIROC6","ssp245","12.61212503871504"
"2093","MIROC6","ssp370","14.065050719064324"
"2093","MIROC6","ssp585","15.350645861993268"
"2093","MPI-ESM1-2-HR","ssp126","11.961503719987101"
"2093","MPI-ESM1-2-HR","ssp245","11.154440784174126"
"2093","MPI-ESM1-2-HR","ssp370","12.97464445375385"
"2093","MPI-ESM1-2-HR","ssp585","14.013275856097318"
"2093","NorESM2-MM","ssp126","11.822082951645415"
"2093","NorESM2-MM","ssp245","11.405379233358229"
"2093","NorESM2-MM","ssp370","14.293543300406421"
"2093","NorESM2-MM","ssp585","13.78458766489078"
"2094","CMCC-CM2-SR5","ssp126","13.538836217007082"
"2094","CMCC-CM2-SR5","ssp245","14.153755134131682"
"2094","CMCC-CM2-SR5","ssp370","15.210207791173975"
"2094","CMCC-CM2-SR5","ssp585","16.86574237858324"
"2094","EC-Earth3-Veg","ssp126","11.073248497592752"
"2094","EC-Earth3-Veg","ssp245","12.49493072537416"
"2094","EC-Earth3-Veg","ssp370","15.325727939932314"
"2094","EC-Earth3-Veg","ssp585","15.579088184178369"
"2094","IPSL-CM6A-LR","ssp126","11.950341949322471"
"2094","IPSL-CM6A-LR","ssp245","13.089274334928795"
"2094","IPSL-CM6A-LR","ssp370","14.592620345130648"
"2094","IPSL-CM6A-LR","ssp585","15.535014681297287"
"2094","MIROC6","ssp126","12.038447287836277"
"2094","MIROC6","ssp245","11.503323767092994"
"2094","MIROC6","ssp370","12.668702807660814"
"2094","MIROC6","ssp585","15.128016936435"
"2094","MPI-ESM1-2-HR","ssp126","11.560396705847447"
"2094","MPI-ESM1-2-HR","ssp245","11.488767707730073"
"2094","MPI-ESM1-2-HR","ssp370","13.496057161384211"
"2094","MPI-ESM1-2-HR","ssp585","13.659144975578297"
"2094","NorESM2-MM","ssp126","11.642088741474156"
"2094","NorESM2-MM","ssp245","11.414263401231548"
"2094","NorESM2-MM","ssp370","12.315381010834416"
"2094","NorESM2-MM","ssp585","14.33690082080254"
"2095","CMCC-CM2-SR5","ssp126","13.840775060321983"
"2095","CMCC-CM2-SR5","ssp245","12.985406703589279"
"2095","CMCC-CM2-SR5","ssp370","15.818392902753448"
"2095","CMCC-CM2-SR5","ssp585","15.810592130317298"
"2095","EC-Earth3-Veg","ssp126","11.293386535705855"
"2095","EC-Earth3-Veg","ssp245","13.876516909650464"
"2095","EC-Earth3-Veg","ssp370","14.938823635797931"
"2095","EC-Earth3-Veg","ssp585","16.292094149528555"
"2095","IPSL-CM6A-LR","ssp126","12.055664194369854"
"2095","IPSL-CM6A-LR","ssp245","13.267676575349157"
"2095","IPSL-CM6A-LR","ssp370","15.800154553631588"
"2095","IPSL-CM6A-LR","ssp585","17.34225885955623"
"2095","MIROC6","ssp126","10.602402462019414"
"2095","MIROC6","ssp245","12.475111765219335"
"2095","MIROC6","ssp370","13.500124045008087"
"2095","MIROC6","ssp585","14.254503633687618"
"2095","MPI-ESM1-2-HR","ssp126","10.989568213405622"
"2095","MPI-ESM1-2-HR","ssp245","11.747969842788265"
"2095","MPI-ESM1-2-HR","ssp370","13.469580546342959"
"2095","MPI-ESM1-2-HR","ssp585","13.89609661747459"
"2095","NorESM2-MM","ssp126","11.707875113110365"
"2095","NorESM2-MM","ssp245","11.515607778670226"
"2095","NorESM2-MM","ssp370","13.296575176898315"
"2095","NorESM2-MM","ssp585","13.90431171334928"
"2096","CMCC-CM2-SR5","ssp126","13.339478354837327"
"2096","CMCC-CM2-SR5","ssp245","13.983643089385046"
"2096","CMCC-CM2-SR5","ssp370","14.71704453197927"
"2096","CMCC-CM2-SR5","ssp585","15.54800769441951"
"2096","EC-Earth3-Veg","ssp126","13.243837221384013"
"2096","EC-Earth3-Veg","ssp245","13.545666821510913"
"2096","EC-Earth3-Veg","ssp370","14.7441419612711"
"2096","EC-Earth3-Veg","ssp585","16.303724619371643"
"2096","IPSL-CM6A-LR","ssp126","13.488203422768947"
"2096","IPSL-CM6A-LR","ssp245","13.881260007843464"
"2096","IPSL-CM6A-LR","ssp370","15.419947482564085"
"2096","IPSL-CM6A-LR","ssp585","17.28826834565412"
"2096","MIROC6","ssp126","11.417857857376589"
"2096","MIROC6","ssp245","12.952808286239183"
"2096","MIROC6","ssp370","13.62903937842018"
"2096","MIROC6","ssp585","14.869182081194383"
"2096","MPI-ESM1-2-HR","ssp126","10.344728332394329"
"2096","MPI-ESM1-2-HR","ssp245","13.061387360856335"
"2096","MPI-ESM1-2-HR","ssp370","13.016624463443748"
"2096","MPI-ESM1-2-HR","ssp585","14.573056545586518"
"2096","NorESM2-MM","ssp126","11.196122707589705"
"2096","NorESM2-MM","ssp245","11.327032141749816"
"2096","NorESM2-MM","ssp370","14.22511178435366"
"2096","NorESM2-MM","ssp585","13.648304325745038"
"2097","CMCC-CM2-SR5","ssp126","13.939601547738429"
"2097","CMCC-CM2-SR5","ssp245","14.215743958918148"
"2097","CMCC-CM2-SR5","ssp370","15.405306138298963"
"2097","CMCC-CM2-SR5","ssp585","15.373329497371655"
"2097","EC-Earth3-Veg","ssp126","13.102774156596869"
"2097","EC-Earth3-Veg","ssp245","14.197910482378157"
"2097","EC-Earth3-Veg","ssp370","15.670773161028738"
"2097","EC-Earth3-Veg","ssp585","16.445904502960467"
"2097","IPSL-CM6A-LR","ssp126","12.980620165154567"
"2097","IPSL-CM6A-LR","ssp245","14.254565018398441"
"2097","IPSL-CM6A-LR","ssp370","15.719641961054833"
"2097","IPSL-CM6A-LR","ssp585","16.62793005952552"
"2097","MIROC6","ssp126","11.645573618416156"
"2097","MIROC6","ssp245","12.370022575418384"
"2097","MIROC6","ssp370","14.305654395596532"
"2097","MIROC6","ssp585","13.740764958413449"
"2097","MPI-ESM1-2-HR","ssp126","10.647380242336645"
"2097","MPI-ESM1-2-HR","ssp245","12.468956798546868"
"2097","MPI-ESM1-2-HR","ssp370","12.287924504173882"
"2097","MPI-ESM1-2-HR","ssp585","14.374238341644865"
"2097","NorESM2-MM","ssp126","10.869649962862193"
"2097","NorESM2-MM","ssp245","11.84359995202737"
"2097","NorESM2-MM","ssp370","13.147642001940882"
"2097","NorESM2-MM","ssp585","14.57130524345894"
"2098","CMCC-CM2-SR5","ssp126","13.126109077619866"
"2098","CMCC-CM2-SR5","ssp245","13.996179532668805"
"2098","CMCC-CM2-SR5","ssp370","14.70897534376087"
"2098","CMCC-CM2-SR5","ssp585","15.938637659121007"
"2098","EC-Earth3-Veg","ssp126","12.97891559602361"
"2098","EC-Earth3-Veg","ssp245","14.223301307605707"
"2098","EC-Earth3-Veg","ssp370","15.25620682206915"
"2098","EC-Earth3-Veg","ssp585","16.0202240218019"
"2098","IPSL-CM6A-LR","ssp126","12.136261742755975"
"2098","IPSL-CM6A-LR","ssp245","13.427771536783384"
"2098","IPSL-CM6A-LR","ssp370","15.494741745024587"
"2098","IPSL-CM6A-LR","ssp585","16.891824127837364"
"2098","MIROC6","ssp126","12.185116123723544"
"2098","MIROC6","ssp245","12.445292238634506"
"2098","MIROC6","ssp370","14.445324539119317"
"2098","MIROC6","ssp585","15.285564471962388"
"2098","MPI-ESM1-2-HR","ssp126","12.428681626989528"
"2098","MPI-ESM1-2-HR","ssp245","11.470637417997267"
"2098","MPI-ESM1-2-HR","ssp370","13.209046247893099"
"2098","MPI-ESM1-2-HR","ssp585","14.430648726292915"
"2098","NorESM2-MM","ssp126","10.790387635944619"
"2098","NorESM2-MM","ssp245","11.283837951987108"
"2098","NorESM2-MM","ssp370","13.060655926372622"
"2098","NorESM2-MM","ssp585","14.69951276888382"
"2099","CMCC-CM2-SR5","ssp126","13.011003643031907"
"2099","CMCC-CM2-SR5","ssp245","14.222745473145848"
"2099","CMCC-CM2-SR5","ssp370","14.352087062267271"
"2099","CMCC-CM2-SR5","ssp585","17.64152287857173"
"2099","EC-Earth3-Veg","ssp126","12.759588837807947"
"2099","EC-Earth3-Veg","ssp245","12.765772582504624"
"2099","EC-Earth3-Veg","ssp370","15.512082929596238"
"2099","EC-Earth3-Veg","ssp585","15.196067031614666"
"2099","IPSL-CM6A-LR","ssp126","12.155543255864762"
"2099","IPSL-CM6A-LR","ssp245","13.23162552589196"
"2099","IPSL-CM6A-LR","ssp370","15.036446502238308"
"2099","IPSL-CM6A-LR","ssp585","17.02708400426237"
"2099","MIROC6","ssp126","12.742196102595045"
"2099","MIROC6","ssp245","13.206995797684613"
"2099","MIROC6","ssp370","13.278340748925592"
"2099","MIROC6","ssp585","15.176786019250677"
"2099","MPI-ESM1-2-HR","ssp126","11.678974997850421"
"2099","MPI-ESM1-2-HR","ssp245","12.145325913760848"
"2099","MPI-ESM1-2-HR","ssp370","13.437593677189609"
"2099","MPI-ESM1-2-HR","ssp585","14.09393382804446"
"2099","NorESM2-MM","ssp126","9.428795242277463"
"2099","NorESM2-MM","ssp245","12.307105586753819"
"2099","NorESM2-MM","ssp370","13.592947626661841"
"2099","NorESM2-MM","ssp585","14.373012799607615"
"2100","CMCC-CM2-SR5","ssp126","13.604415244218195"
"2100","CMCC-CM2-SR5","ssp245","14.440068482336073"
"2100","CMCC-CM2-SR5","ssp370","14.612134061142543"
"2100","EC-Earth3-Veg","ssp126","12.467022977959799"
"2100","EC-Earth3-Veg","ssp245","13.341748133838442"
"2100","EC-Earth3-Veg","ssp370","15.729047846882583"
"2100","EC-Earth3-Veg","ssp585","16.070921825546108"
"2100","IPSL-CM6A-LR","ssp126","10.855638252464644"
"2100","IPSL-CM6A-LR","ssp245","13.426057853464734"
"2100","IPSL-CM6A-LR","ssp370","14.737993556866476"
"2100","IPSL-CM6A-LR","ssp585","17.019896570157865"
"2100","MIROC6","ssp126","12.455334172638656"
"2100","MIROC6","ssp245","12.749135505029459"
"2100","MIROC6","ssp370","14.59291334482469"
"2100","MIROC6","ssp585","15.85290708126985"
"2100","MPI-ESM1-2-HR","ssp126","10.982571738849094"
"2100","MPI-ESM1-2-HR","ssp245","12.642433800624955"
"2100","MPI-ESM1-2-HR","ssp370","13.722100438672589"
"2100","MPI-ESM1-2-HR","ssp585","13.948942217052824"
"2100","NorESM2-MM","ssp126","11.083577648485699"
"2100","NorESM2-MM","ssp245","11.81855211210199"
"2100","NorESM2-MM","ssp370","13.52064600659377"
"2100","NorESM2-MM","ssp585","15.086501335736777"
